# Omega RhoOverOmega_mean RhoOverOmega_error RhoOverOmega_sample_0 RhoOverOmega_sample_1 RhoOverOmega_sample_2 RhoOverOmega_sample_3 RhoOverOmega_sample_4 RhoOverOmega_sample_5 RhoOverOmega_sample_6 RhoOverOmega_sample_7 RhoOverOmega_sample_8 RhoOverOmega_sample_9
0.000000000000000000e+00 2.637845929712057114e-03 1.195727527374401689e-04 2.689660759642720222e-03 2.589636249467730522e-03 2.676056232303380966e-03 2.663223771378397942e-03 2.607697853818535805e-03 2.626547357067465782e-03 2.626203466206789017e-03 2.665673848241567612e-03 2.591928932815790176e-03 2.581646200269460678e-03
2.004008016032064049e-02 9.791025149752385914e-06 3.023389581358060241e-05 1.956307460204698145e-05 8.926826353672367986e-07 1.211992275784723461e-05 3.556963929440826178e-05 9.405734090250916779e-06 9.714581210573669523e-06 6.461665179813280702e-06 2.540645937187946402e-06 1.118435011449037120e-05 7.437767635565251112e-06
4.008016032064128098e-02 6.462466444645542651e-06 1.579037416377104819e-05 1.205672379001043737e-05 6.468107471846451517e-07 7.791902135068085045e-06 1.889396844489965588e-05 5.895642516406951472e-06 6.551476872118655592e-06 4.467174221645109355e-06 1.835337002376036253e-06 7.136261046980507672e-06 4.967931999999564141e-06
6.012024048096192147e-02 5.295239134284202009e-06 1.027656981023028493e-05 9.118021807807963341e-06 6.093831643738667481e-07 6.185312031448120251e-06 1.248050921276444569e-05 4.544628609437495470e-06 5.521790171769680455e-06 3.897599071933655068e-06 1.715134544610918965e-06 5.612886525341309607e-06 4.136752068006899208e-06
8.016032064128256196e-02 4.706070740212453529e-06 7.596514024044154212e-06 7.530875336669851094e-06 6.369735956468502991e-07 5.332074124453356490e-06 9.334497008239850402e-06 3.820828624157002196e-06 5.045092621003277600e-06 3.699059334394405596e-06 1.770873495843261480e-06 4.799218913831282407e-06 3.739287649295874871e-06
1.002004008016031955e-01 4.393385552248219028e-06 6.158600172057049349e-06 6.620060958084650338e-06 7.031075028862687759e-07 4.850305685977218673e-06 7.667927093280013651e-06 3.411505531403236091e-06 4.823367817152757198e-06 3.668005547297070734e-06 1.923921217894530855e-06 4.338989128882531077e-06 3.544641458574915305e-06
1.202404809619238429e-01 4.258881290297722444e-06 5.338571554602822289e-06 6.119112640590174124e-06 8.016830861379276030e-07 4.605492904374841601e-06 6.772373126295860857e-06 3.198554168193368241e-06 4.764369350596098229e-06 3.744747800737968646e-06 2.152464958271593787e-06 4.102165348740527406e-06 3.483442469587316737e-06
1.402805611222444904e-01 4.261355570633895695e-06 4.863242338615236804e-06 5.901701115362811834e-06 9.341690656583523378e-07 4.533045284915715456e-06 6.325890353764407337e-06 3.123429223705898039e-06 4.835581421502865851e-06 3.910175564669771120e-06 2.455806225043488666e-06 4.024978807137813419e-06 3.528089109749998897e-06
1.603206412825651239e-01 4.383123723528115079e-06 4.606027687259484082e-06 5.895305093872593716e-06 1.105212618313089479e-06 4.602682565746363252e-06 6.179928732308326289e-06 3.158005483783199452e-06 5.026468443247722462e-06 4.160946900810813531e-06 2.838758291545673274e-06 4.078829533682437614e-06 3.670332489491556771e-06
1.803607214428857575e-01 4.620908384822541848e-06 4.505955530476057902e-06 6.067702088330406696e-06 1.322400407843815628e-06 4.800468559551518410e-06 6.258497251110384241e-06 3.287864274170715362e-06 5.331000920705264434e-06 4.508027814154047519e-06 3.311866294097853824e-06 4.249091944075189531e-06 3.905926860170438886e-06
2.004008016032063910e-01 4.974664079782087356e-06 4.530154001258779317e-06 6.405690328392665833e-06 1.596498009348579217e-06 5.122816219227388501e-06 6.528051471832441166e-06 3.511503336994792335e-06 5.767535185441374779e-06 4.962841558153741062e-06 3.892621407430851832e-06 4.533278570306720212e-06 4.244353476678952575e-06
2.204408817635270523e-01 5.459374733618460596e-06 4.667065240937517956e-06 6.911895525263389573e-06 1.941945811267942190e-06 5.580014658335130662e-06 6.981947990425396711e-06 3.833259597740834579e-06 6.341595053527271375e-06 5.537668585020583123e-06 4.606076799973379821e-06 4.937956873618531972e-06 4.696780706581193954e-06
2.404809619238476859e-01 6.093257525208173320e-06 4.914254077448276803e-06 7.603016911161830649e-06 2.377662895014509559e-06 6.188090992509387434e-06 7.627549621247453615e-06 4.266255473339697346e-06 7.083327091095270589e-06 6.263464456424117088e-06 5.482017513713799417e-06 5.478071670950157568e-06 5.286404302751179785e-06
2.605210420841683194e-01 6.906334419909399003e-06 5.279433025862090290e-06 8.508137398166581988e-06 2.929017909991671331e-06 6.974873485887655988e-06 8.489721949445083737e-06 4.830165835301158950e-06 8.023740520002320409e-06 7.173783615144202486e-06 6.558390850841533393e-06 6.179274350870400667e-06 6.039529125700937584e-06
2.805611222444889807e-01 7.939409442769829184e-06 5.774742021458223462e-06 9.668065104051493108e-06 3.630233550211414695e-06 7.978787834872491658e-06 9.606404091755393893e-06 5.554021299758460373e-06 9.209335075865965337e-06 8.315225386468227953e-06 7.892416761023923755e-06 7.076116162352263927e-06 6.998507615207927302e-06
3.006012024048095865e-01 9.249946742784231901e-06 6.426282197935506701e-06 1.114613405661657453e-05 4.525779786490602419e-06 9.250449693354312330e-06 1.103497288568178192e-05 6.477824626927031204e-06 1.070436337613500655e-05 9.747590411279816180e-06 9.553716154186986387e-06 8.215771231334656477e-06 8.215136404032818973e-06
3.206412825651302478e-01 1.091195827029878274e-05 7.263513452926417813e-06 1.302379678236320615e-05 5.677034550899406895e-06 1.086523934645811096e-05 1.285420421481830999e-05 7.658200047444552183e-06 1.259416876564500853e-05 1.155073914560489357e-05 1.163951219496084377e-05 9.664773642725776881e-06 9.764812602952588350e-06
3.406813627254509091e-01 1.303162389376666397e-05 8.332730430993251503e-06 1.541539131721947342e-05 7.169016498664859682e-06 1.292298838961869478e-05 1.517418604635167867e-05 9.169224540528375655e-06 1.499106929259141907e-05 1.384158622386166826e-05 1.427840197720797732e-05 1.151387368736322969e-05 1.174825410998892039e-05
3.607214428857715149e-01 1.575240275997202843e-05 9.698112080513965338e-06 1.848206193244550377e-05 9.117378795053809881e-06 1.555592643853742629e-05 1.814679671952035278e-05 1.111694109567906708e-05 1.805911051633302122e-05 1.677249201748054475e-05 1.764819717209320515e-05 1.388788950862362981e-05 1.431152941222535446e-05
3.807615230460921762e-01 1.927672019519377500e-05 1.144661109719891101e-05 2.244260213046800345e-05 1.168803282780572772e-05 1.896171124826651067e-05 2.198379479523282498e-05 1.364880336041096598e-05 2.201629104092717171e-05 2.055494951491709799e-05 2.200126255047507584e-05 1.696230719971936196e-05 1.764674925652798265e-05
4.008016032064127820e-01 2.389153451076708734e-05 1.370821155433077365e-05 2.762020267255138606e-05 1.511812661192379892e-05 2.340944774914532900e-05 2.699130345718003809e-05 1.697575680736918002e-05 2.718722862482536584e-05 2.549905002524610609e-05 2.769033199001569301e-05 2.098862023558467627e-05 2.203584881499409676e-05
4.208416833667334433e-01 3.002427547471597791e-05 1.667139258643146604e-05 3.447456765570677817e-05 1.975855775526724756e-05 2.929573201981838793e-05 3.360488699399866164e-05 2.140227115887682885e-05 3.403685332159511745e-05 3.204695167369209230e-05 3.524699059198610485e-05 2.633067924762144685e-05 2.790287726384121925e-05
4.408817635270541047e-01 3.830129935522563756e-05 2.061307895928621292e-05 4.370755414129234850e-05 2.613746437418740243e-05 3.721709435922093689e-05 4.248599725542590022e-05 2.738781404332257807e-05 4.325512418290600181e-05 4.086894114152528346e-05 4.544416515273042023e-05 3.353432839503511786e-05 3.587333412724547088e-05
4.609218436873747105e-01 4.970699956174939871e-05 2.598142600618302822e-05 5.640467134071514010e-05 3.509281305014155805e-05 4.808618905371986330e-05 5.466416405397467315e-05 3.564070357242599130e-05 5.593745299847796559e-05 5.300511838868260384e-05 5.952331775915808976e-05 4.344849003246054053e-05 4.693795199273154140e-05
4.809619238476953718e-01 6.584301445400342345e-05 3.351007399032823741e-05 7.433203427353873849e-05 4.797786095878109336e-05 6.337674858514219522e-05 7.177271618274971843e-05 4.730283399112522602e-05 7.384242053376510739e-05 7.013115828158333898e-05 7.948872371343895793e-05 5.744794543716125190e-05 6.269583536777645350e-05
5.010020040080159776e-01 8.945888112066313624e-05 4.449894549907185137e-05 1.005221783998422325e-04 6.716421194141730666e-05 8.560961578041315079e-05 9.664173558121547103e-05 6.431388464989140630e-05 1.000257907435297966e-04 9.514333942206576467e-05 1.088435528799891472e-04 7.788550283294171095e-05 8.594989776611328125e-05
5.210420841683366389e-01 1.256401301361620426e-04 6.149512773845344782e-05 1.406532537657767534e-04 9.705143020255491138e-05 1.193803400383330882e-04 1.344586780760437250e-04 9.020433208206668496e-05 1.401420886395499110e-04 1.333859108854085207e-04 1.541972596896812320e-04 1.090646474040113389e-04 1.219913538079708815e-04
5.410821643286573002e-01 1.871917775133624673e-04 1.042323929141275585e-04 2.115469978889450431e-04 1.475464378017932177e-04 1.749547081999480724e-04 1.983500114874914289e-04 1.322711177635937929e-04 2.123279264196753502e-04 1.993398036574944854e-04 2.499929105397313833e-04 1.606303703738376498e-04 1.858460600487887859e-04
5.611222444889779615e-01 1.017011934891343117e-03 4.054070450365543365e-03 1.671112957410514355e-03 5.716651212424039841e-04 6.033405079506337643e-04 1.027513062581419945e-03 3.133084392175078392e-04 1.958679407835006714e-03 1.287391176447272301e-03 4.717913921922445297e-03 5.804495885968208313e-04 1.590339234098792076e-03
5.811623246492986228e-01 2.718057483434677124e-02 1.278401724994182587e-02 2.913935855031013489e-02 2.644538320600986481e-02 2.327356301248073578e-02 2.595659717917442322e-02 1.853426732122898102e-02 2.925628609955310822e-02 2.745617553591728210e-02 3.397316485643386841e-02 2.429424226284027100e-02 3.018141724169254303e-02
6.012024048096191731e-01 6.997065246105194092e-02 1.260894350707530975e-02 7.179939746856689453e-02 7.156842947006225586e-02 6.522418558597564697e-02 6.726343929767608643e-02 6.187424436211585999e-02 7.097814977169036865e-02 6.911315023899078369e-02 7.573125511407852173e-02 6.740779429674148560e-02 7.403192669153213501e-02
6.212424849699398344e-01 1.181039884686470032e-01 9.556468576192855835e-03 1.191416755318641663e-01 1.224429383873939514e-01 1.141800209879875183e-01 1.142024099826812744e-01 1.148522347211837769e-01 1.170979291200637817e-01 1.157505214214324951e-01 1.207540705800056458e-01 1.172868683934211731e-01 1.221252456307411194e-01
6.412825651302604957e-01 1.639108061790466309e-01 1.059003826230764389e-02 1.639837473630905151e-01 1.702742725610733032e-01 1.617042869329452515e-01 1.593557596206665039e-01 1.669326424598693848e-01 1.607620567083358765e-01 1.601967662572860718e-01 1.627814471721649170e-01 1.653128117322921753e-01 1.671008169651031494e-01
6.613226452905811570e-01 2.025591284036636353e-01 1.538090128451585770e-02 2.017688751220703125e-01 2.097907811403274536e-01 2.024084478616714478e-01 1.979449838399887085e-01 2.114754766225814819e-01 1.976329237222671509e-01 1.978890001773834229e-01 1.979057490825653076e-01 2.060348987579345703e-01 2.044294476509094238e-01
6.813627254509018183e-01 2.313707768917083740e-01 1.979945600032806396e-02 2.299572676420211792e-01 2.382873296737670898e-01 2.332238256931304932e-01 2.272440344095230103e-01 2.447627335786819458e-01 2.252766788005828857e-01 2.262666672468185425e-01 2.239878624677658081e-01 2.364054918289184570e-01 2.317073345184326172e-01
7.014028056112223686e-01 2.492569535970687866e-01 2.231084555387496948e-02 2.475162297487258911e-01 2.548790872097015381e-01 2.528065145015716553e-01 2.460407316684722900e-01 2.652188837528228760e-01 2.426949441432952881e-01 2.442562282085418701e-01 2.401929050683975220e-01 2.551513910293579102e-01 2.480579763650894165e-01
7.214428857715430299e-01 2.562767565250396729e-01 2.261286601424217224e-02 2.544848918914794922e-01 2.599097192287445068e-01 2.610760629177093506e-01 2.542470693588256836e-01 2.728098630905151367e-01 2.499320805072784424e-01 2.518712580204010010e-01 2.466354519128799438e-01 2.622979283332824707e-01 2.537100315093994141e-01
7.414829659318636912e-01 2.532673478126525879e-01 2.092627994716167450e-02 2.516697347164154053e-01 2.545434236526489258e-01 2.588109672069549561e-01 2.525664567947387695e-01 2.685458660125732422e-01 2.477297186851501465e-01 2.498475462198257446e-01 2.440858334302902222e-01 2.587370276451110840e-01 2.496105879545211792e-01
7.615230460921843525e-01 2.415826171636581421e-01 1.776654459536075592e-02 2.403734028339385986e-01 2.404157668352127075e-01 2.473653107881546021e-01 2.422163337469100952e-01 2.541079223155975342e-01 2.373189032077789307e-01 2.394258528947830200e-01 2.337272316217422485e-01 2.459290027618408203e-01 2.371888160705566406e-01
7.815631262525050138e-01 2.228682190179824829e-01 1.396101247519254684e-02 2.221747785806655884e-01 2.194216400384902954e-01 2.284475862979888916e-01 2.247388213872909546e-01 2.315619885921478271e-01 2.201898396015167236e-01 2.221321761608123779e-01 2.169933319091796875e-01 2.256766855716705322e-01 2.181128710508346558e-01
8.016032064128255641e-01 1.989112347364425659e-01 1.084085647016763687e-02 1.987981647253036499e-01 1.935341507196426392e-01 2.039129734039306641e-01 2.018302828073501587e-01 2.031504362821578979e-01 1.979779899120330811e-01 1.996231973171234131e-01 1.954253166913986206e-01 1.999401599168777466e-01 1.941429376602172852e-01
8.216432865731462254e-01 1.715152561664581299e-01 1.022019330412149429e-02 1.719861030578613281e-01 1.646756678819656372e-01 1.756679564714431763e-01 1.752310991287231445e-01 1.711367368698120117e-01 1.723260134458541870e-01 1.735894978046417236e-01 1.705852150917053223e-01 1.706976741552352905e-01 1.670463532209396362e-01
8.416833667334668867e-01 1.424145847558975220e-01 1.231530308723449707e-02 1.434186100959777832e-01 1.346564292907714844e-01 1.455506086349487305e-01 1.466444581747055054e-01 1.376959681510925293e-01 1.448276937007904053e-01 1.456706672906875610e-01 1.439772248268127441e-01 1.398507803678512573e-01 1.384977400302886963e-01
8.617234468937875480e-01 1.132198795676231384e-01 1.529923547059297562e-02 1.146680340170860291e-01 1.051127389073371887e-01 1.152783408761024475e-01 1.176628023386001587e-01 1.048303917050361633e-01 1.169729977846145630e-01 1.173926517367362976e-01 1.169977337121963501e-01 1.091695427894592285e-01 1.100297197699546814e-01
8.817635270541082093e-01 8.537808060646057129e-02 1.772912219166755676e-02 8.714475482702255249e-02 7.747703790664672852e-02 8.640491962432861328e-02 8.973918110132217407e-02 7.434321194887161255e-02 9.010606259107589722e-02 9.013035893440246582e-02 9.091211855411529541e-02 8.024273812770843506e-02 8.300597965717315674e-02
9.018036072144288706e-01 6.015541404485702515e-02 1.884536258876323700e-02 6.208619847893714905e-02 5.296690762042999268e-02 6.029269844293594360e-02 6.416233628988265991e-02 4.779073596000671387e-02 6.541063636541366577e-02 6.510518491268157959e-02 6.683167070150375366e-02 5.446153879165649414e-02 5.861039832234382629e-02
9.218436873747494209e-01 3.862252086400985718e-02 1.820159144699573517e-02 4.053726419806480408e-02 3.258320689201354980e-02 3.810355439782142639e-02 4.203175380825996399e-02 2.648152410984039307e-02 4.389020800590515137e-02 4.335210472345352173e-02 4.569546133279800415e-02 3.298817202448844910e-02 3.782474622130393982e-02
9.418837675350700822e-01 2.164062112569808960e-02 1.554045081138610840e-02 2.334234677255153656e-02 1.709790900349617004e-02 2.077167481184005737e-02 2.426127158105373383e-02 1.143939793109893799e-02 2.636071853339672089e-02 2.571478858590126038e-02 2.827249281108379364e-02 1.675540953874588013e-02 2.142975665628910065e-02
9.619238476953907435e-01 9.834797121584415436e-03 1.085834763944149017e-02 1.112591754645109177e-02 7.021716795861721039e-03 8.974558673799037933e-03 1.153710950165987015e-02 3.282421967014670372e-03 1.344180572777986526e-02 1.282768230885267258e-02 1.514980383217334747e-02 6.406723987311124802e-03 9.973513893783092499e-03
9.819639278557114048e-01 3.452086821198463440e-03 5.159909836947917938e-03 4.163544159382581711e-03 2.369280671700835228e-03 2.957764780148863792e-03 4.213680978864431381e-03 1.203176449052989483e-03 5.469955969601869583e-03 5.037105642259120941e-03 6.666775792837142944e-03 1.982583198696374893e-03 3.651239676401019096e-03
1.002004008016031955e+00 1.557044568471610546e-03 1.567270606756210327e-03 1.787503133527934551e-03 1.342971110716462135e-03 1.413232763297855854e-03 1.713396282866597176e-03 9.628226398490369320e-04 2.153356093913316727e-03 1.983315683901309967e-03 2.682463498786091805e-03 1.164203975349664688e-03 1.633905456401407719e-03
1.022044088176352616e+00 1.250190543942153454e-03 5.943103460595011711e-04 1.353803439997136593e-03 1.198927289806306362e-03 1.187194022350013256e-03 1.275133923627436161e-03 9.325275314040482044e-04 1.429249066859483719e-03 1.369529636576771736e-03 1.639235648326575756e-03 1.059921924024820328e-03 1.284636440686881542e-03
1.042084168336673278e+00 1.209881855174899101e-03 4.335599369369447231e-04 1.292126253247261047e-03 1.190207200124859810e-03 1.158932573162019253e-03 1.211076509207487106e-03 9.316846844740211964e-04 1.315950765274465084e-03 1.276874449104070663e-03 1.452344004064798355e-03 1.049470389261841774e-03 1.240710495039820671e-03
1.062124248496993939e+00 1.216963049955666065e-03 4.102718958165496588e-04 1.296509522944688797e-03 1.210596296004951000e-03 1.166786649264395237e-03 1.209566951729357243e-03 9.427841869182884693e-04 1.310134306550025940e-03 1.274029957130551338e-03 1.433130470104515553e-03 1.059901667758822441e-03 1.251771114766597748e-03
1.082164328657314600e+00 1.241628546267747879e-03 4.121618112549185753e-04 1.322524040006101131e-03 1.245155115611851215e-03 1.189102185890078545e-03 1.227346248924732208e-03 9.639079798944294453e-04 1.332451589405536652e-03 1.295408350415527821e-03 1.454968354664742947e-03 1.082755741663277149e-03 1.282543409615755081e-03
1.102204408817635262e+00 1.279255142435431480e-03 4.214562650304287672e-04 1.362620969302952290e-03 1.292728935368359089e-03 1.224408973939716816e-03 1.258135889656841755e-03 9.945532074198126793e-04 1.369889825582504272e-03 1.331558451056480408e-03 1.495421165600419044e-03 1.116608269512653351e-03 1.326250610873103142e-03
1.122244488977955923e+00 1.329950871877372265e-03 4.365935164969414473e-04 1.416870509274303913e-03 1.354358275420963764e-03 1.272016903385519981e-03 1.301065320149064064e-03 1.034748158417642117e-03 1.421141088940203190e-03 1.381536247208714485e-03 1.551776658743619919e-03 1.161621417850255966e-03 1.384646166115999222e-03
1.142284569138276584e+00 1.393496291711926460e-03 4.580575041472911835e-04 1.485191402025520802e-03 1.429533702321350574e-03 1.332250423729419708e-03 1.356726279482245445e-03 1.084310119040310383e-03 1.486894441768527031e-03 1.445708097890019417e-03 1.624769298359751701e-03 1.217676559463143349e-03 1.456601312384009361e-03
1.162324649298597246e+00 1.472526695579290390e-03 4.884477239102125168e-04 1.571210217662155628e-03 1.523265847936272621e-03 1.406872179359197617e-03 1.426125876605510712e-03 1.144869020208716393e-03 1.569709391333162785e-03 1.524637802504003048e-03 1.718456507660448551e-03 1.286694314330816269e-03 1.548342872411012650e-03
1.182364729458917685e+00 1.571660395711660385e-03 5.418957443907856941e-04 1.680966583080589771e-03 1.649266225285828114e-03 1.497576711699366570e-03 1.511280424892902374e-03 1.217606011778116226e-03 1.678118132986128330e-03 1.626208308152854443e-03 1.848371117375791073e-03 1.371203921735286713e-03 1.675197738222777843e-03
1.202404809619238346e+00 1.711327815428376198e-03 6.793722277507185936e-04 1.844049082137644291e-03 1.861737575381994247e-03 1.615986577235162258e-03 1.621224451810121536e-03 1.305097131989896297e-03 1.842287601903080940e-03 1.775650191120803356e-03 2.071853494271636009e-03 1.477900659665465355e-03 1.896386616863310337e-03
1.222444889779559007e+00 1.968024997040629387e-03 1.140381791628897190e-03 2.170461462810635567e-03 2.358996309340000153e-03 1.805922482162714005e-03 1.789983012713491917e-03 1.416018116287887096e-03 2.175649162381887436e-03 2.069266280159354210e-03 2.578814048320055008e-03 1.641666516661643982e-03 2.430214546620845795e-03
1.242484969939879669e+00 2.620897488668560982e-03 2.537926891818642616e-03 3.013890469446778297e-03 3.702843561768531799e-03 2.237248234450817108e-03 2.151713473722338676e-03 1.590276253409683704e-03 3.042436903342604637e-03 2.830071840435266495e-03 3.866887185722589493e-03 2.008335664868354797e-03 3.865990787744522095e-03
1.262525050100200330e+00 4.376193508505821228e-03 5.445496179163455963e-03 5.141615401953458786e-03 6.785952020436525345e-03 3.443124238401651382e-03 3.140632994472980499e-03 2.009024843573570251e-03 5.204414017498493195e-03 4.804940428584814072e-03 6.723188329488039017e-03 3.077767556533217430e-03 7.069753017276525497e-03
1.282565130260520991e+00 8.141681551933288574e-03 9.457632899284362793e-03 9.358381852507591248e-03 1.216250658035278320e-02 6.386475171893835068e-03 5.647046957165002823e-03 3.307424252852797508e-03 9.423529729247093201e-03 8.833069354295730591e-03 1.169690489768981934e-02 5.864021833986043930e-03 1.254124939441680908e-02
1.302605210420841653e+00 1.432934962213039398e-02 1.354680303484201431e-02 1.595039851963520050e-02 1.987830735743045807e-02 1.176036614924669266e-02 1.045506913214921951e-02 6.672415416687726974e-03 1.595295593142509460e-02 1.523426268249750137e-02 1.889641210436820984e-02 1.114792749285697937e-02 2.031199634075164795e-02
1.322645290581162314e+00 2.290033549070358276e-02 1.701084524393081665e-02 2.483573183417320251e-02 2.975692041218280792e-02 1.966176554560661316e-02 1.775619573891162872e-02 1.282404735684394836e-02 2.471340820193290710e-02 2.394356392323970795e-02 2.819560654461383820e-02 1.904534734785556793e-02 3.021004050970077515e-02
1.342685370741482975e+00 3.364187106490135193e-02 1.963409781455993652e-02 3.579517081379890442e-02 4.154615104198455811e-02 2.990724891424179077e-02 2.741760015487670898e-02 2.176871336996555328e-02 3.549395501613616943e-02 3.474869579076766968e-02 3.937830775976181030e-02 2.936652489006519318e-02 4.198780655860900879e-02
1.362725450901803637e+00 4.628621414303779602e-02 2.140752412378787994e-02 4.856025800108909607e-02 5.497141554951667786e-02 4.222184792160987854e-02 3.919000178575515747e-02 3.324933722615242004e-02 4.804088547825813293e-02 4.738764092326164246e-02 5.219857394695281982e-02 4.182753339409828186e-02 5.537649244070053101e-02
1.382765531062124298e+00 6.054546684026718140e-02 2.239117212593555450e-02 6.285222619771957397e-02 6.975632905960083008e-02 5.630521476268768311e-02 5.278946459293365479e-02 4.693474620580673218e-02 6.208887696266174316e-02 6.158711761236190796e-02 6.640066206455230713e-02 5.611677467823028564e-02 7.010880112648010254e-02
1.402805611222444737e+00 7.613799721002578735e-02 2.266608737409114838e-02 7.839767634868621826e-02 8.563511818647384644e-02 7.185424119234085083e-02 6.792756170034408569e-02 6.248089298605918884e-02 7.737774401903152466e-02 7.707482576370239258e-02 8.173400908708572388e-02 7.192458212375640869e-02 8.592157810926437378e-02
1.422845691382765398e+00 9.278906881809234619e-02 2.232467010617256165e-02 9.493453800678253174e-02 1.023588627576828003e-01 8.857780694961547852e-02 8.432348817586898804e-02 7.954978942871093750e-02 9.365358948707580566e-02 9.358798712491989136e-02 9.796296805143356323e-02 8.895065635442733765e-02 1.025685444474220276e-01
1.442885771543086060e+00 1.102459281682968140e-01 2.145974710583686829e-02 1.122143864631652832e-01 1.196904852986335754e-01 1.061983853578567505e-01 1.017029955983161926e-01 9.782118350267410278e-02 1.106767132878303528e-01 1.108785867691040039e-01 1.148589774966239929e-01 1.069126799702644348e-01 1.198195368051528931e-01
1.462925851703406721e+00 1.282694339752197266e-01 2.016207762062549591e-02 1.300043165683746338e-01 1.374126970767974854e-01 1.244644150137901306e-01 1.198118850588798523e-01 1.169898808002471924e-01 1.282256990671157837e-01 1.287166625261306763e-01 1.322086304426193237e-01 1.255426406860351562e-01 1.374522298574447632e-01
1.482965931863727382e+00 1.466360539197921753e-01 1.852948777377605438e-02 1.480931937694549561e-01 1.553279459476470947e-01 1.431316584348678589e-01 1.384144574403762817e-01 1.367767304182052612e-01 1.460953205823898315e-01 1.468829512596130371e-01 1.498147547245025635e-01 1.445934027433395386e-01 1.552758514881134033e-01
1.503006012024048044e+00 1.651397347450256348e-01 1.665876805782318115e-02 1.662842333316802979e-01 1.732518821954727173e-01 1.619838625192642212e-01 1.572883278131484985e-01 1.569218188524246216e-01 1.640906184911727905e-01 1.651781350374221802e-01 1.674978435039520264e-01 1.638404577970504761e-01 1.731062084436416626e-01
1.523046092184368705e+00 1.835971325635910034e-01 1.465857215225696564e-02 1.843983232975006104e-01 1.910202354192733765e-01 1.808187812566757202e-01 1.762324869632720947e-01 1.771896332502365112e-01 1.820345073938369751e-01 1.834233999252319336e-01 1.850943267345428467e-01 1.830790191888809204e-01 1.907779872417449951e-01
1.543086172344689366e+00 2.018371969461441040e-01 1.265872921794652939e-02 2.022778838872909546e-01 2.084840834140777588e-01 1.994593590497970581e-01 1.950598955154418945e-01 1.973660588264465332e-01 1.997718811035156250e-01 2.014543861150741577e-01 2.024503350257873535e-01 2.021228522062301636e-01 2.081413716077804565e-01
1.563126252505010028e+00 2.197078168392181396e-01 1.083209645003080368e-02 2.197730392217636108e-01 2.255074828863143921e-01 2.177444547414779663e-01 2.136042565107345581e-01 2.172553539276123047e-01 2.171623855829238892e-01 2.191205173730850220e-01 2.194271385669708252e-01 2.208015918731689453e-01 2.250657081604003906e-01
1.583166332665330689e+00 2.370727360248565674e-01 9.421511553227901459e-03 2.367550879716873169e-01 2.419736832380294800e-01 2.355246990919113159e-01 2.317135632038116455e-01 2.366818338632583618e-01 2.340785115957260132e-01 2.362890988588333130e-01 2.359091490507125854e-01 2.389675527811050415e-01 2.414349466562271118e-01
1.603206412825651128e+00 2.538150548934936523e-01 8.709663525223731995e-03 2.531097233295440674e-01 2.577787637710571289e-01 2.526736855506896973e-01 2.492569535970687866e-01 2.554956972599029541e-01 2.504064440727233887e-01 2.528467476367950439e-01 2.517891824245452881e-01 2.564878761768341064e-01 2.571457922458648682e-01
1.623246492985971789e+00 2.698311805725097656e-01 8.889159187674522400e-03 2.687349915504455566e-01 2.728325128555297852e-01 2.690781950950622559e-01 2.661154270172119141e-01 2.735593616962432861e-01 2.660452425479888916e-01 2.686899602413177490e-01 2.669717073440551758e-01 2.732504904270172119e-01 2.721090614795684814e-01
1.643286573146292451e+00 2.850292026996612549e-01 9.883251041173934937e-03 2.835471928119659424e-01 2.870576381683349609e-01 2.846460640430450439e-01 2.821861207485198975e-01 2.907554507255554199e-01 2.809045314788818359e-01 2.837290167808532715e-01 2.813743054866790771e-01 2.891522049903869629e-01 2.862469255924224854e-01
1.663326653306613112e+00 2.993330657482147217e-01 1.142505556344985962e-02 2.974756956100463867e-01 3.003908395767211914e-01 2.992956340312957764e-01 2.973787188529968262e-01 3.069838881492614746e-01 2.949137091636657715e-01 2.978863418102264404e-01 2.949284613132476807e-01 3.041098117828369141e-01 2.994981706142425537e-01
1.683366733466933773e+00 3.126757144927978516e-01 1.325089205056428909e-02 3.104578852653503418e-01 3.127784729003906250e-01 3.129568397998809814e-01 3.116197288036346436e-01 3.221594989299774170e-01 3.080128133296966553e-01 3.111004233360290527e-01 3.075756728649139404e-01 3.180504143238067627e-01 3.118094801902770996e-01
1.703406813627254435e+00 3.250042796134948730e-01 1.518979109823703766e-02 3.224421441555023193e-01 3.241786658763885498e-01 3.255744874477386475e-01 3.248422443866729736e-01 3.362145125865936279e-01 3.201420307159423828e-01 3.233157694339752197e-01 3.192653656005859375e-01 3.309201598167419434e-01 3.231334686279296875e-01
1.723446893787575096e+00 3.362772762775421143e-01 1.712308451533317566e-02 3.333929181098937988e-01 3.345569074153900146e-01 3.371033072471618652e-01 3.369953334331512451e-01 3.490894734859466553e-01 3.312631547451019287e-01 3.344940245151519775e-01 3.299630880355834961e-01 3.426724374294281006e-01 3.334365785121917725e-01
1.743486973947895757e+00 3.464646935462951660e-01 1.898118853569030762e-02 3.432815074920654297e-01 3.438904285430908203e-01 3.475170433521270752e-01 3.480412065982818604e-01 3.607420921325683594e-01 3.413491547107696533e-01 3.446015715599060059e-01 3.396381437778472900e-01 3.532739281654357910e-01 3.426959216594696045e-01
1.763527054108216419e+00 3.555431365966796875e-01 2.071901038289070129e-02 3.520857095718383789e-01 3.521593809127807617e-01 3.567891418933868408e-01 3.579474389553070068e-01 3.711395263671875000e-01 3.503737747669219971e-01 3.536126315593719482e-01 3.482694923877716064e-01 3.626983463764190674e-01 3.508954048156738281e-01
1.783567134268537080e+00 3.634966909885406494e-01 2.230343595147132874e-02 3.597950041294097900e-01 3.593569099903106689e-01 3.649029433727264404e-01 3.666944503784179688e-01 3.802599012851715088e-01 3.583191633224487305e-01 3.615176081657409668e-01 3.558468818664550781e-01 3.709277808666229248e-01 3.580261170864105225e-01
1.803607214428857741e+00 3.703209757804870605e-01 2.371210232377052307e-02 3.664073348045349121e-01 3.654822111129760742e-01 3.718566894531250000e-01 3.742724359035491943e-01 3.880895972251892090e-01 3.651806712150573730e-01 3.683085143566131592e-01 3.623627424240112305e-01 3.779591917991638184e-01 3.640907704830169678e-01
1.823647294589178181e+00 3.760185241699218750e-01 2.493149973452091217e-02 3.719216883182525635e-01 3.705398738384246826e-01 3.776530623435974121e-01 3.806711733341217041e-01 3.946273624897003174e-01 3.709553778171539307e-01 3.739868700504302979e-01 3.678185045719146729e-01 3.837945163249969482e-01 3.690940439701080322e-01
1.843687374749498842e+00 3.805949389934539795e-01 2.595143392682075500e-02 3.763482868671417236e-01 3.745387494564056396e-01 3.822979629039764404e-01 3.858950734138488770e-01 3.998775482177734375e-01 3.756512701511383057e-01 3.785613477230072021e-01 3.722205162048339844e-01 3.884422779083251953e-01 3.730439543724060059e-01
1.863727454909819503e+00 3.840658962726593018e-01 2.676693536341190338e-02 3.797008991241455078e-01 3.774968683719635010e-01 3.858071565628051758e-01 3.899568915367126465e-01 4.038563668727874756e-01 3.792825341224670410e-01 3.820418119430541992e-01 3.755827844142913818e-01 3.919155299663543701e-01 3.759576678276062012e-01
1.883767535070140164e+00 3.864459693431854248e-01 2.737471647560596466e-02 3.819985091686248779e-01 3.794347643852233887e-01 3.882034718990325928e-01 3.928706943988800049e-01 4.065809249877929688e-01 3.818630278110504150e-01 3.844481110572814941e-01 3.779211938381195068e-01 3.942409753799438477e-01 3.778594136238098145e-01
1.903807615230460826e+00 3.877604901790618896e-01 2.777423337101936340e-02 3.832659125328063965e-01 3.803776502609252930e-01 3.895109593868255615e-01 3.946576118469238281e-01 4.080788195133209229e-01 3.834148645401000977e-01 3.858033418655395508e-01 3.792576491832733154e-01 3.954423069953918457e-01 3.787741661071777344e-01
1.923847695390781487e+00 3.880381584167480469e-01 2.796966023743152618e-02 3.835325539112091064e-01 3.803513348102569580e-01 3.897614479064941406e-01 3.953439593315124512e-01 4.083825945854187012e-01 3.839616775512695312e-01 3.861359655857086182e-01 3.796188533306121826e-01 3.955522477626800537e-01 3.787290751934051514e-01
1.943887775551102148e+00 3.873111605644226074e-01 2.796418406069278717e-02 3.828253149986267090e-01 3.793908357620239258e-01 3.889899849891662598e-01 3.949634730815887451e-01 4.075261056423187256e-01 3.835318684577941895e-01 3.854764103889465332e-01 3.790326416492462158e-01 3.946034908294677734e-01 3.777546584606170654e-01
1.963927855711422810e+00 3.856147825717926025e-01 2.776185236871242523e-02 3.811835646629333496e-01 3.775308132171630859e-01 3.872330188751220703e-01 3.935489356517791748e-01 4.055505394935607910e-01 3.821626007556915283e-01 3.838581442832946777e-01 3.775314092636108398e-01 3.926340937614440918e-01 3.758854568004608154e-01
1.983967935871743471e+00 3.829891383647918701e-01 2.737161330878734589e-02 3.786421120166778564e-01 3.748065531253814697e-01 3.845293819904327393e-01 3.911380469799041748e-01 4.025010168552398682e-01 3.798844516277313232e-01 3.813222050666809082e-01 3.751515746116638184e-01 3.896880149841308594e-01 3.731583356857299805e-01
2.004008016032063910e+00 3.794745504856109619e-01 2.680561318993568420e-02 3.752394318580627441e-01 3.712520003318786621e-01 3.809255957603454590e-01 3.877734541893005371e-01 3.984245061874389648e-01 3.767378628253936768e-01 3.779029250144958496e-01 3.719287514686584473e-01 3.858073055744171143e-01 3.696077466011047363e-01
2.024048096192384794e+00 3.751142323017120361e-01 2.606894448399543762e-02 3.710183203220367432e-01 3.669121563434600830e-01 3.764664828777313232e-01 3.834969699382781982e-01 3.933702409267425537e-01 3.727601766586303711e-01 3.736463785171508789e-01 3.679046332836151123e-01 3.810356259346008301e-01 3.652763962745666504e-01
2.044088176352705233e+00 3.699510693550109863e-01 2.517351321876049042e-02 3.660206496715545654e-01 3.618298470973968506e-01 3.711976408958435059e-01 3.783538639545440674e-01 3.873933553695678711e-01 3.679929077625274658e-01 3.685937821865081787e-01 3.631198108196258545e-01 3.754224181175231934e-01 3.602093756198883057e-01
2.064128256513026116e+00 3.640317618846893311e-01 2.413137629628181458e-02 3.602910637855529785e-01 3.560466468334197998e-01 3.651647865772247314e-01 3.723919987678527832e-01 3.805467486381530762e-01 3.624803423881530762e-01 3.627916872501373291e-01 3.576162457466125488e-01 3.690210580825805664e-01 3.544496595859527588e-01
2.084168336673346555e+00 3.574013710021972656e-01 2.295801974833011627e-02 3.538742363452911377e-01 3.496080636978149414e-01 3.584209084510803223e-01 3.656644523143768311e-01 3.728893101215362549e-01 3.562668561935424805e-01 3.562858998775482178e-01 3.514373004436492920e-01 3.618803322315216064e-01 3.480422198772430420e-01
2.104208416833667439e+00 3.501113951206207275e-01 2.166688814759254456e-02 3.468178212642669678e-01 3.425554633140563965e-01 3.510121107101440430e-01 3.582179546356201172e-01 3.644771575927734375e-01 3.493981063365936279e-01 3.491241931915283203e-01 3.446273505687713623e-01 3.540544211864471436e-01 3.410313725471496582e-01
2.124248496993987878e+00 3.422076404094696045e-01 2.027465403079986572e-02 3.391685187816619873e-01 3.349359333515167236e-01 3.429919183254241943e-01 3.501056730747222900e-01 3.553690910339355469e-01 3.419165015220642090e-01 3.413558900356292725e-01 3.372304737567901611e-01 3.455940485000610352e-01 3.334610164165496826e-01
2.144288577154308317e+00 3.337405622005462646e-01 1.879587955772876740e-02 3.309737443923950195e-01 3.267956972122192383e-01 3.344102501869201660e-01 3.413773775100708008e-01 3.456230759620666504e-01 3.338693678379058838e-01 3.330287039279937744e-01 3.292908966541290283e-01 3.365540504455566406e-01 3.253796696662902832e-01
2.164328657314629201e+00 3.247594833374023438e-01 1.724992133677005768e-02 3.222810328006744385e-01 3.181803822517395020e-01 3.253176212310791016e-01 3.320865631103515625e-01 3.352977335453033447e-01 3.253031373023986816e-01 3.241863250732421875e-01 3.208549618721008301e-01 3.269876241683959961e-01 3.168321549892425537e-01
2.184368737474949640e+00 3.153139352798461914e-01 1.566041819751262665e-02 3.131385147571563721e-01 3.091354072093963623e-01 3.157652914524078369e-01 3.222853243350982666e-01 3.244536519050598145e-01 3.162671029567718506e-01 3.148795962333679199e-01 3.119696080684661865e-01 3.169506192207336426e-01 3.078617751598358154e-01
2.204408817635270523e+00 3.054542243480682373e-01 1.405560318380594254e-02 3.035923838615417480e-01 2.997044920921325684e-01 3.058023154735565186e-01 3.120288848876953125e-01 3.131503462791442871e-01 3.068101704120635986e-01 3.051567077636718750e-01 3.026792705059051514e-01 3.064935803413391113e-01 2.985155880451202393e-01
2.224448897795590963e+00 2.952269911766052246e-01 1.246910728514194489e-02 2.936886847019195557e-01 2.899333834648132324e-01 2.954765856266021729e-01 3.013669252395629883e-01 3.014462888240814209e-01 2.969765663146972656e-01 2.950671911239624023e-01 2.930289506912231445e-01 2.956682145595550537e-01 2.888357341289520264e-01
2.244488977955911846e+00 2.846819460391998291e-01 1.094839069992303848e-02 2.834753096103668213e-01 2.798666059970855713e-01 2.848386168479919434e-01 2.903565168380737305e-01 2.894006669521331787e-01 2.868090867996215820e-01 2.846612930297851562e-01 2.830626070499420166e-01 2.845284044742584229e-01 2.788680493831634521e-01
2.264529058116232285e+00 2.738680839538574219e-01 9.557753801345825195e-03 2.729970812797546387e-01 2.695500850677490234e-01 2.739351689815521240e-01 2.790499329566955566e-01 2.770731747150421143e-01 2.763567268848419189e-01 2.739831805229187012e-01 2.728290855884552002e-01 2.731253206729888916e-01 2.686562240123748779e-01
2.284569138276553169e+00 2.628289461135864258e-01 8.388387970626354218e-03 2.622995376586914062e-01 2.590256333351135254e-01 2.628161609172821045e-01 2.674976289272308350e-01 2.645186781883239746e-01 2.656668424606323242e-01 2.630818486213684082e-01 2.623704969882965088e-01 2.615094184875488281e-01 2.582420408725738525e-01
2.304609218436873608e+00 2.516136765480041504e-01 7.557296659797430038e-03 2.514273524284362793e-01 2.483364194631576538e-01 2.515310049057006836e-01 2.557481825351715088e-01 2.517953515052795410e-01 2.547790706157684326e-01 2.520004510879516602e-01 2.517286837100982666e-01 2.497319430112838745e-01 2.476646751165390015e-01
2.324649298597194491e+00 2.402684688568115234e-01 7.182584144175052643e-03 2.404253333806991577e-01 2.375255376100540161e-01 2.401262968778610229e-01 2.438523769378662109e-01 2.389591485261917114e-01 2.437400221824645996e-01 2.407844066619873047e-01 2.409473955631256104e-01 2.378416955471038818e-01 2.369673103094100952e-01
2.344689378757514930e+00 2.288379669189453125e-01 7.321486249566078186e-03 2.293355017900466919e-01 2.266321480274200439e-01 2.286455333232879639e-01 2.318584471940994263e-01 2.260631620883941650e-01 2.325919121503829956e-01 2.294808924198150635e-01 2.300672829151153564e-01 2.258856445550918579e-01 2.261911481618881226e-01
2.364729458917835370e+00 2.173647433519363403e-01 7.921765558421611786e-03 2.181984782218933105e-01 2.156954854726791382e-01 2.171316891908645630e-01 2.198143005371093750e-01 2.131623327732086182e-01 2.213771194219589233e-01 2.181307077407836914e-01 2.191286683082580566e-01 2.139119952917098999e-01 2.153735309839248657e-01
2.384769539078156253e+00 2.058900445699691772e-01 8.858871646225452423e-03 2.070558816194534302e-01 2.047542482614517212e-01 2.056287527084350586e-01 2.077675312757492065e-01 2.003071904182434082e-01 2.101382762193679810e-01 2.067738622426986694e-01 2.081717848777770996e-01 2.019643336534500122e-01 2.045558691024780273e-01
2.404809619238476692e+00 1.944553107023239136e-01 1.000079698860645294e-02 1.959472000598907471e-01 1.938447803258895874e-01 1.941768079996109009e-01 1.957631409168243408e-01 1.875499784946441650e-01 1.989165544509887695e-01 1.954522281885147095e-01 1.972338706254959106e-01 1.900891512632369995e-01 1.937726587057113647e-01
2.424849699398797576e+00 1.831026673316955566e-01 1.124682836234569550e-02 1.849115043878555298e-01 1.830034255981445312e-01 1.828162521123886108e-01 1.838457733392715454e-01 1.749402582645416260e-01 1.877519488334655762e-01 1.842056661844253540e-01 1.863511055707931519e-01 1.783259212970733643e-01 1.830620616674423218e-01
2.444889779559118015e+00 1.718707084655761719e-01 1.252528745681047440e-02 1.739827245473861694e-01 1.722660511732101440e-01 1.715860217809677124e-01 1.720575094223022461e-01 1.625241935253143311e-01 1.766812950372695923e-01 1.730729937553405762e-01 1.755606532096862793e-01 1.667164564132690430e-01 1.724518984556198120e-01
2.464929859719438898e+00 1.607977747917175293e-01 1.378579903393983841e-02 1.631968766450881958e-01 1.616692841053009033e-01 1.605238318443298340e-01 1.604423224925994873e-01 1.503489762544631958e-01 1.657412946224212646e-01 1.620889902114868164e-01 1.648984849452972412e-01 1.553011983633041382e-01 1.619815379381179810e-01
2.484969939879759337e+00 1.499190777540206909e-01 1.499248854815959930e-02 1.525875031948089600e-01 1.512466073036193848e-01 1.496664285659790039e-01 1.490429043769836426e-01 1.384590417146682739e-01 1.549660712480545044e-01 1.512922197580337524e-01 1.543997824192047119e-01 1.441194862127304077e-01 1.516822427511215210e-01
2.505010020040080221e+00 1.392715275287628174e-01 1.611919328570365906e-02 1.421868056058883667e-01 1.410296559333801270e-01 1.390467733144760132e-01 1.378975361585617065e-01 1.268981844186782837e-01 1.443926841020584106e-01 1.407151967287063599e-01 1.440954059362411499e-01 1.332067847251892090e-01 1.415866762399673462e-01
2.525050100200400660e+00 1.288885921239852905e-01 1.714331656694412231e-02 1.320295482873916626e-01 1.310477405786514282e-01 1.286977678537368774e-01 1.270423233509063721e-01 1.157089248299598694e-01 1.340522170066833496e-01 1.303902864456176758e-01 1.340171843767166138e-01 1.225986033678054810e-01 1.317208111286163330e-01
2.545090180360721543e+00 1.188017725944519043e-01 1.805000193417072296e-02 1.221461966633796692e-01 1.213313937187194824e-01 1.186488717794418335e-01 1.165126934647560120e-01 1.049291864037513733e-01 1.239785999059677124e-01 1.203501373529434204e-01 1.241978555917739868e-01 1.123289465904235840e-01 1.221104338765144348e-01
2.565130260521041983e+00 1.090417206287384033e-01 1.882274076342582703e-02 1.125626266002655029e-01 1.119073331356048584e-01 1.089331433176994324e-01 1.063458994030952454e-01 9.459800273180007935e-02 1.142034456133842468e-01 1.106271222233772278e-01 1.146636083722114563e-01 1.024307683110237122e-01 1.127873286604881287e-01
2.585170340681362422e+00 9.963685274124145508e-02 1.944944635033607483e-02 1.033088937401771545e-01 1.028009057044982910e-01 9.957858920097351074e-02 9.657397866249084473e-02 8.474975824356079102e-02 1.047534346580505371e-01 1.012477353215217590e-01 1.054435148835182190e-01 9.293677657842636108e-02 1.037782281637191772e-01
2.605210420841683305e+00 9.061531722545623779e-02 1.991941779851913452e-02 9.441111981868743896e-02 9.403818100690841675e-02 9.061214327812194824e-02 8.722986280918121338e-02 7.541829347610473633e-02 9.565729647874832153e-02 9.224245697259902954e-02 9.656369686126708984e-02 8.387394994497299194e-02 9.510363638401031494e-02
2.625250501002003745e+00 8.200282603502273560e-02 2.022416517138481140e-02 8.589318394660949707e-02 8.564320206642150879e-02 8.205787092447280884e-02 7.834153622388839722e-02 6.663336604833602905e-02 8.694177120923995972e-02 8.363490551710128784e-02 8.804771304130554199e-02 7.526793330907821655e-02 8.678452670574188232e-02
2.645290581162324628e+00 7.382340729236602783e-02 2.035654149949550629e-02 7.777636498212814331e-02 7.763717323541641235e-02 7.393729686737060547e-02 6.993420422077178955e-02 5.842321738600730896e-02 7.863254100084304810e-02 7.544764131307601929e-02 7.991847395896911621e-02 6.714484095573425293e-02 7.884583622217178345e-02
2.665330661322645067e+00 6.610119342803955078e-02 2.030965872108936310e-02 7.008471339941024780e-02 7.004176080226898193e-02 6.627359241247177124e-02 6.203381344676017761e-02 5.081513896584510803e-02 7.075148075819015503e-02 6.770354509353637695e-02 7.219719141721725464e-02 5.952613800764083862e-02 7.130602747201919556e-02
2.685370741482965951e+00 5.885346233844757080e-02 2.007718756794929504e-02 6.283676624298095703e-02 6.287378072738647461e-02 5.908650159835815430e-02 5.466333776712417603e-02 4.383211582899093628e-02 6.331840902566909790e-02 6.042225658893585205e-02 6.490281224250793457e-02 5.243363976478576660e-02 6.418391317129135132e-02
2.705410821643286390e+00 5.209876596927642822e-02 1.965767703950405121e-02 5.604859068989753723e-02 5.614976957440376282e-02 5.239107459783554077e-02 4.784287512302398682e-02 3.749175742268562317e-02 5.635139718651771545e-02 5.362252146005630493e-02 5.805491283535957336e-02 4.588357359170913696e-02 5.749442428350448608e-02
2.725450901803607273e+00 4.585253074765205383e-02 1.905157044529914856e-02 4.973465576767921448e-02 4.988544806838035583e-02 4.620146006345748901e-02 4.158956930041313171e-02 3.180769085884094238e-02 4.986809566617012024e-02 4.731860756874084473e-02 5.166772380471229553e-02 3.988915309309959412e-02 5.125158280134201050e-02
2.745490981963927712e+00 4.012597724795341492e-02 1.826362311840057373e-02 4.390764981508255005e-02 4.409326985478401184e-02 4.052738472819328308e-02 3.591428697109222412e-02 2.678670920431613922e-02 4.388201609253883362e-02 4.152317345142364502e-02 4.575451835989952087e-02 3.446063399314880371e-02 4.546599462628364563e-02
2.765531062124248596e+00 3.492718935012817383e-02 1.730222254991531372e-02 3.857434913516044617e-02 3.878181800246238708e-02 3.537616133689880371e-02 3.082565218210220337e-02 2.242733351886272430e-02 3.840510547161102295e-02 3.624461963772773743e-02 4.032358154654502869e-02 2.960182912647724152e-02 4.014487937092781067e-02
2.785571142284569035e+00 3.026052191853523254e-02 1.618286035954952240e-02 3.374197706580162048e-02 3.395687788724899292e-02 3.074972517788410187e-02 2.632465586066246033e-02 1.871810853481292725e-02 3.344367444515228271e-02 3.148746117949485779e-02 3.538013622164726257e-02 2.531224675476551056e-02 3.529388830065727234e-02
2.805611222444889474e+00 2.612456306815147400e-02 1.492990460246801376e-02 2.941220998764038086e-02 2.962046116590499878e-02 2.664704993367195129e-02 2.240646816790103912e-02 1.563513465225696564e-02 2.900078892707824707e-02 2.725243195891380310e-02 3.092938475310802460e-02 2.158528007566928864e-02 3.091594390571117401e-02
2.825651302605210358e+00 2.251177094876766205e-02 1.357473433017730713e-02 2.558083087205886841e-02 2.576963976025581360e-02 2.305764891207218170e-02 1.905689761042594910e-02 1.313971169292926788e-02 2.507175691425800323e-02 2.353359758853912354e-02 2.696744538843631744e-02 1.840466260910034180e-02 2.700857073068618774e-02
2.845691382765530797e+00 1.940639130771160126e-02 1.215940993279218674e-02 2.223765850067138672e-02 2.239558659493923187e-02 1.996733248233795166e-02 1.625125668942928314e-02 1.117689069360494614e-02 2.164807356894016266e-02 2.031801454722881317e-02 2.348527312278747559e-02 1.574425585567951202e-02 2.356538735330104828e-02
2.865731462925851680e+00 1.678527146577835083e-02 1.073392853140830994e-02 1.936520822346210480e-02 1.948458701372146606e-02 1.735230907797813416e-02 1.395302545279264450e-02 9.676507674157619476e-03 1.871328055858612061e-02 1.758485659956932068e-02 2.047018706798553467e-02 1.356742065399885178e-02 2.057187072932720184e-02
2.885771543086172120e+00 1.461554039269685745e-02 9.350487962365150452e-03 1.693769916892051697e-02 1.701406389474868774e-02 1.517963688820600510e-02 1.211389992386102676e-02 8.559252135455608368e-03 1.624190062284469604e-02 1.530425716191530228e-02 1.790086925029754639e-02 1.182659156620502472e-02 1.800898648798465729e-02
2.905811623246493003e+00 1.285562664270401001e-02 8.056299760937690735e-03 1.492233388125896454e-02 1.495441887527704239e-02 1.340917777270078659e-02 1.067609712481498718e-02 7.745161186903715134e-03 1.420131605118513107e-02 1.343908254057168961e-02 1.574732363224029541e-02 1.046610716730356216e-02 1.584915071725845337e-02
2.925851703406813442e+00 1.145629491657018661e-02 6.889427080750465393e-03 1.327935792505741119e-02 1.326762326061725616e-02 1.199183799326419830e-02 9.575118310749530792e-03 7.160951849073171616e-03 1.254851650446653366e-02 1.194326393306255341e-02 1.397387310862541199e-02 9.423815645277500153e-03 1.406013686209917068e-02
2.945891783567134325e+00 1.036349032074213028e-02 5.874345079064369202e-03 1.196307037025690079e-02 1.191054843366146088e-02 1.087649539113044739e-02 8.746276609599590302e-03 6.744293030351400375e-03 1.123564690351486206e-02 1.076577696949243546e-02 1.253926381468772888e-02 8.638480678200721741e-03 1.260307803750038147e-02
2.965931863727454765e+00 9.522944688796997070e-03 5.018550436943769455e-03 1.092487294226884842e-02 1.083663944154977798e-02 1.001167111098766327e-02 8.129982277750968933e-03 6.447392981499433517e-03 1.021042931824922562e-02 9.853905066847801208e-03 1.139622554183006287e-02 8.054262958467006683e-03 1.143567264080047607e-02
2.985971943887775648e+00 8.884176611900329590e-03 4.317525774240493774e-03 1.011768728494644165e-02 9.997800923883914948e-03 9.348949417471885681e-03 7.674812804907560349e-03 6.234225817024707794e-03 9.421248920261859894e-03 9.155998006463050842e-03 1.049857586622238159e-02 7.623548153787851334e-03 1.051453221589326859e-02
3.006012024048096087e+00 8.402804844081401825e-03 3.756660735234618187e-03 9.495732374489307404e-03 9.350208565592765808e-03 8.845658041536808014e-03 7.339518982917070389e-03 6.078969221562147141e-03 8.820182643830776215e-03 8.627340197563171387e-03 9.801095351576805115e-03 7.306845858693122864e-03 9.795947931706905365e-03
3.026052104208416527e+00 8.041504770517349243e-03 3.317168448120355606e-03 9.020567871630191803e-03 8.854090236127376556e-03 8.465314283967018127e-03 7.091645617038011551e-03 5.964031442999839783e-03 8.365867659449577332e-03 8.229001425206661224e-03 9.263548068702220917e-03 7.073411718010902405e-03 9.240711107850074768e-03
3.046092184368737410e+00 7.770176045596599579e-03 2.978362375870347023e-03 8.657926693558692932e-03 8.476034738123416901e-03 8.178666234016418457e-03 6.906973198056221008e-03 5.876610986888408661e-03 8.023605681955814362e-03 7.929733023047447205e-03 8.850832469761371613e-03 6.900535896420478821e-03 8.814557455480098724e-03
3.066132264529057849e+00 7.565633859485387802e-03 2.720580669119954109e-03 8.381231687963008881e-03 8.187736384570598602e-03 7.962501607835292816e-03 6.767672952264547348e-03 5.808239802718162537e-03 7.765199523419141769e-03 7.704578340053558350e-03 8.534858003258705139e-03 6.771211512386798859e-03 8.488600142300128937e-03
3.086172344689378733e+00 7.410092744976282120e-03 2.526334021240472794e-03 8.170122280716896057e-03 7.968222722411155701e-03 7.799389772117137909e-03 6.661112420260906219e-03 5.753764882683753967e-03 7.568750064820051193e-03 7.534416392445564270e-03 8.292526938021183014e-03 6.673379335552453995e-03 8.239543065428733826e-03
3.106212424849699172e+00 7.291074376553297043e-03 2.380412537604570389e-03 8.007997646927833557e-03 7.800477556884288788e-03 7.674652151763439178e-03 6.578315049409866333e-03 5.709355697035789490e-03 7.417852059006690979e-03 7.404163945466279984e-03 8.105832152068614960e-03 6.597997620701789856e-03 8.048840798437595367e-03
3.126252505010020055e+00 7.198821753263473511e-03 2.271474571898579597e-03 7.882370613515377045e-03 7.671587169170379639e-03 7.578526157885789871e-03 6.512825377285480499e-03 5.672414321452379227e-03 7.301053497940301895e-03 7.304186467081308365e-03 7.961771450936794281e-03 6.538936868309974670e-03 7.902676239609718323e-03
3.146292585170340494e+00 7.126517128199338913e-03 2.190053462982177734e-03 7.784780580550432205e-03 7.571246009320020676e-03 7.504404056817293167e-03 6.460184231400489807e-03 5.641218274831771851e-03 7.209675852209329605e-03 7.226758636534214020e-03 7.849143818020820618e-03 6.492394488304853439e-03 7.790351752191781998e-03
3.166332665330661378e+00 7.068869192153215408e-03 2.128677908331155777e-03 7.707550190389156342e-03 7.492439355701208115e-03 7.446758914738893509e-03 6.417235359549522400e-03 5.614656023681163788e-03 7.136765401810407639e-03 7.165666203945875168e-03 7.760852109640836716e-03 6.455705966800451279e-03 7.702961098402738571e-03
3.186372745490981817e+00 7.023072801530361176e-03 2.082279883325099945e-03 7.646497804671525955e-03 7.430429104715585709e-03 7.401969283819198608e-03 6.381947081536054611e-03 5.592393688857555389e-03 7.078051101416349411e-03 7.117174565792083740e-03 7.691070903092622757e-03 6.426426116377115250e-03 7.634993176907300949e-03
3.206412825651302256e+00 6.986648775637149811e-03 2.046605572104454041e-03 7.597550284117460251e-03 7.380958180874586105e-03 7.367544807493686676e-03 6.352850235998630524e-03 5.573975387960672379e-03 7.030762266367673874e-03 7.078114897012710571e-03 7.635511457920074463e-03 6.403386592864990234e-03 7.581921294331550598e-03
3.226452905811623140e+00 6.957659032195806503e-03 2.018992789089679718e-03 7.558772806078195572e-03 7.341220043599605560e-03 7.341119460761547089e-03 6.329121068120002747e-03 5.558898206800222397e-03 6.991698872298002243e-03 7.046746090054512024e-03 7.591132540255784988e-03 6.385282147675752640e-03 7.540249265730381012e-03
3.246492985971943579e+00 6.934545002877712250e-03 1.997597049921751022e-03 7.527919020503759384e-03 7.309956941753625870e-03 7.321009878069162369e-03 6.309784948825836182e-03 5.547001957893371582e-03 6.959465332329273224e-03 7.021631114184856415e-03 7.555405143648386002e-03 6.370922550559043884e-03 7.508187554776668549e-03
3.266533066132264462e+00 6.916297134011983871e-03 1.980705419555306435e-03 7.503106258809566498e-03 7.285094819962978363e-03 7.305568084120750427e-03 6.293657701462507248e-03 5.538049153983592987e-03 6.933088414371013641e-03 7.001388352364301682e-03 7.526907138526439667e-03 6.360180210322141647e-03 7.484000176191329956e-03
3.286573146292584902e+00 6.901939399540424347e-03 1.967267598956823349e-03 7.483516819775104523e-03 7.265633437782526016e-03 7.294230628758668900e-03 6.280609872192144394e-03 5.531582050025463104e-03 6.911894772201776505e-03 6.985071580857038498e-03 7.504611741751432419e-03 6.352488417178392410e-03 7.465365808457136154e-03
3.306613226452905785e+00 6.891066208481788635e-03 1.956835854798555374e-03 7.467738352715969086e-03 7.251019123941659927e-03 7.286551874130964279e-03 6.270306650549173355e-03 5.527288652956485748e-03 6.894746795296669006e-03 6.973139476031064987e-03 7.487937808036804199e-03 6.347661837935447693e-03 7.452162913978099823e-03
3.326653306613226224e+00 6.883725058287382126e-03 1.948388642631471157e-03 7.456125691533088684e-03 7.240002974867820740e-03 7.282212376594543457e-03 6.262864451855421066e-03 5.525159649550914764e-03 6.881317589432001114e-03 6.964278873056173325e-03 7.475369144231081009e-03 6.345266941934823990e-03 7.443023379892110825e-03
3.346693386773547108e+00 6.879026070237159729e-03 1.941726310178637505e-03 7.448520977050065994e-03 7.232330273836851120e-03 7.281271275132894516e-03 6.258276291191577911e-03 5.524668842554092407e-03 6.871371064335107803e-03 6.958466023206710815e-03 7.466553244739770889e-03 6.345734000205993652e-03 7.437000516802072525e-03
3.366733466933867547e+00 6.877238396555185318e-03 1.936019398272037506e-03 7.444060407578945160e-03 7.227851077914237976e-03 7.283066399395465851e-03 6.256286520510911942e-03 5.525906570255756378e-03 6.864553783088922501e-03 6.955216638743877411e-03 7.460547611117362976e-03 6.348971743136644363e-03 7.433595601469278336e-03
3.386773547094188430e+00 6.878005806356668472e-03 1.931536709889769554e-03 7.442531641572713852e-03 7.226212881505489349e-03 7.287680171430110931e-03 6.256509106606245041e-03 5.529110785573720932e-03 6.860167719423770905e-03 6.954575888812541962e-03 7.457780186086893082e-03 6.354182027280330658e-03 7.433031219989061356e-03
3.406813627254508869e+00 6.881150417029857635e-03 1.927543547935783863e-03 7.443613372743129730e-03 7.227091584354639053e-03 7.294153794646263123e-03 6.258502136915922165e-03 5.534300580620765686e-03 6.858306471258401871e-03 6.956582423299551010e-03 7.457117084413766861e-03 6.361095700412988663e-03 7.434464525431394577e-03
3.426853707414829309e+00 6.886051502078771591e-03 1.924290205352008343e-03 7.447357289493083954e-03 7.230193819850683212e-03 7.302614394575357437e-03 6.262418814003467560e-03 5.541457794606685638e-03 6.858665496110916138e-03 6.960696540772914886e-03 7.459115702658891678e-03 6.369756534695625305e-03 7.438460364937782288e-03
3.446893787575150192e+00 6.893154699355363846e-03 1.921057119034230709e-03 7.452934514731168747e-03 7.234883029013872147e-03 7.312859874218702316e-03 6.268211640417575836e-03 5.550286732614040375e-03 6.860450841486454010e-03 6.967018358409404755e-03 7.462808396667242050e-03 6.380367558449506760e-03 7.444282993674278259e-03
3.466933867735470631e+00 6.901988759636878967e-03 1.918697147630155087e-03 7.460675202310085297e-03 7.241586688905954361e-03 7.324724458158016205e-03 6.275140214711427689e-03 5.560701247304677963e-03 6.863822229206562042e-03 6.975227035582065582e-03 7.468803320080041885e-03 6.392791867256164551e-03 7.452662102878093719e-03
3.486973947895791515e+00 6.912755314260721207e-03 1.916736713610589504e-03 7.469824515283107758e-03 7.249834015965461731e-03 7.338640745729207993e-03 6.283774971961975098e-03 5.572927650064229965e-03 6.869483739137649536e-03 6.985785439610481262e-03 7.476779632270336151e-03 6.406489759683609009e-03 7.463688030838966370e-03
3.507014028056111954e+00 6.925052031874656677e-03 1.915092929266393185e-03 7.480573840439319611e-03 7.259802427142858505e-03 7.354286033660173416e-03 6.294358056038618088e-03 5.586586426943540573e-03 6.877477280795574188e-03 6.998018361628055573e-03 7.486425340175628662e-03 6.421306170523166656e-03 7.476662751287221909e-03
3.527054108216432837e+00 6.938935723155736923e-03 1.914022723212838173e-03 7.492891047149896622e-03 7.271691225469112396e-03 7.372145075350999832e-03 6.306929979473352432e-03 5.601255688816308975e-03 6.887507624924182892e-03 7.012431509792804718e-03 7.497391663491725922e-03 6.437588017433881760e-03 7.491632364690303802e-03
3.547094188376753277e+00 6.953677628189325333e-03 1.913258805871009827e-03 7.506379391998052597e-03 7.285545114427804947e-03 7.391980383545160294e-03 6.320793181657791138e-03 5.617467686533927917e-03 6.899542175233364105e-03 7.028443273156881332e-03 7.510023657232522964e-03 6.455420982092618942e-03 7.508537266403436661e-03
3.567134268537074160e+00 6.970042362809181213e-03 1.912972191348671913e-03 7.521681487560272217e-03 7.301005534827709198e-03 7.413241080939769745e-03 6.335732992738485336e-03 5.634656175971031189e-03 6.912951823323965073e-03 7.045978214591741562e-03 7.523839827626943588e-03 6.475013680756092072e-03 7.526956498622894287e-03
3.587174348697394599e+00 6.987853441387414932e-03 1.912900130264461040e-03 7.538949139416217804e-03 7.318248040974140167e-03 7.435849402099847794e-03 6.352125201374292374e-03 5.653025116771459579e-03 6.927687209099531174e-03 7.064880337566137314e-03 7.538963574916124344e-03 6.496023852378129959e-03 7.546301465481519699e-03
3.607214428857715482e+00 7.007119245827198029e-03 1.912985113449394703e-03 7.557300385087728500e-03 7.336970418691635132e-03 7.459381595253944397e-03 6.370343267917633057e-03 5.672298837453126907e-03 6.943747401237487793e-03 7.085211575031280518e-03 7.555071264505386353e-03 6.518152076750993729e-03 7.567582651972770691e-03
3.627254509018035922e+00 7.027965970337390900e-03 1.913295942358672619e-03 7.577126380056142807e-03 7.357383612543344498e-03 7.483819033950567245e-03 6.389854010194540024e-03 5.692773964256048203e-03 6.961456499993801117e-03 7.106649223715066910e-03 7.572429720312356949e-03 6.540999282151460648e-03 7.590127177536487579e-03
3.647294589178356361e+00 7.050008513033390045e-03 1.914137508720159531e-03 7.598413154482841492e-03 7.379360031336545944e-03 7.509835530072450638e-03 6.410781294107437134e-03 5.714180879294872284e-03 6.980924401432275772e-03 7.129335310310125351e-03 7.591099943965673447e-03 6.564575713127851486e-03 7.613982539623975754e-03
3.667334669338677244e+00 7.072951178997755051e-03 1.915125409141182899e-03 7.621488533914089203e-03 7.402478717267513275e-03 7.537276484072208405e-03 6.432859227061271667e-03 5.736749153584241867e-03 7.002006750553846359e-03 7.153722457587718964e-03 7.610861212015151978e-03 6.590275559574365616e-03 7.639468647539615631e-03
3.687374749498997684e+00 7.096846587955951691e-03 1.916274894028902054e-03 7.645749021321535110e-03 7.426533382385969162e-03 7.565465290099382401e-03 6.455780006945133209e-03 5.760462954640388489e-03 7.024033460766077042e-03 7.179086096584796906e-03 7.631978951394557953e-03 6.617282982915639877e-03 7.666563615202903748e-03
3.707414829659318567e+00 7.122046779841184616e-03 1.917147310450673103e-03 7.671422790735960007e-03 7.451436948031187057e-03 7.594314403831958771e-03 6.479886826127767563e-03 5.785504356026649475e-03 7.047703489661216736e-03 7.205210626125335693e-03 7.654260378330945969e-03 6.645574700087308884e-03 7.694790605455636978e-03
3.727454909819639006e+00 7.148968987166881561e-03 1.917932415381073952e-03 7.698218803852796555e-03 7.477688137441873550e-03 7.624550256878137589e-03 6.505865138024091721e-03 5.811648443341255188e-03 7.072634994983673096e-03 7.232237141579389572e-03 7.678338792175054550e-03 6.674907635897397995e-03 7.723591756075620651e-03
3.747494989979959890e+00 7.177124731242656708e-03 1.918617752380669117e-03 7.726171053946018219e-03 7.504920475184917450e-03 7.655325345695018768e-03 6.533022038638591766e-03 5.839232821017503738e-03 7.098322734236717224e-03 7.260467391461133957e-03 7.704373449087142944e-03 6.705178413540124893e-03 7.753483485430479050e-03
3.767535070140280329e+00 7.206538226455450058e-03 1.919472939334809780e-03 7.755092810839414597e-03 7.533890195190906525e-03 7.687089033424854279e-03 6.561067420989274979e-03 5.867931060492992401e-03 7.124949712306261063e-03 7.289478089660406113e-03 7.732026744633913040e-03 6.736403331160545349e-03 7.784082088619470596e-03
3.787575150300601212e+00 7.237159647047519684e-03 1.920190872624516487e-03 7.784540299326181412e-03 7.564347703009843826e-03 7.719996385276317596e-03 6.590551231056451797e-03 5.897544324398040771e-03 7.152791135013103485e-03 7.319218479096889496e-03 7.761009968817234039e-03 6.768561434000730515e-03 7.815248332917690277e-03
3.807615230460921651e+00 7.268787361681461334e-03 1.921223942190408707e-03 7.815459743142127991e-03 7.595519535243511200e-03 7.754003163427114487e-03 6.620982661843299866e-03 5.928083788603544235e-03 7.181761320680379868e-03 7.349987048655748367e-03 7.791295181959867477e-03 6.801349110901355743e-03 7.847269997000694275e-03
3.827655310621242535e+00 7.301730103790760040e-03 1.922552823089063168e-03 7.847438566386699677e-03 7.627687882632017136e-03 7.789300754666328430e-03 6.652309093624353409e-03 5.959541071206331253e-03 7.211570627987384796e-03 7.381842937320470810e-03 7.823066785931587219e-03 6.835286505520343781e-03 7.880277931690216064e-03
3.847695390781562974e+00 7.335217203944921494e-03 1.923961099237203598e-03 7.879687473177909851e-03 7.660731673240661621e-03 7.825457490980625153e-03 6.684383377432823181e-03 5.991938989609479904e-03 7.242456544190645218e-03 7.414836436510086060e-03 7.855845615267753601e-03 6.869996897876262665e-03 7.914779707789421082e-03
3.867735470941883413e+00 7.369659375399351120e-03 1.925730495713651180e-03 7.912751287221908569e-03 7.694286294281482697e-03 7.862735539674758911e-03 6.717031821608543396e-03 6.024911534041166306e-03 7.273768074810504913e-03 7.448867894709110260e-03 7.889820262789726257e-03 6.906126625835895538e-03 7.950387895107269287e-03
3.887775551102204297e+00 7.405162323266267776e-03 1.927992096170783043e-03 7.947015576064586639e-03 7.728541735559701920e-03 7.901072502136230469e-03 6.750166416168212891e-03 6.058706901967525482e-03 7.306043989956378937e-03 7.484124973416328430e-03 7.924337871372699738e-03 6.942790467292070389e-03 7.987523451447486877e-03
3.907815631262524736e+00 7.441202644258737564e-03 1.930718892253935337e-03 7.982498034834861755e-03 7.763911504298448563e-03 7.940296083688735962e-03 6.784397643059492111e-03 6.093119271099567413e-03 7.339173462241888046e-03 7.520306389778852463e-03 7.959999144077301025e-03 6.979906000196933746e-03 8.025648072361946106e-03
3.927855711422845619e+00 7.477517705410718918e-03 1.933391205966472626e-03 8.018613792955875397e-03 7.799785584211349487e-03 7.980394177138805389e-03 6.819191388785839081e-03 6.128265988081693649e-03 7.373392116278409958e-03 7.557584438472986221e-03 7.996321655809879303e-03 7.018721196800470352e-03 8.065044879913330078e-03
3.947895791583166059e+00 7.514738477766513824e-03 1.935557927936315536e-03 8.055162616074085236e-03 7.836299017071723938e-03 8.020834997296333313e-03 6.855047307908535004e-03 6.164191756397485733e-03 7.408812176436185837e-03 7.595552131533622742e-03 8.033111691474914551e-03 7.058568764477968216e-03 8.105142973363399506e-03
3.967935871743486942e+00 7.552556227892637253e-03 1.937494031153619289e-03 8.092127740383148193e-03 7.873850874602794647e-03 8.061575703322887421e-03 6.891612894833087921e-03 6.200827658176422119e-03 7.444502320140600204e-03 7.633760105818510056e-03 8.070287294685840607e-03 7.099180016666650772e-03 8.145899511873722076e-03
3.987975951903807381e+00 7.590996101498603821e-03 1.938986126333475113e-03 8.129286579787731171e-03 7.912144996225833893e-03 8.102841675281524658e-03 6.928628310561180115e-03 6.238329224288463593e-03 7.480697240680456161e-03 7.672312669456005096e-03 8.107434026896953583e-03 7.140525616705417633e-03 8.187212049961090088e-03
4.008016032064127820e+00 7.630533538758754730e-03 1.939737121574580669e-03 8.166711777448654175e-03 7.951728068292140961e-03 8.144643157720565796e-03 6.966337095946073532e-03 6.276924163103103638e-03 7.517702411860227585e-03 7.711817044764757156e-03 8.145243860781192780e-03 7.182825822383165359e-03 8.228058926761150360e-03
4.028056112224448704e+00 7.670773658901453018e-03 1.940372399985790253e-03 8.205004036426544189e-03 7.991982623934745789e-03 8.186865597963333130e-03 7.005364168435335159e-03 6.316287443041801453e-03 7.555240765213966370e-03 7.751612458378076553e-03 8.183797821402549744e-03 7.225241977721452713e-03 8.269676007330417633e-03
4.048096192384769587e+00 7.711670361459255219e-03 1.940941903740167618e-03 8.244228549301624298e-03 8.033020421862602234e-03 8.229739964008331299e-03 7.045048754662275314e-03 6.356188096106052399e-03 7.593887858092784882e-03 7.791909389197826385e-03 8.222686126828193665e-03 7.268253713846206665e-03 8.311455138027667999e-03
4.068136272545089582e+00 7.753277197480201721e-03 1.941716764122247696e-03 8.284571580588817596e-03 8.074354380369186401e-03 8.273328654468059540e-03 7.085635326802730560e-03 6.396640092134475708e-03 7.633190136402845383e-03 7.832960225641727448e-03 8.262507617473602295e-03 7.311502005904912949e-03 8.353727869689464569e-03
4.088176352705410466e+00 7.795509882271289825e-03 1.942447270266711712e-03 8.326532319188117981e-03 8.116140961647033691e-03 8.317266590893268585e-03 7.126554381102323532e-03 6.437891162931919098e-03 7.673004642128944397e-03 7.874486036598682404e-03 8.303362876176834106e-03 7.355390116572380066e-03 8.395633660256862640e-03
4.108216432865731349e+00 7.838327437639236450e-03 1.943105948157608509e-03 8.369400165975093842e-03 8.157987147569656372e-03 8.361726067960262299e-03 7.168319541960954666e-03 6.479841656982898712e-03 7.713244762271642685e-03 7.916443981230258942e-03 8.344542235136032104e-03 7.399949245154857635e-03 8.438735269010066986e-03
4.128256513026052232e+00 7.881771773099899292e-03 1.944129122421145439e-03 8.413549512624740601e-03 8.200332522392272949e-03 8.406532928347587585e-03 7.210940122604370117e-03 6.522253621369600296e-03 7.753889542073011398e-03 7.959295064210891724e-03 8.386922068893909454e-03 7.444828748703002930e-03 8.482442237436771393e-03
4.148296593186372228e+00 7.925639860332012177e-03 1.945036463439464569e-03 8.457645773887634277e-03 8.243182674050331116e-03 8.452000096440315247e-03 7.253844290971755981e-03 6.565225310623645782e-03 7.795600220561027527e-03 8.002331480383872986e-03 8.430333808064460754e-03 7.490389049053192139e-03 8.526340126991271973e-03
4.168336673346693111e+00 7.970322854816913605e-03 1.945893513038754463e-03 8.501951582729816437e-03 8.286503143608570099e-03 8.497746661305427551e-03 7.297134958207607269e-03 6.608636118471622467e-03 7.837932556867599487e-03 8.046387694776058197e-03 8.473994210362434387e-03 7.536266930401325226e-03 8.570772595703601837e-03
4.188376753507013994e+00 8.015755563974380493e-03 1.946143573150038719e-03 8.546115830540657043e-03 8.330427110195159912e-03 8.543333038687705994e-03 7.340787444263696671e-03 6.652849260717630386e-03 7.881060242652893066e-03 8.091052062809467316e-03 8.517961017787456512e-03 7.582302670925855637e-03 8.615277707576751709e-03
4.208416833667334878e+00 8.061334490776062012e-03 1.945694792084395885e-03 8.590626530349254608e-03 8.374699391424655914e-03 8.589182980358600616e-03 7.385129109025001526e-03 6.698031909763813019e-03 7.924694567918777466e-03 8.136579766869544983e-03 8.562714792788028717e-03 7.628913503140211105e-03 8.659492246806621552e-03
4.228456913827654873e+00 8.107925765216350555e-03 1.944986754097044468e-03 8.635528385639190674e-03 8.419591002166271210e-03 8.635223843157291412e-03 7.430319208651781082e-03 6.743651349097490311e-03 7.968937046825885773e-03 8.182655088603496552e-03 8.607758209109306335e-03 7.676541339606046677e-03 8.704406209290027618e-03
4.248496993987975756e+00 8.154756389558315277e-03 1.943767303600907326e-03 8.680519647896289825e-03 8.464608341455459595e-03 8.681652136147022247e-03 7.476107217371463776e-03 6.790009327232837677e-03 8.013698272407054901e-03 8.229213766753673553e-03 8.653015829622745514e-03 7.725055795162916183e-03 8.749989792704582214e-03
4.268537074148296639e+00 8.201972581446170807e-03 1.942290342412889004e-03 8.726486004889011383e-03 8.509811013936996460e-03 8.729071356356143951e-03 7.522721774876117706e-03 6.837079301476478577e-03 8.058919571340084076e-03 8.276709355413913727e-03 8.698824793100357056e-03 7.774233352392911911e-03 8.795396424829959869e-03
4.288577154308616635e+00 8.249609731137752533e-03 1.940790214575827122e-03 8.773151785135269165e-03 8.556006476283073425e-03 8.777121081948280334e-03 7.569495122879743576e-03 6.885106209665536880e-03 8.104797452688217163e-03 8.324424736201763153e-03 8.744201622903347015e-03 7.823414169251918793e-03 8.841820992529392242e-03
4.308617234468937518e+00 8.297474123537540436e-03 1.938755507580935955e-03 8.819530718028545380e-03 8.602306246757507324e-03 8.826022036373615265e-03 7.616872899234294891e-03 6.934115663170814514e-03 8.150920271873474121e-03 8.372746407985687256e-03 8.789885789155960083e-03 7.873035967350006104e-03 8.888872340321540833e-03
4.328657314629258401e+00 8.345556445419788361e-03 1.936781220138072968e-03 8.866451680660247803e-03 8.649053052067756653e-03 8.875898085534572601e-03 7.664793636649847031e-03 6.983743514865636826e-03 8.197133429348468781e-03 8.421284146606922150e-03 8.835732005536556244e-03 7.922293618321418762e-03 8.936127647757530212e-03
4.348697394789579285e+00 8.394155651330947876e-03 1.934450934641063213e-03 8.914066478610038757e-03 8.696421049535274506e-03 8.926067501306533813e-03 7.713344413787126541e-03 7.034028880298137665e-03 8.243104442954063416e-03 8.470161817967891693e-03 8.881352841854095459e-03 7.972011342644691467e-03 8.983552455902099609e-03
4.368737474949899280e+00 8.443185128271579742e-03 1.931406673975288868e-03 8.961645886301994324e-03 8.743944577872753143e-03 8.975700475275516510e-03 7.762389723211526871e-03 7.084921933710575104e-03 8.289490826427936554e-03 8.519577793776988983e-03 8.926703594624996185e-03 8.022560738027095795e-03 9.031779132783412933e-03
4.388777555110220163e+00 8.492755703628063202e-03 1.928061945363879204e-03 9.009388275444507599e-03 8.791637606918811798e-03 9.025171399116516113e-03 7.812127936631441116e-03 7.135900668799877167e-03 8.336141705513000488e-03 8.569003082811832428e-03 8.972406387329101562e-03 8.073898963630199432e-03 9.080130606889724731e-03
4.408817635270541047e+00 8.542363531887531281e-03 1.924819429405033588e-03 9.057274088263511658e-03 8.839545771479606628e-03 9.074590168893337250e-03 7.861597463488578796e-03 7.186823524534702301e-03 8.383297361433506012e-03 8.618546649813652039e-03 9.018003009259700775e-03 8.125789463520050049e-03 9.128738194704055786e-03
4.428857715430861930e+00 8.592364378273487091e-03 1.921011251397430897e-03 9.105014614760875702e-03 8.887492120265960693e-03 9.123530238866806030e-03 7.911788299679756165e-03 7.237792015075683594e-03 8.430649526417255402e-03 8.667917922139167786e-03 9.064189158380031586e-03 8.178286254405975342e-03 9.176866151392459869e-03
4.448897795591181925e+00 8.642291650176048279e-03 1.917219138704240322e-03 9.153155609965324402e-03 8.935627527534961700e-03 9.172162041068077087e-03 7.961655035614967346e-03 7.289106491953134537e-03 8.478364907205104828e-03 8.717878721654415131e-03 9.110513143241405487e-03 8.231127634644508362e-03 9.225434623658657074e-03
4.468937875751502808e+00 8.692199364304542542e-03 1.913651707582175732e-03 9.201845154166221619e-03 8.983857929706573486e-03 9.220268577337265015e-03 8.011423051357269287e-03 7.340498268604278564e-03 8.526343852281570435e-03 8.768537081778049469e-03 9.156694635748863220e-03 8.283585309982299805e-03 9.274549782276153564e-03
4.488977955911823692e+00 8.741765283048152924e-03 1.909303711727261543e-03 9.250340051949024200e-03 9.032367728650569916e-03 9.268371388316154480e-03 8.062153123319149017e-03 7.392398547381162643e-03 8.575120940804481506e-03 8.819910697638988495e-03 9.203081019222736359e-03 8.336162194609642029e-03 9.323544800281524658e-03
4.509018036072143687e+00 8.790816180408000946e-03 1.904514268971979618e-03 9.298616088926792145e-03 9.081221185624599457e-03 9.316878393292427063e-03 8.113597519695758820e-03 7.444651331752538681e-03 8.623917587101459503e-03 8.870843797922134399e-03 9.249553084373474121e-03 8.388924412429332733e-03 9.372628293931484222e-03
4.529058116232464570e+00 8.840603753924369812e-03 1.899646129459142685e-03 9.347683750092983246e-03 9.130267426371574402e-03 9.365767240524291992e-03 8.165828883647918701e-03 7.497573271393775940e-03 8.672959171235561371e-03 8.922338485717773438e-03 9.296480566263198853e-03 8.441936224699020386e-03 9.422375820577144623e-03
4.549098196392785454e+00 8.890856988728046417e-03 1.894209417514503002e-03 9.396336041390895844e-03 9.179453365504741669e-03 9.414790198206901550e-03 8.218375034630298615e-03 7.551002781838178635e-03 8.722301572561264038e-03 8.973426185548305511e-03 9.343488141894340515e-03 8.495160378515720367e-03 9.472059085965156555e-03
4.569138276553106337e+00 8.941649459302425385e-03 1.888302154839038849e-03 9.444421157240867615e-03 9.228615090250968933e-03 9.464325383305549622e-03 8.271615952253341675e-03 7.604540791362524033e-03 8.772035129368305206e-03 9.024382568895816803e-03 9.390967898070812225e-03 8.548992685973644257e-03 9.521327912807464600e-03
4.589178356713426332e+00 8.993233554065227509e-03 1.882345182821154594e-03 9.492669254541397095e-03 9.277921169996261597e-03 9.514173492789268494e-03 8.324718102812767029e-03 7.658450864255428314e-03 8.821683004498481750e-03 9.074929170310497284e-03 9.439035318791866302e-03 8.603652007877826691e-03 9.570544585585594177e-03
4.609218436873747216e+00 9.045531041920185089e-03 1.876504626125097275e-03 9.540846571326255798e-03 9.327217936515808105e-03 9.564391337335109711e-03 8.377784863114356995e-03 7.712608203291893005e-03 8.871927857398986816e-03 9.125805459916591644e-03 9.487530216574668884e-03 8.658622391521930695e-03 9.620172902941703796e-03
4.629258517034068099e+00 9.098093025386333466e-03 1.870582113042473793e-03 9.588709101080894470e-03 9.376859292387962341e-03 9.615138173103332520e-03 8.431189693510532379e-03 7.767032831907272339e-03 8.921957574784755707e-03 9.176252409815788269e-03 9.536718018352985382e-03 8.713750168681144714e-03 9.669594466686248779e-03
4.649298597194388982e+00 9.150701574981212616e-03 1.864065416157245636e-03 9.636599570512771606e-03 9.426472708582878113e-03 9.667006321251392365e-03 8.485388942062854767e-03 7.822137326002120972e-03 8.972343057394027710e-03 9.226691909134387970e-03 9.586604312062263489e-03 8.768986910581588745e-03 9.718115441501140594e-03
4.669338677354708977e+00 9.203168563544750214e-03 1.857755007222294807e-03 9.685011580586433411e-03 9.476518258452415466e-03 9.718895889818668365e-03 8.539152331650257111e-03 7.877239026129245758e-03 9.023089893162250519e-03 9.277108125388622284e-03 9.636662900447845459e-03 8.824731223285198212e-03 9.766434319317340851e-03
4.689378757515029861e+00 9.255507960915565491e-03 1.851279637776315212e-03 9.733549319207668304e-03 9.526431560516357422e-03 9.771274402737617493e-03 8.593237027525901794e-03 7.932696491479873657e-03 9.073810651898384094e-03 9.327845647931098938e-03 9.686894714832305908e-03 8.880252018570899963e-03 9.814592078328132629e-03
4.709418837675350744e+00 9.307667613029479980e-03 1.844427431933581829e-03 9.782853536307811737e-03 9.576208889484405518e-03 9.823262691497802734e-03 8.647435344755649567e-03 7.988433353602886200e-03 9.125055745244026184e-03 9.378529153764247894e-03 9.736615233123302460e-03 8.935729041695594788e-03 9.862633422017097473e-03
4.729458917835670739e+00 9.359613060951232910e-03 1.837340183556079865e-03 9.832168929278850555e-03 9.625697508454322815e-03 9.874102659523487091e-03 8.701009675860404968e-03 8.044529706239700317e-03 9.175894781947135925e-03 9.428911842405796051e-03 9.786075912415981293e-03 8.990903384983539581e-03 9.911156259477138519e-03
4.749498997995991623e+00 9.411480277776718140e-03 1.829619053751230240e-03 9.881488047540187836e-03 9.675203822553157806e-03 9.924792684614658356e-03 8.755085058510303497e-03 8.101233281195163727e-03 9.226927533745765686e-03 9.479478932917118073e-03 9.835767559707164764e-03 9.045942686498165131e-03 9.959517046809196472e-03
4.769539078156312506e+00 9.463108144700527191e-03 1.821735175326466560e-03 9.930591098964214325e-03 9.724884293973445892e-03 9.976089000701904297e-03 8.808492682874202728e-03 8.158533833920955658e-03 9.278028272092342377e-03 9.529762901365756989e-03 9.884826838970184326e-03 9.101238101720809937e-03 1.000829041004180908e-02
4.789579158316633389e+00 9.514430537819862366e-03 1.812649541534483433e-03 9.978783316910266876e-03 9.774859063327312469e-03 1.002720277756452560e-02 8.862812072038650513e-03 8.216575719416141510e-03 9.329432621598243713e-03 9.579745121300220490e-03 9.933881461620330811e-03 9.156743064522743225e-03 1.005710661411285400e-02
4.809619238476953385e+00 9.566080756485462189e-03 1.803235383704304695e-03 1.002600695937871933e-02 9.824199602007865906e-03 1.007828302681446075e-02 8.917228318750858307e-03 8.274744264781475067e-03 9.380727075040340424e-03 9.630326181650161743e-03 9.982637129724025726e-03 9.211987257003784180e-03 1.010619290173053741e-02
4.829659318637274268e+00 9.617261588573455811e-03 1.793525647372007370e-03 1.007367484271526337e-02 9.873675182461738586e-03 1.012956537306308746e-02 8.972511626780033112e-03 8.333007805049419403e-03 9.431995451450347900e-03 9.681399911642074585e-03 1.003132853657007217e-02 9.267233312129974365e-03 1.015507709234952927e-02
4.849699398797595151e+00 9.668737649917602539e-03 1.783020794391632080e-03 1.012018322944641113e-02 9.922713041305541992e-03 1.018017902970314026e-02 9.028037078678607941e-03 8.391334675252437592e-03 9.483114816248416901e-03 9.732998907566070557e-03 1.007939688861370087e-02 9.322185069322586060e-03 1.020359713584184647e-02
4.869739478957916035e+00 9.719868190586566925e-03 1.772240153513848782e-03 1.016743388026952744e-02 9.971522726118564606e-03 1.023077033460140228e-02 9.083351120352745056e-03 8.449657820165157318e-03 9.533889591693878174e-03 9.784952737390995026e-03 1.012688502669334412e-02 9.377713315188884735e-03 1.025120448321104050e-02
4.889779559118236030e+00 9.770737029612064362e-03 1.761218649335205555e-03 1.021369453519582748e-02 1.001992449164390564e-02 1.028072834014892578e-02 9.137980639934539795e-03 8.508122526109218597e-03 9.584525600075721741e-03 9.836150333285331726e-03 1.017512008547782898e-02 9.433185681700706482e-03 1.029867120087146759e-02
4.909819639278556913e+00 9.821765124797821045e-03 1.749868853949010372e-03 1.025983411818742752e-02 1.006774976849555969e-02 1.033065281808376312e-02 9.192307479679584503e-03 8.566668257117271423e-03 9.634775109589099884e-03 9.886994957923889160e-03 1.022298354655504227e-02 9.488845244050025940e-03 1.034548319876194000e-02
4.929859719438877796e+00 9.872494265437126160e-03 1.737849670462310314e-03 1.030530780553817749e-02 1.011543627828359604e-02 1.037964783608913422e-02 9.247542358934879303e-03 8.625075221061706543e-03 9.684877470135688782e-03 9.938605129718780518e-03 1.027089450508356094e-02 9.544365108013153076e-03 1.039214711636304855e-02
4.949899799599197792e+00 9.922760538756847382e-03 1.725386595353484154e-03 1.035027485340833664e-02 1.016307342797517776e-02 1.042830850929021835e-02 9.302536025643348694e-03 8.683370426297187805e-03 9.735032916069030762e-03 9.989828802645206451e-03 1.031808461993932724e-02 9.599832817912101746e-03 1.043827738612890244e-02
4.969939879759518675e+00 9.972856380045413971e-03 1.712666824460029602e-03 1.039515342563390732e-02 1.021080277860164642e-02 1.047563739120960236e-02 9.357342496514320374e-03 8.741251192986965179e-03 9.785007685422897339e-03 1.004082616418600082e-02 1.036504935473203659e-02 9.655344299972057343e-03 1.048385445028543472e-02
4.989979959919839558e+00 1.002307794988155365e-02 1.699480926617980003e-03 1.044010277837514877e-02 1.025824062526226044e-02 1.052197627723217010e-02 9.411913342773914337e-03 8.799142204225063324e-03 9.834820404648780823e-03 1.009176205843687057e-02 1.041098963469266891e-02 9.710914455354213715e-03 1.052933093160390854e-02
5.010020040080160442e+00 1.007404644042253494e-02 1.686346135102212429e-03 1.048560999333858490e-02 1.030572224408388138e-02 1.056804973632097244e-02 9.465803392231464386e-03 8.857252076268196106e-03 9.885198436677455902e-03 1.014200504869222641e-02 1.045603211969137192e-02 9.766246192157268524e-03 1.057492662221193314e-02
5.030060120240480437e+00 1.012503914535045624e-02 1.672465703450143337e-03 1.053101476281881332e-02 1.035316102206707001e-02 1.061285566538572311e-02 9.520338848233222961e-03 8.915462531149387360e-03 9.934904053807258606e-03 1.019168738275766373e-02 1.050028856843709946e-02 9.821350686252117157e-03 1.062057539820671082e-02
5.050100200400801320e+00 1.017589215189218521e-02 1.657630898989737034e-03 1.057660765945911407e-02 1.040026452392339706e-02 1.065640710294246674e-02 9.575340896844863892e-03 8.973978459835052490e-03 9.984905831515789032e-03 1.024129241704940796e-02 1.054375432431697845e-02 9.876103140413761139e-03 1.066602393984794617e-02
5.070140280561122204e+00 1.022670324891805649e-02 1.642220071516931057e-03 1.062114164233207703e-02 1.044662203639745712e-02 1.069884654134511948e-02 9.630377404391765594e-03 9.032727219164371490e-03 1.003531087189912796e-02 1.029038801789283752e-02 1.058728992938995361e-02 9.930032305419445038e-03 1.071200706064701080e-02
5.090180360721443087e+00 1.027676276862621307e-02 1.626924611628055573e-03 1.066669542342424393e-02 1.049252599477767944e-02 1.074124500155448914e-02 9.684777818620204926e-03 9.091466665267944336e-03 1.008576899766921997e-02 1.033921167254447937e-02 1.062993891537189484e-02 9.984289295971393585e-03 1.075823698192834854e-02
5.110220440881763082e+00 1.032658107578754425e-02 1.611165585927665234e-03 1.071182452142238617e-02 1.053790841251611710e-02 1.078326441347599030e-02 9.739499539136886597e-03 9.149958379566669464e-03 1.013677660375833511e-02 1.038780994713306427e-02 1.067191362380981445e-02 1.003786828368902206e-02 1.080400682985782623e-02
5.130260521042083965e+00 1.037636399269104004e-02 1.595269539393484592e-03 1.075675338506698608e-02 1.058308593928813934e-02 1.082467567175626755e-02 9.793432429432868958e-03 9.208638221025466919e-03 1.018774136900901794e-02 1.043585129082202911e-02 1.071359869092702866e-02 1.009085681289434433e-02 1.084946002811193466e-02
5.150300601202404849e+00 1.042578648775815964e-02 1.579445786774158478e-03 1.080140378326177597e-02 1.062785834074020386e-02 1.086614374071359634e-02 9.847259148955345154e-03 9.266818873584270477e-03 1.023889333009719849e-02 1.048308890312910080e-02 1.075502764433622360e-02 1.014385838061571121e-02 1.089463289827108383e-02
5.170340681362724844e+00 1.047499198466539383e-02 1.563214929774403572e-03 1.084423251450061798e-02 1.067249104380607605e-02 1.090739015489816666e-02 9.901073761284351349e-03 9.325141087174415588e-03 1.028953026980161667e-02 1.053066458553075790e-02 1.079703401774168015e-02 1.019628066569566727e-02 1.093953475356101990e-02
5.190380761523045727e+00 1.052324846386909485e-02 1.546406769193708897e-03 1.088606193661689758e-02 1.071657426655292511e-02 1.094812992960214615e-02 9.954664856195449829e-03 9.383386932313442230e-03 1.033918652683496475e-02 1.057800371199846268e-02 1.083886343985795975e-02 1.024850644171237946e-02 1.098377909511327744e-02
5.210420841683366611e+00 1.057078503072261810e-02 1.529082539491355419e-03 1.092750020325183868e-02 1.076064165681600571e-02 1.098868157714605331e-02 1.000776700675487518e-02 9.441919624805450439e-03 1.038799155503511429e-02 1.062435563653707504e-02 1.088045910000801086e-02 1.030006352812051773e-02 1.102691236883401871e-02
5.230460921843687494e+00 1.061751600354909897e-02 1.511075184680521488e-03 1.096837595105171204e-02 1.080432441085577011e-02 1.102921832352876663e-02 1.006098464131355286e-02 9.500849060714244843e-03 1.043599843978881836e-02 1.067047566175460815e-02 1.092225871980190277e-02 1.035099569708108902e-02 1.106928847730159760e-02
5.250501002004007489e+00 1.066384930163621902e-02 1.492605544626712799e-03 1.100933738052845001e-02 1.084783766418695450e-02 1.106980256736278534e-02 1.011440902948379517e-02 9.560165926814079285e-03 1.048343721777200699e-02 1.071504503488540649e-02 1.096413191407918930e-02 1.040181703865528107e-02 1.111142337322235107e-02
5.270541082164328373e+00 1.070993021130561829e-02 1.473648124374449253e-03 1.104973535984754562e-02 1.089121308177709579e-02 1.110979076474905014e-02 1.016812305897474289e-02 9.619220159947872162e-03 1.053050998598337173e-02 1.075944211333990097e-02 1.100530661642551422e-02 1.045252196490764618e-02 1.115312147885560989e-02
5.290581162324649256e+00 1.075573824346065521e-02 1.455013640224933624e-03 1.108926255255937576e-02 1.093365345150232315e-02 1.114993635565042496e-02 1.022072043269872665e-02 9.678023867309093475e-03 1.057662256062030792e-02 1.080403290688991547e-02 1.104639843106269836e-02 1.050278823822736740e-02 1.119440514594316483e-02
5.310621242484970139e+00 1.080071367323398590e-02 1.435994636267423630e-03 1.112791616469621658e-02 1.097591128200292587e-02 1.119017601013183594e-02 1.027314551174640656e-02 9.736875072121620178e-03 1.062207855284214020e-02 1.084805838763713837e-02 1.108734309673309326e-02 1.055301539599895477e-02 1.123549230396747589e-02
5.330661322645290134e+00 1.084475219249725342e-02 1.417281455360352993e-03 1.116620190441608429e-02 1.101764012128114700e-02 1.123030297458171844e-02 1.032511610537767410e-02 9.794977493584156036e-03 1.066660135984420776e-02 1.089191064238548279e-02 1.112802792340517044e-02 1.060309913009405136e-02 1.127625070512294769e-02
5.350701402805611018e+00 1.088830363005399704e-02 1.398529275320470333e-03 1.120367646217346191e-02 1.105862576514482498e-02 1.127031818032264709e-02 1.037679240107536316e-02 9.852708317339420319e-03 1.071037724614143372e-02 1.093521900475025177e-02 1.116818655282258987e-02 1.065231766551733017e-02 1.131657324731349945e-02
5.370741482965931901e+00 1.093122269958257675e-02 1.379563938826322556e-03 1.124038919806480408e-02 1.109964866191148758e-02 1.131024863570928574e-02 1.042831316590309143e-02 9.910304099321365356e-03 1.075356081128120422e-02 1.097824331372976303e-02 1.120777428150177002e-02 1.070162747055292130e-02 1.135694142431020737e-02
5.390781563126251896e+00 1.097386889159679413e-02 1.360247610136866570e-03 1.127636991441249847e-02 1.114027667790651321e-02 1.134879514575004578e-02 1.047910656780004501e-02 9.967469610273838043e-03 1.079557090997695923e-02 1.102099567651748657e-02 1.124615594744682312e-02 1.075095403939485550e-02 1.139664743095636368e-02
5.410821643286572780e+00 1.101628970354795456e-02 1.340326387435197830e-03 1.131254341453313828e-02 1.118061970919370651e-02 1.138611976057291031e-02 1.053055562078952789e-02 1.002437621355056763e-02 1.083653699606657028e-02 1.106366794556379318e-02 1.128397509455680847e-02 1.080019585788249969e-02 1.143556553870439529e-02
5.430861723446893663e+00 1.105857826769351959e-02 1.319611910730600357e-03 1.134753786027431488e-02 1.122071687132120132e-02 1.142208185046911240e-02 1.058172620832920074e-02 1.008106116205453873e-02 1.087714545428752899e-02 1.110612880438566208e-02 1.132136117666959763e-02 1.084969099611043930e-02 1.147348619997501373e-02
5.450901803607214546e+00 1.110013946890830994e-02 1.298557384870946407e-03 1.138217654079198837e-02 1.126045547425746918e-02 1.145784184336662292e-02 1.063259690999984741e-02 1.013721060007810593e-02 1.091756578534841537e-02 1.114768907427787781e-02 1.135788951069116592e-02 1.089829578995704651e-02 1.150981616228818893e-02
5.470941883767534542e+00 1.114145945757627487e-02 1.276942668482661247e-03 1.141629461199045181e-02 1.129946950823068619e-02 1.149288006126880646e-02 1.068287435919046402e-02 1.019319985061883926e-02 1.095811929553747177e-02 1.118959300220012665e-02 1.139432471245527267e-02 1.094618998467922211e-02 1.154439151287078857e-02
5.490981963927855425e+00 1.118244230747222900e-02 1.254704548045992851e-03 1.144976262003183365e-02 1.133816316723823547e-02 1.152679417282342911e-02 1.073289941996335983e-02 1.024893857538700104e-02 1.099855545908212662e-02 1.123016979545354843e-02 1.143048889935016632e-02 1.099334564059972763e-02 1.157773472368717194e-02
5.511022044088176308e+00 1.122359558939933777e-02 1.232926268130540848e-03 1.148242689669132233e-02 1.137650292366743088e-02 1.156031992286443710e-02 1.078219059854745865e-02 1.030359044671058655e-02 1.103915646672248840e-02 1.127028558403253555e-02 1.146575994789600372e-02 1.103958580642938614e-02 1.161017920821905136e-02
5.531062124248497192e+00 1.126437727361917496e-02 1.211080816574394703e-03 1.151449885219335556e-02 1.141436770558357239e-02 1.159333344548940659e-02 1.082987338304519653e-02 1.035785209387540817e-02 1.108002755790948868e-02 1.130977552384138107e-02 1.149987708777189255e-02 1.108493562787771225e-02 1.164133753627538681e-02
5.551102204408817187e+00 1.130427047610282898e-02 1.188804279081523418e-03 1.154585555195808411e-02 1.145140174776315689e-02 1.162622869014739990e-02 1.087763532996177673e-02 1.041136030107736588e-02 1.112059410661458969e-02 1.134854275733232498e-02 1.153322774916887283e-02 1.113063003867864609e-02 1.167148165404796600e-02
5.571142284569138070e+00 1.134327612817287445e-02 1.166090252809226513e-03 1.157648302614688873e-02 1.148746907711029053e-02 1.165924314409494400e-02 1.092503871768712997e-02 1.046449784189462662e-02 1.116132177412509918e-02 1.138593256473541260e-02 1.156614720821380615e-02 1.117586158215999603e-02 1.170059852302074432e-02
5.591182364729458953e+00 1.138191111385822296e-02 1.143277972005307674e-03 1.160688325762748718e-02 1.152344513684511185e-02 1.169207040220499039e-02 1.097154337912797928e-02 1.051771361380815506e-02 1.120212022215127945e-02 1.142235752195119858e-02 1.159912254661321640e-02 1.121999882161617279e-02 1.172870304435491562e-02
5.611222444889778949e+00 1.142018102109432220e-02 1.119421911425888538e-03 1.163735240697860718e-02 1.155833527445793152e-02 1.172332279384136200e-02 1.101770810782909393e-02 1.057119201868772507e-02 1.124243997037410736e-02 1.145831402391195297e-02 1.163077261298894882e-02 1.126346271485090256e-02 1.175596285611391068e-02
5.631262525050099832e+00 1.145867351442575455e-02 1.095951767638325691e-03 1.166700012981891632e-02 1.159279420971870422e-02 1.175523176789283752e-02 1.106336712837219238e-02 1.062431000173091888e-02 1.128257345408201218e-02 1.149416156113147736e-02 1.166216190904378891e-02 1.130684278905391693e-02 1.178274396806955338e-02
5.651302605210420715e+00 1.149675995111465454e-02 1.072383485734462738e-03 1.169691048562526703e-02 1.162639539688825607e-02 1.178672537207603455e-02 1.110880076885223389e-02 1.067726127803325653e-02 1.132231578230857849e-02 1.152867451310157776e-02 1.169251371175050735e-02 1.134931948035955429e-02 1.180943753570318222e-02
5.671342685370741599e+00 1.153467781841754913e-02 1.049407059326767921e-03 1.172721944749355316e-02 1.166013721376657486e-02 1.181719265878200531e-02 1.115301530808210373e-02 1.072993688285350800e-02 1.136119663715362549e-02 1.156283076852560043e-02 1.172180008143186569e-02 1.139158476144075394e-02 1.183664146810770035e-02
5.691382765531061594e+00 1.157168671488761902e-02 1.026773941703140736e-03 1.175723876804113388e-02 1.169323455542325974e-02 1.184748299419879913e-02 1.119663473218679428e-02 1.078206673264503479e-02 1.139977574348449707e-02 1.159633416682481766e-02 1.175097655504941940e-02 1.143373176455497742e-02 1.186427753418684006e-02
5.711422845691382477e+00 1.160868909209966660e-02 1.004400546662509441e-03 1.178697589784860611e-02 1.172539032995700836e-02 1.187753211706876755e-02 1.123920083045959473e-02 1.083407551050186157e-02 1.143859047442674637e-02 1.162926293909549713e-02 1.177917420864105225e-02 1.147465594112873077e-02 1.189193036407232285e-02
5.731462925851703361e+00 1.164510101079940796e-02 9.822009596973657608e-04 1.181688532233238220e-02 1.175757218152284622e-02 1.190718263387680054e-02 1.128145866096019745e-02 1.088577508926391602e-02 1.147753465920686722e-02 1.166156399995088577e-02 1.180792134255170822e-02 1.151548791676759720e-02 1.191957201808691025e-02
5.751503006012024244e+00 1.168090663850307465e-02 9.604808874428272247e-04 1.184581220149993896e-02 1.178933028131723404e-02 1.193619426339864731e-02 1.132240612059831619e-02 1.093697827309370041e-02 1.151605509221553802e-02 1.169359404593706131e-02 1.183555833995342255e-02 1.155511941760778427e-02 1.194778177887201309e-02
5.771543086172344239e+00 1.171600166708230972e-02 9.390951599925756454e-04 1.187393628060817719e-02 1.182121597230434418e-02 1.196469180285930634e-02 1.136223599314689636e-02 1.098790485411882401e-02 1.155379507690668106e-02 1.172545272856950760e-02 1.186284516006708145e-02 1.159339956939220428e-02 1.197588071227073669e-02
5.791583166332665122e+00 1.175036933273077011e-02 9.173548314720392227e-04 1.190050598233938217e-02 1.185324601829051971e-02 1.199241075664758682e-02 1.140241324901580811e-02 1.103799976408481598e-02 1.159026008099317551e-02 1.175778545439243317e-02 1.188918668776750565e-02 1.163204107433557510e-02 1.200337521731853485e-02
5.811623246492986006e+00 1.178413350135087967e-02 8.954497170634567738e-04 1.192699279636144638e-02 1.188477873802185059e-02 1.202041655778884888e-02 1.144354790449142456e-02 1.108754239976406097e-02 1.162533834576606750e-02 1.178964227437973022e-02 1.191583182662725449e-02 1.166995987296104431e-02 1.202950067818164825e-02
5.831663326653306001e+00 1.181601081043481827e-02 8.731244015507400036e-04 1.195372827351093292e-02 1.191634498536586761e-02 1.204840559512376785e-02 1.148434914648532867e-02 1.113629434257745743e-02 1.166037563234567642e-02 1.182162947952747345e-02 1.194115821272134781e-02 1.170760486274957657e-02 1.205507572740316391e-02
5.851703406813626884e+00 1.184750534594058990e-02 8.502475684508681297e-04 1.197916828095912933e-02 1.194714196026325226e-02 1.207516156136989594e-02 1.152536738663911819e-02 1.118449028581380844e-02 1.169470977038145065e-02 1.185264997184276581e-02 1.196545828133821487e-02 1.174507848918437958e-02 1.208018697798252106e-02
5.871743486973947768e+00 1.187768392264842987e-02 8.269582758657634258e-04 1.200337521731853485e-02 1.197708491235971451e-02 1.210111565887928009e-02 1.156595069915056229e-02 1.123168878257274628e-02 1.172796450555324554e-02 1.188284717500209808e-02 1.198880933225154877e-02 1.178196072578430176e-02 1.210393197834491730e-02
5.891783567134268651e+00 1.190760545432567596e-02 8.033421472646296024e-04 1.202566549181938171e-02 1.200593542307615280e-02 1.212625671178102493e-02 1.160588208585977554e-02 1.127846539020538330e-02 1.175940129905939102e-02 1.191158592700958252e-02 1.201110426336526871e-02 1.181909814476966858e-02 1.212636660784482956e-02
5.911823647294588646e+00 1.193671580404043198e-02 7.799118757247924805e-04 1.204774808138608932e-02 1.203293446451425552e-02 1.215052325278520584e-02 1.164411194622516632e-02 1.132454443722963333e-02 1.179006043821573257e-02 1.193961314857006073e-02 1.203279756009578705e-02 1.185490284115076065e-02 1.214735675603151321e-02
5.931863727454909530e+00 1.196487993001937866e-02 7.557084318250417709e-04 1.206848490983247757e-02 1.205884851515293121e-02 1.217333320528268814e-02 1.168174855411052704e-02 1.137038879096508026e-02 1.182004064321517944e-02 1.196787413209676743e-02 1.205409318208694458e-02 1.189016643911600113e-02 1.216763909906148911e-02
5.951903807615230413e+00 1.199238840490579605e-02 7.311641238629817963e-04 1.208915654569864273e-02 1.208360027521848679e-02 1.219476666301488876e-02 1.171931158751249313e-02 1.141587272286415100e-02 1.184904947876930237e-02 1.199487317353487015e-02 1.207567006349563599e-02 1.192435063421726227e-02 1.218725554645061493e-02
5.971943887775551296e+00 1.201929245144128799e-02 7.064631790854036808e-04 1.210946310311555862e-02 1.210741978138685226e-02 1.221469976007938385e-02 1.175529882311820984e-02 1.146103162318468094e-02 1.187708787620067596e-02 1.202140189707279205e-02 1.209680363535881042e-02 1.195807754993438721e-02 1.220551691949367523e-02
5.991983967935871291e+00 1.204639580100774765e-02 6.829702178947627544e-04 1.212946884334087372e-02 1.213096920400857925e-02 1.223461329936981201e-02 1.179025229066610336e-02 1.150554418563842773e-02 1.190477330237627029e-02 1.204801816493272781e-02 1.211764011532068253e-02 1.199115440249443054e-02 1.222412195056676865e-02
6.012024048096192175e+00 1.207246538251638412e-02 6.594829610548913479e-04 1.214937772601842880e-02 1.215377263724803925e-02 1.225369237363338470e-02 1.182447839528322220e-02 1.154957339167594910e-02 1.193243358284235001e-02 1.207434851676225662e-02 1.213865354657173157e-02 1.202450226992368698e-02 1.224338170140981674e-02
6.032064128256513058e+00 1.209799665957689285e-02 6.360095576383173466e-04 1.216873060911893845e-02 1.217591669410467148e-02 1.227212790399789810e-02 1.185810752213001251e-02 1.159312482923269272e-02 1.195987313985824585e-02 1.209943369030952454e-02 1.215970050543546677e-02 1.205663662403821945e-02 1.226195320487022400e-02
6.052104208416833053e+00 1.212363224476575851e-02 6.128793465904891491e-04 1.218807138502597809e-02 1.219661813229322433e-02 1.229068171232938766e-02 1.189195364713668823e-02 1.163643226027488708e-02 1.198646146804094315e-02 1.212421245872974396e-02 1.218052301555871964e-02 1.208845805376768112e-02 1.228066813200712204e-02
6.072144288577153937e+00 1.214862894266843796e-02 5.901081021875143051e-04 1.220791134983301163e-02 1.221648883074522018e-02 1.230887416750192642e-02 1.192480977624654770e-02 1.167943794280290604e-02 1.201237365603446960e-02 1.214915886521339417e-02 1.220217347145080566e-02 1.211977470666170120e-02 1.229905150830745697e-02
6.092184368737474820e+00 1.217281818389892578e-02 5.674868007190525532e-04 1.222751289606094360e-02 1.223534252494573593e-02 1.232682634145021439e-02 1.195734459906816483e-02 1.172178331762552261e-02 1.203754916787147522e-02 1.217322330921888351e-02 1.222404744476079941e-02 1.214918214827775955e-02 1.231678016483783722e-02
6.112224448897795703e+00 1.219626422971487045e-02 5.445753340609371662e-04 1.224731840193271637e-02 1.225317083299160004e-02 1.234422717243432999e-02 1.199000049382448196e-02 1.176371518522500992e-02 1.206195354461669922e-02 1.219699252396821976e-02 1.224519778043031693e-02 1.217761356383562088e-02 1.233407948166131973e-02
6.132264529058115698e+00 1.221926230937242508e-02 5.222089239396154881e-04 1.226653810590505600e-02 1.226968411356210709e-02 1.236130576580762863e-02 1.202262099832296371e-02 1.180454157292842865e-02 1.208518072962760925e-02 1.222047302871942520e-02 1.226514857262372971e-02 1.220572926104068756e-02 1.235104165971279144e-02
6.152304609218436582e+00 1.224123593419790268e-02 4.996861098334193230e-04 1.228503324091434479e-02 1.228631567209959030e-02 1.237766630947589874e-02 1.205487735569477081e-02 1.184446550905704498e-02 1.210856903344392776e-02 1.224312093108892441e-02 1.228374149650335312e-02 1.223387662321329117e-02 1.236773375421762466e-02
6.172344689378757465e+00 1.226251106709241867e-02 4.763797915074974298e-04 1.230262313038110733e-02 1.230210531502962112e-02 1.239302009344100952e-02 1.208768505603075027e-02 1.188409142196178436e-02 1.213183905929327011e-02 1.226510759443044662e-02 1.230114419013261795e-02 1.226127333939075470e-02 1.238433737307786942e-02
6.192384769539078349e+00 1.228234451264142990e-02 4.530664300546050072e-04 1.231883000582456589e-02 1.231778599321842194e-02 1.240651775151491165e-02 1.211856491863727570e-02 1.192267425358295441e-02 1.215464062988758087e-02 1.228639204055070877e-02 1.231701392680406570e-02 1.228807959705591202e-02 1.240036264061927795e-02
6.212424849699398344e+00 1.230144686996936798e-02 4.302036541048437357e-04 1.233327016234397888e-02 1.233367528766393661e-02 1.242015883326530457e-02 1.214866898953914642e-02 1.196019630879163742e-02 1.217768900096416473e-02 1.230647787451744080e-02 1.233195047825574875e-02 1.231485698372125626e-02 1.241571642458438873e-02
6.232464929859719227e+00 1.232086308300495148e-02 4.084590182173997164e-04 1.234689075499773026e-02 1.234938856214284897e-02 1.243307441473007202e-02 1.217714138329029083e-02 1.199698727577924728e-02 1.220028288662433624e-02 1.232602633535861969e-02 1.234601158648729324e-02 1.234000548720359802e-02 1.243028882890939713e-02
6.252505010020040110e+00 1.233908161520957947e-02 3.862824814859777689e-04 1.236088387668132782e-02 1.236595679074525833e-02 1.244513411074876785e-02 1.220484543591737747e-02 1.203348673880100250e-02 1.222276221960783005e-02 1.234510727226734161e-02 1.235893275588750839e-02 1.236524339765310287e-02 1.244403794407844543e-02
6.272545090180360106e+00 1.235666684806346893e-02 3.645977121777832508e-04 1.237422879785299301e-02 1.238312292844057083e-02 1.245627924799919128e-02 1.223165541887283325e-02 1.206935942173004150e-02 1.224396377801895142e-02 1.236415188759565353e-02 1.237085089087486267e-02 1.238991227000951767e-02 1.245681196451187134e-02
6.292585170340680989e+00 1.237426325678825378e-02 3.437595150899142027e-04 1.238621026277542114e-02 1.239984575659036636e-02 1.246703788638114929e-02 1.225781068205833435e-02 1.210478134453296661e-02 1.226381305605173111e-02 1.238208450376987457e-02 1.238232478499412537e-02 1.241373363882303238e-02 1.246880460530519485e-02
6.312625250501001872e+00 1.239222288131713867e-02 3.246415872126817703e-04 1.239789556711912155e-02 1.241656951606273651e-02 1.247650757431983948e-02 1.228261273354291916e-02 1.213868893682956696e-02 1.228366605937480927e-02 1.239931583404541016e-02 1.239412371069192886e-02 1.243733428418636322e-02 1.248001307249069214e-02
6.332665330661322756e+00 1.240913383662700653e-02 3.057054709643125534e-04 1.240910403430461884e-02 1.243289001286029816e-02 1.248634979128837585e-02 1.230730675160884857e-02 1.217220723628997803e-02 1.230284478515386581e-02 1.241550501435995102e-02 1.240611914545297623e-02 1.246057637035846710e-02 1.249049790203571320e-02
6.352705410821642751e+00 1.242562662810087204e-02 2.869864401873201132e-04 1.241953577846288681e-02 1.244950387626886368e-02 1.249614451080560684e-02 1.233151275664567947e-02 1.220589131116867065e-02 1.232187822461128235e-02 1.243203226476907730e-02 1.241759862750768661e-02 1.248272322118282318e-02 1.250096596777439117e-02
6.372745490981963634e+00 1.244131848216056824e-02 2.682049525901675224e-04 1.242945622652769089e-02 1.246569212526082993e-02 1.250552851706743240e-02 1.235611084848642349e-02 1.223918143659830093e-02 1.234093587845563889e-02 1.244721654802560806e-02 1.242794375866651535e-02 1.250398065894842148e-02 1.251120213419198990e-02
6.392785571142284518e+00 1.245632115751504898e-02 2.500351110938936472e-04 1.243953313678503036e-02 1.248031016439199448e-02 1.251630764454603195e-02 1.237974874675273895e-02 1.227205805480480194e-02 1.236039679497480392e-02 1.246200036257505417e-02 1.243934500962495804e-02 1.252468954771757126e-02 1.252093352377414703e-02
6.412825651302604513e+00 1.247093174606561661e-02 2.323751832591369748e-04 1.244907453656196594e-02 1.249388977885246277e-02 1.252709142863750458e-02 1.240273751318454742e-02 1.230488531291484833e-02 1.237959694117307663e-02 1.247646566480398178e-02 1.245100330561399460e-02 1.254512928426265717e-02 1.252967491745948792e-02
6.432865731462925396e+00 1.248447969555854797e-02 2.161518204957246780e-04 1.245692279189825058e-02 1.250705122947692871e-02 1.253790780901908875e-02 1.242451090365648270e-02 1.233686693012714386e-02 1.239906530827283859e-02 1.249055750668048859e-02 1.246201246976852417e-02 1.256550475955009460e-02 1.253836508840322495e-02
6.452905811623246279e+00 1.249742880463600159e-02 2.003104746108874679e-04 1.246400829404592514e-02 1.251787785440683365e-02 1.254676934331655502e-02 1.244593039155006409e-02 1.236853562295436859e-02 1.241768803447484970e-02 1.250372640788555145e-02 1.247248612344264984e-02 1.258456148207187653e-02 1.254597865045070648e-02
6.472945891783567163e+00 1.251018792390823364e-02 1.858471659943461418e-04 1.247023511677980423e-02 1.252774056047201157e-02 1.255494728684425354e-02 1.246697548776865005e-02 1.239981036633253098e-02 1.243522483855485916e-02 1.251618191599845886e-02 1.248230971395969391e-02 1.260156184434890747e-02 1.255341246724128723e-02
6.492985971943887158e+00 1.252167485654354095e-02 1.742613676469773054e-04 1.247582677751779556e-02 1.253645401448011398e-02 1.256206911057233810e-02 1.248714234679937363e-02 1.243020500987768173e-02 1.245067920535802841e-02 1.252754312008619308e-02 1.249065715819597244e-02 1.261856127530336380e-02 1.256030891090631485e-02
6.513026052104208041e+00 1.253243722021579742e-02 1.654088991926982999e-04 1.248137466609477997e-02 1.254385616630315781e-02 1.256785076111555099e-02 1.250637695193290710e-02 1.246005203574895859e-02 1.246466301381587982e-02 1.253915578126907349e-02 1.249744091182947159e-02 1.263480540364980698e-02 1.256652269512414932e-02
6.533066132264528925e+00 1.254285220056772232e-02 1.602185075171291828e-04 1.248576212674379349e-02 1.255077123641967773e-02 1.257308572530746460e-02 1.252446975558996201e-02 1.248869113624095917e-02 1.247739233076572418e-02 1.254934351891279221e-02 1.250380836427211761e-02 1.265019923448562622e-02 1.257181912660598755e-02
6.553106212424849808e+00 1.255244947969913483e-02 1.586971629876643419e-04 1.248932629823684692e-02 1.255667302757501602e-02 1.257825363427400589e-02 1.254108641296625137e-02 1.251576654613018036e-02 1.248878613114356995e-02 1.255956478416919708e-02 1.250993367284536362e-02 1.266465522348880768e-02 1.257675793021917343e-02
6.573146292585169803e+00 1.256180740892887115e-02 1.598874514456838369e-04 1.249234378337860107e-02 1.256229076534509659e-02 1.258289255201816559e-02 1.255774311721324921e-02 1.254238747060298920e-02 1.250055152922868729e-02 1.256889849901199341e-02 1.251515094190835953e-02 1.267836708575487137e-02 1.258145458996295929e-02
6.593186372745490686e+00 1.257079932838678360e-02 1.647641329327598214e-04 1.249565929174423218e-02 1.256766077131032944e-02 1.258696615695953369e-02 1.257344335317611694e-02 1.256820373237133026e-02 1.251035928726196289e-02 1.257665641605854034e-02 1.252001803368330002e-02 1.269234810024499893e-02 1.258598174899816513e-02
6.613226452905811570e+00 1.257900334894657135e-02 1.714286481728777289e-04 1.249934267252683640e-02 1.257222332060337067e-02 1.259034126996994019e-02 1.258914172649383545e-02 1.259207073599100113e-02 1.251859031617641449e-02 1.258274354040622711e-02 1.252426858991384506e-02 1.270498987287282944e-02 1.258998364210128784e-02
6.633266533066131565e+00 1.258678548038005829e-02 1.804379862733185291e-04 1.250312756747007370e-02 1.257733441889286041e-02 1.259233430027961731e-02 1.260467246174812317e-02 1.261549443006515503e-02 1.252633985131978989e-02 1.258853264153003693e-02 1.252811402082443237e-02 1.271800603717565536e-02 1.259328983724117279e-02
6.653306613226452448e+00 1.259482186287641525e-02 1.913261803565546870e-04 1.250673737376928329e-02 1.258255913853645325e-02 1.259387936443090439e-02 1.262037269771099091e-02 1.263849996030330658e-02 1.253383327275514603e-02 1.259463839232921600e-02 1.253138761967420578e-02 1.273070182651281357e-02 1.259600371122360229e-02
6.673346693386773332e+00 1.260217092931270599e-02 2.037176891462877393e-04 1.251014601439237595e-02 1.258697174489498138e-02 1.259437389671802521e-02 1.263648830354213715e-02 1.266100816428661346e-02 1.254054624587297440e-02 1.259991340339183807e-02 1.253398787230253220e-02 1.274260412901639938e-02 1.259884610772132874e-02
6.693386773547094215e+00 1.260946597903966904e-02 2.182876050937920809e-04 1.251277234405279160e-02 1.259133126586675644e-02 1.259443443268537521e-02 1.265176478773355484e-02 1.268345210701227188e-02 1.254641823470592499e-02 1.260487455874681473e-02 1.253545470535755157e-02 1.275453343987464905e-02 1.260178349912166595e-02
6.713426853707414210e+00 1.261657103896141052e-02 2.341906947549432516e-04 1.251487061381340027e-02 1.259608101099729538e-02 1.259488798677921295e-02 1.266777608543634415e-02 1.270517613738775253e-02 1.255210209637880325e-02 1.260891929268836975e-02 1.253693364560604095e-02 1.276666857302188873e-02 1.260379515588283539e-02
6.733466933867735094e+00 1.262318342924118042e-02 2.497210225556045771e-04 1.251785922795534134e-02 1.260004565119743347e-02 1.259556971490383148e-02 1.268393825739622116e-02 1.272672321647405624e-02 1.255729328840970993e-02 1.261256542056798935e-02 1.253799162805080414e-02 1.277709379792213440e-02 1.260637398809194565e-02
6.753507014028055977e+00 1.263015996664762497e-02 2.663137565832585096e-04 1.251972373574972153e-02 1.260268501937389374e-02 1.259537134319543839e-02 1.269977260380983353e-02 1.274866610765457153e-02 1.256167795509099960e-02 1.261591352522373199e-02 1.253804378211498260e-02 1.278560422360897064e-02 1.260840706527233124e-02
6.773547094188376860e+00 1.263707410544157028e-02 2.831155434250831604e-04 1.252097450196743011e-02 1.260460726916790009e-02 1.259429007768630981e-02 1.271400414407253265e-02 1.277021784335374832e-02 1.256485003978013992e-02 1.261923089623451233e-02 1.253914367407560349e-02 1.279345620423555374e-02 1.261014025658369064e-02
6.793587174348696855e+00 1.264384761452674866e-02 2.997634292114526033e-04 1.252252329140901566e-02 1.260626129806041718e-02 1.259202416986227036e-02 1.272753067314624786e-02 1.279146224260330200e-02 1.256800629198551178e-02 1.262247841805219650e-02 1.254126708954572678e-02 1.280099246650934219e-02 1.261220220476388931e-02
6.813627254509017739e+00 1.265012845396995544e-02 3.159626503475010395e-04 1.252405438572168350e-02 1.260716374963521957e-02 1.258994732052087784e-02 1.274114381521940231e-02 1.281138695776462555e-02 1.257168594747781754e-02 1.262592338025569916e-02 1.254265569150447845e-02 1.280737947672605515e-02 1.261318847537040710e-02
6.833667334669338622e+00 1.265689171850681305e-02 3.342355194035917521e-04 1.252370979636907578e-02 1.260757725685834885e-02 1.258684042841196060e-02 1.275441795587539673e-02 1.283089630305767059e-02 1.257480960339307785e-02 1.262805797159671783e-02 1.254297699779272079e-02 1.281391829252243042e-02 1.261365972459316254e-02
6.853707414829658617e+00 1.266242284327745438e-02 3.523329796735197306e-04 1.252355519682168961e-02 1.260756421834230423e-02 1.258297543972730637e-02 1.276692282408475876e-02 1.284959819167852402e-02 1.257708482444286346e-02 1.262968126684427261e-02 1.254194788634777069e-02 1.281912345439195633e-02 1.261340267956256866e-02
6.873747494989979501e+00 1.266795583069324493e-02 3.709901939146220684e-04 1.252216193825006485e-02 1.260630227625370026e-02 1.257802825421094894e-02 1.277800928801298141e-02 1.286744978278875351e-02 1.257908158004283905e-02 1.263027451932430267e-02 1.254013087600469589e-02 1.282325200736522675e-02 1.261244621127843857e-02
6.893787575150300384e+00 1.267345435917377472e-02 3.892127133440226316e-04 1.251941360533237457e-02 1.260453462600708008e-02 1.257320027798414230e-02 1.278737187385559082e-02 1.288362592458724976e-02 1.258143596351146698e-02 1.263075880706310272e-02 1.253689266741275787e-02 1.282599288970232010e-02 1.261097192764282227e-02
6.913827655310621267e+00 1.267741806805133820e-02 4.079829086549580097e-04 1.251528039574623108e-02 1.260278560221195221e-02 1.256809663027524948e-02 1.279655471444129944e-02 1.289876643568277359e-02 1.258392445743083954e-02 1.263059116899967194e-02 1.253247261047363281e-02 1.282935962080955505e-02 1.260845456272363663e-02
6.933867735470941263e+00 1.268063299357891083e-02 4.267417534720152617e-04 1.250969525426626205e-02 1.260127499699592590e-02 1.256246399134397507e-02 1.280499622225761414e-02 1.291263476014137268e-02 1.258591562509536743e-02 1.263074669986963272e-02 1.252667792141437531e-02 1.283161342144012451e-02 1.260484475642442703e-02
6.953907815631262146e+00 1.268112473189830780e-02 4.446902021300047636e-04 1.250358950346708298e-02 1.259940117597579956e-02 1.255654264241456985e-02 1.281195133924484253e-02 1.292643137276172638e-02 1.258687581866979599e-02 1.263124682009220123e-02 1.251971721649169922e-02 1.283408980816602707e-02 1.260165683925151825e-02
6.973947895791583029e+00 1.268063299357891083e-02 4.623734566848725080e-04 1.249740552157163620e-02 1.259697694331407547e-02 1.255072373896837234e-02 1.281896885484457016e-02 1.293974462896585464e-02 1.258824206888675690e-02 1.263081748038530350e-02 1.251281332224607468e-02 1.283734291791915894e-02 1.259843911975622177e-02
6.993987975951903913e+00 1.267853658646345139e-02 4.786413337569683790e-04 1.248982362449169159e-02 1.259463839232921600e-02 1.254609134048223495e-02 1.282398216426372528e-02 1.295225787907838821e-02 1.258868351578712463e-02 1.262993365526199341e-02 1.250651944428682327e-02 1.284045260399580002e-02 1.259461324661970139e-02
7.014028056112223908e+00 1.267520710825920105e-02 4.941094666719436646e-04 1.248344406485557556e-02 1.259208936244249344e-02 1.254209131002426147e-02 1.282861176878213882e-02 1.296371873468160629e-02 1.258822344243526459e-02 1.262795738875865936e-02 1.249960344284772873e-02 1.284420583397150040e-02 1.258997712284326553e-02
7.034068136272544791e+00 1.267089135944843292e-02 5.095498054288327694e-04 1.247751619666814804e-02 1.258912961930036545e-02 1.253696344792842865e-02 1.283365860581398010e-02 1.297517120838165283e-02 1.258799061179161072e-02 1.262629404664039612e-02 1.249319035559892654e-02 1.284757070243358612e-02 1.258480083197355270e-02
7.054108216432865675e+00 1.266649737954139709e-02 5.252647097222507000e-04 1.247211452573537827e-02 1.258685812354087830e-02 1.253161951899528503e-02 1.283953431993722916e-02 1.298634056001901627e-02 1.258712634444236755e-02 1.262452360242605209e-02 1.248619519174098969e-02 1.285029947757720947e-02 1.257965434342622757e-02
7.074148296593185670e+00 1.266104821115732193e-02 5.411097663454711437e-04 1.246638316661119461e-02 1.258380524814128876e-02 1.252582948654890060e-02 1.284507568925619125e-02 1.299741957336664200e-02 1.258715055882930756e-02 1.262237131595611572e-02 1.248001959174871445e-02 1.285300683230161667e-02 1.257356442511081696e-02
7.094188376753506553e+00 1.265549287199974060e-02 5.579472053796052933e-04 1.246129162609577179e-02 1.258062664419412613e-02 1.251894515007734299e-02 1.285137049853801727e-02 1.300808973610401154e-02 1.258743647485971451e-02 1.261998433619737625e-02 1.247374527156352997e-02 1.285693608224391937e-02 1.256735716015100479e-02
7.114228456913827436e+00 1.265037432312965393e-02 5.758234183304011822e-04 1.245548948645591736e-02 1.257711369544267654e-02 1.251158025115728378e-02 1.285764854401350021e-02 1.301846280694007874e-02 1.258804555982351303e-02 1.261736452579498291e-02 1.246679667383432388e-02 1.286130584776401520e-02 1.256089285016059875e-02
7.134268537074148320e+00 1.264592818915843964e-02 5.945200100541114807e-04 1.244828943163156509e-02 1.257315836846828461e-02 1.250412315130233765e-02 1.286238525062799454e-02 1.302958838641643524e-02 1.258894521743059158e-02 1.261474192142486572e-02 1.245939079672098160e-02 1.286535151302814484e-02 1.255380921065807343e-02
7.154308617234468315e+00 1.264241710305213928e-02 6.120025645941495895e-04 1.244187261909246445e-02 1.256863772869110107e-02 1.249632798135280609e-02 1.286568026989698410e-02 1.303964201360940933e-02 1.258924230933189392e-02 1.261253561824560165e-02 1.245195139199495316e-02 1.286905910819768906e-02 1.254600193351507187e-02
7.174348697394789198e+00 1.263908669352531433e-02 6.280079833231866360e-04 1.243577245622873306e-02 1.256364770233631134e-02 1.248907763510942459e-02 1.286793034523725510e-02 1.304828748106956482e-02 1.258817501366138458e-02 1.260985247790813446e-02 1.244438998401165009e-02 1.287208218127489090e-02 1.253809686750173569e-02
7.194388777555110082e+00 1.263586431741714478e-02 6.428128108382225037e-04 1.242921501398086548e-02 1.255878619849681854e-02 1.248280424624681473e-02 1.286952197551727295e-02 1.305592805147171021e-02 1.258648186922073364e-02 1.260598655790090561e-02 1.243645604699850082e-02 1.287356019020080566e-02 1.252946723252534866e-02
7.214428857715430965e+00 1.263196021318435669e-02 6.582763744518160820e-04 1.242140214890241623e-02 1.255394611507654190e-02 1.247528102248907089e-02 1.287003327161073685e-02 1.306337956339120865e-02 1.258434727787971497e-02 1.260126940906047821e-02 1.242773048579692841e-02 1.287522912025451660e-02 1.252093352377414703e-02
7.234468937875750960e+00 1.262731757014989853e-02 6.725495913997292519e-04 1.241414062678813934e-02 1.254913583397865295e-02 1.246671471744775772e-02 1.286855246871709824e-02 1.307018660008907318e-02 1.258086878806352615e-02 1.259660068899393082e-02 1.241854019463062286e-02 1.287557836621999741e-02 1.251229736953973770e-02
7.254509018036071843e+00 1.262338086962699890e-02 6.855548708699643612e-04 1.240777689963579178e-02 1.254321541637182236e-02 1.245775539427995682e-02 1.286587025970220566e-02 1.307608187198638916e-02 1.257708482444286346e-02 1.259001996368169785e-02 1.240817550569772720e-02 1.287422422319650650e-02 1.250357832759618759e-02
7.274549098196392727e+00 1.261883042752742767e-02 6.967713707126677036e-04 1.240095030516386032e-02 1.253690384328365326e-02 1.244873646646738052e-02 1.286255661398172379e-02 1.307982020080089569e-02 1.257293298840522766e-02 1.258190814405679703e-02 1.239814795553684235e-02 1.287135668098926544e-02 1.249435730278491974e-02
7.294589178356712722e+00 1.261395681649446487e-02 7.078954949975013733e-04 1.239347830414772034e-02 1.252955105155706406e-02 1.243855990469455719e-02 1.285921130329370499e-02 1.308239158242940903e-02 1.256911270320415497e-02 1.257430203258991241e-02 1.238865125924348831e-02 1.286816224455833435e-02 1.248329039663076401e-02
7.314629258517033605e+00 1.260881964117288589e-02 7.192070479504764080e-04 1.238572224974632263e-02 1.252007856965065002e-02 1.242814958095550537e-02 1.285637635737657547e-02 1.308446004986763000e-02 1.256461814045906067e-02 1.256573759019374847e-02 1.237956155091524124e-02 1.286409702152013779e-02 1.247115153819322586e-02
7.334669338677354489e+00 1.260256394743919373e-02 7.307166815735399723e-04 1.237655244767665863e-02 1.250981446355581284e-02 1.241729967296123505e-02 1.285252720117568970e-02 1.308598462492227554e-02 1.255977340042591095e-02 1.255697663873434067e-02 1.236968394368886948e-02 1.285899616777896881e-02 1.245788019150495529e-02
7.354709418837675372e+00 1.259633060544729233e-02 7.421819027513265610e-04 1.236714143306016922e-02 1.249925326555967331e-02 1.240523532032966614e-02 1.284797396510839462e-02 1.308730058372020721e-02 1.255571376532316208e-02 1.254745759069919586e-02 1.235994696617126465e-02 1.285406854003667831e-02 1.244550477713346481e-02
7.374749498997995367e+00 1.258851494640111923e-02 7.530227303504943848e-04 1.235819514840841293e-02 1.248813606798648834e-02 1.239305548369884491e-02 1.284291688352823257e-02 1.308806519955396652e-02 1.255146600306034088e-02 1.253838278353214264e-02 1.235015597194433212e-02 1.284827291965484619e-02 1.243229024112224579e-02
7.394789579158316251e+00 1.258076727390289307e-02 7.639228133484721184e-04 1.234902814030647278e-02 1.247596275061368942e-02 1.238212361931800842e-02 1.283778809010982513e-02 1.308867149055004120e-02 1.254672743380069733e-02 1.252914778888225555e-02 1.234026905149221420e-02 1.284238044172525406e-02 1.241806894540786743e-02
7.414829659318637134e+00 1.257279980927705765e-02 7.745262701064348221e-04 1.233850792050361633e-02 1.246335357427597046e-02 1.237135007977485657e-02 1.283347420394420624e-02 1.308824960142374039e-02 1.254221610724925995e-02 1.251934282481670380e-02 1.233103312551975250e-02 1.283641904592514038e-02 1.240468956530094147e-02
7.434869739478958017e+00 1.256410684436559677e-02 7.852142443880438805e-04 1.232665684074163437e-02 1.244993414729833603e-02 1.236145198345184326e-02 1.282798033207654953e-02 1.308781653642654419e-02 1.253576856106519699e-02 1.250903308391571045e-02 1.232198998332023621e-02 1.283044740557670593e-02 1.239085849374532700e-02
7.454909819639278012e+00 1.255500502884387970e-02 7.954278262332081795e-04 1.231496036052703857e-02 1.243596710264682770e-02 1.235060114413499832e-02 1.282098703086376190e-02 1.308722607791423798e-02 1.252832077443599701e-02 1.249908749014139175e-02 1.231360062956809998e-02 1.282484363764524460e-02 1.237761415541172028e-02
7.474949899799598896e+00 1.254618167877197266e-02 8.056407095864415169e-04 1.230296120047569275e-02 1.242171227931976318e-02 1.233898196369409561e-02 1.281353086233139038e-02 1.308653783053159714e-02 1.252032257616519928e-02 1.248894631862640381e-02 1.230547484010457993e-02 1.281914021819829941e-02 1.236472651362419128e-02
7.494989979959919779e+00 1.253757532685995102e-02 8.156868279911577702e-04 1.228985562920570374e-02 1.240673568099737167e-02 1.232732180505990982e-02 1.280626375228166580e-02 1.308467332273721695e-02 1.251303404569625854e-02 1.247776485979557037e-02 1.229673530906438828e-02 1.281348802149295807e-02 1.235273294150829315e-02
7.515030060120239774e+00 1.252844650298357010e-02 8.262998890131711960e-04 1.227665878832340240e-02 1.239267457276582718e-02 1.231546886265277863e-02 1.279991213232278824e-02 1.308278832584619522e-02 1.250557042658329010e-02 1.246661879122257233e-02 1.228698901832103729e-02 1.280839927494525909e-02 1.234152540564537048e-02
7.535070140280560658e+00 1.251933071762323380e-02 8.366909460164606571e-04 1.226407382637262344e-02 1.237913314253091812e-02 1.230227388441562653e-02 1.279390975832939148e-02 1.308082789182662964e-02 1.249720435589551926e-02 1.245413254946470261e-02 1.227760221809148788e-02 1.280234567821025848e-02 1.233068760484457016e-02
7.555110220440881541e+00 1.251066662371158600e-02 8.475885842926800251e-04 1.225057523697614670e-02 1.236573513597249985e-02 1.228907052427530289e-02 1.278845034539699554e-02 1.307873986661434174e-02 1.248961593955755234e-02 1.244151405990123749e-02 1.226773113012313843e-02 1.279629301279783249e-02 1.231989916414022446e-02
7.575150300601202424e+00 1.250160485506057739e-02 8.576678228564560413e-04 1.223651971668004990e-02 1.235152594745159149e-02 1.227551326155662537e-02 1.278196834027767181e-02 1.307566836476325989e-02 1.248165126889944077e-02 1.242958661168813705e-02 1.225680112838745117e-02 1.278932206332683563e-02 1.231000758707523346e-02
7.595190380761522420e+00 1.249265111982822418e-02 8.675102726556360722e-04 1.222313195466995239e-02 1.233699545264244080e-02 1.226244121789932251e-02 1.277659740298986435e-02 1.307224389165639877e-02 1.247253920882940292e-02 1.241845916956663132e-02 1.224516518414020538e-02 1.278184074908494949e-02 1.230062451213598251e-02
7.615230460921843303e+00 1.248360518366098404e-02 8.769230917096138000e-04 1.221070066094398499e-02 1.232276577502489090e-02 1.224918104708194733e-02 1.277154963463544846e-02 1.306832954287528992e-02 1.246495265513658524e-02 1.240759901702404022e-02 1.223236788064241409e-02 1.277400832623243332e-02 1.229166612029075623e-02
7.635270541082164186e+00 1.247307192534208298e-02 8.864029659889638424e-04 1.219807472079992294e-02 1.230906136333942413e-02 1.223595254123210907e-02 1.276698801666498184e-02 1.306368783116340637e-02 1.245763711631298065e-02 1.239596866071224213e-02 1.221909932792186737e-02 1.276718731969594955e-02 1.228298433125019073e-02
7.655310621242485070e+00 1.246231514960527420e-02 8.945031440816819668e-04 1.218625064939260483e-02 1.229526754468679428e-02 1.222377456724643707e-02 1.276008971035480499e-02 1.305928733199834824e-02 1.245014742016792297e-02 1.238501910120248795e-02 1.220658048987388611e-02 1.276021637022495270e-02 1.227414608001708984e-02
7.675350701402805065e+00 1.245188247412443161e-02 9.022102458402514458e-04 1.217238139361143112e-02 1.228172238916158676e-02 1.221121475100517273e-02 1.275232806801795959e-02 1.305424049496650696e-02 1.244346424937248230e-02 1.237470936030149460e-02 1.219519507139921188e-02 1.275339070707559586e-02 1.226562075316905975e-02
7.695390781563125948e+00 1.244032941758632660e-02 9.087692014873027802e-04 1.216071005910634995e-02 1.226823218166828156e-02 1.219793502241373062e-02 1.274479087442159653e-02 1.304937433451414108e-02 1.243620179593563080e-02 1.236542407423257828e-02 1.218453980982303619e-02 1.274470612406730652e-02 1.225696317851543427e-02
7.715430861723446831e+00 1.242928579449653625e-02 9.145161602646112442e-04 1.215071976184844971e-02 1.225404161959886551e-02 1.218403968960046768e-02 1.273652631789445877e-02 1.304397359490394592e-02 1.242820173501968384e-02 1.235584169626235962e-02 1.217414624989032745e-02 1.273573562502861023e-02 1.224784739315509796e-02
7.735470941883766827e+00 1.241799443960189819e-02 9.207202820107340813e-04 1.213958486914634705e-02 1.224021427333354950e-02 1.217063795775175095e-02 1.272886246442794800e-02 1.303888857364654541e-02 1.241902913898229599e-02 1.234698481857776642e-02 1.216425932943820953e-02 1.272601727396249771e-02 1.223724521696567535e-02
7.755511022044087710e+00 1.240707095712423325e-02 9.258898789994418621e-04 1.212776731699705124e-02 1.222707051783800125e-02 1.215801294893026352e-02 1.272004935890436172e-02 1.303342916071414948e-02 1.241014059633016586e-02 1.233894005417823792e-02 1.215507928282022476e-02 1.271571684628725052e-02 1.222580857574939728e-02
7.775551102204408593e+00 1.239692047238349915e-02 9.314532508142292500e-04 1.211657188832759857e-02 1.221431791782379150e-02 1.214578002691268921e-02 1.271172892302274704e-02 1.302850246429443359e-02 1.240024063736200333e-02 1.232995186001062393e-02 1.214523799717426300e-02 1.270480267703533173e-02 1.221334002912044525e-02
7.795591182364729477e+00 1.238734833896160126e-02 9.372049826197326183e-04 1.210614573210477829e-02 1.220223121345043182e-02 1.213388610631227493e-02 1.270278822630643845e-02 1.302396506071090698e-02 1.238941401243209839e-02 1.231946796178817749e-02 1.213434152305126190e-02 1.269438769668340683e-02 1.220067683607339859e-02
7.815631262525049472e+00 1.237708609551191330e-02 9.435177780687808990e-04 1.209304295480251312e-02 1.219045091420412064e-02 1.212218776345252991e-02 1.269349828362464905e-02 1.301940623670816422e-02 1.237726118415594101e-02 1.230839639902114868e-02 1.212277356535196304e-02 1.268326677381992340e-02 1.218816358596086502e-02
7.835671342685370355e+00 1.236630883067846298e-02 9.501522290520370007e-04 1.208101212978363037e-02 1.217887364327907562e-02 1.211162097752094269e-02 1.268474943935871124e-02 1.301531866192817688e-02 1.236270554363727570e-02 1.229635160416364670e-02 1.211068127304315567e-02 1.267185155302286148e-02 1.217400841414928436e-02
7.855711422845691239e+00 1.235498022288084030e-02 9.582625352777540684e-04 1.206754054874181747e-02 1.216721720993518829e-02 1.210085768252611160e-02 1.267693657428026199e-02 1.301125716418027878e-02 1.234724186360836029e-02 1.228595990687608719e-02 1.209635660052299500e-02 1.266008988022804260e-02 1.215877756476402283e-02
7.875751503006012122e+00 1.234292425215244293e-02 9.662786615081131458e-04 1.205367222428321838e-02 1.215643901377916336e-02 1.208996120840311050e-02 1.266828738152980804e-02 1.300772652029991150e-02 1.233073510229587555e-02 1.227612979710102081e-02 1.208267081528902054e-02 1.264846790581941605e-02 1.214390248060226440e-02
7.895791583166332117e+00 1.232962496578693390e-02 9.746042196638882160e-04 1.203906163573265076e-02 1.214548572897911072e-02 1.207833178341388702e-02 1.265939883887767792e-02 1.300404034554958344e-02 1.231392286717891693e-02 1.226533669978380203e-02 1.206947863101959229e-02 1.263706851750612259e-02 1.212934963405132294e-02
7.915831663326653000e+00 1.231516990810632706e-02 9.824332082644104958e-04 1.202537957578897476e-02 1.213347259908914566e-02 1.206664927303791046e-02 1.264957152307033539e-02 1.299999840557575226e-02 1.229797769337892532e-02 1.225419156253337860e-02 1.205529365688562393e-02 1.262460742145776749e-02 1.211457420140504837e-02
7.935871743486973884e+00 1.230048574507236481e-02 9.902303572744131088e-04 1.201172079890966415e-02 1.212147623300552368e-02 1.205375231802463531e-02 1.263896096497774124e-02 1.299624890089035034e-02 1.228251866996288300e-02 1.224354375153779984e-02 1.204038504511117935e-02 1.261054631322622299e-02 1.209996826946735382e-02
7.955911823647293879e+00 1.228431798517704010e-02 9.977865265682339668e-04 1.199875585734844208e-02 1.210904959589242935e-02 1.204072218388319016e-02 1.262798812240362167e-02 1.299179904162883759e-02 1.226788666099309921e-02 1.223275158554315567e-02 1.202569995075464249e-02 1.259636133909225464e-02 1.208394952118396759e-02
7.975951903807614762e+00 1.226844638586044312e-02 1.005946658551692963e-03 1.198588125407695770e-02 1.209698151797056198e-02 1.202693581581115723e-02 1.261639129370450974e-02 1.298694405704736710e-02 1.225437782704830170e-02 1.222169585525989532e-02 1.200962532311677933e-02 1.258298754692077637e-02 1.206652261316776276e-02
7.995991983967935646e+00 1.225272193551063538e-02 1.014271052554249763e-03 1.197220291942358017e-02 1.208522170782089233e-02 1.201197691261768341e-02 1.260409969836473465e-02 1.298160292208194733e-02 1.224060822278261185e-02 1.220909692347049713e-02 1.199339330196380615e-02 1.257001329213380814e-02 1.204926893115043640e-02
8.016032064128255641e+00 1.223710644990205765e-02 1.023067045025527477e-03 1.195605937391519547e-02 1.207247190177440643e-02 1.199547667056322098e-02 1.259080041199922562e-02 1.297592185437679291e-02 1.222731359302997589e-02 1.219636946916580200e-02 1.197665929794311523e-02 1.255599316209554672e-02 1.203201524913311005e-02
8.036072144288576524e+00 1.222050189971923828e-02 1.031065592542290688e-03 1.193959545344114304e-02 1.206040848046541214e-02 1.197929773479700089e-02 1.257611438632011414e-02 1.296952459961175919e-02 1.221529580652713776e-02 1.218240056186914444e-02 1.195979956537485123e-02 1.254188362509012222e-02 1.201487425714731216e-02
8.056112224448897408e+00 1.220440678298473358e-02 1.038889749906957150e-03 1.192153058946132660e-02 1.204807497560977936e-02 1.196223217993974686e-02 1.255989912897348404e-02 1.296241674572229385e-02 1.220432482659816742e-02 1.216717064380645752e-02 1.194271352142095566e-02 1.252801809459924698e-02 1.199752651154994965e-02
8.076152304609218291e+00 1.218791957944631577e-02 1.046625082381069660e-03 1.190331671386957169e-02 1.203477196395397186e-02 1.194531843066215515e-02 1.254500914365053177e-02 1.295440550893545151e-02 1.219352334737777710e-02 1.215154863893985748e-02 1.192581560462713242e-02 1.251362171024084091e-02 1.198016293346881866e-02
8.096192384769539174e+00 1.217085868120193481e-02 1.053601503372192383e-03 1.188645232468843460e-02 1.201985776424407959e-02 1.192907895892858505e-02 1.253116875886917114e-02 1.294568274170160294e-02 1.218189671635627747e-02 1.213520858436822891e-02 1.190949790179729462e-02 1.249883882701396942e-02 1.196420378983020782e-02
8.116232464929860058e+00 1.215472258627414703e-02 1.059979083947837353e-03 1.186884101480245590e-02 1.200426742434501648e-02 1.191255822777748108e-02 1.251683477312326431e-02 1.293624565005302429e-02 1.216965261846780777e-02 1.211936213076114655e-02 1.189362164586782455e-02 1.248482242226600647e-02 1.194909587502479553e-02
8.136272545090179165e+00 1.213857438415288925e-02 1.064739539287984371e-03 1.185165066272020340e-02 1.198821235448122025e-02 1.189820468425750732e-02 1.250251848250627518e-02 1.292552519589662552e-02 1.215571817010641098e-02 1.210275571793317795e-02 1.187824737280607224e-02 1.247114036232233047e-02 1.193476933985948563e-02
8.156312625250500048e+00 1.212293654680252075e-02 1.069302321411669254e-03 1.183492597192525864e-02 1.197292376309633255e-02 1.188435126096010208e-02 1.248910743743181229e-02 1.291439775377511978e-02 1.214168220758438110e-02 1.208671554923057556e-02 1.186187192797660828e-02 1.245835144072771072e-02 1.192166842520236969e-02
8.176352705410820931e+00 1.210652384907007217e-02 1.074121450074017048e-03 1.181741151958703995e-02 1.195854041725397110e-02 1.186997164040803909e-02 1.247490476816892624e-02 1.290327031165361404e-02 1.212540082633495331e-02 1.207008678466081619e-02 1.184365712106227875e-02 1.244518719613552094e-02 1.190999988466501236e-02
8.196392785571141815e+00 1.209088880568742752e-02 1.078694011084735394e-03 1.180097647011280060e-02 1.194485276937484741e-02 1.185628399252891541e-02 1.246114354580640793e-02 1.289234589785337448e-02 1.210985984653234482e-02 1.205399818718433380e-02 1.182535942643880844e-02 1.243214868009090424e-02 1.189752295613288879e-02
8.216432865731462698e+00 1.207523047924041748e-02 1.081657479517161846e-03 1.178465224802494049e-02 1.193164195865392685e-02 1.184266898781061172e-02 1.244687475264072418e-02 1.288033090531826019e-02 1.209367904812097549e-02 1.203757803887128830e-02 1.180852577090263367e-02 1.241815835237503052e-02 1.188445743173360825e-02
8.236472945891783581e+00 1.206034608185291290e-02 1.085516763851046562e-03 1.176659110933542252e-02 1.191835664212703705e-02 1.182931102812290192e-02 1.243382692337036133e-02 1.286849193274974823e-02 1.207565888762474060e-02 1.202107686549425125e-02 1.179107278585433960e-02 1.240413822233676910e-02 1.187110412865877151e-02
8.256513026052104465e+00 1.204737834632396698e-02 1.088087214156985283e-03 1.174814626574516296e-02 1.190435513854026794e-02 1.181498635560274124e-02 1.242007222026586533e-02 1.285645458847284317e-02 1.205896958708763123e-02 1.200413703918457031e-02 1.177406683564186096e-02 1.238789316266775131e-02 1.185725722461938858e-02
8.276553106212425348e+00 1.203458197414875031e-02 1.090606790967285633e-03 1.172919757664203644e-02 1.189008727669715881e-02 1.179930940270423889e-02 1.240576617419719696e-02 1.284468732774257660e-02 1.204339321702718735e-02 1.198755856603384018e-02 1.175769697874784470e-02 1.237106323242187500e-02 1.184460055083036423e-02
8.296593186372744455e+00 1.202179305255413055e-02 1.093700877390801907e-03 1.170982047915458679e-02 1.187641639262437820e-02 1.178338006138801575e-02 1.239124126732349396e-02 1.283314730972051620e-02 1.202697493135929108e-02 1.197052467614412308e-02 1.174079906195402145e-02 1.235360652208328247e-02 1.183002255856990814e-02
8.316633266533065338e+00 1.200956758111715317e-02 1.096965512260794640e-03 1.169092860072851181e-02 1.186189986765384674e-02 1.176517829298973083e-02 1.237555313855409622e-02 1.282175909727811813e-02 1.201020553708076477e-02 1.195360347628593445e-02 1.172381173819303513e-02 1.233504712581634521e-02 1.181372068822383881e-02
8.336673346693386222e+00 1.199788600206375122e-02 1.100059715099632740e-03 1.167298574000597000e-02 1.184795890003442764e-02 1.174518838524818420e-02 1.236150972545146942e-02 1.280947588384151459e-02 1.199332717806100845e-02 1.193636376410722733e-02 1.170731708407402039e-02 1.231515780091285706e-02 1.179573684930801392e-02
8.356713426853707105e+00 1.198735926300287247e-02 1.103343325667083263e-03 1.165482494980096817e-02 1.183420699089765549e-02 1.172408927232027054e-02 1.234772149473428726e-02 1.279689930379390717e-02 1.197647769004106522e-02 1.191892754286527634e-02 1.169087365269660950e-02 1.229525078088045120e-02 1.177821308374404907e-02
8.376753507014027988e+00 1.197631750255823135e-02 1.107439282350242138e-03 1.163579151034355164e-02 1.182023156434297562e-02 1.170261763036251068e-02 1.233294978737831116e-02 1.278467010706663132e-02 1.196016743779182434e-02 1.190268527716398239e-02 1.167424675077199936e-02 1.227566506713628769e-02 1.176070608198642731e-02
8.396793587174348872e+00 1.196315512061119080e-02 1.113338628783822060e-03 1.161515153944492340e-02 1.180622074753046036e-02 1.168106123805046082e-02 1.231698039919137955e-02 1.277320180088281631e-02 1.194490399211645126e-02 1.188615988940000534e-02 1.165727619081735611e-02 1.225704420357942581e-02 1.174149569123983383e-02
8.416833667334669755e+00 1.194896548986434937e-02 1.119749154895544052e-03 1.159503776580095291e-02 1.179125066846609116e-02 1.165996678173542023e-02 1.230078097432851791e-02 1.276186108589172363e-02 1.193064078688621521e-02 1.187002845108509064e-02 1.164051424711942673e-02 1.223922241479158401e-02 1.172057911753654480e-02
8.436873747494988862e+00 1.193419191986322403e-02 1.124989357776939869e-03 1.157574634999036789e-02 1.177566777914762497e-02 1.164044719189405441e-02 1.228349097073078156e-02 1.275006774812936783e-02 1.191766187548637390e-02 1.185342017561197281e-02 1.162383891642093658e-02 1.222114544361829758e-02 1.169942319393157959e-02
8.456913827655309746e+00 1.191859971731901169e-02 1.130373915657401085e-03 1.155553106218576431e-02 1.176030375063419342e-02 1.162023097276687622e-02 1.226595137268304825e-02 1.273821666836738586e-02 1.190455909818410873e-02 1.183878537267446518e-02 1.160766649991273880e-02 1.220430713146924973e-02 1.167963445186614990e-02
8.476953907815630629e+00 1.190218888223171234e-02 1.135215279646217823e-03 1.153729576617479324e-02 1.174349244683980942e-02 1.160226296633481979e-02 1.224818825721740723e-02 1.272752415388822556e-02 1.189139951020479202e-02 1.182447839528322220e-02 1.159309130162000656e-02 1.218860782682895660e-02 1.166056375950574875e-02
8.496993987975951512e+00 1.188570354133844376e-02 1.140193082392215729e-03 1.152072940021753311e-02 1.172685250639915466e-02 1.158396061509847641e-02 1.223161630332469940e-02 1.271686144173145294e-02 1.187914609909057617e-02 1.181030459702014923e-02 1.157864090055227280e-02 1.217438187450170517e-02 1.164213195443153381e-02
8.517034068136272396e+00 1.186896581202745438e-02 1.144726178608834743e-03 1.150436047464609146e-02 1.171015948057174683e-02 1.156526431441307068e-02 1.221581734716892242e-02 1.270571909844875336e-02 1.186713669449090958e-02 1.179576478898525238e-02 1.156421098858118057e-02 1.215973496437072754e-02 1.162527129054069519e-02
8.537074148296593279e+00 1.185155380517244339e-02 1.150033902376890182e-03 1.148938015103340149e-02 1.169393863528966904e-02 1.154673099517822266e-02 1.220044959336519241e-02 1.269522402435541153e-02 1.185549888759851456e-02 1.177992299199104309e-02 1.154829654842615128e-02 1.214579213410615921e-02 1.160844136029481888e-02
8.557114228456914162e+00 1.183519884943962097e-02 1.154602505266666412e-03 1.147398818284273148e-02 1.167646516114473343e-02 1.152936276048421860e-02 1.218520011752843857e-02 1.268454641103744507e-02 1.184452697634696960e-02 1.176325976848602295e-02 1.153285615146160126e-02 1.213158667087554932e-02 1.159403100609779358e-02
8.577154308617233269e+00 1.181978732347488403e-02 1.158373663201928139e-03 1.145863998681306839e-02 1.165829319506883621e-02 1.151174213737249374e-02 1.216925401240587234e-02 1.267320290207862854e-02 1.183154247701168060e-02 1.174541749060153961e-02 1.151738129556179047e-02 1.211796142160892487e-02 1.158177945762872696e-02
8.597194388777554153e+00 1.180503889918327332e-02 1.161308726295828819e-03 1.144447084516286850e-02 1.163945533335208893e-02 1.149430871009826660e-02 1.215576473623514175e-02 1.266021654009819031e-02 1.181776914745569229e-02 1.172841526567935944e-02 1.150198280811309814e-02 1.210491452366113663e-02 1.157004665583372116e-02
8.617234468937875036e+00 1.179111748933792114e-02 1.164846238680183887e-03 1.142887491732835770e-02 1.162005774676799774e-02 1.147618610411882401e-02 1.214219443500041962e-02 1.264694053679704666e-02 1.180312689393758774e-02 1.171216461807489395e-02 1.148622203618288040e-02 1.209174096584320068e-02 1.155761908739805222e-02
8.637274549098195919e+00 1.177600305527448654e-02 1.168502378277480602e-03 1.141323707997798920e-02 1.160155329853296280e-02 1.145948842167854309e-02 1.212791260331869125e-02 1.263300888240337372e-02 1.178810000419616699e-02 1.169655099511146545e-02 1.146793551743030548e-02 1.207981351763010025e-02 1.154371909797191620e-02
8.657314629258516803e+00 1.175966300070285797e-02 1.171602867543697357e-03 1.139895524829626083e-02 1.158339437097311020e-02 1.144253462553024292e-02 1.211299840360879898e-02 1.261853612959384918e-02 1.177186239510774612e-02 1.168194133788347244e-02 1.144914980977773666e-02 1.206768397241830826e-02 1.152801886200904846e-02
8.677354709418837686e+00 1.174275763332843781e-02 1.174668781459331512e-03 1.138619054108858109e-02 1.156466640532016754e-02 1.142483390867710114e-02 1.209837943315505981e-02 1.260353811085224152e-02 1.175316516309976578e-02 1.166748628020286560e-02 1.142923906445503235e-02 1.205552928149700165e-02 1.151172537356615067e-02
8.697394789579158569e+00 1.172589138150215149e-02 1.178127713501453400e-03 1.137183979153633118e-02 1.154682505875825882e-02 1.140662655234336853e-02 1.208328548818826675e-02 1.258861739188432693e-02 1.173304021358489990e-02 1.165332924574613571e-02 1.141002308577299118e-02 1.204271428287029266e-02 1.149367075413465500e-02
8.717434869739479453e+00 1.170907635241746902e-02 1.181449042633175850e-03 1.135805062949657440e-02 1.152961980551481247e-02 1.138848531991243362e-02 1.206864975392818451e-02 1.257369294762611389e-02 1.171332038938999176e-02 1.163901295512914658e-02 1.139154657721519470e-02 1.202864013612270355e-02 1.147309131920337677e-02
8.737474949899798560e+00 1.169238705188035965e-02 1.183697488158941269e-03 1.134493295103311539e-02 1.151351071894168854e-02 1.137146633118391037e-02 1.205501891672611237e-02 1.255758292973041534e-02 1.169332303106784821e-02 1.162209082394838333e-02 1.137301605194807053e-02 1.201384328305721283e-02 1.145177055150270462e-02
8.757515030060119443e+00 1.167618390172719955e-02 1.186865381896495819e-03 1.132964529097080231e-02 1.149734389036893845e-02 1.135509461164474487e-02 1.204156596213579178e-02 1.254175417125225067e-02 1.167288608849048615e-02 1.160521153360605240e-02 1.135352812707424164e-02 1.199834141880273819e-02 1.142992172390222549e-02
8.777555110220440326e+00 1.166014838963747025e-02 1.188685069791972637e-03 1.131451781839132309e-02 1.148015819489955902e-02 1.133864559233188629e-02 1.202800218015909195e-02 1.252484880387783051e-02 1.165216881781816483e-02 1.158872805535793304e-02 1.133380364626646042e-02 1.198040042072534561e-02 1.140848826617002487e-02
8.797595190380761210e+00 1.164393592625856400e-02 1.190843991935253143e-03 1.129841431975364685e-02 1.146291289478540421e-02 1.132206991314888000e-02 1.201372407376766205e-02 1.250733621418476105e-02 1.163218915462493896e-02 1.157277356833219528e-02 1.131344400346279144e-02 1.196337211877107620e-02 1.138600334525108337e-02
8.817635270541082093e+00 1.162715442478656769e-02 1.191448885947465897e-03 1.128484681248664856e-02 1.144525129348039627e-02 1.130620855838060379e-02 1.199826691299676895e-02 1.248996425420045853e-02 1.161294989287853241e-02 1.155717577785253525e-02 1.129402779042720795e-02 1.194604299962520599e-02 1.136409863829612732e-02
8.837675350701402976e+00 1.161061041057109833e-02 1.192661817185580730e-03 1.127143483608961105e-02 1.142663788050413132e-02 1.129051391035318375e-02 1.198316738009452820e-02 1.247291732579469681e-02 1.159575302153825760e-02 1.154095772653818130e-02 1.127453427761793137e-02 1.192913018167018890e-02 1.134209800511598587e-02
8.857715430861723860e+00 1.159451436251401901e-02 1.194020849652588367e-03 1.125941518694162369e-02 1.140762865543365479e-02 1.127489283680915833e-02 1.196740288287401199e-02 1.245664060115814209e-02 1.158068142831325531e-02 1.152301300317049026e-02 1.125388219952583313e-02 1.191107742488384247e-02 1.132008153945207596e-02
8.877755511022042967e+00 1.157849282026290894e-02 1.195654855109751225e-03 1.124614011496305466e-02 1.138755585998296738e-02 1.125969830900430679e-02 1.195161603391170502e-02 1.244004163891077042e-02 1.156632229685783386e-02 1.150521170347929001e-02 1.123314630240201950e-02 1.189295575022697449e-02 1.129786204546689987e-02
8.897795591182363850e+00 1.156207919120788574e-02 1.197233563289046288e-03 1.123200636357069016e-02 1.136812474578619003e-02 1.124353986233472824e-02 1.193635817617177963e-02 1.242350880056619644e-02 1.155228819698095322e-02 1.148655358701944351e-02 1.121317502111196518e-02 1.187320332974195480e-02 1.127619668841362000e-02
8.917835671342684734e+00 1.154665369540452957e-02 1.199953025206923485e-03 1.121626887470483780e-02 1.134834904223680496e-02 1.122584752738475800e-02 1.192180905491113663e-02 1.240670494735240936e-02 1.153743453323841095e-02 1.146851107478141785e-02 1.119231525808572769e-02 1.185282506048679352e-02 1.125431898981332779e-02
8.937875751503005617e+00 1.153097581118345261e-02 1.202900195494294167e-03 1.120014023035764694e-02 1.132892165333032608e-02 1.120752468705177307e-02 1.190683338791131973e-02 1.238934975117444992e-02 1.152358110994100571e-02 1.144971325993537903e-02 1.117044314742088318e-02 1.183467265218496323e-02 1.123429182916879654e-02
8.957915831663326500e+00 1.151521503925323486e-02 1.206357963383197784e-03 1.118206605315208435e-02 1.131061743944883347e-02 1.118855923414230347e-02 1.189275830984115601e-02 1.237203553318977356e-02 1.150793954730033875e-02 1.143250614404678345e-02 1.115048211067914963e-02 1.181768625974655151e-02 1.121426559984683990e-02
8.977955911823647384e+00 1.149821002036333084e-02 1.209428417496383190e-03 1.116307731717824936e-02 1.129406038671731949e-02 1.116711739450693130e-02 1.187792513519525528e-02 1.235397998243570328e-02 1.149150170385837555e-02 1.141495350748300552e-02 1.113150641322135925e-02 1.180060300976037979e-02 1.119387522339820862e-02
8.997995991983968267e+00 1.148036587983369827e-02 1.213336247019469738e-03 1.114226691424846649e-02 1.127781160175800323e-02 1.114513818174600601e-02 1.186341326683759689e-02 1.233597658574581146e-02 1.147338934242725372e-02 1.139845792204141617e-02 1.111336238682270050e-02 1.178411673754453659e-02 1.117229182273149490e-02
9.018036072144287374e+00 1.146160811185836792e-02 1.217436045408248901e-03 1.112201437354087830e-02 1.126204710453748703e-02 1.112349051982164383e-02 1.184821221977472305e-02 1.231914013624191284e-02 1.145400665700435638e-02 1.138101611286401749e-02 1.109674386680126190e-02 1.176942978054285049e-02 1.115113776177167892e-02
9.038076152304608257e+00 1.144408993422985077e-02 1.221869140863418579e-03 1.110239047557115555e-02 1.124744769185781479e-02 1.110163331031799316e-02 1.183459442108869553e-02 1.230289693921804428e-02 1.143432222306728363e-02 1.136255823075771332e-02 1.108127273619174957e-02 1.175538916140794754e-02 1.113116275519132614e-02
9.058116232464929141e+00 1.142616663128137589e-02 1.225278130732476711e-03 1.108458731323480606e-02 1.123340707272291183e-02 1.108125690370798111e-02 1.182037685066461563e-02 1.228646095842123032e-02 1.141309738159179688e-02 1.134544424712657928e-02 1.106409169733524323e-02 1.174000184983015060e-02 1.111035980284214020e-02
9.078156312625250024e+00 1.140891481190919876e-02 1.227578381076455116e-03 1.106522697955369949e-02 1.121872849762439728e-02 1.106260810047388077e-02 1.180541887879371643e-02 1.226950902491807938e-02 1.139227673411369324e-02 1.132823899388313293e-02 1.104701217263936996e-02 1.172355096787214279e-02 1.109086535871028900e-02
9.098196392785570907e+00 1.139209326356649399e-02 1.229658140800893307e-03 1.104502007365226746e-02 1.120458636432886124e-02 1.104589644819498062e-02 1.179242040961980820e-02 1.225251890718936920e-02 1.137343514710664749e-02 1.130985189229249954e-02 1.103038992732763290e-02 1.170705072581768036e-02 1.107289921492338181e-02
9.118236472945891791e+00 1.137512922286987305e-02 1.230237889103591442e-03 1.102711725980043411e-02 1.118981651961803436e-02 1.102964300662279129e-02 1.177881658077239990e-02 1.223586406558752060e-02 1.135616097599267960e-02 1.129174511879682541e-02 1.101497560739517212e-02 1.168987620621919632e-02 1.105608791112899780e-02
9.138276553106212674e+00 1.135757192969322205e-02 1.230259891599416733e-03 1.101044379174709320e-02 1.117308251559734344e-02 1.101472601294517517e-02 1.176575385034084320e-02 1.221820339560508728e-02 1.133960951119661331e-02 1.127258874475955963e-02 1.099945884197950363e-02 1.167397107928991318e-02 1.103929895907640457e-02
9.158316633266533557e+00 1.133939996361732483e-02 1.228755456395447254e-03 1.099350210279226303e-02 1.115539018064737320e-02 1.099897269159555435e-02 1.175187155604362488e-02 1.220040395855903625e-02 1.132340729236602783e-02 1.125197671353816986e-02 1.098591554909944534e-02 1.165671087801456451e-02 1.102559547871351242e-02
9.178356713426852664e+00 1.132116839289665222e-02 1.227123779244720936e-03 1.097759325057268143e-02 1.113721821457147598e-02 1.098274160176515579e-02 1.173718459904193878e-02 1.218373887240886688e-02 1.130723487585783005e-02 1.123287528753280640e-02 1.097337994724512100e-02 1.163948699831962585e-02 1.101284101605415344e-02
9.198396793587173548e+00 1.130249723792076111e-02 1.225473708473145962e-03 1.096271909773349762e-02 1.111894007772207260e-02 1.096775196492671967e-02 1.172216702252626419e-02 1.216867286711931229e-02 1.129091996699571609e-02 1.121426187455654144e-02 1.096096634864807129e-02 1.162170059978961945e-02 1.100123021751642227e-02
9.218436873747494431e+00 1.128472946584224701e-02 1.222214894369244576e-03 1.094862353056669235e-02 1.110076438635587692e-02 1.095306407660245895e-02 1.170631870627403259e-02 1.215356402099132538e-02 1.127478107810020447e-02 1.119562145322561264e-02 1.095023844391107559e-02 1.160328183323144913e-02 1.099150534719228745e-02
9.238476953907815314e+00 1.126637496054172516e-02 1.219540601596236229e-03 1.093211304396390915e-02 1.108215469866991043e-02 1.093777734786272049e-02 1.168938260525465012e-02 1.213818229734897614e-02 1.125847641378641129e-02 1.117716729640960693e-02 1.093785930424928665e-02 1.158520672470331192e-02 1.098346989601850510e-02
9.258517034068136198e+00 1.124782022088766098e-02 1.217745826579630375e-03 1.091617252677679062e-02 1.106313895434141159e-02 1.092196721583604813e-02 1.167377084493637085e-02 1.212305482476949692e-02 1.124322414398193359e-02 1.115914620459079742e-02 1.092650461941957474e-02 1.156778074800968170e-02 1.097464095801115036e-02
9.278557114228457081e+00 1.122990902513265610e-02 1.216120203025639057e-03 1.090086530894041061e-02 1.104359608143568039e-02 1.090448442846536636e-02 1.165704336017370224e-02 1.210724003612995148e-02 1.122755091637372971e-02 1.114189811050891876e-02 1.091295201331377029e-02 1.155067328363656998e-02 1.096576452255249023e-02
9.298597194388777964e+00 1.121286675333976746e-02 1.214883872307837009e-03 1.088466867804527283e-02 1.102415751665830612e-02 1.088606193661689758e-02 1.164029259234666824e-02 1.209149044007062912e-02 1.121184136718511581e-02 1.112664584070444107e-02 1.089957915246486664e-02 1.153358258306980133e-02 1.095662731677293777e-02
9.318637274549097071e+00 1.119445357471704483e-02 1.214738120324909687e-03 1.086820010095834732e-02 1.100588683038949966e-02 1.086725201457738876e-02 1.162390038371086121e-02 1.207544095814228058e-02 1.119539886713027954e-02 1.110989507287740707e-02 1.088385842740535736e-02 1.151605509221553802e-02 1.094570662826299667e-02
9.338677354709417955e+00 1.117601711302995682e-02 1.215369207784533501e-03 1.085244305431842804e-02 1.098771207034587860e-02 1.084865070879459381e-02 1.160752680152654648e-02 1.206036936491727829e-02 1.117768138647079468e-02 1.109367515891790390e-02 1.086726691573858261e-02 1.149819884449243546e-02 1.093401573598384857e-02
9.358717434869738838e+00 1.115740556269884109e-02 1.216939766891300678e-03 1.083485037088394165e-02 1.096949446946382523e-02 1.083016023039817810e-02 1.158990897238254547e-02 1.204570010304450989e-02 1.116091385483741760e-02 1.107700634747743607e-02 1.084971521049737930e-02 1.148052234202623367e-02 1.092121098190546036e-02
9.378757515030059722e+00 1.113845407962799072e-02 1.218716264702379704e-03 1.081598363816738129e-02 1.095248106867074966e-02 1.081061363220214844e-02 1.157290954142808914e-02 1.202977448701858521e-02 1.114331278949975967e-02 1.106156408786773682e-02 1.083175372332334518e-02 1.146363001316785812e-02 1.090769562870264053e-02
9.398797595190380605e+00 1.112067420035600662e-02 1.219393336214125156e-03 1.080007664859294891e-02 1.093459129333496094e-02 1.079139299690723419e-02 1.155549287796020508e-02 1.201302930712699890e-02 1.112618669867515564e-02 1.104465406388044357e-02 1.081442926079034805e-02 1.144795492291450500e-02 1.089265849441289902e-02
9.418837675350701488e+00 1.110283378511667252e-02 1.218612072989344597e-03 1.078576501458883286e-02 1.091672107577323914e-02 1.077398657798767090e-02 1.153715979307889938e-02 1.199512928724288940e-02 1.110799331218004227e-02 1.102764997631311417e-02 1.079647522419691086e-02 1.143332477658987045e-02 1.087680086493492126e-02
9.438877755511022372e+00 1.108408439904451370e-02 1.218927674926817417e-03 1.076905056834220886e-02 1.089832186698913574e-02 1.075748354196548462e-02 1.151918340474367142e-02 1.197799853980541229e-02 1.108869351446628571e-02 1.100988965481519699e-02 1.077989861369132996e-02 1.141854096204042435e-02 1.086041051894426346e-02
9.458917835671341479e+00 1.106574386358261108e-02 1.218096236698329449e-03 1.075465697795152664e-02 1.088127307593822479e-02 1.074193231761455536e-02 1.150298677384853363e-02 1.196018513292074203e-02 1.106988079845905304e-02 1.099191606044769287e-02 1.076363306492567062e-02 1.140278670936822891e-02 1.084318943321704865e-02
9.478957915831662362e+00 1.104742940515279770e-02 1.218232209794223309e-03 1.074120681732892990e-02 1.086541637778282166e-02 1.072699483484029770e-02 1.148779131472110748e-02 1.194381155073642731e-02 1.105106715112924576e-02 1.097238715738058090e-02 1.074715703725814819e-02 1.138637866824865341e-02 1.082523539662361145e-02
9.498997995991983245e+00 1.102979946881532669e-02 1.217788085341453552e-03 1.072783488780260086e-02 1.084928307682275772e-02 1.071307063102722168e-02 1.147238351404666901e-02 1.192766986787319183e-02 1.103286445140838623e-02 1.095251739025115967e-02 1.073238439857959747e-02 1.136985048651695251e-02 1.080670859664678574e-02
9.519038076152304129e+00 1.101260073482990265e-02 1.217502285726368427e-03 1.071433443576097488e-02 1.083352137356996536e-02 1.069987006485462189e-02 1.145699992775917053e-02 1.191176567226648331e-02 1.101554650813341141e-02 1.093515288084745407e-02 1.071615796536207199e-02 1.135277934372425079e-02 1.078709028661251068e-02
9.539078156312625012e+00 1.099543087184429169e-02 1.216807635501027107e-03 1.069854758679866791e-02 1.081820949912071228e-02 1.068687718361616135e-02 1.143949106335639954e-02 1.189629919826984406e-02 1.099946163594722748e-02 1.091980282217264175e-02 1.070156134665012360e-02 1.133534777909517288e-02 1.076642517000436783e-02
9.559118236472945895e+00 1.097856648266315460e-02 1.217436743900179863e-03 1.068123709410429001e-02 1.080279145389795303e-02 1.067241560667753220e-02 1.142038777470588684e-02 1.188146788626909256e-02 1.098203845322132111e-02 1.090563740581274033e-02 1.068623457103967667e-02 1.131901331245899200e-02 1.074412465095520020e-02
9.579158316633266779e+00 1.096058730036020279e-02 1.218067249283194542e-03 1.066218595951795578e-02 1.078626513481140137e-02 1.065694727003574371e-02 1.140106655657291412e-02 1.186533179134130478e-02 1.096545811742544174e-02 1.089279819279909134e-02 1.067174784839153290e-02 1.130379829555749893e-02 1.072266604751348495e-02
9.599198396793587662e+00 1.094281300902366638e-02 1.219770987518131733e-03 1.064139604568481445e-02 1.076949108392000198e-02 1.064110174775123596e-02 1.138261705636978149e-02 1.184918452054262161e-02 1.095033157616853714e-02 1.087961159646511078e-02 1.065706834197044373e-02 1.128809433430433273e-02 1.069982443004846573e-02
9.619238476953906769e+00 1.092404965311288834e-02 1.220080303028225899e-03 1.062202733010053635e-02 1.075193937867879868e-02 1.062603760510683060e-02 1.136413682252168655e-02 1.183178368955850601e-02 1.093767303973436356e-02 1.086673047393560410e-02 1.064318697899580002e-02 1.127179618924856186e-02 1.067709177732467651e-02
9.639278557114227652e+00 1.090578828006982803e-02 1.219027093611657619e-03 1.060563419014215469e-02 1.073395740240812302e-02 1.061057019978761673e-02 1.134606357663869858e-02 1.181359123438596725e-02 1.092404499650001526e-02 1.085330359637737274e-02 1.063058059662580490e-02 1.125592924654483795e-02 1.065507251769304276e-02
9.659318637274548536e+00 1.088707055896520615e-02 1.218975638039410114e-03 1.058919355273246765e-02 1.071564666926860809e-02 1.059437822550535202e-02 1.133013051003217697e-02 1.179528981447219849e-02 1.091044209897518158e-02 1.083779055625200272e-02 1.061800774186849594e-02 1.123936008661985397e-02 1.063319668173789978e-02
9.679358717434869419e+00 1.086967438459396362e-02 1.218050601892173290e-03 1.057504769414663315e-02 1.069707609713077545e-02 1.057583652436733246e-02 1.131327357143163681e-02 1.177652645856142044e-02 1.089785154908895493e-02 1.082084048539400101e-02 1.060487143695354462e-02 1.122301071882247925e-02 1.061203517019748688e-02
9.699398797595190302e+00 1.085376180708408356e-02 1.217699260450899601e-03 1.056087389588356018e-02 1.067811716347932816e-02 1.055691018700599670e-02 1.129478681832551956e-02 1.175882760435342789e-02 1.088637765496969223e-02 1.080325804650783539e-02 1.058983150869607925e-02 1.120805554091930389e-02 1.059191673994064331e-02
9.719438877755511186e+00 1.083889510482549667e-02 1.218091463670134544e-03 1.054769102483987808e-02 1.065934915095567703e-02 1.053829025477170944e-02 1.127717085182666779e-02 1.174174528568983078e-02 1.087480876594781876e-02 1.078607700765132904e-02 1.057399064302444458e-02 1.119459141045808792e-02 1.057183276861906052e-02
9.739478957915832069e+00 1.082429569214582443e-02 1.220183330588042736e-03 1.053532678633928299e-02 1.064109615981578827e-02 1.051728520542383194e-02 1.125925965607166290e-02 1.172600220888853073e-02 1.086218748241662979e-02 1.076974719762802124e-02 1.055680401623249054e-02 1.118260715156793594e-02 1.055246498435735703e-02
9.759519038076151176e+00 1.081051118671894073e-02 1.224025036208331585e-03 1.052154228091239929e-02 1.062365435063838959e-02 1.049638353288173676e-02 1.124336384236812592e-02 1.171041931957006454e-02 1.084906794130802155e-02 1.075217314064502716e-02 1.053841970860958099e-02 1.117193698883056641e-02 1.053230836987495422e-02
9.779559118236472059e+00 1.079709082841873169e-02 1.226029125973582268e-03 1.050756126642227173e-02 1.060646865516901016e-02 1.047785300761461258e-02 1.122636441141366959e-02 1.169472653418779373e-02 1.083577051758766174e-02 1.073479093611240387e-02 1.052043400704860687e-02 1.115989778190851212e-02 1.051334477961063385e-02
9.799599198396792943e+00 1.078562065958976746e-02 1.228608074598014355e-03 1.049357000738382339e-02 1.058996655046939850e-02 1.045782212167978287e-02 1.121048536151647568e-02 1.168002560734748840e-02 1.082194410264492035e-02 1.071866042912006378e-02 1.050184294581413269e-02 1.114647928625345230e-02 1.049500983208417892e-02
9.819639278557113826e+00 1.077490579336881638e-02 1.232632785104215145e-03 1.047865860164165497e-02 1.057232543826103210e-02 1.044015772640705109e-02 1.119670365005731583e-02 1.166673377156257629e-02 1.080884505063295364e-02 1.070223096758127213e-02 1.048283465206623077e-02 1.113289501518011093e-02 1.047757640480995178e-02
9.839679358717434710e+00 1.076321490108966827e-02 1.236009178683161736e-03 1.046509202569723129e-02 1.055460702627897263e-02 1.042411476373672485e-02 1.118428818881511688e-02 1.165317930281162262e-02 1.079613994807004929e-02 1.068713143467903137e-02 1.046356931328773499e-02 1.111950818449258804e-02 1.046246197074651718e-02
9.859719438877755593e+00 1.075071468949317932e-02 1.238491968251764774e-03 1.045263092964887619e-02 1.053764391690492630e-02 1.040956750512123108e-02 1.117088738828897476e-02 1.163989678025245667e-02 1.078450120985507965e-02 1.067063771188259125e-02 1.044525019824504852e-02 1.110604032874107361e-02 1.044741086661815643e-02
9.879759519038076476e+00 1.073811203241348267e-02 1.241014455445110798e-03 1.044276449829339981e-02 1.052209548652172089e-02 1.039352640509605408e-02 1.115871779620647430e-02 1.162774022668600082e-02 1.077464502304792404e-02 1.065368764102458954e-02 1.042727474123239517e-02 1.109191868454217911e-02 1.043485943228006363e-02
9.899799599198395583e+00 1.072582509368658066e-02 1.245098304934799671e-03 1.043238583952188492e-02 1.050717942416667938e-02 1.037882640957832336e-02 1.114875264465808868e-02 1.161701884120702744e-02 1.076645497232675552e-02 1.063738856464624405e-02 1.040792278945446014e-02 1.107810344547033310e-02 1.042361930012702942e-02
9.919839679358716467e+00 1.071465481072664261e-02 1.247792388312518597e-03 1.042446680366992950e-02 1.049368083477020264e-02 1.036689709872007370e-02 1.113953813910484314e-02 1.160601899027824402e-02 1.076086051762104034e-02 1.062340289354324341e-02 1.038840040564537048e-02 1.106678787618875504e-02 1.041436381638050079e-02
9.939879759519037350e+00 1.070333737879991531e-02 1.251202309504151344e-03 1.041886489838361740e-02 1.048062276095151901e-02 1.035527326166629791e-02 1.113006472587585449e-02 1.159695629030466080e-02 1.075548306107521057e-02 1.061046496033668518e-02 1.036948896944522858e-02 1.105774007737636566e-02 1.040682755410671234e-02
9.959919839679358233e+00 1.069349423050880432e-02 1.254153554327785969e-03 1.041346415877342224e-02 1.046958565711975098e-02 1.034580636769533157e-02 1.112056337296962738e-02 1.159026008099317551e-02 1.075160130858421326e-02 1.060003228485584259e-02 1.035388372838497162e-02 1.105003431439399719e-02 1.040114182978868484e-02
9.979959919839679117e+00 1.068522501736879349e-02 1.256982330232858658e-03 1.040801685303449631e-02 1.046169828623533249e-02 1.033928152173757553e-02 1.111375261098146439e-02 1.158493198454380035e-02 1.074892468750476837e-02 1.059180498123168945e-02 1.034185104072093964e-02 1.104554999619722366e-02 1.039703749120235443e-02
1.000000000000000000e+01 1.068154629319906235e-02 1.257932395674288273e-03 1.040408760309219360e-02 1.045734249055385590e-02 1.033457834273576736e-02 1.110782474279403687e-02 1.158176362514495850e-02 1.074803341180086136e-02 1.058891601860523224e-02 1.033506914973258972e-02 1.104205660521984100e-02 1.039378251880407333e-02
