# Omega RhoOverOmega_mean RhoOverOmega_error RhoOverOmega_sample_0 RhoOverOmega_sample_1 RhoOverOmega_sample_2 RhoOverOmega_sample_3 RhoOverOmega_sample_4 RhoOverOmega_sample_5 RhoOverOmega_sample_6 RhoOverOmega_sample_7 RhoOverOmega_sample_8 RhoOverOmega_sample_9
0.000000000000000000e+00 2.569743664935231209e-03 1.689619530225172639e-04 2.477049594745039940e-03 2.523491857573390007e-03 2.454162575304508209e-03 2.541956724599003792e-03 2.590355230495333672e-03 2.552110701799392700e-03 2.548652701079845428e-03 2.520212903618812561e-03 2.570491051301360130e-03 2.559332875534892082e-03
2.004008016032064049e-02 6.145589281913999002e-08 3.093651912422501482e-08 5.476644560076238122e-08 5.348023179863048426e-08 5.342324271850884543e-08 8.523100092361346469e-08 6.389085882574363495e-08 6.099485716504204902e-08 6.066245816782611655e-08 4.801202635462686885e-08 6.173750932703114813e-08 6.722294898509062477e-08
4.008016032064128098e-02 4.494537009236410086e-08 2.266094512037852837e-08 4.005988785138470121e-08 3.910280454988424026e-08 3.908267132146647782e-08 6.238083471998834284e-08 4.672055098353666835e-08 4.461321267967832682e-08 4.437643497112730984e-08 3.511241786213759042e-08 4.515520402037509484e-08 4.917160367767792195e-08
6.012024048096192147e-02 4.324498092955764150e-08 2.182658853655539133e-08 3.854734131891746074e-08 3.761161337934026960e-08 3.760013811415774398e-08 6.005127772823470877e-08 4.492959959634390543e-08 4.292113331416658184e-08 4.270009412721265107e-08 3.378280766241914534e-08 4.342351189734472428e-08 4.729860236807326146e-08
8.016032064128256196e-02 4.658733843143636477e-08 2.352955874584949925e-08 4.152773414034527377e-08 4.050358626273009577e-08 4.051857516174095508e-08 6.472861713291422348e-08 4.839486678065441083e-08 4.623502292133707670e-08 4.600551406497288554e-08 3.641287094069411978e-08 4.676726916841289494e-08 5.093706434422529128e-08
1.002004008016031955e-01 5.344811171426044893e-08 2.701249179892784014e-08 4.765411532048346999e-08 4.645432838401575282e-08 4.648818929808840039e-08 7.430124071561294841e-08 5.549313897290630848e-08 5.304461936361803964e-08 5.277687975535627629e-08 4.178524193321209168e-08 5.363356336829383508e-08 5.839862637913029175e-08
1.202404809619238429e-01 6.383433515111391898e-08 3.228248601772065740e-08 5.693190985311957775e-08 5.544912440313964908e-08 5.554068138735601678e-08 8.879253954319210607e-08 6.624895121376539464e-08 6.335412905400517047e-08 6.304156840997166000e-08 4.993060898073053977e-08 6.402785146519818227e-08 6.971267652033930062e-08
1.402805611222444904e-01 7.843524940653878730e-08 3.969922346414023195e-08 6.997044010859099217e-08 6.810596175910177408e-08 6.826931553405302111e-08 1.091939765274219099e-07 8.136584028761717491e-08 7.784237965324791730e-08 7.748508323857095093e-08 6.140164288126470638e-08 7.862592354968001018e-08 8.560261477441599709e-08
1.603206412825651239e-01 9.846262116752768634e-08 4.988260826621626620e-08 8.785939797917308169e-08 8.542809126765860128e-08 8.572679632834478980e-08 1.371901419133791933e-07 1.020729527567709738e-07 9.772116982276202179e-08 9.728859140523127280e-08 7.713884997428976931e-08 9.863442329560712096e-08 1.073629718462143501e-07
1.803607214428857575e-01 1.256978094943406177e-07 6.376972550015125307e-08 1.122258694863376149e-07 1.090054482233426825e-07 1.094943016255456314e-07 1.753532785642164527e-07 1.302026646499143681e-07 1.247671974624608993e-07 1.242031686388145317e-07 9.856258742502177483e-08 1.258525372804797371e-07 1.369513142890355084e-07
2.004008016032063910e-01 1.627447971941364813e-07 8.263780415518340305e-08 1.453536953022194211e-07 1.410220988873334136e-07 1.418094370819744654e-07 2.272319221674479195e-07 1.684465757989528356e-07 1.615089644246836542e-07 1.608243849204882281e-07 1.277070964533777442e-07 1.627887371569158859e-07 1.771016258089730400e-07
2.204408817635270523e-01 2.132945127186758327e-07 1.084793908034953347e-07 1.905115993849904044e-07 1.846024701990245376e-07 1.858935405607553548e-07 2.981261388868006179e-07 2.204990181553512230e-07 2.116205166657891823e-07 2.107906595938402461e-07 1.674940932616664213e-07 2.131287999418418622e-07 2.318193281780622783e-07
2.404809619238476859e-01 2.824103830789681524e-07 1.439287160565072554e-07 2.524109561363729881e-07 2.442567108573712176e-07 2.462618908793956507e-07 3.953607006224046927e-07 2.917089716447662795e-07 2.801934328999777790e-07 2.791630606679973425e-07 2.220064203584115603e-07 2.818805739934759913e-07 3.066176077481941320e-07
2.605210420841683194e-01 3.776182779802184086e-07 1.928937649608997162e-07 3.376260053755686386e-07 3.261441463564551668e-07 3.293890245004149619e-07 5.294670017974567600e-07 3.894781173130468233e-07 3.745685148714983370e-07 3.733388496129919076e-07 2.972060997308290098e-07 3.764902487546351040e-07 4.094592611636471702e-07
2.805611222444889807e-01 5.093728532301611267e-07 2.608859972497157287e-07 4.558483226446696790e-07 4.396867723244213266e-07 4.446830246251920471e-07 7.157269124036247376e-07 5.249019636721641291e-07 5.054951657257333864e-07 5.038828021497465670e-07 4.015602996787492884e-07 5.073971465208160225e-07 5.517559316103870515e-07
3.006012024048095865e-01 6.935647434147540480e-07 3.560689378900860902e-07 6.210437391018786002e-07 5.979431989544536918e-07 6.057755967958655674e-07 9.762020454218145460e-07 7.136766839721531142e-07 6.882008847242104821e-07 6.862779287075682078e-07 5.474950057759997435e-07 6.899343816257896833e-07 7.502191010644310154e-07
3.206412825651302478e-01 9.529037470201728866e-07 4.908773689749068581e-07 8.536159157301881351e-07 8.202625281228392851e-07 8.325253020302625373e-07 1.343901772088429425e-06 9.788888064576894976e-07 9.454990390622697305e-07 9.430171985513879918e-07 7.531129995186347514e-07 9.463181527280539740e-07 1.029282657327712514e-06
3.406813627254509091e-01 1.321098352491389960e-06 6.832285635027801618e-07 1.184491452477232087e-06 1.135893512582697440e-06 1.154992219198902603e-06 1.868029926299641374e-06 1.355446102024870925e-06 1.311245114266057499e-06 1.308132482336077373e-06 1.046144802785420325e-06 1.310303787249722518e-06 1.425444452252122574e-06
3.607214428857715149e-01 1.850525563895644154e-06 9.611237601347966120e-07 1.660340672060556244e-06 1.588935219842824154e-06 1.619029148969275411e-06 2.623395403134054504e-06 1.894976890071120579e-06 1.836644855757185724e-06 1.832832253967353608e-06 1.467460833737277426e-06 1.832435486903705169e-06 1.993858631976763718e-06
3.807615230460921762e-01 2.620822215249063447e-06 1.368644461763324216e-06 2.352911224079434760e-06 2.246577423647977412e-06 2.293825446031405590e-06 3.726205250131897628e-06 2.678473720152396709e-06 2.601195546958479099e-06 2.596377726149512455e-06 2.081149432342499495e-06 2.589883479231502861e-06 2.820314421114744619e-06
4.008016032064127820e-01 3.757937975024105981e-06 1.975162604139768519e-06 3.376536142241093330e-06 3.216448703824426048e-06 3.290458380433847196e-06 5.361781859392067418e-06 3.832364200206939131e-06 3.730707021531998180e-06 3.723512691067298874e-06 2.989685981447109953e-06 3.706785946633317508e-06 4.039472514705266804e-06
4.208416833667334433e-01 5.469239567901240662e-06 2.899119181165588088e-06 4.917772912449436262e-06 4.672164777730358765e-06 4.789758349943440408e-06 7.836227268853690475e-06 5.564465482166269794e-06 5.429043085314333439e-06 5.421152764029102400e-06 4.357890702522126958e-06 5.383332336350576952e-06 5.872343990631634369e-06
4.408817635270541047e-01 8.101870662358123809e-06 4.342635747889289632e-06 7.291362635442055762e-06 6.906367161718662828e-06 7.097871730366023257e-06 1.166987749456893653e-05 8.223226359405089170e-06 8.043475645536091179e-06 8.032598088902886957e-06 6.465585556725272909e-06 7.956706213008146733e-06 8.693477866472676396e-06
4.609218436873747105e-01 1.227538905368419364e-05 6.681301329081179574e-06 1.105767569242743775e-05 1.043755855789640918e-05 1.075594809663016349e-05 1.780543243512511253e-05 1.242370126419700682e-05 1.218777561007300392e-05 1.217200133396545425e-05 9.809708899410907179e-06 1.202350540552288294e-05 1.316720317845465615e-05
4.809619238476953718e-01 1.916353721753694117e-05 1.066825734596932307e-05 1.727632843540050089e-05 1.623776006454136223e-05 1.678769513091538101e-05 2.806864176818635315e-05 1.933032945089507848e-05 1.902737676573451608e-05 1.899630115076433867e-05 1.532461465103551745e-05 1.871301537903491408e-05 2.056279299722518772e-05
5.010020040080159776e-01 3.118776294286362827e-05 1.799859455786645412e-05 2.814358413161244243e-05 2.630821472848765552e-05 2.730761661950964481e-05 4.638771497411653399e-05 3.133775317110121250e-05 3.097234002780169249e-05 3.091166945523582399e-05 2.493477586540393531e-05 3.034424844372551888e-05 3.352677958901040256e-05
5.210420841683366389e-01 5.414735642261803150e-05 3.445418042247183621e-05 4.890722630079835653e-05 4.533552055363543332e-05 4.733596142614260316e-05 8.407201676163822412e-05 5.413651524577289820e-05 5.378017158363945782e-05 5.361395596992224455e-05 4.317731509217992425e-05 5.242673796601593494e-05 5.847859938512556255e-05
5.410821643286573002e-01 1.761810272000730038e-04 2.209941390901803970e-03 1.556365896249189973e-04 1.222413848154246807e-04 1.449615956516936421e-04 2.385759726166725159e-03 1.684931921772658825e-04 1.743775501381605864e-04 1.703936868580058217e-04 1.142503169830888510e-04 1.597340597072616220e-04 2.298703620908781886e-04
5.611222444889779615e-01 4.286422207951545715e-02 1.856637559831142426e-02 4.258573055267333984e-02 3.666532039642333984e-02 4.112634435296058655e-02 5.790039151906967163e-02 4.169325530529022217e-02 4.232129454612731934e-02 4.125998169183731079e-02 3.599659353494644165e-02 4.095646366477012634e-02 4.763361811637878418e-02
5.811623246492986228e-01 1.198179274797439575e-01 1.177422981709241867e-02 1.203502714633941650e-01 1.160215511918067932e-01 1.187190786004066467e-01 1.284884512424468994e-01 1.191921979188919067e-01 1.184894219040870667e-01 1.166688725352287292e-01 1.162577420473098755e-01 1.184593141078948975e-01 1.244260966777801514e-01
6.012024048096191731e-01 1.956212967634201050e-01 7.192443124949932098e-03 1.970328837633132935e-01 1.970123052597045898e-01 1.959325075149536133e-01 1.920255720615386963e-01 1.964291483163833618e-01 1.935763210058212280e-01 1.913754194974899292e-01 1.980000138282775879e-01 1.958498805761337280e-01 1.981330215930938721e-01
6.212424849699398344e-01 2.527150511741638184e-01 1.872087083756923676e-02 2.546266913414001465e-01 2.589083313941955566e-01 2.543605268001556396e-01 2.380187362432479858e-01 2.551898360252380371e-01 2.501843571662902832e-01 2.479601949453353882e-01 2.598954439163208008e-01 2.546577751636505127e-01 2.527707219123840332e-01
6.412825651302604957e-01 2.846211791038513184e-01 2.646931819617748260e-02 2.865527570247650146e-01 2.938208878040313721e-01 2.871510684490203857e-01 2.631838917732238770e-01 2.885729074478149414e-01 2.819064557552337646e-01 2.799858450889587402e-01 2.940326929092407227e-01 2.879075109958648682e-01 2.826572954654693604e-01
6.613226452905811570e-01 2.914464175701141357e-01 2.817250229418277740e-02 2.929780483245849609e-01 3.014581501483917236e-01 2.943250238895416260e-01 2.684095799922943115e-01 2.964311242103576660e-01 2.888433039188385010e-01 2.874767780303955078e-01 3.003679513931274414e-01 2.954598963260650635e-01 2.881854176521301270e-01
6.813627254509018183e-01 2.768671810626983643e-01 2.451397851109504700e-02 2.777106761932373047e-01 2.857236266136169434e-01 2.795956730842590332e-01 2.568166553974151611e-01 2.823207974433898926e-01 2.746426463127136230e-01 2.739703059196472168e-01 2.831250131130218506e-01 2.809464335441589355e-01 2.730409801006317139e-01
7.014028056112223686e-01 2.462091743946075439e-01 1.727380044758319855e-02 2.462295293807983398e-01 2.524854540824890137e-01 2.484076321125030518e-01 2.324750870466232300e-01 2.515689432621002197e-01 2.445431500673294067e-01 2.446212470531463623e-01 2.484717965126037598e-01 2.497794032096862793e-01 2.424353957176208496e-01
7.214428857715430299e-01 2.052568793296813965e-01 9.407564066350460052e-03 2.044588178396224976e-01 2.081758677959442139e-01 2.066951692104339600e-01 1.996586024761199951e-01 2.100199162960052490e-01 2.042430937290191650e-01 2.050406187772750854e-01 2.030922919511795044e-01 2.078883200883865356e-01 2.019793987274169922e-01
7.414829659318636912e-01 1.595436036586761475e-01 8.575698360800743103e-03 1.580620408058166504e-01 1.590089201927185059e-01 1.601386666297912598e-01 1.624026745557785034e-01 1.633477509021759033e-01 1.591940522193908691e-01 1.605924367904663086e-01 1.533433347940444946e-01 1.610105633735656738e-01 1.570154428482055664e-01
7.615230460921843525e-01 1.139668598771095276e-01 1.479871757328510284e-02 1.120408102869987488e-01 1.104840338230133057e-01 1.137874349951744080e-01 1.242550909519195557e-01 1.166316270828247070e-01 1.142070591449737549e-01 1.160181686282157898e-01 1.048329323530197144e-01 1.142630428075790405e-01 1.122821122407913208e-01
7.815631262525050138e-01 7.263197004795074463e-02 1.986909285187721252e-02 7.055359333753585815e-02 6.723476946353912354e-02 7.186260074377059937e-02 8.818073570728302002e-02 7.414463162422180176e-02 7.331776618957519531e-02 7.528664916753768921e-02 6.220508739352226257e-02 7.196049392223358154e-02 7.174318283796310425e-02
8.016032064128255641e-01 3.880787640810012817e-02 2.138136886060237885e-02 3.690116852521896362e-02 3.294825181365013123e-02 3.773672878742218018e-02 5.654228106141090393e-02 3.934425115585327148e-02 3.970967233180999756e-02 4.154880344867706299e-02 2.910150215029716492e-02 3.756127506494522095e-02 3.854231536388397217e-02
8.216432865731462254e-01 1.493289787322282791e-02 1.840021088719367981e-02 1.353654731065034866e-02 1.036258880048990250e-02 1.392693165689706802e-02 3.113814629614353180e-02 1.484213303774595261e-02 1.575409621000289917e-02 1.715918071568012238e-02 8.184140548110008240e-03 1.367114577442407608e-02 1.503322273492813110e-02
8.416833667334668867e-01 2.580102300271391869e-03 1.097292266786098480e-02 2.011277945712208748e-03 1.138647086918354034e-03 2.053984906524419785e-03 1.322859805077314377e-02 2.356112934648990631e-03 2.986366627737879753e-03 3.655324922874569893e-03 8.995205280371010303e-04 1.980546629056334496e-03 2.730324165895581245e-03
8.617234468937875480e-01 7.022600620985031128e-04 2.792446175590157509e-03 6.181263015605509281e-04 5.421776440925896168e-04 6.012084195390343666e-04 3.481644438579678535e-03 6.671787705272436142e-04 7.358186994679272175e-04 7.890983251854777336e-04 5.270754918456077576e-04 6.352038471959531307e-04 7.223832653835415840e-04
8.817635270541082093e-01 6.139437318779528141e-04 4.918441409245133400e-04 5.602523451671004295e-04 5.189281655475497246e-04 5.418554646894335747e-04 1.075010281056165695e-03 5.910776671953499317e-04 6.250020232982933521e-04 6.370064802467823029e-04 5.138308042660355568e-04 5.765032256022095680e-04 6.241537630558013916e-04
9.018036072144288706e-01 6.160233751870691776e-04 3.002536250278353691e-04 5.647272919304668903e-04 5.236969445832073689e-04 5.447099683806300163e-04 8.658487931825220585e-04 5.908162565901875496e-04 6.269741570577025414e-04 6.367945461533963680e-04 5.215237033553421497e-04 5.778381600975990295e-04 6.262237438932061195e-04
9.218436873747494209e-01 6.319637759588658810e-04 2.893036289606243372e-04 5.807876004837453365e-04 5.381642258726060390e-04 5.587613559328019619e-04 8.666775538586080074e-04 6.029180949553847313e-04 6.441244040615856647e-04 6.535709835588932037e-04 5.384475225582718849e-04 5.909734754823148251e-04 6.426365580409765244e-04
9.418837675350700822e-01 6.576640298590064049e-04 2.946881868410855532e-04 6.058382568880915642e-04 5.607662023976445198e-04 5.813395255245268345e-04 8.949366165325045586e-04 6.241837982088327408e-04 6.714095361530780792e-04 6.807361496612429619e-04 5.636990536004304886e-04 6.127715460024774075e-04 6.690396112389862537e-04
9.619238476953907435e-01 6.925353663973510265e-04 3.048653888981789351e-04 6.395860691554844379e-04 5.911986227147281170e-04 6.118422024883329868e-04 9.363138815388083458e-04 6.538364687003195286e-04 7.081581279635429382e-04 7.175796199589967728e-04 5.969226476736366749e-04 6.430079811252653599e-04 7.049206178635358810e-04
9.819639278557114048e-01 7.365495548583567142e-04 3.188395639881491661e-04 6.820310954935848713e-04 6.297033396549522877e-04 6.506980862468481064e-04 9.898919379338622093e-04 6.917721475474536419e-04 7.545677362941205502e-04 7.642541895620524883e-04 6.385204032994806767e-04 6.815815577283501625e-04 7.504332461394369602e-04
1.002004008016031955e+00 7.907678373157978058e-04 3.368550096638500690e-04 7.341002929024398327e-04 6.766794831492006779e-04 6.981793558225035667e-04 1.056130509823560715e-03 7.381926989182829857e-04 8.114996016956865788e-04 8.213380933739244938e-04 6.892637466080486774e-04 7.290553767234086990e-04 8.063031127676367760e-04
1.022044088176352616e+00 8.556776447221636772e-04 3.586287202779203653e-04 7.966635748744010925e-04 7.332881796173751354e-04 7.554070325568318367e-04 1.135751372203230858e-03 7.942127413116395473e-04 8.799719507806003094e-04 8.899204549379646778e-04 7.499373168684542179e-04 7.858923636376857758e-04 8.736563613638281822e-04
1.042084168336673278e+00 9.331423789262771606e-04 3.851467918138951063e-04 8.715976728126406670e-04 8.005343843251466751e-04 8.235674467869102955e-04 1.231030095368623734e-03 8.608413627371191978e-04 9.616833995096385479e-04 9.719362715259194374e-04 8.224165649153292179e-04 8.538963738828897476e-04 9.539219900034368038e-04
1.062124248496993939e+00 1.025300938636064529e-03 4.185711441095918417e-04 9.608816471882164478e-04 8.805475081317126751e-04 9.048258070833981037e-04 1.346150413155555725e-03 9.395920787937939167e-04 1.059116097167134285e-03 1.069972757250070572e-03 9.088081424124538898e-04 9.340607211925089359e-04 1.050008693709969521e-03
1.082164328657314600e+00 1.136324717663228512e-03 4.696190007962286472e-04 1.069069956429302692e-03 9.756464278325438499e-04 1.002001459710299969e-03 1.496413373388350010e-03 1.032836502417922020e-03 1.177386613562703133e-03 1.189563539810478687e-03 1.012496300972998142e-03 1.029380480758845806e-03 1.166916801594197750e-03
1.102204408817635262e+00 1.277146511711180210e-03 5.852323374710977077e-04 1.210971269756555557e-03 1.091435784474015236e-03 1.122990157455205917e-03 1.741968211717903614e-03 1.144237350672483444e-03 1.334407366812229156e-03 1.352163380943238735e-03 1.142415916547179222e-03 1.144326757639646530e-03 1.323272124864161015e-03
1.122244488977955923e+00 1.503376173786818981e-03 9.583579376339912415e-04 1.464433269575238228e-03 1.249190652742981911e-03 1.308113802224397659e-03 2.309982199221849442e-03 1.286311191506683826e-03 1.617065747268497944e-03 1.661756308749318123e-03 1.345411525107920170e-03 1.296240719966590405e-03 1.614902983419597149e-03
1.142284569138276584e+00 2.077022800222039223e-03 2.122764009982347488e-03 2.199394861236214638e-03 1.565110520459711552e-03 1.770196133293211460e-03 3.825430758297443390e-03 1.519217039458453655e-03 2.399964258074760437e-03 2.557822270318865776e-03 1.866252743639051914e-03 1.574601395986974239e-03 2.455966547131538391e-03
1.162324649298597246e+00 3.841405967250466347e-03 4.661054816097021103e-03 4.482763353735208511e-03 2.567761344835162163e-03 3.318069037050008774e-03 7.150293793529272079e-03 2.131144981831312180e-03 4.665763117372989655e-03 5.097392480820417404e-03 3.602529643103480339e-03 2.385104075074195862e-03 4.915140103548765182e-03
1.182364729458917685e+00 7.966788485646247864e-03 8.159480057656764984e-03 9.375675581395626068e-03 5.549867637455463409e-03 7.250574883073568344e-03 1.269163284450769424e-02 4.040712956339120865e-03 9.389452636241912842e-03 1.017067022621631622e-02 7.873098365962505341e-03 4.841736052185297012e-03 9.961051866412162781e-03
1.202404809619238346e+00 1.481670234352350235e-02 1.152003556489944458e-02 1.700500585138797760e-02 1.140579953789710999e-02 1.401702221482992172e-02 2.039214409887790680e-02 8.457359857857227325e-03 1.672960072755813599e-02 1.785304956138134003e-02 1.505250763148069382e-02 1.000141538679599762e-02 1.769190467894077301e-02
1.222444889779559007e+00 2.418201975524425507e-02 1.421794481575489044e-02 2.707323804497718811e-02 2.007524855434894562e-02 2.340786717832088470e-02 3.001338243484497070e-02 1.570292562246322632e-02 2.642471902072429657e-02 2.786258608102798462e-02 2.487871050834655762e-02 1.797154732048511505e-02 2.781514637172222137e-02
1.242484969939879669e+00 3.569660335779190063e-02 1.617859862744808197e-02 3.918366506695747375e-02 3.118881769478321075e-02 3.504154458642005920e-02 4.127371311187744141e-02 2.553779259324073792e-02 3.810465335845947266e-02 3.983157128095626831e-02 3.693569079041481018e-02 2.844680286943912506e-02 3.994696214795112610e-02
1.262525050100200330e+00 4.897104203701019287e-02 1.746277324855327606e-02 5.293790251016616821e-02 4.432311281561851501e-02 4.850531369447708130e-02 5.388459190726280212e-02 3.758313506841659546e-02 5.140051618218421936e-02 5.338615179061889648e-02 5.078813806176185608e-02 4.102818295359611511e-02 5.370281264185905457e-02
1.282565130260520991e+00 6.363303959369659424e-02 1.816433668136596680e-02 6.795991957187652588e-02 5.905383825302124023e-02 6.340847164392471313e-02 6.757237017154693604e-02 5.144392699003219604e-02 6.595092266798019409e-02 6.817445158958435059e-02 6.602708995342254639e-02 5.531283095479011536e-02 6.871396303176879883e-02
1.302605210420841653e+00 7.933290302753448486e-02 1.838437095284461975e-02 8.391242474317550659e-02 7.500106096267700195e-02 7.939040660858154297e-02 8.207795023918151855e-02 6.673721224069595337e-02 8.143869042396545410e-02 8.386830985546112061e-02 8.228715509176254272e-02 7.092127203941345215e-02 8.464779704809188843e-02
1.322645290581162314e+00 9.576842188835144043e-02 1.822514459490776062e-02 1.004898697137832642e-01 9.181404858827590942e-02 9.612780809402465820e-02 9.716981649398803711e-02 8.310773223638534546e-02 9.757058322429656982e-02 1.001814007759094238e-01 9.923806786537170410e-02 8.751051127910614014e-02 1.012046486139297485e-01
1.342685370741482975e+00 1.126608923077583313e-01 1.777585409581661224e-02 1.174187436699867249e-01 1.091850921511650085e-01 1.133300513029098511e-01 1.126364246010780334e-01 1.002407968044281006e-01 1.140868812799453735e-01 1.168583333492279053e-01 1.165915131568908691e-01 1.047680601477622986e-01 1.181189343333244324e-01
1.362725450901803637e+00 1.297668814659118652e-01 1.711839251220226288e-02 1.344636380672454834e-01 1.268401890993118286e-01 1.307415068149566650e-01 1.282890737056732178e-01 1.178548708558082581e-01 1.307633817195892334e-01 1.336702704429626465e-01 1.340844780206680298e-01 1.224154084920883179e-01 1.351572871208190918e-01
1.382765531062124298e+00 1.468705683946609497e-01 1.632499322295188904e-02 1.514187604188919067e-01 1.445393115282058716e-01 1.481375545263290405e-01 1.439623981714248657e-01 1.357041895389556885e-01 1.474032104015350342e-01 1.504182666540145874e-01 1.514996290206909180e-01 1.402073651552200317e-01 1.521119028329849243e-01
1.402805611222444737e+00 1.637879461050033569e-01 1.547031570225954056e-02 1.681061387062072754e-01 1.620723605155944824e-01 1.653283089399337769e-01 1.595048010349273682e-01 1.535633802413940430e-01 1.638327091932296753e-01 1.669274568557739258e-01 1.686445623636245728e-01 1.579306274652481079e-01 1.688086092472076416e-01
1.422845691382765398e+00 1.803591400384902954e-01 1.462528854608535767e-02 1.843752115964889526e-01 1.792626827955245972e-01 1.821479201316833496e-01 1.747851520776748657e-01 1.712411046028137207e-01 1.799005419015884399e-01 1.830543577671051025e-01 1.853633373975753784e-01 1.753958314657211304e-01 1.850960254669189453e-01
1.442885771543086060e+00 1.964450329542160034e-01 1.385208033025264740e-02 2.001000940799713135e-01 1.959598511457443237e-01 1.984540075063705444e-01 1.896914541721343994e-01 1.885689198970794678e-01 1.954833716154098511e-01 1.986735910177230835e-01 2.015165984630584717e-01 1.924450397491455078e-01 2.008470594882965088e-01
1.462925851703406721e+00 2.119335830211639404e-01 1.320639438927173615e-02 2.151728272438049316e-01 2.120431810617446899e-01 2.141245156526565552e-01 2.041260898113250732e-01 2.054038643836975098e-01 2.104717493057250977e-01 2.136783599853515625e-01 2.169900536537170410e-01 2.089421302080154419e-01 2.159537076950073242e-01
1.482965931863727382e+00 2.267250120639801025e-01 1.273593399673700333e-02 2.295019328594207764e-01 2.274060547351837158e-01 2.290583550930023193e-01 2.180052548646926880e-01 2.216219753026962280e-01 2.247834503650665283e-01 2.279855012893676758e-01 2.316936552524566650e-01 2.247729897499084473e-01 2.303275167942047119e-01
1.503006012024048044e+00 2.407401651144027710e-01 1.247561629861593246e-02 2.430226653814315796e-01 2.419632226228713989e-01 2.431772500276565552e-01 2.312577515840530396e-01 2.371194511651992798e-01 2.383470833301544189e-01 2.415187805891036987e-01 2.455531656742095947e-01 2.398423999547958374e-01 2.438989728689193726e-01
1.523046092184368705e+00 2.539232969284057617e-01 1.243717409670352936e-02 2.556811571121215820e-01 2.556473016738891602e-01 2.564200460910797119e-01 2.438281029462814331e-01 2.518170177936553955e-01 2.511059343814849854e-01 2.542243599891662598e-01 2.585135400295257568e-01 2.540722787380218506e-01 2.566116452217102051e-01
1.543086172344689366e+00 2.662253379821777344e-01 1.261239405721426010e-02 2.674341201782226562e-01 2.684062719345092773e-01 2.687376141548156738e-01 2.556686401367187500e-01 2.656412124633789062e-01 2.630169391632080078e-01 2.660614252090454102e-01 2.705318927764892578e-01 2.674023509025573730e-01 2.684218287467956543e-01
1.563126252505010028e+00 2.776064574718475342e-01 1.297508738934993744e-02 2.782532274723052979e-01 2.802046537399291992e-01 2.800984084606170654e-01 2.667424976825714111e-01 2.785404920578002930e-01 2.740506827831268311e-01 2.769948542118072510e-01 2.815766632556915283e-01 2.797884047031402588e-01 2.793012857437133789e-01
1.583166332665330689e+00 2.880463600158691406e-01 1.348888408392667770e-02 2.881245613098144531e-01 2.910141646862030029e-01 2.904764115810394287e-01 2.770212292671203613e-01 2.904694974422454834e-01 2.841845154762268066e-01 2.870051860809326172e-01 2.916323840618133545e-01 2.911940813064575195e-01 2.892315983772277832e-01
1.603206412825651128e+00 2.975302636623382568e-01 1.411346904933452606e-02 2.970368862152099609e-01 3.008143603801727295e-01 2.998595535755157471e-01 2.864834666252136230e-01 3.014102280139923096e-01 2.934070825576782227e-01 2.960824072360992432e-01 3.006871044635772705e-01 3.015965223312377930e-01 2.982025742530822754e-01
1.623246492985971789e+00 3.060541152954101562e-01 1.481189485639333725e-02 3.049913644790649414e-01 3.096075356006622314e-01 3.082453906536102295e-01 2.951153516769409180e-01 3.113315999507904053e-01 3.017117977142333984e-01 3.042223453521728516e-01 3.087440431118011475e-01 3.109830021858215332e-01 3.062117099761962891e-01
1.643286573146292451e+00 3.136159181594848633e-01 1.555169094353914261e-02 3.119943439960479736e-01 3.173929154872894287e-01 3.156335651874542236e-01 3.029096424579620361e-01 3.202323019504547119e-01 3.091018199920654297e-01 3.114295005798339844e-01 3.158140182495117188e-01 3.193483054637908936e-01 3.132646679878234863e-01
1.663326653306613112e+00 3.202269077301025391e-01 1.630536466836929321e-02 3.180587291717529297e-01 3.241800069808959961e-01 3.220356404781341553e-01 3.098668158054351807e-01 3.281137049198150635e-01 3.155864477157592773e-01 3.177125453948974609e-01 3.219082653522491455e-01 3.266965150833129883e-01 3.193745613098144531e-01
1.683366733466933773e+00 3.258988559246063232e-01 1.705354452133178711e-02 3.232015669345855713e-01 3.299852907657623291e-01 3.274704217910766602e-01 3.159898519515991211e-01 3.349808752536773682e-01 3.211793601512908936e-01 3.230850100517272949e-01 3.270460665225982666e-01 3.330393135547637939e-01 3.245583176612854004e-01
1.703406813627254435e+00 3.306511342525482178e-01 1.777590811252593994e-02 3.274452388286590576e-01 3.348308503627777100e-01 3.319583833217620850e-01 3.212863206863403320e-01 3.408404588699340820e-01 3.258971273899078369e-01 3.275684416294097900e-01 3.312536180019378662e-01 3.383888304233551025e-01 3.288348615169525146e-01
1.723446893787575096e+00 3.345066308975219727e-01 1.846198737621307373e-02 3.308174014091491699e-01 3.387406766414642334e-01 3.355278372764587402e-01 3.257682323455810547e-01 3.457140922546386719e-01 3.297584652900695801e-01 3.311846852302551270e-01 3.345600664615631104e-01 3.427663147449493408e-01 3.322317302227020264e-01
1.743486973947895757e+00 3.374902009963989258e-01 1.910163275897502899e-02 3.333474099636077881e-01 3.417442142963409424e-01 3.382023274898529053e-01 3.294524848461151123e-01 3.496258258819580078e-01 3.327914178371429443e-01 3.339628875255584717e-01 3.369924128055572510e-01 3.461985886096954346e-01 3.347782790660858154e-01
1.763527054108216419e+00 3.396309316158294678e-01 1.968658715486526489e-02 3.350700139999389648e-01 3.438701927661895752e-01 3.400185108184814453e-01 3.323541283607482910e-01 3.526006340980529785e-01 3.350242376327514648e-01 3.359302878379821777e-01 3.385868966579437256e-01 3.487125933170318604e-01 3.365057408809661865e-01
1.783567134268537080e+00 3.409622609615325928e-01 2.020944282412528992e-02 3.360165655612945557e-01 3.451544344425201416e-01 3.410134017467498779e-01 3.344970047473907471e-01 3.546654284000396729e-01 3.364864885807037354e-01 3.371168076992034912e-01 3.393830955028533936e-01 3.503407537937164307e-01 3.374470174312591553e-01
1.803607214428857741e+00 3.415158689022064209e-01 2.066799066960811615e-02 3.362219631671905518e-01 3.456296622753143311e-01 3.412238955497741699e-01 3.359035551548004150e-01 3.558531999588012695e-01 3.372080922126770020e-01 3.375562131404876709e-01 3.394199311733245850e-01 3.511214554309844971e-01 3.376384079456329346e-01
1.823647294589178181e+00 3.413313329219818115e-01 2.106104604899883270e-02 3.357238471508026123e-01 3.453409671783447266e-01 3.406889736652374268e-01 3.366000652313232422e-01 3.561990559101104736e-01 3.372203409671783447e-01 3.372816145420074463e-01 3.387301862239837646e-01 3.510906398296356201e-01 3.371149003505706787e-01
1.843687374749498842e+00 3.404414057731628418e-01 2.138761803507804871e-02 3.345603942871093750e-01 3.443240225315093994e-01 3.394464552402496338e-01 3.366152346134185791e-01 3.557404279708862305e-01 3.365557789802551270e-01 3.363249897956848145e-01 3.373552560806274414e-01 3.502867817878723145e-01 3.359139859676361084e-01
1.863727454909819503e+00 3.388824164867401123e-01 2.164451777935028076e-02 3.327671587467193604e-01 3.426169455051422119e-01 3.375321328639984131e-01 3.359752893447875977e-01 3.545131981372833252e-01 3.352497220039367676e-01 3.347244858741760254e-01 3.353357613086700439e-01 3.487471640110015869e-01 3.340753316879272461e-01
1.883767535070140164e+00 3.366926908493041992e-01 2.183133549988269806e-02 3.303845226764678955e-01 3.402587175369262695e-01 3.349923789501190186e-01 3.347095847129821777e-01 3.525553941726684570e-01 3.333359360694885254e-01 3.325192034244537354e-01 3.327117264270782471e-01 3.465154767036437988e-01 3.316347599029541016e-01
1.903807615230460826e+00 3.339105248451232910e-01 2.194948866963386536e-02 3.274431526660919189e-01 3.372906148433685303e-01 3.318639099597930908e-01 3.328453302383422852e-01 3.499080836772918701e-01 3.308511674404144287e-01 3.297471702098846436e-01 3.295231163501739502e-01 3.436258733272552490e-01 3.286267817020416260e-01
1.923847695390781487e+00 3.305708169937133789e-01 2.199682034552097321e-02 3.239876329898834229e-01 3.337552845478057861e-01 3.281908333301544189e-01 3.304162621498107910e-01 3.466075956821441650e-01 3.278265297412872314e-01 3.264407515525817871e-01 3.258118033409118652e-01 3.401228785514831543e-01 3.250930905342102051e-01
1.943887775551102148e+00 3.267135620117187500e-01 2.197608351707458496e-02 3.200552463531494141e-01 3.296921551227569580e-01 3.240116536617279053e-01 3.274519443511962891e-01 3.426980376243591309e-01 3.243026435375213623e-01 3.226382434368133545e-01 3.216145932674407959e-01 3.360471725463867188e-01 3.210721611976623535e-01
1.963927855711422810e+00 3.223731219768524170e-01 2.189174480736255646e-02 3.156813383102416992e-01 3.251385390758514404e-01 3.193666636943817139e-01 3.239847719669342041e-01 3.382200896739959717e-01 3.203080594539642334e-01 3.183704316616058350e-01 3.169678449630737305e-01 3.314384520053863525e-01 3.165994286537170410e-01
1.983967935871743471e+00 3.175832033157348633e-01 2.174874767661094666e-02 3.108989298343658447e-01 3.201323747634887695e-01 3.142917752265930176e-01 3.200439810752868652e-01 3.332156240940093994e-01 3.158786594867706299e-01 3.136732578277587891e-01 3.119100630283355713e-01 3.263374269008636475e-01 3.117093145847320557e-01
2.004008016032063910e+00 3.123843669891357422e-01 2.154747582972049713e-02 3.057425022125244141e-01 3.147096931934356689e-01 3.088283538818359375e-01 3.156588375568389893e-01 3.277248144149780273e-01 3.110453784465789795e-01 3.085843026638031006e-01 3.064814507961273193e-01 3.207845985889434814e-01 3.064375817775726318e-01
2.024048096192384794e+00 3.068087697029113770e-01 2.128907851874828339e-02 3.002454340457916260e-01 3.089090585708618164e-01 3.030125498771667480e-01 3.108629584312438965e-01 3.217822015285491943e-01 3.058401644229888916e-01 3.031354248523712158e-01 3.007124364376068115e-01 3.148171603679656982e-01 3.008202910423278809e-01
2.044088176352705233e+00 3.008928894996643066e-01 2.097928896546363831e-02 2.944405376911163330e-01 3.027676641941070557e-01 2.968720197677612305e-01 3.056824207305908203e-01 3.154282271862030029e-01 3.002972900867462158e-01 2.973606586456298828e-01 2.946390211582183838e-01 3.084757030010223389e-01 2.948895096778869629e-01
2.064128256513026116e+00 2.946701943874359131e-01 2.061886154115200043e-02 2.883623540401458740e-01 2.963172197341918945e-01 2.904446721076965332e-01 3.001509904861450195e-01 3.086999654769897461e-01 2.944448590278625488e-01 2.912895083427429199e-01 2.882962226867675781e-01 3.017941713333129883e-01 2.886784672737121582e-01
2.084168336673346555e+00 2.881696820259094238e-01 2.020798996090888977e-02 2.820427417755126953e-01 2.895925045013427734e-01 2.837674617767333984e-01 2.942962348461151123e-01 3.016298413276672363e-01 2.883169949054718018e-01 2.849527597427368164e-01 2.817114591598510742e-01 2.948047816753387451e-01 2.822178900241851807e-01
2.104208416833667439e+00 2.814247906208038330e-01 1.975460536777973175e-02 2.755055427551269531e-01 2.826181650161743164e-01 2.768724262714385986e-01 2.881489098072052002e-01 2.942547500133514404e-01 2.819398343563079834e-01 2.783828973770141602e-01 2.749170362949371338e-01 2.875488698482513428e-01 2.755387425422668457e-01
2.124248496993987878e+00 2.744649052619934082e-01 1.926495693624019623e-02 2.687792778015136719e-01 2.754296660423278809e-01 2.697893083095550537e-01 2.817351520061492920e-01 2.866138517856597900e-01 2.753411233425140381e-01 2.716087400913238525e-01 2.679430246353149414e-01 2.800546884536743164e-01 2.686679661273956299e-01
2.144288577154308317e+00 2.673184871673583984e-01 1.874025538563728333e-02 2.618943452835083008e-01 2.680580914020538330e-01 2.625473737716674805e-01 2.750838994979858398e-01 2.787369191646575928e-01 2.685495615005493164e-01 2.646575272083282471e-01 2.608185410499572754e-01 2.723536491394042969e-01 2.616361975669860840e-01
2.164328657314629201e+00 2.600170075893402100e-01 1.818894408643245697e-02 2.548749446868896484e-01 2.605327069759368896e-01 2.551745772361755371e-01 2.682215273380279541e-01 2.706588804721832275e-01 2.615905702114105225e-01 2.575573027133941650e-01 2.535691559314727783e-01 2.644776701927185059e-01 2.544687986373901367e-01
2.184368737474949640e+00 2.525839507579803467e-01 1.761612109839916229e-02 2.477472573518753052e-01 2.528829872608184814e-01 2.476982325315475464e-01 2.611725926399230957e-01 2.624099850654602051e-01 2.544894516468048096e-01 2.503329515457153320e-01 2.462193369865417480e-01 2.564583718776702881e-01 2.471929192543029785e-01
2.204408817635270523e+00 2.450447380542755127e-01 1.703187078237533569e-02 2.405364960432052612e-01 2.451361119747161865e-01 2.401443272829055786e-01 2.539643049240112305e-01 2.540251016616821289e-01 2.472700476646423340e-01 2.430088818073272705e-01 2.387953698635101318e-01 2.483278810977935791e-01 2.398309707641601562e-01
2.224448897795590963e+00 2.374262213706970215e-01 1.644388213753700256e-02 2.332621067762374878e-01 2.373169362545013428e-01 2.325357347726821899e-01 2.466247826814651489e-01 2.455314248800277710e-01 2.399563640356063843e-01 2.356115728616714478e-01 2.313224971294403076e-01 2.401119470596313477e-01 2.324059158563613892e-01
2.244488977955911846e+00 2.297524362802505493e-01 1.585753262042999268e-02 2.259463518857955933e-01 2.294448018074035645e-01 2.248966544866561890e-01 2.391725033521652222e-01 2.369589656591415405e-01 2.325697243213653564e-01 2.281607836484909058e-01 2.238216400146484375e-01 2.318369448184967041e-01 2.249416112899780273e-01
2.264529058116232285e+00 2.220420241355895996e-01 1.528457365930080414e-02 2.186109274625778198e-01 2.215479910373687744e-01 2.172477245330810547e-01 2.316334843635559082e-01 2.283360511064529419e-01 2.251332104206085205e-01 2.206779867410659790e-01 2.163118571043014526e-01 2.235288769006729126e-01 2.174581289291381836e-01
2.284569138276553169e+00 2.143180668354034424e-01 1.472995150834321976e-02 2.112741023302078247e-01 2.136455923318862915e-01 2.096123844385147095e-01 2.240275591611862183e-01 2.196829468011856079e-01 2.176687717437744141e-01 2.131828963756561279e-01 2.088135927915573120e-01 2.152091115713119507e-01 2.099729925394058228e-01
2.304609218436873608e+00 2.066007852554321289e-01 1.420336868613958359e-02 2.039552032947540283e-01 2.057594656944274902e-01 2.020061910152435303e-01 2.163751721382141113e-01 2.110281586647033691e-01 2.101929783821105957e-01 2.056920379400253296e-01 2.013442069292068481e-01 2.069016844034194946e-01 2.025104761123657227e-01
2.324649298597194491e+00 1.989085823297500610e-01 1.371338404715061188e-02 1.966704279184341431e-01 1.979080289602279663e-01 1.944490671157836914e-01 2.086961418390274048e-01 2.023924291133880615e-01 2.027256041765213013e-01 1.982251107692718506e-01 1.939218938350677490e-01 1.986296623945236206e-01 1.950848549604415894e-01
2.344689378757514930e+00 1.912603676319122314e-01 1.327202189713716507e-02 1.894337832927703857e-01 1.901124119758605957e-01 1.869581341743469238e-01 2.010134756565093994e-01 1.937980204820632935e-01 1.952826678752899170e-01 1.907996982336044312e-01 1.865620762109756470e-01 1.904122084379196167e-01 1.877122819423675537e-01
2.364729458917835370e+00 1.836736202239990234e-01 1.288675330579280853e-02 1.822620034217834473e-01 1.823915392160415649e-01 1.795487701892852783e-01 1.933428347110748291e-01 1.852685064077377319e-01 1.878807842731475830e-01 1.834333837032318115e-01 1.792787611484527588e-01 1.822696626186370850e-01 1.804072409868240356e-01
2.384769539078156253e+00 1.761645078659057617e-01 1.256764587014913559e-02 1.751670688390731812e-01 1.747546344995498657e-01 1.722378581762313843e-01 1.857048571109771729e-01 1.768217235803604126e-01 1.805380433797836304e-01 1.761387437582015991e-01 1.720881164073944092e-01 1.742161214351654053e-01 1.731863915920257568e-01
2.404809619238476692e+00 1.687455922365188599e-01 1.231833081692457199e-02 1.681621372699737549e-01 1.672200858592987061e-01 1.650361567735671997e-01 1.781141459941864014e-01 1.684791743755340576e-01 1.732641756534576416e-01 1.689304858446121216e-01 1.650018841028213501e-01 1.662729531526565552e-01 1.660630553960800171e-01
2.424849699398797576e+00 1.614332348108291626e-01 1.214651390910148621e-02 1.612601578235626221e-01 1.597998291254043579e-01 1.579567342996597290e-01 1.705909073352813721e-01 1.602599918842315674e-01 1.660764068365097046e-01 1.618230044841766357e-01 1.580320745706558228e-01 1.584570109844207764e-01 1.590513885021209717e-01
2.444889779559118015e+00 1.542400419712066650e-01 1.205081120133399963e-02 1.544730514287948608e-01 1.525061428546905518e-01 1.510114073753356934e-01 1.631483137607574463e-01 1.521783620119094849e-01 1.589824110269546509e-01 1.548270434141159058e-01 1.511897146701812744e-01 1.507815867662429810e-01 1.521614789962768555e-01
2.464929859719438898e+00 1.471774429082870483e-01 1.202772464603185654e-02 1.478095203638076782e-01 1.453548967838287354e-01 1.442116498947143555e-01 1.558007448911666870e-01 1.442486941814422607e-01 1.519927531480789185e-01 1.479549854993820190e-01 1.444871872663497925e-01 1.432624459266662598e-01 1.454044282436370850e-01
2.484969939879759337e+00 1.402577459812164307e-01 1.207533571869134903e-02 1.412780135869979858e-01 1.383543759584426880e-01 1.375679671764373779e-01 1.485636830329895020e-01 1.364905536174774170e-01 1.451218575239181519e-01 1.412179023027420044e-01 1.379331648349761963e-01 1.359120607376098633e-01 1.387891471385955811e-01
2.505010020040080221e+00 1.334891617298126221e-01 1.218711212277412415e-02 1.348901838064193726e-01 1.315152645111083984e-01 1.310875862836837769e-01 1.414485573768615723e-01 1.289176195859909058e-01 1.383808255195617676e-01 1.346249580383300781e-01 1.315324306488037109e-01 1.287412792444229126e-01 1.323246508836746216e-01
2.525050100200400660e+00 1.268818676471710205e-01 1.235823146998882294e-02 1.286529302597045898e-01 1.248446479439735413e-01 1.247778534889221191e-01 1.344689726829528809e-01 1.215426251292228699e-01 1.317844539880752563e-01 1.281855553388595581e-01 1.252928674221038818e-01 1.217589452862739563e-01 1.260203272104263306e-01
2.545090180360721543e+00 1.204453334212303162e-01 1.257321890443563461e-02 1.225752606987953186e-01 1.183536201715469360e-01 1.186471655964851379e-01 1.276337057352066040e-01 1.143790483474731445e-01 1.253382861614227295e-01 1.219080165028572083e-01 1.192252561450004578e-01 1.149771809577941895e-01 1.198839619755744934e-01
2.565130260521041983e+00 1.141867861151695251e-01 1.282532978802919388e-02 1.166600808501243591e-01 1.120514720678329468e-01 1.127001345157623291e-01 1.209572479128837585e-01 1.074356287717819214e-01 1.190531700849533081e-01 1.157996505498886108e-01 1.133329495787620544e-01 1.084047406911849976e-01 1.139213740825653076e-01
2.585170340681362422e+00 1.081169247627258301e-01 1.310308463871479034e-02 1.109148487448692322e-01 1.059442311525344849e-01 1.069440543651580811e-01 1.144494190812110901e-01 1.007238626480102539e-01 1.129385307431221008e-01 1.098666787147521973e-01 1.076220571994781494e-01 1.020508334040641785e-01 1.081400662660598755e-01
2.605210420841683305e+00 1.022411510348320007e-01 1.339259743690490723e-02 1.053441911935806274e-01 1.000400856137275696e-01 1.013801991939544678e-01 1.081164479255676270e-01 9.425267577171325684e-02 1.069985255599021912e-01 1.041154861450195312e-01 1.020985618233680725e-01 9.592354297637939453e-02 1.025464460253715515e-01
2.625250501002003745e+00 9.656273573637008667e-02 1.368611399084329605e-02 9.995352476835250854e-02 9.434350579977035522e-02 9.601560980081558228e-02 1.019718647003173828e-01 8.803149312734603882e-02 1.012411043047904968e-01 9.855283796787261963e-02 9.676717221736907959e-02 9.002839773893356323e-02 9.714197367429733276e-02
2.645290581162324628e+00 9.108864516019821167e-02 1.397443283349275589e-02 9.474737942218780518e-02 8.885860443115234375e-02 9.085134416818618774e-02 9.602168947458267212e-02 8.206617832183837891e-02 9.567052870988845825e-02 9.318252652883529663e-02 9.162987768650054932e-02 8.437030017375946045e-02 9.193331748247146606e-02
2.665330661322645067e+00 8.582398295402526855e-02 1.424840744584798813e-02 8.973000943660736084e-02 8.359114825725555420e-02 8.588951826095581055e-02 9.027522057294845581e-02 7.636429369449615479e-02 9.029171615839004517e-02 8.800938725471496582e-02 8.669023215770721436e-02 7.895486801862716675e-02 8.692219108343124390e-02
2.685370741482965951e+00 8.077236264944076538e-02 1.450202427804470062e-02 8.490350842475891113e-02 7.854196429252624512e-02 8.113329857587814331e-02 8.473850786685943604e-02 7.093061506748199463e-02 8.511126786470413208e-02 8.303910493850708008e-02 8.195048570632934570e-02 7.378505170345306396e-02 8.211169391870498657e-02
2.705410821643286390e+00 7.593736052513122559e-02 1.472810283303260803e-02 8.027167618274688721e-02 7.371326535940170288e-02 7.658367604017257690e-02 7.941761612892150879e-02 6.577038764953613281e-02 8.013274520635604858e-02 7.827366143465042114e-02 7.741204649209976196e-02 6.886370480060577393e-02 7.750283926725387573e-02
2.725450901803607273e+00 7.132020592689514160e-02 1.491997670382261276e-02 7.583372294902801514e-02 6.910919398069381714e-02 7.224189490079879761e-02 7.431715726852416992e-02 6.088592484593391418e-02 7.536055892705917358e-02 7.371404021978378296e-02 7.307545840740203857e-02 6.419361382722854614e-02 7.309836149215698242e-02
2.745490981963927712e+00 6.692138314247131348e-02 1.506939530372619629e-02 7.158962637186050415e-02 6.473381817340850830e-02 6.810740381479263306e-02 6.944160163402557373e-02 5.628084391355514526e-02 7.079406082630157471e-02 6.936221569776535034e-02 6.894055008888244629e-02 5.977713689208030701e-02 6.889926642179489136e-02
2.765531062124248596e+00 6.274320930242538452e-02 1.517340727150440216e-02 6.754026561975479126e-02 6.058834120631217957e-02 6.417986005544662476e-02 6.479599326848983765e-02 5.195771530270576477e-02 6.643906235694885254e-02 6.521877646446228027e-02 6.500831246376037598e-02 5.561288073658943176e-02 6.490507721900939941e-02
2.785571142284569035e+00 5.878462642431259155e-02 1.523276139050722122e-02 6.368567794561386108e-02 5.666957795619964600e-02 6.045990437269210815e-02 6.038074940443038940e-02 4.791124537587165833e-02 6.229543685913085938e-02 6.128311529755592346e-02 6.127758696675300598e-02 5.169918760657310486e-02 6.111640110611915588e-02
2.805611222444889474e+00 5.504674091935157776e-02 1.524225808680057526e-02 6.002838164567947388e-02 5.297619476914405823e-02 5.694457888603210449e-02 5.619941651821136475e-02 4.414518922567367554e-02 5.836501345038414001e-02 5.755700170993804932e-02 5.774926766753196716e-02 4.803737252950668335e-02 5.753000080585479736e-02
2.825651302605210358e+00 5.152934789657592773e-02 1.520051807165145874e-02 5.656557530164718628e-02 4.950755462050437927e-02 5.363104492425918579e-02 5.225326120853424072e-02 4.065553098917007446e-02 5.464794486761093140e-02 5.403828993439674377e-02 5.441938340663909912e-02 4.462556168437004089e-02 5.414688214659690857e-02
2.845691382765530797e+00 4.822929948568344116e-02 1.510702539235353470e-02 5.329593271017074585e-02 4.626126214861869812e-02 5.051796138286590576e-02 4.854344204068183899e-02 3.743977099657058716e-02 5.114320665597915649e-02 5.072617530822753906e-02 5.128486081957817078e-02 4.145818203687667847e-02 5.096340551972389221e-02
2.865731462925851680e+00 4.514433816075325012e-02 1.496350392699241638e-02 5.021687969565391541e-02 4.323141649365425110e-02 4.760145768523216248e-02 4.506953433156013489e-02 3.449036180973052979e-02 4.785059019923210144e-02 4.761714488267898560e-02 4.834224283695220947e-02 3.853134065866470337e-02 4.797595739364624023e-02
2.885771543086172120e+00 4.226948693394660950e-02 1.476877089589834213e-02 4.732474684715270996e-02 4.041691124439239502e-02 4.487729072570800781e-02 4.182896018028259277e-02 3.180258348584175110e-02 4.476619511842727661e-02 4.470855370163917542e-02 4.558984935283660889e-02 3.584082797169685364e-02 4.518156126141548157e-02
2.905811623246493003e+00 3.960168734192848206e-02 1.452471408993005753e-02 4.461633414030075073e-02 3.781339898705482483e-02 4.233989492058753967e-02 3.881888091564178467e-02 2.936983294785022736e-02 4.189005866646766663e-02 4.199691489338874817e-02 4.302263259887695312e-02 3.337892517447471619e-02 4.257567971944808960e-02
2.925851703406813442e+00 3.713557124137878418e-02 1.423528604209423065e-02 4.208887740969657898e-02 3.541404753923416138e-02 3.998478874564170837e-02 3.603594005107879639e-02 2.718259952962398529e-02 3.921670839190483093e-02 3.947707638144493103e-02 4.063578695058822632e-02 3.113673441112041473e-02 4.015391319990158081e-02
2.945891783567134325e+00 3.486649319529533386e-02 1.390560250729322433e-02 3.973741084337234497e-02 3.321225941181182861e-02 3.780541941523551941e-02 3.347503766417503357e-02 2.522787451744079590e-02 3.674325719475746155e-02 3.714457154273986816e-02 3.842305764555931091e-02 2.910636737942695618e-02 3.791189566254615784e-02
2.965931863727454765e+00 3.278722614049911499e-02 1.353997271507978439e-02 3.755642473697662354e-02 3.120198845863342285e-02 3.579562157392501831e-02 3.113128617405891418e-02 2.349323406815528870e-02 3.446313366293907166e-02 3.499316796660423279e-02 3.637893125414848328e-02 2.727756090462207794e-02 3.584296256303787231e-02
2.985971943887775648e+00 3.088884055614471436e-02 1.314518321305513382e-02 3.553918004035949707e-02 2.937453426420688629e-02 3.394953906536102295e-02 2.899621427059173584e-02 2.196348644793033600e-02 3.237019851803779602e-02 3.301713988184928894e-02 3.449771553277969360e-02 2.563968673348426819e-02 3.394003957509994507e-02
3.006012024048096087e+00 2.916472405195236206e-02 1.272675953805446625e-02 3.368019685149192810e-02 2.772049605846405029e-02 3.225861862301826477e-02 2.706231735646724701e-02 2.062524855136871338e-02 3.045583888888359070e-02 3.121027536690235138e-02 3.277284651994705200e-02 2.418029308319091797e-02 3.219629079103469849e-02
3.026052104208416527e+00 2.760486491024494171e-02 1.229050662368535995e-02 3.197221830487251282e-02 2.623074315488338470e-02 3.071624226868152618e-02 2.532040327787399292e-02 1.946237310767173767e-02 2.871298417448997498e-02 2.956473268568515778e-02 3.119602799415588379e-02 2.288931608200073242e-02 3.060416877269744873e-02
3.046092184368737410e+00 2.620203979313373566e-02 1.184546668082475662e-02 3.040960058569908142e-02 2.489523217082023621e-02 2.931463904678821564e-02 2.376057393848896027e-02 1.845680736005306244e-02 2.713239192962646484e-02 2.807118371129035950e-02 2.976011857390403748e-02 2.175203710794448853e-02 2.915595099329948425e-02
3.066132264529057849e+00 2.494402788579463959e-02 1.139609795063734055e-02 2.898370102047920227e-02 2.370344847440719604e-02 2.804515324532985687e-02 2.237154729664325714e-02 1.759516820311546326e-02 2.570611611008644104e-02 2.672274410724639893e-02 2.845744602382183075e-02 2.075659856200218201e-02 2.784396708011627197e-02
3.086172344689378733e+00 2.382250502705574036e-02 1.095077488571405411e-02 2.768848091363906860e-02 2.264490351080894470e-02 2.690026164054870605e-02 2.114190906286239624e-02 1.685916446149349213e-02 2.442545630037784576e-02 2.551024220883846283e-02 2.727971598505973816e-02 1.988952606916427612e-02 2.665946446359157562e-02
3.106212424849699172e+00 2.282620593905448914e-02 1.051335409283638000e-02 2.651638537645339966e-02 2.170965634286403656e-02 2.587191388010978699e-02 2.005893737077713013e-02 1.623553223907947540e-02 2.328049205243587494e-02 2.442325837910175323e-02 2.621827833354473114e-02 1.913882605731487274e-02 2.559334225952625275e-02
3.126252505010020055e+00 2.194493263959884644e-02 1.009032223373651505e-02 2.545877173542976379e-02 2.088662423193454742e-02 2.495167776942253113e-02 1.911022700369358063e-02 1.570753939449787140e-02 2.226164005696773529e-02 2.345352061092853546e-02 2.526523917913436890e-02 1.849184185266494751e-02 2.463676966726779938e-02
3.146292585170340494e+00 2.116831764578819275e-02 9.683878161013126373e-03 2.450849674642086029e-02 2.016519568860530853e-02 2.413097582757472992e-02 1.828351616859436035e-02 1.526510808616876602e-02 2.135902829468250275e-02 2.259133011102676392e-02 2.441154047846794128e-02 1.793592795729637146e-02 2.378115244209766388e-02
3.166332665330661378e+00 2.048617787659168243e-02 9.297646582126617432e-03 2.365632355213165283e-02 1.953547075390815735e-02 2.340266667306423187e-02 1.756702736020088196e-02 1.489398255944252014e-02 2.056132070720195770e-02 2.182734757661819458e-02 2.364785037934780121e-02 1.746134273707866669e-02 2.301908656954765320e-02
3.186372745490981817e+00 1.988925412297248840e-02 8.933870121836662292e-03 2.289491519331932068e-02 1.898788660764694214e-02 2.275657281279563904e-02 1.694813556969165802e-02 1.458443235605955124e-02 1.985977962613105774e-02 2.115357480943202972e-02 2.296790666878223419e-02 1.705799065530300140e-02 2.234306000173091888e-02
3.206412825651302256e+00 1.936889067292213440e-02 8.593405596911907196e-03 2.221663109958171844e-02 1.851391233503818512e-02 2.218639105558395386e-02 1.641569659113883972e-02 1.432827860116958618e-02 1.924525387585163116e-02 2.056047879159450531e-02 2.236487902700901031e-02 1.671714708209037781e-02 2.174453809857368469e-02
3.226452905811623140e+00 1.891653239727020264e-02 8.276114240288734436e-03 2.161394990980625153e-02 1.810421235859394073e-02 2.168521843850612640e-02 1.595901511609554291e-02 1.411799807101488113e-02 1.870938763022422791e-02 2.003985270857810974e-02 2.182980626821517944e-02 1.643128320574760437e-02 2.121621556580066681e-02
3.246492985971943579e+00 1.852411963045597076e-02 7.983460091054439545e-03 2.108049951493740082e-02 1.775095984339714050e-02 2.124599367380142212e-02 1.556857395917177200e-02 1.394541095942258835e-02 1.824229769408702850e-02 1.958449929952621460e-02 2.135608717799186707e-02 1.619212515652179718e-02 2.075122669339179993e-02
3.266533066132264462e+00 1.818488165736198425e-02 7.715995889157056808e-03 2.060803212225437164e-02 1.744769886136054993e-02 2.086268551647663116e-02 1.523591484874486923e-02 1.380251441150903702e-02 1.783513836562633514e-02 1.918781735002994537e-02 2.093883045017719269e-02 1.599419116973876953e-02 2.034290693700313568e-02
3.286573146292584902e+00 1.789237745106220245e-02 7.471297867596149445e-03 2.019161172211170197e-02 1.718933507800102234e-02 2.052841708064079285e-02 1.495275553315877914e-02 1.368831563740968704e-02 1.748203299939632416e-02 1.884218119084835052e-02 2.057292312383651733e-02 1.583010144531726837e-02 1.998483389616012573e-02
3.306613226452905785e+00 1.764144003391265869e-02 7.247839123010635376e-03 1.982436515390872955e-02 1.697100512683391571e-02 2.023828774690628052e-02 1.471317186951637268e-02 1.359690167009830475e-02 1.717747375369071960e-02 1.854264549911022186e-02 2.025116421282291412e-02 1.569569483399391174e-02 1.967149227857589722e-02
3.326653306613226224e+00 1.742679066956043243e-02 7.044152822345495224e-03 1.950166188180446625e-02 1.678721047937870026e-02 1.998724229633808136e-02 1.451091747730970383e-02 1.352587155997753143e-02 1.691418699920177460e-02 1.828274317085742950e-02 1.996897719800472260e-02 1.558643113821744919e-02 1.939781010150909424e-02
3.346693386773547108e+00 1.724267750978469849e-02 6.859886925667524338e-03 1.921876519918441772e-02 1.663232594728469849e-02 1.977000012993812561e-02 1.434103026986122131e-02 1.347038522362709045e-02 1.668686792254447937e-02 1.805777288973331451e-02 1.972230151295661926e-02 1.549832709133625031e-02 1.915923692286014557e-02
3.366733466933867547e+00 1.708500646054744720e-02 6.692972965538501740e-03 1.897186599671840668e-02 1.650296337902545929e-02 1.958214305341243744e-02 1.419867947697639465e-02 1.342988666146993637e-02 1.649167574942111969e-02 1.786405593156814575e-02 1.950775086879730225e-02 1.542787253856658936e-02 1.895193755626678467e-02
3.386773547094188430e+00 1.695048250257968903e-02 6.542434450238943100e-03 1.875604875385761261e-02 1.639597304165363312e-02 1.942156814038753510e-02 1.407935749739408493e-02 1.340080518275499344e-02 1.632330194115638733e-02 1.769659295678138733e-02 1.932045817375183105e-02 1.537330728024244308e-02 1.877189427614212036e-02
3.406813627254508869e+00 1.683525554835796356e-02 6.406940985471010208e-03 1.856761611998081207e-02 1.630768179893493652e-02 1.928475685417652130e-02 1.397948805242776871e-02 1.338206697255373001e-02 1.617756299674510956e-02 1.755225472152233124e-02 1.915795542299747467e-02 1.533173769712448120e-02 1.861559785902500153e-02
3.426853707414829309e+00 1.673776842653751373e-02 6.284112576395273209e-03 1.840299554169178009e-02 1.623602956533432007e-02 1.916813105344772339e-02 1.389650441706180573e-02 1.337177027016878128e-02 1.605099625885486603e-02 1.742904819548130035e-02 1.901577599346637726e-02 1.530189812183380127e-02 1.847975887358188629e-02
3.446893787575150192e+00 1.665532402694225311e-02 6.172470282763242722e-03 1.825998537242412567e-02 1.617872528731822968e-02 1.906809955835342407e-02 1.382762379944324493e-02 1.336850225925445557e-02 1.594262011349201202e-02 1.732333377003669739e-02 1.889204047620296478e-02 1.528267096728086472e-02 1.836173050105571747e-02
3.466933867735470631e+00 1.658567972481250763e-02 6.071818526834249496e-03 1.813504472374916077e-02 1.613299921154975891e-02 1.898406632244586945e-02 1.377084385603666306e-02 1.337038166821002960e-02 1.584854163229465485e-02 1.723277755081653595e-02 1.878347992897033691e-02 1.527128648012876511e-02 1.825949177145957947e-02
3.486973947895791515e+00 1.652691513299942017e-02 5.980626679956912994e-03 1.802581362426280975e-02 1.609686017036437988e-02 1.891366951167583466e-02 1.372455991804599762e-02 1.337659824639558792e-02 1.576646789908409119e-02 1.715551689267158508e-02 1.868877559900283813e-02 1.526669412851333618e-02 1.816960424184799194e-02
3.507014028056111954e+00 1.647792942821979523e-02 5.897069349884986877e-03 1.793096959590911865e-02 1.606881059706211090e-02 1.885445602238178253e-02 1.368703693151473999e-02 1.338744256645441055e-02 1.569579914212226868e-02 1.709001511335372925e-02 1.860509812831878662e-02 1.526750531047582626e-02 1.809099875390529633e-02
3.527054108216432837e+00 1.643757894635200500e-02 5.820779595524072647e-03 1.784866303205490112e-02 1.604809053242206573e-02 1.880489476025104523e-02 1.365696080029010773e-02 1.340165454894304276e-02 1.563343405723571777e-02 1.703442633152008057e-02 1.853084564208984375e-02 1.527252607047557831e-02 1.802240312099456787e-02
3.547094188376753277e+00 1.640336401760578156e-02 5.751200951635837555e-03 1.777614839375019073e-02 1.603309065103530884e-02 1.876413077116012573e-02 1.363330334424972534e-02 1.341769192367792130e-02 1.557872258126735687e-02 1.698699221014976501e-02 1.846479997038841248e-02 1.528171543031930923e-02 1.796284876763820648e-02
3.567134268537074160e+00 1.637442782521247864e-02 5.686752963811159134e-03 1.771242730319499969e-02 1.602370291948318481e-02 1.873013749718666077e-02 1.361547317355871201e-02 1.343559473752975464e-02 1.553213223814964294e-02 1.694660633802413940e-02 1.840642280876636505e-02 1.529434695839881897e-02 1.791076920926570892e-02
3.587174348697394599e+00 1.635041460394859314e-02 5.626564845442771912e-03 1.765540800988674164e-02 1.601921394467353821e-02 1.870205067098140717e-02 1.360251754522323608e-02 1.345535553991794586e-02 1.549064274877309799e-02 1.691224984824657440e-02 1.835404708981513977e-02 1.530946604907512665e-02 1.786484196782112122e-02
3.607214428857715482e+00 1.633052155375480652e-02 5.571259185671806335e-03 1.760508865118026733e-02 1.601733453571796417e-02 1.867805980145931244e-02 1.359303761273622513e-02 1.347499806433916092e-02 1.545359846204519272e-02 1.688227243721485138e-02 1.830719038844108582e-02 1.532622333616018295e-02 1.782400533556938171e-02
3.627254509018035922e+00 1.631485112011432648e-02 5.519969854503870010e-03 1.756007969379425049e-02 1.601774990558624268e-02 1.865800283849239349e-02 1.358659751713275909e-02 1.349443476647138596e-02 1.542172860354185104e-02 1.685705967247486115e-02 1.826457120478153229e-02 1.534442417323589325e-02 1.778760179877281189e-02
3.647294589178356361e+00 1.630160771310329437e-02 5.470179952681064606e-03 1.751955598592758179e-02 1.602038927376270294e-02 1.864002458751201630e-02 1.358316559344530106e-02 1.351649686694145203e-02 1.539392117410898209e-02 1.683497987687587738e-02 1.822621561586856842e-02 1.536338124424219131e-02 1.775509305298328400e-02
3.667334669338677244e+00 1.629058457911014557e-02 5.422357004135847092e-03 1.748327910900115967e-02 1.602372713387012482e-02 1.862416788935661316e-02 1.358187384903430939e-02 1.354006770998239517e-02 1.536977849900722504e-02 1.681511290371417999e-02 1.819170638918876648e-02 1.538259256631135941e-02 1.772493124008178711e-02
3.687374749498997684e+00 1.628035679459571838e-02 5.376444198191165924e-03 1.745058223605155945e-02 1.602751389145851135e-02 1.860906369984149933e-02 1.358206011354923248e-02 1.356354821473360062e-02 1.534906402230262756e-02 1.679692231118679047e-02 1.815972477197647095e-02 1.540151331573724747e-02 1.769720390439033508e-02
3.707414829659318567e+00 1.627135463058948517e-02 5.332191474735736847e-03 1.742091961205005646e-02 1.603113301098346710e-02 1.859503611922264099e-02 1.358352694660425186e-02 1.358691882342100143e-02 1.533127296715974808e-02 1.678009517490863800e-02 1.812975294888019562e-02 1.542030554264783859e-02 1.767115108668804169e-02
3.727454909819639006e+00 1.626305654644966125e-02 5.288216285407543182e-03 1.739292591810226440e-02 1.603494584560394287e-02 1.858123950660228729e-02 1.358578447252511978e-02 1.361141819506883621e-02 1.531567703932523727e-02 1.676436699926853180e-02 1.810066215693950653e-02 1.543867681175470352e-02 1.764669455587863922e-02
3.747494989979959890e+00 1.625582389533519745e-02 5.244235042482614517e-03 1.736538670957088470e-02 1.603774540126323700e-02 1.856669411063194275e-02 1.358869485557079315e-02 1.363582722842693329e-02 1.530149299651384354e-02 1.674897968769073486e-02 1.807196997106075287e-02 1.545654702931642532e-02 1.762299798429012299e-02
3.767535070140280329e+00 1.624933816492557526e-02 5.200885236263275146e-03 1.733885332942008972e-02 1.603936962783336639e-02 1.855254918336868286e-02 1.359213143587112427e-02 1.366017665714025497e-02 1.528926100581884384e-02 1.673504523932933807e-02 1.804359070956707001e-02 1.547362469136714935e-02 1.759999245405197144e-02
3.787575150300601212e+00 1.624286547303199768e-02 5.159032531082630157e-03 1.731384731829166412e-02 1.604064926505088806e-02 1.853841729462146759e-02 1.359585393220186234e-02 1.368311606347560883e-02 1.527644414454698563e-02 1.672120951116085052e-02 1.801584847271442413e-02 1.549041550606489182e-02 1.757706329226493835e-02
3.807615230460921651e+00 1.623611338436603546e-02 5.116816144436597824e-03 1.728777401149272919e-02 1.604107581079006195e-02 1.852362416684627533e-02 1.359983813017606735e-02 1.370597165077924728e-02 1.526355929672718048e-02 1.670709438621997833e-02 1.798820123076438904e-02 1.550696045160293579e-02 1.755399629473686218e-02
3.827655310621242535e+00 1.622899062931537628e-02 5.074082873761653900e-03 1.726185157895088196e-02 1.604084856808185577e-02 1.850853301584720612e-02 1.360498368740081787e-02 1.372883096337318420e-02 1.525109261274337769e-02 1.669259741902351379e-02 1.796093955636024475e-02 1.552308909595012665e-02 1.753054000437259674e-02
3.847695390781562974e+00 1.622147858142852783e-02 5.030892789363861084e-03 1.723530329763889313e-02 1.603988558053970337e-02 1.849228329956531525e-02 1.361040025949478149e-02 1.375097502022981644e-02 1.523840893059968948e-02 1.667814701795578003e-02 1.793283969163894653e-02 1.553819607943296432e-02 1.750659011304378510e-02
3.867735470941883413e+00 1.621375419199466705e-02 4.987222608178853989e-03 1.720901019871234894e-02 1.603758521378040314e-02 1.847519539296627045e-02 1.361618936061859131e-02 1.377321872860193253e-02 1.522663142532110214e-02 1.666357181966304779e-02 1.790492050349712372e-02 1.555215567350387573e-02 1.748201623558998108e-02
3.887775551102204297e+00 1.620547287166118622e-02 4.944056738168001175e-03 1.718222722411155701e-02 1.603411138057708740e-02 1.845714636147022247e-02 1.362222712486982346e-02 1.379349641501903534e-02 1.521435100585222244e-02 1.664846576750278473e-02 1.787637546658515930e-02 1.556427404284477234e-02 1.745720207691192627e-02
3.907815631262524736e+00 1.619609259068965912e-02 4.898989107459783554e-03 1.715448871254920959e-02 1.602912880480289459e-02 1.843765377998352051e-02 1.362894289195537567e-02 1.381463743746280670e-02 1.520270574837923050e-02 1.663257181644439697e-02 1.784774288535118103e-02 1.557535305619239807e-02 1.743100397288799286e-02
3.927855711422845619e+00 1.618602313101291656e-02 4.851106554269790649e-03 1.712621934711933136e-02 1.602376252412796021e-02 1.841544546186923981e-02 1.363645307719707489e-02 1.383712235838174820e-02 1.519157364964485168e-02 1.661562174558639526e-02 1.781848818063735962e-02 1.558540016412734985e-02 1.740379072725772858e-02
3.947895791583166059e+00 1.617460325360298157e-02 4.803623538464307785e-03 1.709819212555885315e-02 1.601698622107505798e-02 1.839199103415012360e-02 1.364428922533988953e-02 1.385759562253952026e-02 1.517969276756048203e-02 1.659801416099071503e-02 1.778901368379592896e-02 1.559380907565355301e-02 1.737568341195583344e-02
3.967935871743486942e+00 1.616221480071544647e-02 4.755285102874040604e-03 1.706923916935920715e-02 1.600945927202701569e-02 1.836740411818027496e-02 1.365211606025695801e-02 1.387736015021800995e-02 1.516853645443916321e-02 1.657912135124206543e-02 1.775798574090003967e-02 1.559995021671056747e-02 1.734719239175319672e-02
3.987975951903807381e+00 1.614847593009471893e-02 4.705566447228193283e-03 1.703965291380882263e-02 1.600106060504913330e-02 1.834087632596492767e-02 1.365998201072216034e-02 1.389689277857542038e-02 1.515738293528556824e-02 1.655909605324268341e-02 1.772558316588401794e-02 1.560500636696815491e-02 1.731828413903713226e-02
4.008016032064127820e+00 1.613405905663967133e-02 4.654055926948785782e-03 1.700990647077560425e-02 1.599225401878356934e-02 1.831252314150333405e-02 1.366814225912094116e-02 1.391643751412630081e-02 1.514750253409147263e-02 1.653726026415824890e-02 1.769222877919673920e-02 1.560897938907146454e-02 1.728846877813339233e-02
4.028056112224448704e+00 1.611911505460739136e-02 4.600417800247669220e-03 1.697897538542747498e-02 1.598279178142547607e-02 1.828151196241378784e-02 1.367619726806879044e-02 1.393661834299564362e-02 1.513716764748096466e-02 1.651401631534099579e-02 1.765784248709678650e-02 1.561219152063131332e-02 1.725770719349384308e-02
4.048096192384769587e+00 1.610275544226169586e-02 4.544692113995552063e-03 1.694685406982898712e-02 1.597188413143157959e-02 1.824815943837165833e-02 1.368418429046869278e-02 1.395660173147916794e-02 1.512749493122100830e-02 1.648875698447227478e-02 1.762198284268379211e-02 1.561491750180721283e-02 1.722596399486064911e-02
4.068136272545089582e+00 1.608482934534549713e-02 4.487326368689537048e-03 1.691348291933536530e-02 1.595990173518657684e-02 1.821131631731987000e-02 1.369239110499620438e-02 1.397432293742895126e-02 1.511878240853548050e-02 1.646292768418788910e-02 1.758477464318275452e-02 1.561682298779487610e-02 1.719350554049015045e-02
4.088176352705410466e+00 1.606614515185356140e-02 4.428939893841743469e-03 1.687801070511341095e-02 1.594688929617404938e-02 1.817213930189609528e-02 1.369999349117279053e-02 1.399092935025691986e-02 1.510939933359622955e-02 1.643649861216545105e-02 1.754662953317165375e-02 1.561768632382154465e-02 1.715957745909690857e-02
4.108216432865731349e+00 1.604663208127021790e-02 4.369979258626699448e-03 1.684151589870452881e-02 1.593356393277645111e-02 1.813175715506076813e-02 1.370758749544620514e-02 1.400579139590263367e-02 1.509972475469112396e-02 1.640929840505123138e-02 1.750702038407325745e-02 1.561816688627004623e-02 1.712458394467830658e-02
4.128256513026052232e+00 1.602678559720516205e-02 4.308671224862337112e-03 1.680408045649528503e-02 1.591976173222064972e-02 1.808810047805309296e-02 1.371580827981233597e-02 1.402095891535282135e-02 1.508870534598827362e-02 1.638097316026687622e-02 1.746591553092002869e-02 1.561656687408685684e-02 1.708905398845672607e-02
4.148296593186372228e+00 1.600586995482444763e-02 4.245264921337366104e-03 1.676549203693866730e-02 1.590465568006038666e-02 1.804257370531558990e-02 1.372430566698312759e-02 1.403664890676736832e-02 1.507624145597219467e-02 1.635158807039260864e-02 1.742259971797466278e-02 1.561444252729415894e-02 1.705254055559635162e-02
4.168336673346693111e+00 1.598493382334709167e-02 4.180529620498418808e-03 1.672560162842273712e-02 1.588829420506954193e-02 1.799340173602104187e-02 1.373244542628526688e-02 1.405108626931905746e-02 1.506316196173429489e-02 1.632191240787506104e-02 1.737911254167556763e-02 1.561137847602367401e-02 1.701450347900390625e-02
4.188376753507013994e+00 1.596370711922645569e-02 4.115234594792127609e-03 1.668480038642883301e-02 1.587132923305034637e-02 1.794161833822727203e-02 1.374005153775215149e-02 1.406328007578849792e-02 1.504901796579360962e-02 1.629150286316871643e-02 1.733401603996753693e-02 1.560709439218044281e-02 1.697522029280662537e-02
4.208416833667334878e+00 1.594198495149612427e-02 4.048934206366539001e-03 1.664382778108119965e-02 1.585327088832855225e-02 1.788817346096038818e-02 1.374689023941755295e-02 1.407553814351558685e-02 1.503509934991598129e-02 1.625980995595455170e-02 1.728772558271884918e-02 1.560235582292079926e-02 1.693532988429069519e-02
4.228456913827654873e+00 1.591924764215946198e-02 3.981202840805053711e-03 1.660291105508804321e-02 1.583454199135303497e-02 1.783211156725883484e-02 1.375340949743986130e-02 1.408707909286022186e-02 1.502133253961801529e-02 1.622719503939151764e-02 1.724008657038211823e-02 1.559638325124979019e-02 1.689417473971843719e-02
4.248496993987975756e+00 1.589615456759929657e-02 3.913617227226495743e-03 1.656183600425720215e-02 1.581442542374134064e-02 1.777533441781997681e-02 1.375950872898101807e-02 1.409763563424348831e-02 1.500604767352342606e-02 1.619397848844528198e-02 1.719097793102264404e-02 1.558895595371723175e-02 1.685224659740924835e-02
4.268537074148296639e+00 1.587126776576042175e-02 3.845120547339320183e-03 1.651958189904689789e-02 1.579294726252555847e-02 1.771654561161994934e-02 1.376495510339736938e-02 1.410801894962787628e-02 1.498967874795198441e-02 1.616015098989009857e-02 1.714104972779750824e-02 1.557937078177928925e-02 1.680896803736686707e-02
4.288577154308616635e+00 1.584606058895587921e-02 3.776307916268706322e-03 1.647732965648174286e-02 1.576957851648330688e-02 1.765666715800762177e-02 1.376981753855943680e-02 1.411718130111694336e-02 1.497279759496450424e-02 1.612478308379650116e-02 1.708929426968097687e-02 1.556818373501300812e-02 1.676448620855808258e-02
4.308617234468937518e+00 1.581904292106628418e-02 3.706466173753142357e-03 1.643456332385540009e-02 1.574519090354442596e-02 1.759496703743934631e-02 1.377423666417598724e-02 1.412632130086421967e-02 1.495439838618040085e-02 1.608836650848388672e-02 1.703626103699207306e-02 1.555588841438293457e-02 1.671884395182132721e-02
4.328657314629258401e+00 1.579028740525245667e-02 3.635939443483948708e-03 1.639129593968391418e-02 1.571957394480705261e-02 1.753155700862407684e-02 1.377803925424814224e-02 1.413371879607439041e-02 1.493674982339143753e-02 1.605132967233657837e-02 1.698184944689273834e-02 1.554306410253047943e-02 1.667195931077003479e-02
4.348697394789579285e+00 1.576095446944236755e-02 3.565877908840775490e-03 1.634759828448295593e-02 1.569260656833648682e-02 1.746622286736965179e-02 1.378092914819717407e-02 1.413921546190977097e-02 1.491753291338682175e-02 1.601339690387248993e-02 1.692660339176654816e-02 1.552864909172058105e-02 1.662459410727024078e-02
4.368737474949899280e+00 1.573058404028415680e-02 3.496942343190312386e-03 1.630327850580215454e-02 1.566469296813011169e-02 1.740106195211410522e-02 1.378274522721767426e-02 1.414289139211177826e-02 1.489689294248819351e-02 1.597500033676624298e-02 1.687005534768104553e-02 1.551269553601741791e-02 1.657604239881038666e-02
4.388777555110220163e+00 1.569892652332782745e-02 3.426871960982680321e-03 1.625774614512920380e-02 1.563662290573120117e-02 1.733485981822013855e-02 1.378441415727138519e-02 1.414630748331546783e-02 1.487549673765897751e-02 1.593528129160404205e-02 1.681158319115638733e-02 1.549564301967620850e-02 1.652677543461322784e-02
4.408817635270541047e+00 1.566616259515285492e-02 3.356611356139183044e-03 1.621087826788425446e-02 1.560823526233434677e-02 1.726824603974819183e-02 1.378519833087921143e-02 1.414916105568408966e-02 1.485339831560850143e-02 1.589522324502468109e-02 1.675176806747913361e-02 1.547723636031150818e-02 1.647614315152168274e-02
4.428857715430861930e+00 1.563277468085289001e-02 3.286759369075298309e-03 1.616267487406730652e-02 1.557909697294235229e-02 1.720181480050086975e-02 1.378566958010196686e-02 1.415121648460626602e-02 1.483094505965709686e-02 1.585475914180278778e-02 1.669188588857650757e-02 1.545822247862815857e-02 1.642503030598163605e-02
4.448897795591181925e+00 1.559766754508018494e-02 3.218255704268813133e-03 1.611425168812274933e-02 1.554873399436473846e-02 1.713571138679981232e-02 1.378515176475048065e-02 1.415186747908592224e-02 1.480779796838760376e-02 1.581418514251708984e-02 1.663164980709552765e-02 1.543777063488960266e-02 1.637360639870166779e-02
4.468937875751502808e+00 1.556210778653621674e-02 3.149574855342507362e-03 1.606486737728118896e-02 1.551766879856586456e-02 1.706881821155548096e-02 1.378348097205162048e-02 1.415280532091856003e-02 1.478388998657464981e-02 1.577296666800975800e-02 1.657062023878097534e-02 1.541669573634862900e-02 1.632158644497394562e-02
4.488977955911823692e+00 1.552546769380569458e-02 3.081043483689427376e-03 1.601420529186725616e-02 1.548622455447912216e-02 1.700152643024921417e-02 1.378144603222608566e-02 1.415313966572284698e-02 1.475952286273241043e-02 1.573116518557071686e-02 1.650990173220634460e-02 1.539546810090541840e-02 1.626897975802421570e-02
4.509018036072143687e+00 1.548867207020521164e-02 3.012764500454068184e-03 1.596310921013355255e-02 1.545547042042016983e-02 1.693387143313884735e-02 1.377893984317779541e-02 1.415223535150289536e-02 1.473469473421573639e-02 1.568891853094100952e-02 1.644753292202949524e-02 1.537356059998273849e-02 1.621644571423530579e-02
4.529058116232464570e+00 1.545136142522096634e-02 2.944685751572251320e-03 1.591150276362895966e-02 1.542416773736476898e-02 1.686562970280647278e-02 1.377518847584724426e-02 1.415209658443927765e-02 1.470971759408712387e-02 1.564662717282772064e-02 1.638571545481681824e-02 1.535123586654663086e-02 1.616345345973968506e-02
4.549098196392785454e+00 1.541401073336601257e-02 2.877817256376147270e-03 1.585916057229042053e-02 1.539193280041217804e-02 1.679800264537334442e-02 1.377065852284431458e-02 1.415092963725328445e-02 1.468440797179937363e-02 1.560417097061872482e-02 1.632379554212093353e-02 1.532787736505270004e-02 1.611025817692279816e-02
4.569138276553106337e+00 1.537691429257392883e-02 2.810468198731541634e-03 1.580712758004665375e-02 1.535906922072172165e-02 1.672893576323986053e-02 1.376567967236042023e-02 1.414987631142139435e-02 1.465953886508941650e-02 1.556170266121625900e-02 1.626144722104072571e-02 1.530315261334180832e-02 1.605726964771747589e-02
4.589178356713426332e+00 1.534036733210086823e-02 2.743622520938515663e-03 1.575537212193012238e-02 1.532593462616205215e-02 1.665910519659519196e-02 1.376042515039443970e-02 1.414823625236749649e-02 1.463336031883955002e-02 1.551913004368543625e-02 1.619931124150753021e-02 1.527750119566917419e-02 1.600376516580581665e-02
4.609218436873747216e+00 1.530445180833339691e-02 2.676813164725899696e-03 1.570248603820800781e-02 1.529198233038187027e-02 1.658912375569343567e-02 1.375495363026857376e-02 1.414639968425035477e-02 1.460764277726411819e-02 1.547630876302719116e-02 1.613743230700492859e-02 1.525032799690961838e-02 1.595007255673408508e-02
4.629258517034068099e+00 1.526878587901592255e-02 2.610551891848444939e-03 1.565013639628887177e-02 1.525657065212726593e-02 1.651827618479728699e-02 1.374840177595615387e-02 1.414352748543024063e-02 1.458187773823738098e-02 1.543233543634414673e-02 1.607516594231128693e-02 1.522214245051145554e-02 1.589571870863437653e-02
4.649298597194388982e+00 1.523315533995628357e-02 2.543174894526600838e-03 1.559715904295444489e-02 1.522019784897565842e-02 1.644614152610301971e-02 1.374165154993534088e-02 1.414093002676963806e-02 1.455701421946287155e-02 1.538841612637042999e-02 1.601270772516727448e-02 1.519268006086349487e-02 1.584023423492908478e-02
4.669338677354708977e+00 1.519712526351213455e-02 2.476158784702420235e-03 1.554420311003923416e-02 1.518232189118862152e-02 1.637363806366920471e-02 1.373487245291471481e-02 1.413692440837621689e-02 1.453174650669097900e-02 1.534388028085231781e-02 1.594990119338035583e-02 1.516273524612188339e-02 1.578402891755104065e-02
4.689378757515029861e+00 1.516130007803440094e-02 2.409885171800851822e-03 1.549022551625967026e-02 1.514359563589096069e-02 1.630113460123538971e-02 1.372834946960210800e-02 1.413125079125165939e-02 1.450613792985677719e-02 1.529881544411182404e-02 1.588756963610649109e-02 1.513277087360620499e-02 1.572758518159389496e-02
4.709418837675350744e+00 1.512518059462308884e-02 2.344378735870122910e-03 1.543563697487115860e-02 1.510460302233695984e-02 1.622833870351314545e-02 1.372134871780872345e-02 1.412425376474857330e-02 1.448083389550447464e-02 1.525317784398794174e-02 1.582572050392627716e-02 1.510290894657373428e-02 1.567102409899234772e-02
4.729458917835670739e+00 1.508904900401830673e-02 2.280628774315118790e-03 1.538063958287239075e-02 1.506533659994602203e-02 1.615523546934127808e-02 1.371361222118139267e-02 1.411444600671529770e-02 1.445460133254528046e-02 1.520710438489913940e-02 1.576360501348972321e-02 1.507260277867317200e-02 1.561432611197233200e-02
4.749498997995991623e+00 1.505317166447639465e-02 2.217945177108049393e-03 1.532594859600067139e-02 1.502661406993865967e-02 1.608211360871791840e-02 1.370546501129865646e-02 1.410347130149602890e-02 1.442806050181388855e-02 1.516051776707172394e-02 1.570184901356697083e-02 1.504191197454929352e-02 1.555702090263366699e-02
4.769539078156312506e+00 1.501637697219848633e-02 2.156145870685577393e-03 1.527107600122690201e-02 1.498775649815797806e-02 1.600916497409343719e-02 1.369660068303346634e-02 1.409196853637695312e-02 1.440079230815172195e-02 1.511369738727807999e-02 1.563968881964683533e-02 1.501067075878381729e-02 1.549975667148828506e-02
4.789579158316633389e+00 1.497910637408494949e-02 2.095240866765379906e-03 1.521608512848615646e-02 1.494945865124464035e-02 1.593578048050403595e-02 1.368702948093414307e-02 1.407989114522933960e-02 1.437278464436531067e-02 1.506723370403051376e-02 1.557729672640562057e-02 1.497926749289035797e-02 1.544310338795185089e-02
4.809619238476953385e+00 1.494112610816955566e-02 2.035399666056036949e-03 1.516137085855007172e-02 1.491033285856246948e-02 1.586262136697769165e-02 1.367704477161169052e-02 1.406772714108228683e-02 1.434382796287536621e-02 1.502091810107231140e-02 1.551527250558137894e-02 1.494741253554821014e-02 1.538722217082977295e-02
4.829659318637274268e+00 1.490259170532226562e-02 1.976587809622287750e-03 1.510611828416585922e-02 1.487104035913944244e-02 1.579056493937969208e-02 1.366621442139148712e-02 1.405575033277273178e-02 1.431415416300296783e-02 1.497404463589191437e-02 1.545274164527654648e-02 1.491523627191781998e-02 1.533137541264295578e-02
4.849699398797595151e+00 1.486272178590297699e-02 1.919124275445938110e-03 1.505034416913986206e-02 1.483136601746082306e-02 1.571940258145332336e-02 1.365472842007875443e-02 1.404356863349676132e-02 1.428337953984737396e-02 1.492754649370908737e-02 1.539123151451349258e-02 1.488326955586671829e-02 1.527562271803617477e-02
4.869739478957916035e+00 1.482259295880794525e-02 1.862197765149176121e-03 1.499473862349987030e-02 1.479156129062175751e-02 1.564851589500904083e-02 1.364313997328281403e-02 1.403101440519094467e-02 1.425287406891584396e-02 1.488139666616916656e-02 1.533008273690938950e-02 1.485096663236618042e-02 1.521994639188051224e-02
4.889779559118236030e+00 1.478229556232690811e-02 1.805610721930861473e-03 1.493860688060522079e-02 1.475154049694538116e-02 1.557807903736829758e-02 1.363115198910236359e-02 1.401931047439575195e-02 1.422242354601621628e-02 1.483591832220554352e-02 1.526917424052953720e-02 1.481804810464382172e-02 1.516462303698062897e-02
4.909819639278556913e+00 1.474180910736322403e-02 1.748988172039389610e-03 1.488270703703165054e-02 1.471064332872629166e-02 1.550798024982213974e-02 1.361978147178888321e-02 1.400746870785951614e-02 1.419159676879644394e-02 1.479034498333930969e-02 1.520747039467096329e-02 1.478484086692333221e-02 1.510959211736917496e-02
4.929859719438877796e+00 1.469995360821485519e-02 1.692522899247705936e-03 1.482675597071647644e-02 1.466941460967063904e-02 1.543883699923753738e-02 1.360829733312129974e-02 1.399620249867439270e-02 1.415973529219627380e-02 1.474460121244192123e-02 1.514509320259094238e-02 1.475134398788213730e-02 1.505465898662805557e-02
4.949899799599197792e+00 1.465826202183961868e-02 1.637786976061761379e-03 1.477170269936323166e-02 1.462759077548980713e-02 1.537094265222549438e-02 1.359619386494159698e-02 1.398442033678293228e-02 1.412783842533826828e-02 1.469890680164098740e-02 1.508333068341016769e-02 1.471814606338739395e-02 1.499984133988618851e-02
4.969939879759518675e+00 1.461594831198453903e-02 1.583015196956694126e-03 1.471671834588050842e-02 1.458724215626716614e-02 1.530319452285766602e-02 1.358402054756879807e-02 1.397174317389726639e-02 1.409662235528230667e-02 1.465199794620275497e-02 1.502140238881111145e-02 1.468455512076616287e-02 1.494412310421466827e-02
4.989979959919839558e+00 1.457295566797256470e-02 1.528970315121114254e-03 1.466148253530263901e-02 1.454614568501710892e-02 1.523542497307062149e-02 1.357163768261671066e-02 1.395723503082990646e-02 1.406543049961328506e-02 1.460585184395313263e-02 1.495919004082679749e-02 1.465097256004810333e-02 1.488813292235136032e-02
5.010020040080160442e+00 1.452945731580257416e-02 1.474904478527605534e-03 1.460706163197755814e-02 1.450523920357227325e-02 1.516833528876304626e-02 1.355908159166574478e-02 1.394400559365749359e-02 1.403454318642616272e-02 1.455939840525388718e-02 1.489730365574359894e-02 1.461738068610429764e-02 1.483222469687461853e-02
5.030060120240480437e+00 1.448520738631486893e-02 1.421958906576037407e-03 1.455265376716852188e-02 1.446521747857332230e-02 1.510249543935060501e-02 1.354634854942560196e-02 1.392988022416830063e-02 1.400366052985191345e-02 1.451354101300239563e-02 1.483602169901132584e-02 1.458371523767709732e-02 1.477626897394657135e-02
5.050100200400801320e+00 1.444085221737623215e-02 1.369932782836258411e-03 1.449879165738821030e-02 1.442574523389339447e-02 1.503695175051689148e-02 1.353332214057445526e-02 1.391588244587182999e-02 1.397194247692823410e-02 1.446747779846191406e-02 1.477519981563091278e-02 1.454924419522285461e-02 1.472054887562990189e-02
5.070140280561122204e+00 1.439713314175605774e-02 1.319345203228294849e-03 1.444538775831460953e-02 1.438653748482465744e-02 1.497210841625928879e-02 1.352015882730484009e-02 1.390125695616006851e-02 1.394002977758646011e-02 1.442080922424793243e-02 1.471514441072940826e-02 1.451439410448074341e-02 1.466501411050558090e-02
5.090180360721443087e+00 1.435360312461853027e-02 1.269744709134101868e-03 1.439335756003856659e-02 1.434806641191244125e-02 1.490695122629404068e-02 1.350709330290555954e-02 1.388656906783580780e-02 1.390749029815196991e-02 1.437401212751865387e-02 1.465661078691482544e-02 1.447900477796792984e-02 1.461051777005195618e-02
5.110220440881763082e+00 1.431059744209051132e-02 1.220252132043242455e-03 1.434144377708435059e-02 1.430912129580974579e-02 1.484198495745658875e-02 1.349422335624694824e-02 1.387321483343839645e-02 1.387457642704248428e-02 1.432721316814422607e-02 1.459824573248624802e-02 1.444362197071313858e-02 1.455570012331008911e-02
5.130260521042083965e+00 1.426791585981845856e-02 1.171781914308667183e-03 1.429040171205997467e-02 1.426988001912832260e-02 1.477718725800514221e-02 1.348130404949188232e-02 1.385826338082551956e-02 1.384191960096359253e-02 1.428102701902389526e-02 1.453924644738435745e-02 1.440748292952775955e-02 1.450166851282119751e-02
5.150300601202404849e+00 1.422591786831617355e-02 1.124800182878971100e-03 1.424042228609323502e-02 1.423128228634595871e-02 1.471243984997272491e-02 1.346805784851312637e-02 1.384277362376451492e-02 1.380894426256418228e-02 1.423510909080505371e-02 1.448120456188917160e-02 1.437091641128063202e-02 1.444833539426326752e-02
5.170340681362724844e+00 1.418470498174428940e-02 1.079563982784748077e-03 1.419083867222070694e-02 1.419315673410892487e-02 1.464809849858283997e-02 1.345463562756776810e-02 1.382603961974382401e-02 1.377588044852018356e-02 1.418919768184423447e-02 1.442414056509733200e-02 1.433383580297231674e-02 1.439584977924823761e-02
5.190380761523045727e+00 1.414344646036624908e-02 1.035465626046061516e-03 1.414110418409109116e-02 1.415571477264165878e-02 1.458348613232374191e-02 1.344074402004480362e-02 1.380796171724796295e-02 1.374317426234483719e-02 1.414396334439516068e-02 1.436792127788066864e-02 1.429656799882650375e-02 1.434382796287536621e-02
5.210420841683366611e+00 1.410243567079305649e-02 9.930008091032505035e-04 1.409097481518983841e-02 1.411757431924343109e-02 1.451928727328777313e-02 1.342663820832967758e-02 1.378961186856031418e-02 1.370923127979040146e-02 1.409820839762687683e-02 1.431193761527538300e-02 1.426004711538553238e-02 1.429211907088756561e-02
5.230460921843687494e+00 1.406164187937974930e-02 9.515291312709450722e-04 1.404157560318708420e-02 1.407929789274930954e-02 1.445502694696187973e-02 1.341232750564813614e-02 1.377076562494039536e-02 1.367548387497663498e-02 1.405255682766437531e-02 1.425611320883035660e-02 1.422426197677850723e-02 1.424073055386543274e-02
5.250501002004007489e+00 1.402125693857669830e-02 9.111973922699689865e-04 1.399258431047201157e-02 1.404034532606601715e-02 1.439170818775892258e-02 1.339768897742033005e-02 1.375154778361320496e-02 1.364224683493375778e-02 1.400737557560205460e-02 1.420054957270622253e-02 1.418777275830507278e-02 1.418927218765020370e-02
5.270541082164328373e+00 1.398023590445518494e-02 8.711169939488172531e-04 1.394307333976030350e-02 1.400280650705099106e-02 1.432882901281118393e-02 1.338264439254999161e-02 1.373224519193172455e-02 1.361114066094160080e-02 1.396238617599010468e-02 1.414601132273674011e-02 1.415131147950887680e-02 1.413849089294672012e-02
5.290581162324649256e+00 1.393882092088460922e-02 8.328370167873799801e-04 1.389481965452432632e-02 1.396485883742570877e-02 1.426589582115411758e-02 1.336722262203693390e-02 1.371054816991090775e-02 1.357888802886009216e-02 1.391719002276659012e-02 1.409197505563497543e-02 1.411462668329477310e-02 1.408781390637159348e-02
5.310621242484970139e+00 1.389710977673530579e-02 7.947637350298464298e-04 1.384738925844430923e-02 1.392620056867599487e-02 1.420303620398044586e-02 1.335145439952611923e-02 1.368813123553991318e-02 1.354804821312427521e-02 1.387221738696098328e-02 1.403850410133600235e-02 1.407729275524616241e-02 1.403736695647239685e-02
5.330661322645290134e+00 1.385517418384552002e-02 7.576551870442926884e-04 1.379979494959115982e-02 1.388736721128225327e-02 1.414151117205619812e-02 1.333499141037464142e-02 1.366601139307022095e-02 1.351810991764068604e-02 1.382724475115537643e-02 1.398518029600381851e-02 1.403989270329475403e-02 1.398674957454204559e-02
5.350701402805611018e+00 1.381377503275871277e-02 7.221736013889312744e-04 1.375220622867345810e-02 1.384871173650026321e-02 1.408151071518659592e-02 1.331826858222484589e-02 1.364465616643428802e-02 1.348793599754571915e-02 1.378239039331674576e-02 1.393263135105371475e-02 1.400240324437618256e-02 1.393581926822662354e-02
5.370741482965931901e+00 1.377212069928646088e-02 6.887711351737380028e-04 1.370427664369344711e-02 1.380926277488470078e-02 1.402288395911455154e-02 1.330108195543289185e-02 1.362396869808435440e-02 1.345679536461830139e-02 1.373827457427978516e-02 1.388061977922916412e-02 1.396543532609939575e-02 1.388590596616268158e-02
5.390781563126251896e+00 1.373000256717205048e-02 6.572874845005571842e-04 1.365704648196697235e-02 1.377054955810308456e-02 1.396442856639623642e-02 1.328264735639095306e-02 1.360232476145029068e-02 1.342513039708137512e-02 1.369368936866521835e-02 1.382843032479286194e-02 1.392833609133958817e-02 1.383607927709817886e-02
5.410821643286572780e+00 1.368811819702386856e-02 6.279326626099646091e-04 1.361026428639888763e-02 1.373161468654870987e-02 1.390612125396728516e-02 1.326278224587440491e-02 1.358113996684551239e-02 1.339354366064071655e-02 1.364918705075979233e-02 1.377649884670972824e-02 1.389166247099637985e-02 1.378673315048217773e-02
5.430861723446893663e+00 1.364709343761205673e-02 6.008810014463961124e-04 1.356396358460187912e-02 1.369305234402418137e-02 1.384819485247135162e-02 1.324186287820339203e-02 1.355928089469671249e-02 1.336218416690826416e-02 1.360568124800920486e-02 1.372516248375177383e-02 1.385474577546119690e-02 1.373815163969993591e-02
5.450901803607214546e+00 1.360553316771984100e-02 5.752579891122877598e-04 1.351711805909872055e-02 1.365363039076328278e-02 1.379040163010358810e-02 1.322035863995552063e-02 1.353860739618539810e-02 1.333084143698215485e-02 1.356374006718397141e-02 1.367401238530874252e-02 1.381860394030809402e-02 1.369008328765630722e-02
5.470941883767534542e+00 1.356412656605243683e-02 5.519256228581070900e-04 1.347064692527055740e-02 1.361417770385742188e-02 1.373323891311883926e-02 1.319838315248489380e-02 1.351708639413118362e-02 1.329894643276929855e-02 1.352265570312738419e-02 1.362289767712354660e-02 1.378286816179752350e-02 1.364201493561267853e-02
5.490981963927855425e+00 1.352291181683540344e-02 5.305954255163669586e-04 1.342455577105283737e-02 1.357447262853384018e-02 1.367583218961954117e-02 1.317584421485662460e-02 1.349541172385215759e-02 1.326708309352397919e-02 1.348193734884262085e-02 1.357155945152044296e-02 1.374780759215354919e-02 1.359428744763135910e-02
5.511022044088176308e+00 1.348259486258029938e-02 5.118245026096701622e-04 1.337841060012578964e-02 1.353402156382799149e-02 1.361858285963535309e-02 1.315263938158750534e-02 1.347507629543542862e-02 1.323562487959861755e-02 1.344156451523303986e-02 1.351986266672611237e-02 1.371366530656814575e-02 1.354670617729425430e-02
5.531062124248497192e+00 1.344308629631996155e-02 4.951764130964875221e-04 1.333258301019668579e-02 1.349363476037979126e-02 1.356185879558324814e-02 1.312942709773778915e-02 1.345548313111066818e-02 1.320378202944993973e-02 1.340180635452270508e-02 1.346833817660808563e-02 1.367860566824674606e-02 1.349969580769538879e-02
5.551102204408817187e+00 1.340409833937883377e-02 4.805893986485898495e-04 1.328707113862037659e-02 1.345211081206798553e-02 1.350562367588281631e-02 1.310603786259889603e-02 1.343573816120624542e-02 1.317183859646320343e-02 1.336224190890789032e-02 1.341783069074153900e-02 1.364286709576845169e-02 1.345292758196592331e-02
5.571142284569138070e+00 1.336536835879087448e-02 4.681457648985087872e-04 1.324161235243082047e-02 1.341089885681867599e-02 1.344948075711727142e-02 1.308293081820011139e-02 1.341378409415483475e-02 1.313951332122087479e-02 1.332268957048654556e-02 1.336809620261192322e-02 1.360729802399873734e-02 1.340601034462451935e-02
5.591182364729458953e+00 1.332709752023220062e-02 4.586026770994067192e-04 1.319658104330301285e-02 1.337056513875722885e-02 1.339367032051086426e-02 1.305892970412969589e-02 1.339105051010847092e-02 1.310660783201456070e-02 1.328234467655420303e-02 1.331839337944984436e-02 1.357124373316764832e-02 1.335990522056818008e-02
5.611222444889778949e+00 1.328980270773172379e-02 4.508250858634710312e-04 1.315120887011289597e-02 1.332997065037488937e-02 1.333906501531600952e-02 1.303518190979957581e-02 1.336762029677629471e-02 1.307449676096439362e-02 1.324212085455656052e-02 1.326967310160398483e-02 1.353454124182462692e-02 1.331393513828516006e-02
5.631262525050099832e+00 1.325254980474710464e-02 4.449752450454980135e-04 1.310614403337240219e-02 1.329084113240242004e-02 1.328433956950902939e-02 1.301150210201740265e-02 1.334438472986221313e-02 1.304229162633419037e-02 1.320239715278148651e-02 1.322231255471706390e-02 1.349761802703142166e-02 1.326849125325679779e-02
5.651302605210420715e+00 1.321545056998729706e-02 4.401759360916912556e-04 1.306140422821044922e-02 1.325194817036390305e-02 1.323035266250371933e-02 1.298815011978149414e-02 1.332067791372537613e-02 1.301113981753587723e-02 1.316242199391126633e-02 1.317564491182565689e-02 1.346023101359605789e-02 1.322342175990343094e-02
5.671342685370741599e+00 1.317890454083681107e-02 4.370600217953324318e-04 1.301721762865781784e-02 1.321304682642221451e-02 1.317769940942525864e-02 1.296552084386348724e-02 1.329754851758480072e-02 1.298088952898979187e-02 1.312224566936492920e-02 1.313018146902322769e-02 1.342322211712598801e-02 1.317839231342077255e-02
5.691382765531061594e+00 1.314234454184770584e-02 4.348956863395869732e-04 1.297294721007347107e-02 1.317401044070720673e-02 1.312561519443988800e-02 1.294313464313745499e-02 1.327359583228826523e-02 1.295135635882616043e-02 1.308241672813892365e-02 1.308561395853757858e-02 1.338578108698129654e-02 1.313361525535583496e-02
5.711422845691382477e+00 1.310572680085897446e-02 4.343862237874418497e-04 1.292932126671075821e-02 1.313464716076850891e-02 1.307395286858081818e-02 1.292028464376926422e-02 1.324951089918613434e-02 1.292156986892223358e-02 1.304303482174873352e-02 1.304098870605230331e-02 1.334802713245153427e-02 1.308847963809967041e-02
5.731462925851703361e+00 1.306841708719730377e-02 4.348457732703536749e-04 1.288607623428106308e-02 1.309500914067029953e-02 1.302308961749076843e-02 1.289717201143503189e-02 1.322611421346664429e-02 1.289242599159479141e-02 1.300442218780517578e-02 1.299668662250041962e-02 1.331016607582569122e-02 1.304370723664760590e-02
5.751503006012024244e+00 1.303024869412183762e-02 4.361827450338751078e-04 1.284303795546293259e-02 1.305573061108589172e-02 1.297363545745611191e-02 1.287402864545583725e-02 1.320192217826843262e-02 1.286338269710540771e-02 1.296652760356664658e-02 1.295283995568752289e-02 1.327318698167800903e-02 1.299955416470766068e-02
5.771543086172344239e+00 1.299155969172716141e-02 4.382123297546058893e-04 1.280141808092594147e-02 1.301650889217853546e-02 1.292480807751417160e-02 1.285084057599306107e-02 1.317823491990566254e-02 1.283480133861303329e-02 1.292879320681095123e-02 1.290967408567667007e-02 1.323661487549543381e-02 1.295601855963468552e-02
5.791583166332665122e+00 1.295169349759817123e-02 4.411040863487869501e-04 1.276003569364547729e-02 1.297927182167768478e-02 1.287629175931215286e-02 1.282801758497953415e-02 1.315424963831901550e-02 1.280735526233911514e-02 1.289129629731178284e-02 1.286682765930891037e-02 1.320125814527273178e-02 1.291305106133222580e-02
5.811623246492986006e+00 1.291137561202049255e-02 4.468102124519646168e-04 1.271858904510736465e-02 1.294306945055723190e-02 1.282804179936647415e-02 1.280514150857925415e-02 1.313142385333776474e-02 1.277861371636390686e-02 1.285366062074899673e-02 1.282361708581447601e-02 1.316623203456401825e-02 1.287129148840904236e-02
5.831663326653306001e+00 1.287102326750755310e-02 4.550012235995382071e-04 1.267741806805133820e-02 1.290709339082241058e-02 1.277994643896818161e-02 1.278254855424165726e-02 1.310849003493785858e-02 1.274897437542676926e-02 1.281632203608751297e-02 1.278018206357955933e-02 1.313232071697711945e-02 1.282946486026048660e-02
5.851703406813626884e+00 1.283053774386644363e-02 4.653973155654966831e-04 1.263682916760444641e-02 1.287142466753721237e-02 1.273111160844564438e-02 1.276043336838483810e-02 1.308563910424709320e-02 1.271856203675270081e-02 1.277908496558666229e-02 1.273659709841012955e-02 1.309908460825681686e-02 1.278777234256267548e-02
5.871743486973947768e+00 1.279065199196338654e-02 4.771386447828263044e-04 1.259781792759895325e-02 1.283562369644641876e-02 1.268341485410928726e-02 1.273888535797595978e-02 1.306392159312963486e-02 1.269004587084054947e-02 1.274093147367238998e-02 1.269211433827877045e-02 1.306591089814901352e-02 1.274611707776784897e-02
5.891783567134268651e+00 1.275128778070211411e-02 4.895393503829836845e-04 1.255896408110857010e-02 1.280107814818620682e-02 1.263593696057796478e-02 1.271727774292230606e-02 1.304126530885696411e-02 1.266113389283418655e-02 1.270287670195102692e-02 1.264749653637409210e-02 1.303173135966062546e-02 1.270417682826519012e-02
5.911823647294588646e+00 1.271248236298561096e-02 5.031952168792486191e-04 1.251958590000867844e-02 1.276683248579502106e-02 1.258901692926883698e-02 1.269578933715820312e-02 1.301843393594026566e-02 1.263071596622467041e-02 1.266463100910186768e-02 1.260330993682146072e-02 1.299719139933586121e-02 1.266280561685562134e-02
5.931863727454909530e+00 1.267388090491294861e-02 5.172692472115159035e-04 1.248006150126457214e-02 1.273229531943798065e-02 1.254184264689683914e-02 1.267457101494073868e-02 1.299498137086629868e-02 1.260045636445283890e-02 1.262616366147994995e-02 1.255890354514122009e-02 1.296190824359655380e-02 1.262155734002590179e-02
5.951903807615230413e+00 1.263573300093412399e-02 5.322226788848638535e-04 1.243976317346096039e-02 1.269787084311246872e-02 1.249452214688062668e-02 1.265326887369155884e-02 1.297042705118656158e-02 1.257003098726272583e-02 1.258724462240934372e-02 1.251326501369476318e-02 1.292653474956750870e-02 1.258038636296987534e-02
5.971943887775551296e+00 1.259899418801069260e-02 5.462028202600777149e-04 1.240019872784614563e-02 1.266322750598192215e-02 1.244861446321010590e-02 1.263187732547521591e-02 1.294522732496261597e-02 1.254009548574686050e-02 1.254856493324041367e-02 1.246879808604717255e-02 1.289098430424928665e-02 1.253987010568380356e-02
5.991983967935871291e+00 1.256227865815162659e-02 5.596191622316837311e-04 1.236144546419382095e-02 1.262846589088439941e-02 1.240419503301382065e-02 1.261040382087230682e-02 1.291926205158233643e-02 1.251085102558135986e-02 1.250963658094406128e-02 1.242471020668745041e-02 1.285551767796278000e-02 1.249893289059400558e-02
6.012024048096192175e+00 1.252636872231960297e-02 5.733436555601656437e-04 1.232215948402881622e-02 1.259369403123855591e-02 1.235925685614347458e-02 1.258828863501548767e-02 1.289282925426959991e-02 1.248108502477407455e-02 1.247016526758670807e-02 1.238136831670999527e-02 1.282011903822422028e-02 1.245876681059598923e-02
6.032064128256513058e+00 1.249135658144950867e-02 5.867506843060255051e-04 1.228301972150802612e-02 1.255964767187833786e-02 1.231455244123935699e-02 1.256567146629095078e-02 1.286499854177236557e-02 1.245066057890653610e-02 1.243135333061218262e-02 1.233805250376462936e-02 1.278531365096569061e-02 1.241829339414834976e-02
6.052104208416833053e+00 1.245764270424842834e-02 6.011178484186530113e-04 1.224417705088853836e-02 1.252505648881196976e-02 1.226934138685464859e-02 1.254325732588768005e-02 1.283825561404228210e-02 1.241992320865392685e-02 1.239240914583206177e-02 1.229549944400787354e-02 1.275102235376834869e-02 1.237851660698652267e-02
6.072144288577153937e+00 1.242357213050127029e-02 6.157400785014033318e-04 1.220580004155635834e-02 1.249102968722581863e-02 1.222532801330089569e-02 1.252078451216220856e-02 1.281192619353532791e-02 1.239060610532760620e-02 1.235254015773534775e-02 1.225404720753431320e-02 1.271731965243816376e-02 1.233876682817935944e-02
6.092184368737474820e+00 1.238956581801176071e-02 6.290922174230217934e-04 1.216845214366912842e-02 1.245772559195756912e-02 1.218090299516916275e-02 1.249766629189252853e-02 1.278377883136272430e-02 1.236149296164512634e-02 1.231296453624963760e-02 1.221273746341466904e-02 1.268326118588447571e-02 1.229899935424327850e-02
6.112224448897795703e+00 1.235666684806346893e-02 6.429186905734241009e-04 1.213085465133190155e-02 1.242430880665779114e-02 1.213634200394153595e-02 1.247393991798162460e-02 1.275608688592910767e-02 1.233212556689977646e-02 1.227376982569694519e-02 1.217289920896291733e-02 1.265038643032312393e-02 1.226044911891222000e-02
6.132264529058115698e+00 1.232325099408626556e-02 6.565586663782596588e-04 1.209458243101835251e-02 1.239025406539440155e-02 1.209191977977752686e-02 1.245015952736139297e-02 1.272998005151748657e-02 1.230370812118053436e-02 1.223509293049573898e-02 1.213434617966413498e-02 1.261679083108901978e-02 1.222274452447891235e-02
6.152304609218436582e+00 1.228978764265775681e-02 6.691086455248296261e-04 1.205934584140777588e-02 1.235669665038585663e-02 1.204841118305921555e-02 1.242636330425739288e-02 1.270274538546800613e-02 1.227462198585271835e-02 1.219680253416299820e-02 1.209697593003511429e-02 1.258410234004259109e-02 1.218538451939821243e-02
6.172344689378757465e+00 1.225697994232177734e-02 6.810694467276334763e-04 1.202511694282293320e-02 1.232389267534017563e-02 1.200622506439685822e-02 1.240173261612653732e-02 1.267632469534873962e-02 1.224467065185308456e-02 1.215917617082595825e-02 1.206091884523630142e-02 1.255201175808906555e-02 1.214897446334362030e-02
6.192384769539078349e+00 1.222509518265724182e-02 6.926247733645141125e-04 1.199061516672372818e-02 1.229113619774580002e-02 1.196445990353822708e-02 1.237777620553970337e-02 1.264921203255653381e-02 1.221464108675718307e-02 1.212151069194078445e-02 1.202564220875501633e-02 1.252010185271501541e-02 1.211292855441570282e-02
6.212424849699398344e+00 1.219328027218580246e-02 7.044783560559153557e-04 1.195724215358495712e-02 1.225981395691633224e-02 1.192204654216766357e-02 1.235392037779092789e-02 1.262245420366525650e-02 1.218418311327695847e-02 1.208452880382537842e-02 1.199046056717634201e-02 1.248830091208219528e-02 1.207710057497024536e-02
6.232464929859719227e+00 1.216178108006715775e-02 7.164136623032391071e-04 1.192456670105457306e-02 1.222905330359935760e-02 1.188189070671796799e-02 1.233020890504121780e-02 1.259603444486856461e-02 1.215391512960195541e-02 1.204828079789876938e-02 1.195420511066913605e-02 1.245785038918256760e-02 1.204132661223411560e-02
6.252505010020040110e+00 1.213137898594141006e-02 7.270523346960544586e-04 1.189175434410572052e-02 1.219847891479730606e-02 1.184265222400426865e-02 1.230636145919561386e-02 1.256853062659502029e-02 1.212259661406278610e-02 1.201313827186822891e-02 1.191782113164663315e-02 1.242660544812679291e-02 1.200554240494966507e-02
6.272545090180360106e+00 1.210028491914272308e-02 7.367915241047739983e-04 1.185827888548374176e-02 1.216692849993705750e-02 1.180493179708719254e-02 1.228167489171028137e-02 1.254075486212968826e-02 1.209244225174188614e-02 1.197862904518842697e-02 1.188135612756013870e-02 1.239530555903911591e-02 1.197004225105047226e-02
6.292585170340680989e+00 1.206890214234590530e-02 7.450366392731666565e-04 1.182493194937705994e-02 1.213380973786115646e-02 1.176811195909976959e-02 1.225767657160758972e-02 1.251222006976604462e-02 1.206305157393217087e-02 1.194493286311626434e-02 1.184612791985273361e-02 1.236354280263185501e-02 1.193484198302030563e-02
6.312625250501001872e+00 1.203777361661195755e-02 7.520295330323278904e-04 1.179205067455768585e-02 1.210059318691492081e-02 1.173233985900878906e-02 1.223374903202056885e-02 1.248358096927404404e-02 1.203541550785303116e-02 1.191258337348699570e-02 1.181103941053152084e-02 1.233137771487236023e-02 1.190129853785037994e-02
6.332665330661322756e+00 1.200673636049032211e-02 7.592297042720019817e-04 1.175857614725828171e-02 1.206621807068586349e-02 1.169660687446594238e-02 1.221016328781843185e-02 1.245495770126581192e-02 1.200883276760578156e-02 1.187975611537694931e-02 1.177632622420787811e-02 1.229928340762853622e-02 1.186818256974220276e-02
6.352705410821642751e+00 1.197533681988716125e-02 7.651023333892226219e-04 1.172375027090311050e-02 1.203348673880100250e-02 1.166139822453260422e-02 1.218694262206554413e-02 1.242423895746469498e-02 1.198322419077157974e-02 1.184793096035718918e-02 1.174131594598293304e-02 1.226597558706998825e-02 1.183569896966218948e-02
6.372745490981963634e+00 1.194269768893718719e-02 7.716178079135715961e-04 1.168896257877349854e-02 1.200122013688087463e-02 1.162645500153303146e-02 1.216389052569866180e-02 1.239378843456506729e-02 1.195881329476833344e-02 1.181644387543201447e-02 1.170524675399065018e-02 1.223288476467132568e-02 1.180280093103647232e-02
6.392785571142284518e+00 1.190979126840829849e-02 7.790207164362072945e-04 1.165449433028697968e-02 1.196962688118219376e-02 1.159167289733886719e-02 1.214146893471479416e-02 1.236391812562942505e-02 1.193436142057180405e-02 1.178527809679508209e-02 1.166755240410566330e-02 1.219930592924356461e-02 1.176971290260553360e-02
6.412825651302604513e+00 1.187587715685367584e-02 7.855531293898820877e-04 1.162112317979335785e-02 1.193828228861093521e-02 1.155629288405179977e-02 1.211942546069622040e-02 1.233376748859882355e-02 1.190901733934879303e-02 1.175507623702287674e-02 1.162996236234903336e-02 1.216395385563373566e-02 1.173706259578466415e-02
6.432865731462925396e+00 1.184220332652330399e-02 7.926156977191567421e-04 1.158832293003797531e-02 1.190735865384340286e-02 1.152136363089084625e-02 1.209705602377653122e-02 1.230492629110813141e-02 1.188329234719276428e-02 1.172522455453872681e-02 1.159198675304651260e-02 1.212859619408845901e-02 1.170510426163673401e-02
6.452905811623246279e+00 1.180900633335113525e-02 7.996680215001106262e-04 1.155550405383110046e-02 1.187664363533258438e-02 1.148602180182933807e-02 1.207474246621131897e-02 1.227660663425922394e-02 1.185586862266063690e-02 1.169571653008460999e-02 1.155574992299079895e-02 1.209331117570400238e-02 1.167362276464700699e-02
6.472945891783567163e+00 1.177603192627429962e-02 8.068825700320303440e-04 1.152302417904138565e-02 1.184631884098052979e-02 1.145006064325571060e-02 1.205255743116140366e-02 1.224754378199577332e-02 1.182812172919511795e-02 1.166688371449708939e-02 1.151921693235635757e-02 1.205883827060461044e-02 1.164260040968656540e-02
6.492985971943887158e+00 1.174299698323011398e-02 8.144904859364032745e-04 1.148997247219085693e-02 1.181789860129356384e-02 1.141468249261379242e-02 1.202979590743780136e-02 1.221925020217895508e-02 1.179997622966766357e-02 1.163940504193305969e-02 1.148343924432992935e-02 1.202531717717647552e-02 1.161193009465932846e-02
6.513026052104208041e+00 1.171083189547061920e-02 8.227253565564751625e-04 1.145766116678714752e-02 1.178921200335025787e-02 1.137931551784276962e-02 1.200687512755393982e-02 1.219252496957778931e-02 1.177186798304319382e-02 1.161200273782014847e-02 1.144915539771318436e-02 1.199319586157798767e-02 1.158150658011436462e-02
6.533066132264528925e+00 1.167900674045085907e-02 8.310952107422053814e-04 1.142509467899799347e-02 1.176123507320880890e-02 1.134383678436279297e-02 1.198282558470964432e-02 1.216710172593593597e-02 1.174300257116556168e-02 1.158442161977291107e-02 1.141685899347066879e-02 1.196157746016979218e-02 1.155102346092462540e-02
6.553106212424849808e+00 1.164804864674806595e-02 8.391039445996284485e-04 1.139322109520435333e-02 1.173184625804424286e-02 1.130850613117218018e-02 1.195887476205825806e-02 1.214163564145565033e-02 1.171339116990566254e-02 1.155682466924190521e-02 1.138542313128709793e-02 1.193128991872072220e-02 1.152065955102443695e-02
6.573146292585169803e+00 1.161852851510047913e-02 8.456904324702918530e-04 1.136136706918478012e-02 1.170130260288715363e-02 1.127356756478548050e-02 1.193467807024717331e-02 1.211521029472351074e-02 1.168396510183811188e-02 1.152886543422937393e-02 1.135532651096582413e-02 1.190090179443359375e-02 1.148941926658153534e-02
6.593186372745490686e+00 1.158910710364580154e-02 8.534835069440305233e-04 1.132875867187976837e-02 1.166983693838119507e-02 1.123829465359449387e-02 1.191054284572601318e-02 1.208981126546859741e-02 1.165340095758438110e-02 1.150086522102355957e-02 1.132671348750591278e-02 1.187271252274513245e-02 1.145758666098117828e-02
6.613226452905811570e+00 1.155939325690269470e-02 8.617746061645448208e-04 1.129568833857774734e-02 1.163874939084053040e-02 1.120261941105127335e-02 1.188575476408004761e-02 1.206524204462766647e-02 1.162250526249408722e-02 1.147237792611122131e-02 1.129905134439468384e-02 1.184463873505592346e-02 1.142550539225339890e-02
6.633266533066131565e+00 1.153007894754409790e-02 8.703779312781989574e-04 1.126378402113914490e-02 1.160636078566312790e-02 1.116758398711681366e-02 1.186079252511262894e-02 1.204168144613504410e-02 1.159231550991535187e-02 1.144297327846288681e-02 1.127123739570379257e-02 1.181739382445812225e-02 1.139288116246461868e-02
6.653306613226452448e+00 1.150034647434949875e-02 8.790557621978223324e-04 1.123206596821546555e-02 1.157549582421779633e-02 1.113285217434167862e-02 1.183588523417711258e-02 1.201842166483402252e-02 1.156210619956254959e-02 1.141379494220018387e-02 1.124340016394853592e-02 1.178950909525156021e-02 1.136004831641912460e-02
6.673346693386773332e+00 1.147044729441404343e-02 8.880048990249633789e-04 1.119983661919832230e-02 1.154452469199895859e-02 1.109820138663053513e-02 1.181104499846696854e-02 1.199416816234588623e-02 1.153308991342782974e-02 1.138455420732498169e-02 1.121598388999700546e-02 1.176350936293601990e-02 1.132685318589210510e-02
6.693386773547094215e+00 1.144045405089855194e-02 8.975741802714765072e-04 1.116758398711681366e-02 1.151371747255325317e-02 1.106423977762460709e-02 1.178698800504207611e-02 1.196990441530942917e-02 1.150489039719104767e-02 1.135409902781248093e-02 1.118792127817869186e-02 1.173803303390741348e-02 1.129364687949419022e-02
6.713426853707414210e+00 1.141085755079984665e-02 9.071981767192482948e-04 1.113673765212297440e-02 1.148290000855922699e-02 1.103090401738882065e-02 1.176302041858434677e-02 1.194703951478004456e-02 1.147947739809751511e-02 1.132284197956323624e-02 1.115909870713949203e-02 1.171102561056613922e-02 1.126081496477127075e-02
6.733466933867735094e+00 1.138250343501567841e-02 9.164214134216308594e-04 1.110674627125263214e-02 1.145359408110380173e-02 1.099867001175880432e-02 1.173937972635030746e-02 1.192488986998796463e-02 1.145335007458925247e-02 1.129097398370504379e-02 1.113021187484264374e-02 1.168350037187337875e-02 1.122791878879070282e-02
6.753507014028055977e+00 1.135385036468505859e-02 9.257593192160129547e-04 1.107641402631998062e-02 1.142455171793699265e-02 1.096685230731964111e-02 1.171518955379724503e-02 1.190272532403469086e-02 1.142789982259273529e-02 1.125803310424089432e-02 1.110094320029020309e-02 1.165669411420822144e-02 1.119624264538288116e-02
6.773547094188376860e+00 1.132561173290014267e-02 9.357430390082299709e-04 1.104618329554796219e-02 1.139716524630784988e-02 1.093572843819856644e-02 1.169104035943746567e-02 1.188147906213998795e-02 1.140259765088558197e-02 1.122513506561517715e-02 1.107023842632770538e-02 1.162941753864288330e-02 1.116406265646219254e-02
6.793587174348696855e+00 1.129798963665962219e-02 9.437181288376450539e-04 1.101626828312873840e-02 1.136955898255109787e-02 1.090471167117357254e-02 1.166625320911407471e-02 1.185752823948860168e-02 1.137669105082750320e-02 1.119242701679468155e-02 1.103947684168815613e-02 1.160318218171596527e-02 1.113299932330846786e-02
6.813627254509017739e+00 1.127095427364110947e-02 9.524386841803789139e-04 1.098578888922929764e-02 1.134118996560573578e-02 1.087319105863571167e-02 1.164130400866270065e-02 1.183444913476705551e-02 1.135168131440877914e-02 1.116018276661634445e-02 1.100805960595607758e-02 1.157674659043550491e-02 1.110244821757078171e-02
6.833667334669338622e+00 1.124468073248863220e-02 9.605681407265365124e-04 1.095518842339515686e-02 1.131117530167102814e-02 1.084224320948123932e-02 1.161590125411748886e-02 1.181194093078374863e-02 1.132553257048130035e-02 1.112957298755645752e-02 1.097691152244806290e-02 1.155091449618339539e-02 1.107291970402002335e-02
6.853707414829658617e+00 1.121798809617757797e-02 9.696836350485682487e-04 1.092623826116323471e-02 1.128149125725030899e-02 1.081027463078498840e-02 1.159092132002115250e-02 1.178993284702301025e-02 1.130070723593235016e-02 1.109905354678630829e-02 1.094473898410797119e-02 1.152593083679676056e-02 1.104447152465581894e-02
6.873747494989979501e+00 1.119126845151185989e-02 9.784757858142256737e-04 1.089753583073616028e-02 1.125091500580310822e-02 1.077854912728071213e-02 1.156560983508825302e-02 1.176807284355163574e-02 1.127427816390991211e-02 1.106919255107641220e-02 1.091177761554718018e-02 1.150069013237953186e-02 1.101612579077482224e-02
6.893787575150300384e+00 1.116461493074893951e-02 9.874824900180101395e-04 1.086869556456804276e-02 1.122049428522586823e-02 1.074638124555349350e-02 1.154096331447362900e-02 1.174605917185544968e-02 1.124722976237535477e-02 1.104027219116687775e-02 1.087833754718303680e-02 1.147449295967817307e-02 1.098717562854290009e-02
6.913827655310621267e+00 1.113780960440635681e-02 9.957612492144107819e-04 1.083968207240104675e-02 1.118991617113351822e-02 1.071350090205669403e-02 1.151624508202075958e-02 1.172262802720069885e-02 1.122046168893575668e-02 1.101200934499502182e-02 1.084512658417224884e-02 1.144802384078502655e-02 1.095860265195369720e-02
6.933867735470941263e+00 1.111070532351732254e-02 1.004158635623753071e-03 1.081135775893926620e-02 1.116060186177492142e-02 1.068154163658618927e-02 1.149192173033952713e-02 1.170063763856887817e-02 1.119337044656276703e-02 1.098375767469406128e-02 1.081253588199615479e-02 1.142059266567230225e-02 1.092947460711002350e-02
6.953907815631262146e+00 1.108375843614339828e-02 1.012485357932746410e-03 1.078281551599502563e-02 1.113204471766948700e-02 1.064971648156642914e-02 1.146776694804430008e-02 1.167855877429246902e-02 1.116621773689985275e-02 1.095551531761884689e-02 1.078037358820438385e-02 1.139276754111051559e-02 1.089973282068967819e-02
6.973947895791583029e+00 1.105611957609653473e-02 1.019803108647465706e-03 1.075455918908119202e-02 1.110334787517786026e-02 1.061745267361402512e-02 1.144370529800653458e-02 1.165513508021831512e-02 1.113909389823675156e-02 1.092766039073467255e-02 1.074888929724693298e-02 1.136456709355115891e-02 1.087030861526727676e-02
6.993987975951903913e+00 1.102867629379034042e-02 1.027606078423559666e-03 1.072663441300392151e-02 1.107442378997802734e-02 1.058474369347095490e-02 1.141999755054712296e-02 1.163282524794340134e-02 1.111135445535182953e-02 1.090066879987716675e-02 1.071838568896055222e-02 1.133636943995952606e-02 1.084056217223405838e-02
7.014028056112223908e+00 1.100171636790037155e-02 1.035959343425929546e-03 1.069799810647964478e-02 1.104561798274517059e-02 1.055294461548328400e-02 1.139585766941308975e-02 1.161256898194551468e-02 1.108450908213853836e-02 1.087414845824241638e-02 1.068914867937564850e-02 1.130837108939886093e-02 1.081081852316856384e-02
7.034068136272544791e+00 1.097615063190460205e-02 1.042437739670276642e-03 1.067045051604509354e-02 1.101689878851175308e-02 1.052209548652172089e-02 1.137168146669864655e-02 1.159210596233606339e-02 1.105664949864149094e-02 1.084757968783378601e-02 1.066165324300527573e-02 1.127941161394119263e-02 1.078161783516407013e-02
7.054108216432865675e+00 1.095057558268308640e-02 1.046802266500890255e-03 1.064400933682918549e-02 1.098797842860221863e-02 1.049175392836332321e-02 1.134707033634185791e-02 1.156986970454454422e-02 1.102809049189090729e-02 1.082037948071956635e-02 1.063555758446455002e-02 1.125083956867456436e-02 1.075308118015527725e-02
7.074148296593185670e+00 1.092459727078676224e-02 1.048874808475375175e-03 1.061782520264387131e-02 1.096141804009675980e-02 1.046327594667673111e-02 1.132229994982481003e-02 1.154641248285770416e-02 1.099868584424257278e-02 1.079322490841150284e-02 1.061080209910869598e-02 1.122150011360645294e-02 1.072491612285375595e-02
7.094188376753506553e+00 1.089864876121282578e-02 1.049902290105819702e-03 1.059149950742721558e-02 1.093458570539951324e-02 1.043568830937147141e-02 1.129831094294786453e-02 1.152029167860746384e-02 1.097129378467798233e-02 1.076597534120082855e-02 1.058596931397914886e-02 1.119335927069187164e-02 1.069649215787649155e-02
7.114228456913827436e+00 1.087320595979690552e-02 1.049726153723895550e-03 1.056543737649917603e-02 1.090827118605375290e-02 1.040886156260967255e-02 1.127362158149480820e-02 1.149311009794473648e-02 1.094421558082103729e-02 1.073916256427764893e-02 1.056007109582424164e-02 1.116526499390602112e-02 1.066926773637533188e-02
7.134268537074148320e+00 1.084790006279945374e-02 1.048684003762900829e-03 1.054025441408157349e-02 1.088349893689155579e-02 1.038307417184114456e-02 1.124896202236413956e-02 1.146520022302865982e-02 1.091832760721445084e-02 1.071262732148170471e-02 1.053436193615198135e-02 1.113852206617593765e-02 1.064288895577192307e-02
7.154308617234468315e+00 1.082120928913354874e-02 1.048428704962134361e-03 1.051613874733448029e-02 1.085823029279708862e-02 1.035669818520545959e-02 1.122462283819913864e-02 1.143723074346780777e-02 1.089462731033563614e-02 1.068603619933128357e-02 1.050811540335416794e-02 1.111337263137102127e-02 1.061645988374948502e-02
7.174348697394789198e+00 1.079582609236240387e-02 1.048845122568309307e-03 1.049247104674577713e-02 1.083346921950578690e-02 1.033098530024290085e-02 1.120076607912778854e-02 1.141090039163827896e-02 1.087208185344934464e-02 1.066017337143421173e-02 1.048193592578172684e-02 1.108823157846927643e-02 1.059033907949924469e-02
7.194388777555110082e+00 1.076996605843305588e-02 1.050698803737759590e-03 1.046866830438375473e-02 1.081055309623479843e-02 1.030561048537492752e-02 1.117833983153104782e-02 1.138705015182495117e-02 1.084997784346342087e-02 1.063551660627126694e-02 1.045707892626523972e-02 1.106296386569738388e-02 1.056419871747493744e-02
7.214428857715430965e+00 1.074327435344457626e-02 1.052742125466465950e-03 1.044656429439783096e-02 1.078694220632314682e-02 1.027988735586404800e-02 1.115683559328317642e-02 1.136357150971889496e-02 1.082820352166891098e-02 1.061130035668611526e-02 1.043237093836069107e-02 1.103693712502717972e-02 1.053715497255325317e-02
7.234468937875750960e+00 1.071683969348669052e-02 1.056103385053575039e-03 1.042509917169809341e-02 1.076309569180011749e-02 1.025383174419403076e-02 1.113547664135694504e-02 1.134186144918203354e-02 1.080601103603839874e-02 1.058672554790973663e-02 1.040795352309942245e-02 1.101173833012580872e-02 1.050997059792280197e-02
7.254509018036071843e+00 1.069100480526685715e-02 1.059147296473383904e-03 1.040271017700433731e-02 1.074033882468938828e-02 1.022796984761953354e-02 1.111479010432958603e-02 1.131976954638957977e-02 1.078249793499708176e-02 1.056252699345350266e-02 1.038413401693105698e-02 1.098605431616306305e-02 1.048351638019084930e-02
7.274549098196392727e+00 1.066594943404197693e-02 1.061898423358798027e-03 1.038027741014957428e-02 1.071551814675331116e-02 1.020281203091144562e-02 1.109472755342721939e-02 1.129789464175701141e-02 1.075790636241436005e-02 1.053894031792879105e-02 1.036052592098712921e-02 1.096036937087774277e-02 1.045722328126430511e-02
7.294589178356712722e+00 1.064079906791448593e-02 1.063653384335339069e-03 1.035879086703062057e-02 1.069191284477710724e-02 1.017810218036174774e-02 1.107446383684873581e-02 1.127520389854907990e-02 1.073470525443553925e-02 1.051568053662776947e-02 1.033784914761781693e-02 1.093489862978458405e-02 1.043076254427433014e-02
7.314629258517033605e+00 1.061535254120826721e-02 1.064654439687728882e-03 1.033655460923910141e-02 1.066769845783710480e-02 1.015394087880849838e-02 1.105317380279302597e-02 1.125179510563611984e-02 1.071272790431976318e-02 1.049309223890304565e-02 1.031543314456939697e-02 1.090988982468843460e-02 1.040437538176774979e-02
7.334669338677354489e+00 1.059102173894643784e-02 1.064965035766363144e-03 1.031333860009908676e-02 1.064303983002901077e-02 1.013045851141214371e-02 1.103204861283302307e-02 1.122799329459667206e-02 1.069089304655790329e-02 1.047050766646862030e-02 1.029316242784261703e-02 1.088447868824005127e-02 1.037908159196376801e-02
7.354709418837675372e+00 1.056767255067825317e-02 1.065503573045134544e-03 1.028834935277700424e-02 1.061923149973154068e-02 1.010754983872175217e-02 1.101033389568328857e-02 1.120487228035926819e-02 1.066782604902982712e-02 1.044639945030212402e-02 1.027116738259792328e-02 1.085863914340734482e-02 1.035344600677490234e-02
7.374749498997995367e+00 1.054480019956827164e-02 1.066734781488776207e-03 1.026229280978441238e-02 1.059726625680923462e-02 1.008474919945001602e-02 1.098777540028095245e-02 1.118274126201868057e-02 1.064664591103792191e-02 1.042217575013637543e-02 1.024835649877786636e-02 1.083229202777147293e-02 1.032833382487297058e-02
7.394789579158316251e+00 1.052201166749000549e-02 1.065276563167572021e-03 1.023816969245672226e-02 1.057606190443038940e-02 1.006154250353574753e-02 1.096458360552787781e-02 1.115701906383037567e-02 1.062463596463203430e-02 1.039774622768163681e-02 1.022355072200298309e-02 1.080513838678598404e-02 1.030463818460702896e-02
7.414829659318637134e+00 1.049935724586248398e-02 1.064418349415063858e-03 1.021394692361354828e-02 1.055447291582822800e-02 1.003689132630825043e-02 1.094103325158357620e-02 1.113173924386501312e-02 1.060177199542522430e-02 1.037265174090862274e-02 1.019827369600534439e-02 1.077786460518836975e-02 1.028223987668752670e-02
7.434869739478958017e+00 1.047671120613813400e-02 1.064209616743028164e-03 1.019032299518585205e-02 1.053279358893632889e-02 1.001255959272384644e-02 1.091848220676183701e-02 1.110670901834964752e-02 1.057751663029193878e-02 1.034687738865613937e-02 1.017192006111145020e-02 1.075163763016462326e-02 1.026072073727846146e-02
7.454909819639278012e+00 1.045505143702030182e-02 1.064457697793841362e-03 1.016748603433370590e-02 1.051071938127279282e-02 9.987749159336090088e-03 1.089562475681304932e-02 1.108365319669246674e-02 1.055256556719541550e-02 1.032208558171987534e-02 1.014617271721363068e-02 1.072553358972072601e-02 1.024016551673412323e-02
7.474949899799598896e+00 1.043279562145471573e-02 1.065634889528155327e-03 1.014562789350748062e-02 1.048881746828556061e-02 9.962155483663082123e-03 1.087356731295585632e-02 1.106117013841867447e-02 1.052822731435298920e-02 1.029788423329591751e-02 1.011980511248111725e-02 1.069932896643877029e-02 1.021995302289724350e-02
7.494989979959919779e+00 1.041051093488931656e-02 1.067109289579093456e-03 1.012338325381278992e-02 1.046694070100784302e-02 9.935348294675350189e-03 1.085045654326677322e-02 1.103843469172716141e-02 1.050394494086503983e-02 1.027414854615926743e-02 1.009346731007099152e-02 1.067381817847490311e-02 1.019935775548219681e-02
7.515030060120239774e+00 1.038668118417263031e-02 1.070146914571523666e-03 1.010129414498806000e-02 1.044581644237041473e-02 9.907916188240051270e-03 1.082703750580549240e-02 1.101751998066902161e-02 1.047892216593027115e-02 1.025150623172521591e-02 1.006699446588754654e-02 1.064963638782501221e-02 1.017846539616584778e-02
7.535070140280560658e+00 1.036144513636827469e-02 1.074120518751442432e-03 1.007921993732452393e-02 1.042551361024379730e-02 9.880573488771915436e-03 1.080293674021959305e-02 1.099768932908773422e-02 1.045535784214735031e-02 1.022939663380384445e-02 1.004002615809440613e-02 1.062626391649246216e-02 1.015739515423774719e-02
7.555110220440881541e+00 1.033524982631206512e-02 1.077594584785401821e-03 1.005621626973152161e-02 1.040489785373210907e-02 9.852942079305648804e-03 1.077893469482660294e-02 1.097602117806673050e-02 1.043193042278289795e-02 1.020868588238954544e-02 1.001371908932924271e-02 1.060423161834478378e-02 1.013609487563371658e-02
7.575150300601202424e+00 1.031003613024950027e-02 1.081022899597883224e-03 1.003191899508237839e-02 1.038466580212116241e-02 9.826231747865676880e-03 1.075502298772335052e-02 1.095382310450077057e-02 1.040821988135576248e-02 1.018919702619314194e-02 9.987089782953262329e-03 1.058305241167545319e-02 1.011403184384107590e-02
7.595190380761522420e+00 1.028508879244327545e-02 1.084339106455445290e-03 1.000773906707763672e-02 1.036251708865165710e-02 9.800905361771583557e-03 1.073187030851840973e-02 1.093176659196615219e-02 1.038517896085977554e-02 1.017074752599000931e-02 9.961090050637722015e-03 1.056272815912961960e-02 1.009056530892848969e-02
7.615230460921843303e+00 1.026005297899246216e-02 1.087642041966319084e-03 9.982817806303501129e-03 1.034054160118103027e-02 9.776616469025611877e-03 1.071023382246494293e-02 1.090856920927762985e-02 1.036433130502700806e-02 1.015115529298782349e-02 9.935233741998672485e-03 1.054232846945524216e-02 1.006735768169164658e-02
7.635270541082164186e+00 1.023527979850769043e-02 1.090599806047976017e-03 9.957215748727321625e-03 1.031840872019529343e-02 9.752959012985229492e-03 1.068896707147359848e-02 1.088522654026746750e-02 1.034336350858211517e-02 1.013091113418340683e-02 9.910328313708305359e-03 1.052228175103664398e-02 1.004520989954471588e-02
7.655310621242485070e+00 1.021076831966638565e-02 1.094948034733533859e-03 9.932462126016616821e-03 1.029701903462409973e-02 9.729752317070960999e-03 1.066912524402141571e-02 1.086440775543451309e-02 1.032299548387527466e-02 1.011115685105323792e-02 9.887125343084335327e-03 1.050291862338781357e-02 1.002343371510505676e-02
7.675350701402805065e+00 1.018717139959335327e-02 1.099716988392174244e-03 9.906721301376819611e-03 1.027574762701988220e-02 9.707318618893623352e-03 1.065061707049608231e-02 1.084419619292020798e-02 1.030394341796636581e-02 1.009066496044397354e-02 9.865915402770042419e-03 1.048373989760875702e-02 1.000150106847286224e-02
7.695390781563125948e+00 1.016375701874494553e-02 1.104538328945636749e-03 9.881571866571903229e-03 1.025592256337404251e-02 9.684891439974308014e-03 1.063208188861608505e-02 1.082403305917978287e-02 1.028566341847181320e-02 1.006883475929498672e-02 9.844591841101646423e-03 1.046339981257915497e-02 9.978828951716423035e-03
7.715430861723446831e+00 1.014027744531631470e-02 1.108933123759925365e-03 9.857716970145702362e-03 1.023525185883045197e-02 9.662755765020847321e-03 1.061358582228422165e-02 1.080465409904718399e-02 1.026547234505414963e-02 1.004787813872098923e-02 9.823066182434558868e-03 1.044203061610460281e-02 9.955878369510173798e-03
7.735470941883766827e+00 1.011685654520988464e-02 1.112455502152442932e-03 9.834391064941883087e-03 1.021505147218704224e-02 9.640637785196304321e-03 1.059584598988294601e-02 1.078458875417709351e-02 1.024484913796186447e-02 1.002784911543130875e-02 9.802928194403648376e-03 1.041993685066699982e-02 9.932971559464931488e-03
7.755511022044087710e+00 1.009437162429094315e-02 1.115058432333171368e-03 9.810047224164009094e-03 1.019446179270744324e-02 9.618556126952171326e-03 1.057842001318931580e-02 1.076273433864116669e-02 1.022317260503768921e-02 1.000728271901607513e-02 9.783090092241764069e-03 1.039829477667808533e-02 9.909609332680702209e-03
7.775551102204408593e+00 1.007155794650316238e-02 1.118133775889873505e-03 9.784455411136150360e-03 1.017239224165678024e-02 9.596238844096660614e-03 1.056166458874940872e-02 1.074032299220561981e-02 1.020081900060176849e-02 9.985566139221191406e-03 9.761531837284564972e-03 1.037541963160037994e-02 9.886618703603744507e-03
7.795591182364729477e+00 1.004981435835361481e-02 1.120078144595026970e-03 9.760672226548194885e-03 1.015042886137962341e-02 9.574029594659805298e-03 1.054512429982423782e-02 1.071728114038705826e-02 1.017941255122423172e-02 9.964206255972385406e-03 9.740558452904224396e-03 1.035241968929767609e-02 9.863228537142276764e-03
7.815631262525049472e+00 1.002943795174360275e-02 1.122563611716032028e-03 9.737249463796615601e-03 1.012813858687877655e-02 9.551459923386573792e-03 1.052871067076921463e-02 1.069669518619775772e-02 1.015641260892152786e-02 9.942015632987022400e-03 9.720223024487495422e-03 1.032839342951774597e-02 9.840132668614387512e-03
7.835671342685370355e+00 1.001043990254402161e-02 1.123810070566833019e-03 9.714404121041297913e-03 1.010490301996469498e-02 9.530057199299335480e-03 1.051170472055673599e-02 1.067557930946350098e-02 1.013315655291080475e-02 9.920146316289901733e-03 9.698494337499141693e-03 1.030442211776971817e-02 9.816720150411128998e-03
7.855711422845691239e+00 9.991080500185489655e-03 1.123546157032251358e-03 9.691861458122730255e-03 1.008093263953924179e-02 9.507226757705211639e-03 1.049414929002523422e-02 1.065162196755409241e-02 1.011091656982898712e-02 9.898903779685497284e-03 9.676384739577770233e-03 1.027926895767450333e-02 9.794028475880622864e-03
7.875751503006012122e+00 9.971692226827144623e-03 1.125528593547642231e-03 9.669613093137741089e-03 1.005679275840520859e-02 9.483649395406246185e-03 1.047746092081069946e-02 1.062971260398626328e-02 1.008889358490705490e-02 9.877452626824378967e-03 9.654317982494831085e-03 1.025527995079755783e-02 9.771404787898063660e-03
7.895791583166332117e+00 9.951452724635601044e-03 1.126597519032657146e-03 9.649243205785751343e-03 1.003276463598012924e-02 9.460741654038429260e-03 1.046027895063161850e-02 1.060721930116415024e-02 1.006829924881458282e-02 9.856033138930797577e-03 9.632620960474014282e-03 1.023200713098049164e-02 9.749043732881546021e-03
7.915831663326653000e+00 9.932788088917732239e-03 1.125091919675469398e-03 9.629631415009498596e-03 1.000749226659536362e-02 9.439417161047458649e-03 1.044206600636243820e-02 1.058308128267526627e-02 1.004848908632993698e-02 9.834264405071735382e-03 9.612301364541053772e-03 1.021029334515333176e-02 9.726853109896183014e-03
7.935871743486973884e+00 9.912585839629173279e-03 1.123620080761611462e-03 9.610294364392757416e-03 9.984322823584079742e-03 9.419022127985954285e-03 1.042345166206359863e-02 1.055925618857145309e-02 1.002916228026151657e-02 9.811975993216037750e-03 9.593324735760688782e-03 1.019023638218641281e-02 9.705162607133388519e-03
7.955911823647293879e+00 9.892507456243038177e-03 1.122911227867007256e-03 9.591526351869106293e-03 9.961657226085662842e-03 9.397915564477443695e-03 1.040374673902988434e-02 1.053750514984130859e-02 1.000983826816082001e-02 9.790798649191856384e-03 9.574241936206817627e-03 1.016982551664113998e-02 9.683301672339439392e-03
7.975951903807614762e+00 9.872293099761009216e-03 1.122933696024119854e-03 9.572951123118400574e-03 9.939901530742645264e-03 9.376428090035915375e-03 1.038301456719636917e-02 1.051775924861431122e-02 9.990084916353225708e-03 9.770092554390430450e-03 9.555594995617866516e-03 1.014971081167459488e-02 9.661562740802764893e-03
7.995991983967935646e+00 9.853419847786426544e-03 1.120934379287064075e-03 9.554007090628147125e-03 9.919224306941032410e-03 9.355749003589153290e-03 1.036075688898563385e-02 1.049559656530618668e-02 9.970060549676418304e-03 9.749182499945163727e-03 9.536744095385074615e-03 1.013160683214664459e-02 9.640268050134181976e-03
8.016032064128255641e+00 9.833055548369884491e-03 1.119807129725813866e-03 9.533847682178020477e-03 9.899039752781391144e-03 9.335851296782493591e-03 1.033729035407304764e-02 1.047553867101669312e-02 9.949028491973876953e-03 9.728496894240379333e-03 9.518119506537914276e-03 1.011415477842092514e-02 9.619119577109813690e-03
8.036072144288576524e+00 9.813171811401844025e-03 1.118485466577112675e-03 9.514087811112403870e-03 9.879763238131999969e-03 9.316298179328441620e-03 1.031342241913080215e-02 1.045533269643783569e-02 9.929414838552474976e-03 9.707225486636161804e-03 9.497400373220443726e-03 1.009535323828458786e-02 9.598576463758945465e-03
8.056112224448897408e+00 9.792834520339965820e-03 1.117484061978757381e-03 9.493627585470676422e-03 9.860340505838394165e-03 9.296546690165996552e-03 1.028847415000200272e-02 1.043573115020990372e-02 9.910586290061473846e-03 9.685543365776538849e-03 9.475920349359512329e-03 1.007624622434377670e-02 9.578868746757507324e-03
8.076152304609218291e+00 9.772971272468566895e-03 1.115008373744785786e-03 9.472697041928768158e-03 9.840235114097595215e-03 9.277152828872203827e-03 1.026359293609857559e-02 1.041304972022771835e-02 9.891211986541748047e-03 9.665221907198429108e-03 9.452959522604942322e-03 1.005719415843486786e-02 9.558450430631637573e-03
8.096192384769539174e+00 9.754582308232784271e-03 1.111723016947507858e-03 9.452865459024906158e-03 9.820760227739810944e-03 9.258755482733249664e-03 1.023948565125465393e-02 1.039097364991903305e-02 9.872096590697765350e-03 9.646036662161350250e-03 9.430472739040851593e-03 1.003673952072858810e-02 9.538315236568450928e-03
8.116232464929860058e+00 9.735553525388240814e-03 1.110430457629263401e-03 9.433862753212451935e-03 9.800440631806850433e-03 9.239843115210533142e-03 1.021756790578365326e-02 1.037033088505268097e-02 9.852932766079902649e-03 9.627443738281726837e-03 9.406661614775657654e-03 1.001475285738706589e-02 9.517144411802291870e-03
8.136272545090179165e+00 9.717668406665325165e-03 1.108377939090132713e-03 9.413356892764568329e-03 9.779958054423332214e-03 9.222212247550487518e-03 1.019714958965778351e-02 1.034813839942216873e-02 9.834082797169685364e-03 9.608804248273372650e-03 9.383468888700008392e-03 9.991236962378025055e-03 9.494791738688945770e-03
8.156312625250500048e+00 9.700253605842590332e-03 1.107190968468785286e-03 9.393433108925819397e-03 9.760243818163871765e-03 9.204799309372901917e-03 1.017736457288265228e-02 1.032639387995004654e-02 9.814530611038208008e-03 9.589965455234050751e-03 9.359310381114482880e-03 9.969247505068778992e-03 9.473082609474658966e-03
8.176352705410820931e+00 9.682510979473590851e-03 1.107454532757401466e-03 9.372374042868614197e-03 9.740743786096572876e-03 9.189620614051818848e-03 1.015867386013269424e-02 1.030747685581445694e-02 9.794483892619609833e-03 9.570752270519733429e-03 9.334969334304332733e-03 9.946484118700027466e-03 9.451020509004592896e-03
8.196392785571141815e+00 9.664827957749366760e-03 1.107712159864604473e-03 9.352546185255050659e-03 9.718471206724643707e-03 9.174230508506298065e-03 1.014076825231313705e-02 1.028900220990180969e-02 9.774168021976947784e-03 9.550839662551879883e-03 9.310348890721797943e-03 9.923687204718589783e-03 9.430997073650360107e-03
8.216432865731462698e+00 9.645580314099788666e-03 1.108475378714501858e-03 9.331588633358478546e-03 9.697430767118930817e-03 9.159803390502929688e-03 1.012173388153314590e-02 1.027239020913839340e-02 9.754652157425880432e-03 9.531562216579914093e-03 9.286337532103061676e-03 9.901834651827812195e-03 9.411720559000968933e-03
8.236472945891783581e+00 9.626372717320919037e-03 1.109059201553463936e-03 9.311007335782051086e-03 9.675459004938602448e-03 9.145334362983703613e-03 1.010142266750335693e-02 1.025677938014268875e-02 9.735042229294776917e-03 9.512467309832572937e-03 9.262606501579284668e-03 9.881506673991680145e-03 9.394151158630847931e-03
8.256513026052104465e+00 9.606734849512577057e-03 1.107304124161601067e-03 9.291077032685279846e-03 9.654577821493148804e-03 9.130102582275867462e-03 1.008019503206014633e-02 1.023895572870969772e-02 9.715058840811252594e-03 9.493416175246238708e-03 9.242092259228229523e-03 9.862197563052177429e-03 9.376944042742252350e-03
8.276553106212425348e+00 9.588078595697879791e-03 1.105706440284848213e-03 9.271364659070968628e-03 9.634071961045265198e-03 9.115188382565975189e-03 1.005783770233392715e-02 1.022357493638992310e-02 9.696261957287788391e-03 9.475219063460826874e-03 9.224300272762775421e-03 9.843521751463413239e-03 9.359097108244895935e-03
8.296593186372744455e+00 9.569812566041946411e-03 1.104006078094244003e-03 9.252015501260757446e-03 9.614025242626667023e-03 9.099639020860195160e-03 1.003580726683139801e-02 1.020838599652051926e-02 9.676774032413959503e-03 9.457343257963657379e-03 9.208647534251213074e-03 9.825574234127998352e-03 9.340928867459297180e-03
8.316633266533065338e+00 9.550362825393676758e-03 1.101440167985856533e-03 9.232960641384124756e-03 9.592884220182895660e-03 9.082398377358913422e-03 1.001472864300012589e-02 1.018911506980657578e-02 9.659802541136741638e-03 9.438932873308658600e-03 9.193589910864830017e-03 9.808456525206565857e-03 9.322051890194416046e-03
8.336673346693386222e+00 9.530020877718925476e-03 1.099391491152346134e-03 9.214860387146472931e-03 9.573206305503845215e-03 9.064103476703166962e-03 9.993845596909523010e-03 1.016988884657621384e-02 9.642101824283599854e-03 9.420077316462993622e-03 9.178115054965019226e-03 9.790920652449131012e-03 9.302659891545772552e-03
8.356713426853707105e+00 9.511018171906471252e-03 1.096762600354850292e-03 9.197833016514778137e-03 9.552172385156154633e-03 9.046157822012901306e-03 9.973274543881416321e-03 1.015069708228111267e-02 9.623181074857711792e-03 9.400003589689731598e-03 9.162985719740390778e-03 9.772118180990219116e-03 9.282216429710388184e-03
8.376753507014027988e+00 9.491452947258949280e-03 1.094177830964326859e-03 9.180428460240364075e-03 9.531382471323013306e-03 9.027733467519283295e-03 9.953158907592296600e-03 1.013061311095952988e-02 9.602399542927742004e-03 9.378346614539623260e-03 9.146806783974170685e-03 9.751643054187297821e-03 9.261284023523330688e-03
8.396793587174348872e+00 9.471294470131397247e-03 1.090713893063366413e-03 9.164059534668922424e-03 9.510454721748828888e-03 9.010029956698417664e-03 9.933457709848880768e-03 1.010972168296575546e-02 9.582178667187690735e-03 9.356029331684112549e-03 9.131510742008686066e-03 9.731853380799293518e-03 9.240557439625263214e-03
8.416833667334669755e+00 9.450375102460384369e-03 1.087520620785653591e-03 9.147040545940399170e-03 9.488737210631370544e-03 8.991564624011516571e-03 9.913600049912929535e-03 1.008791662752628326e-02 9.562766179442405701e-03 9.333179332315921783e-03 9.114911779761314392e-03 9.712381288409233093e-03 9.221257641911506653e-03
8.436873747494988862e+00 9.429715573787689209e-03 1.083319773897528648e-03 9.128773584961891174e-03 9.468216449022293091e-03 8.974810130894184113e-03 9.893663227558135986e-03 1.006510388106107712e-02 9.542226791381835938e-03 9.311488829553127289e-03 9.097307920455932617e-03 9.692045859992504120e-03 9.201610460877418518e-03
8.456913827655309746e+00 9.409233927726745605e-03 1.079901121556758881e-03 9.111204184591770172e-03 9.448590688407421112e-03 8.957523852586746216e-03 9.875245392322540283e-03 1.004204619675874710e-02 9.522525593638420105e-03 9.290506131947040558e-03 9.079802781343460083e-03 9.673505090177059174e-03 9.182965382933616638e-03
8.476953907815630629e+00 9.388320147991180420e-03 1.075590844266116619e-03 9.097449481487274170e-03 9.428127668797969818e-03 8.940490894019603729e-03 9.856955148279666901e-03 1.001889258623123169e-02 9.504660964012145996e-03 9.269480593502521515e-03 9.062985889613628387e-03 9.655732661485671997e-03 9.164216928184032440e-03
8.496993987975951512e+00 9.369092993438243866e-03 1.070359488949179649e-03 9.085487574338912964e-03 9.407920762896537781e-03 8.924205787479877472e-03 9.838446043431758881e-03 9.995818138122558594e-03 9.485841728746891022e-03 9.249193593859672546e-03 9.046724997460842133e-03 9.639809839427471161e-03 9.145912714302539825e-03
8.517034068136272396e+00 9.350644424557685852e-03 1.067591831088066101e-03 9.072931483387947083e-03 9.387902915477752686e-03 8.909463882446289062e-03 9.820983745157718658e-03 9.976165369153022766e-03 9.469861164689064026e-03 9.230222553014755249e-03 9.029049426317214966e-03 9.623310528695583344e-03 9.127252735197544098e-03
8.537074148296593279e+00 9.333904832601547241e-03 1.063706236891448498e-03 9.060392156243324280e-03 9.368889033794403076e-03 8.893862366676330566e-03 9.802965447306632996e-03 9.955642744898796082e-03 9.452586062252521515e-03 9.211926721036434174e-03 9.011189453303813934e-03 9.605488739907741547e-03 9.108904749155044556e-03
8.557114228456914162e+00 9.317113086581230164e-03 1.060958718881011009e-03 9.047209285199642181e-03 9.348003193736076355e-03 8.876567706465721130e-03 9.785560891032218933e-03 9.935634210705757141e-03 9.435143321752548218e-03 9.192770346999168396e-03 8.993446826934814453e-03 9.586890228092670441e-03 9.091141633689403534e-03
8.577154308617233269e+00 9.300667792558670044e-03 1.058300375007092953e-03 9.031330235302448273e-03 9.327377192676067352e-03 8.859071880578994751e-03 9.768872521817684174e-03 9.913709945976734161e-03 9.416340850293636322e-03 9.173581376671791077e-03 8.974689990282058716e-03 9.567257016897201538e-03 9.072452783584594727e-03
8.597194388777554153e+00 9.284208528697490692e-03 1.057314802892506123e-03 9.013402275741100311e-03 9.306382387876510620e-03 8.839524351060390472e-03 9.752364829182624817e-03 9.892517700791358948e-03 9.396938607096672058e-03 9.153765626251697540e-03 8.956653997302055359e-03 9.547391906380653381e-03 9.053791873157024384e-03
8.617234468937875036e+00 9.267368353903293610e-03 1.058441121131181717e-03 8.994318544864654541e-03 9.285891428589820862e-03 8.818813599646091461e-03 9.736385196447372437e-03 9.872541762888431549e-03 9.378083050251007080e-03 9.132688865065574646e-03 8.938583545386791229e-03 9.528008289635181427e-03 9.035416878759860992e-03
8.637274549098195919e+00 9.249834343791007996e-03 1.060610404238104820e-03 8.974489755928516388e-03 9.269154630601406097e-03 8.797706104815006256e-03 9.720039553940296173e-03 9.853789582848548889e-03 9.357631206512451172e-03 9.110318496823310852e-03 8.920640684664249420e-03 9.508788585662841797e-03 9.017078205943107605e-03
8.657314629258516803e+00 9.231960400938987732e-03 1.063761766999959946e-03 8.954379707574844360e-03 9.254071861505508423e-03 8.776642382144927979e-03 9.703375399112701416e-03 9.836453944444656372e-03 9.338638745248317719e-03 9.088386781513690948e-03 8.901922032237052917e-03 9.489458054304122925e-03 8.999293670058250427e-03
8.677354709418837686e+00 9.214196354150772095e-03 1.066918601281940937e-03 8.935813792049884796e-03 9.239600971341133118e-03 8.756526745855808258e-03 9.687130339443683624e-03 9.818377904593944550e-03 9.319880977272987366e-03 9.066460654139518738e-03 8.881753310561180115e-03 9.471371769905090332e-03 8.980448357760906219e-03
8.697394789579158569e+00 9.196549654006958008e-03 1.071384991519153118e-03 8.916982449591159821e-03 9.224624373018741608e-03 8.735628798604011536e-03 9.672904387116432190e-03 9.800435975193977356e-03 9.301498532295227051e-03 9.046068415045738220e-03 8.862337097525596619e-03 9.454488754272460938e-03 8.961411193013191223e-03
8.717434869739479453e+00 9.178702719509601593e-03 1.074982923455536366e-03 8.896939456462860107e-03 9.209713898599147797e-03 8.717022836208343506e-03 9.658033028244972229e-03 9.782626293599605560e-03 9.283842518925666809e-03 9.025385603308677673e-03 8.842924609780311584e-03 9.437225759029388428e-03 8.942523039877414703e-03
8.737474949899798560e+00 9.160645306110382080e-03 1.076569431461393833e-03 8.875409141182899475e-03 9.195623919367790222e-03 8.697845973074436188e-03 9.643048979341983795e-03 9.761114604771137238e-03 9.266613051295280457e-03 9.005759842693805695e-03 8.824370801448822021e-03 9.419169276952743530e-03 8.923690766096115112e-03
8.757515030060119443e+00 9.143343195319175720e-03 1.079458626918494701e-03 8.855753578245639801e-03 9.179444983601570129e-03 8.678787387907505035e-03 9.627887047827243805e-03 9.741755202412605286e-03 9.247736074030399323e-03 8.987494744360446930e-03 8.803513832390308380e-03 9.402716532349586487e-03 8.904768154025077820e-03
8.777555110220440326e+00 9.125766344368457794e-03 1.081399968825280666e-03 8.836244232952594757e-03 9.162715636193752289e-03 8.659361861646175385e-03 9.612702764570713043e-03 9.721506386995315552e-03 9.229603223502635956e-03 8.971137925982475281e-03 8.783390745520591736e-03 9.386057034134864807e-03 8.886245079338550568e-03
8.797595190380761210e+00 9.108714759349822998e-03 1.083351206034421921e-03 8.816604502499103546e-03 9.145139716565608978e-03 8.640137501060962677e-03 9.596125222742557526e-03 9.704549796879291534e-03 9.211365133523941040e-03 8.955951780080795288e-03 8.765083737671375275e-03 9.368839673697948456e-03 8.868771605193614960e-03
8.817635270541082093e+00 9.091491810977458954e-03 1.085024676285684109e-03 8.795290254056453705e-03 9.128797799348831177e-03 8.620632812380790710e-03 9.579041041433811188e-03 9.688408114016056061e-03 9.193807840347290039e-03 8.940826170146465302e-03 8.747776970267295837e-03 9.349477477371692657e-03 8.852904662489891052e-03
8.837675350701402976e+00 9.073672816157341003e-03 1.084310584701597691e-03 8.776101283729076385e-03 9.113232605159282684e-03 8.601977489888668060e-03 9.560665115714073181e-03 9.672867134213447571e-03 9.176617488265037537e-03 8.926436305046081543e-03 8.732431568205356598e-03 9.328747168183326721e-03 8.838098496198654175e-03
8.857715430861723860e+00 9.055092930793762207e-03 1.082444679923355579e-03 8.757786825299263000e-03 9.098109789192676544e-03 8.583781309425830841e-03 9.542146697640419006e-03 9.655892848968505859e-03 9.161071851849555969e-03 8.912276476621627808e-03 8.718235418200492859e-03 9.309342131018638611e-03 8.823289535939693451e-03
8.877755511022042967e+00 9.037130512297153473e-03 1.078659086488187313e-03 8.741441182792186737e-03 9.083059616386890411e-03 8.564996533095836639e-03 9.523415006697177887e-03 9.637234732508659363e-03 9.145090356469154358e-03 8.898519910871982574e-03 8.706030435860157013e-03 9.289462119340896606e-03 8.807739242911338806e-03
8.897795591182363850e+00 9.020704776048660278e-03 1.075768494047224522e-03 8.725098334252834320e-03 9.066423401236534119e-03 8.546315133571624756e-03 9.504241868853569031e-03 9.618689306080341339e-03 9.132466278970241547e-03 8.885021321475505829e-03 8.692281320691108704e-03 9.270972572267055511e-03 8.792039006948471069e-03
8.917835671342684734e+00 9.004994295537471771e-03 1.071791746653616428e-03 8.708974346518516541e-03 9.048512205481529236e-03 8.528243750333786011e-03 9.484347887337207794e-03 9.598462842404842377e-03 9.121612645685672760e-03 8.871134370565414429e-03 8.678594604134559631e-03 9.252922609448432922e-03 8.775388821959495544e-03
8.937875751503005617e+00 8.989208377897739410e-03 1.070133526809513569e-03 8.693135343492031097e-03 9.028512984514236450e-03 8.510316722095012665e-03 9.465116076171398163e-03 9.581097401678562164e-03 9.110724553465843201e-03 8.857070468366146088e-03 8.663407526910305023e-03 9.235588833689689636e-03 8.758898824453353882e-03
8.957915831663326500e+00 8.973378688097000122e-03 1.069322926923632622e-03 8.676031604409217834e-03 9.006809443235397339e-03 8.493679575622081757e-03 9.446380659937858582e-03 9.565775282680988312e-03 9.097104892134666443e-03 8.842044509947299957e-03 8.647575974464416504e-03 9.217289276421070099e-03 8.742645382881164551e-03
8.977955911823647384e+00 8.958341553807258606e-03 1.068811747245490551e-03 8.659814484417438507e-03 8.987199515104293823e-03 8.477244526147842407e-03 9.428978897631168365e-03 9.550640359520912170e-03 9.082708507776260376e-03 8.825343102216720581e-03 8.632281795144081116e-03 9.199181571602821350e-03 8.727148175239562988e-03
8.997995991983968267e+00 8.943945169448852539e-03 1.068549812771379948e-03 8.643567562103271484e-03 8.969383314251899719e-03 8.460248820483684540e-03 9.410822764039039612e-03 9.535476565361022949e-03 9.067757986485958099e-03 8.808969520032405853e-03 8.616677485406398773e-03 9.182097390294075012e-03 8.711569942533969879e-03
9.018036072144287374e+00 8.929920382797718048e-03 1.069075544364750385e-03 8.628011681139469147e-03 8.952266536653041840e-03 8.443116210401058197e-03 9.392234496772289276e-03 9.522452019155025482e-03 9.050264023244380951e-03 8.793476037681102753e-03 8.600432425737380981e-03 9.165352210402488708e-03 8.696108125150203705e-03
9.038076152304608257e+00 8.915230631828308105e-03 1.069590332917869091e-03 8.612778969109058380e-03 8.934965357184410095e-03 8.426368236541748047e-03 9.373246692121028900e-03 9.510128758847713470e-03 9.031080640852451324e-03 8.777051232755184174e-03 8.584261871874332428e-03 9.149221703410148621e-03 8.680765517055988312e-03
9.058116232464929141e+00 8.900370448827743530e-03 1.069369725883007050e-03 8.598702028393745422e-03 8.918705396354198456e-03 8.410406298935413361e-03 9.355296380817890167e-03 9.496480226516723633e-03 9.011126123368740082e-03 8.760075084865093231e-03 8.568075485527515411e-03 9.132867678999900818e-03 8.664341643452644348e-03
9.078156312625250024e+00 8.885283023118972778e-03 1.070236437954008579e-03 8.582880720496177673e-03 8.901155553758144379e-03 8.395041339099407196e-03 9.337795898318290710e-03 9.482502005994319916e-03 8.990143425762653351e-03 8.743189275264739990e-03 8.549554273486137390e-03 9.117476642131805420e-03 8.647768758237361908e-03
9.098196392785570907e+00 8.868986740708351135e-03 1.068813493475317955e-03 8.567051962018013000e-03 8.884615264832973480e-03 8.380989544093608856e-03 9.319500066339969635e-03 9.465555660426616669e-03 8.970119990408420563e-03 8.726353757083415985e-03 8.530721999704837799e-03 9.102197363972663879e-03 8.630528114736080170e-03
9.118236472945891791e+00 8.851567283272743225e-03 1.063854433596134186e-03 8.551120758056640625e-03 8.869858458638191223e-03 8.368445560336112976e-03 9.301118552684783936e-03 9.445286355912685394e-03 8.949552662670612335e-03 8.711018599569797516e-03 8.511811494827270508e-03 9.084892459213733673e-03 8.614466525614261627e-03
9.138276553106212674e+00 8.831978775560855865e-03 1.059534261003136635e-03 8.534283377230167389e-03 8.856140077114105225e-03 8.356973528861999512e-03 9.282113984227180481e-03 9.426370263099670410e-03 8.931894786655902863e-03 8.694471791386604309e-03 8.492611348628997803e-03 9.068441577255725861e-03 8.599326945841312408e-03
9.158316633266533557e+00 8.812214247882366180e-03 1.056933775544166565e-03 8.517474867403507233e-03 8.843311108648777008e-03 8.344918489456176758e-03 9.263753890991210938e-03 9.409055113792419434e-03 8.916733786463737488e-03 8.676823228597640991e-03 8.474754169583320618e-03 9.052803739905357361e-03 8.584137074649333954e-03
9.178356713426852664e+00 8.793900720775127411e-03 1.055649598129093647e-03 8.500070311129093170e-03 8.828657679259777069e-03 8.333688601851463318e-03 9.246519766747951508e-03 9.392970241606235504e-03 8.899874985218048096e-03 8.660262450575828552e-03 8.455573581159114838e-03 9.037904441356658936e-03 8.569292724132537842e-03
9.198396793587173548e+00 8.776479400694370270e-03 1.054228749126195908e-03 8.484909310936927795e-03 8.814917877316474915e-03 8.321639150381088257e-03 9.229174815118312836e-03 9.377500042319297791e-03 8.883312344551086426e-03 8.644043467938899994e-03 8.435218594968318939e-03 9.021101519465446472e-03 8.555470965802669525e-03
9.218436873747494431e+00 8.758885785937309265e-03 1.052331295795738697e-03 8.470642380416393280e-03 8.801862597465515137e-03 8.309557102620601654e-03 9.212914854288101196e-03 9.362144395709037781e-03 8.867398835718631744e-03 8.627795614302158356e-03 8.416744880378246307e-03 9.002664126455783844e-03 8.541442453861236572e-03
9.238476953907815314e+00 8.739910088479518890e-03 1.049965852871537209e-03 8.455613628029823303e-03 8.788508363068103790e-03 8.295595645904541016e-03 9.196221828460693359e-03 9.346365928649902344e-03 8.850034326314926147e-03 8.612254634499549866e-03 8.400687016546726227e-03 8.984264917671680450e-03 8.528198115527629852e-03
9.258517034068136198e+00 8.720950223505496979e-03 1.047257450409233570e-03 8.440527133643627167e-03 8.773680776357650757e-03 8.281233720481395721e-03 9.179517626762390137e-03 9.329185821115970612e-03 8.835061453282833099e-03 8.596482686698436737e-03 8.386247791349887848e-03 8.966010995209217072e-03 8.512745611369609833e-03
9.278557114228457081e+00 8.700425736606121063e-03 1.045929384417831898e-03 8.427672088146209717e-03 8.759113959968090057e-03 8.264360018074512482e-03 9.164077229797840118e-03 9.313253685832023621e-03 8.819002658128738403e-03 8.580269291996955872e-03 8.374514989554882050e-03 8.948616683483123779e-03 8.497145026922225952e-03
9.298597194388777964e+00 8.680584840476512909e-03 1.044661970809102058e-03 8.413808420300483704e-03 8.744267746806144714e-03 8.246201090514659882e-03 9.149208664894104004e-03 9.295849129557609558e-03 8.801777847111225128e-03 8.563724346458911896e-03 8.363599888980388641e-03 8.931750431656837463e-03 8.481775410473346710e-03
9.318637274549097071e+00 8.661137893795967102e-03 1.045892946422100067e-03 8.400551043450832367e-03 8.730132132768630981e-03 8.227650076150894165e-03 9.135646745562553406e-03 9.280282072722911835e-03 8.786355145275592804e-03 8.546461351215839386e-03 8.352133445441722870e-03 8.914900943636894226e-03 8.465436287224292755e-03
9.338677354709417955e+00 8.643772453069686890e-03 1.048186211846768856e-03 8.388947695493698120e-03 8.716531097888946533e-03 8.207548409700393677e-03 9.122574701905250549e-03 9.265192784368991852e-03 8.771440945565700531e-03 8.529621176421642303e-03 8.338940329849720001e-03 8.898237720131874084e-03 8.448950946331024170e-03
9.358717434869738838e+00 8.627966046333312988e-03 1.050304039381444454e-03 8.376850746572017670e-03 8.704014122486114502e-03 8.188164792954921722e-03 9.109941311180591583e-03 9.249588474631309509e-03 8.756526745855808258e-03 8.513338863849639893e-03 8.326176553964614868e-03 8.883596397936344147e-03 8.432323113083839417e-03
9.378757515030059722e+00 8.612704463303089142e-03 1.049848040565848351e-03 8.363007567822933197e-03 8.691918104887008667e-03 8.170831948518753052e-03 9.096019901335239410e-03 9.230849333107471466e-03 8.744313381612300873e-03 8.498106151819229126e-03 8.312402293086051941e-03 8.868284523487091064e-03 8.415570482611656189e-03
9.398797595190380605e+00 8.597358129918575287e-03 1.048472826369106770e-03 8.350419811904430389e-03 8.678149431943893433e-03 8.154744282364845276e-03 9.080751799046993256e-03 9.213151410222053528e-03 8.730798959732055664e-03 8.483676239848136902e-03 8.297914639115333557e-03 8.853239938616752625e-03 8.399007841944694519e-03
9.418837675350701488e+00 8.583635091781616211e-03 1.046147895976901054e-03 8.336457423865795135e-03 8.661882020533084869e-03 8.141154423356056213e-03 9.064865298569202423e-03 9.198006242513656616e-03 8.717175573110580444e-03 8.470751345157623291e-03 8.284301497042179108e-03 8.837279863655567169e-03 8.383476175367832184e-03
9.438877755511022372e+00 8.570776320993900299e-03 1.045193639583885670e-03 8.320363238453865051e-03 8.644642308354377747e-03 8.129270747303962708e-03 9.049366228282451630e-03 9.185136295855045319e-03 8.701514452695846558e-03 8.458066731691360474e-03 8.269141428172588348e-03 8.822863921523094177e-03 8.368997834622859955e-03
9.458917835671341479e+00 8.557725697755813599e-03 1.042877323925495148e-03 8.304049260914325714e-03 8.629121817648410797e-03 8.117898367345333099e-03 9.034392423927783966e-03 9.171374142169952393e-03 8.685726672410964966e-03 8.446276187896728516e-03 8.255288004875183105e-03 8.806915022432804108e-03 8.355907164514064789e-03
9.478957915831662362e+00 8.543705567717552185e-03 1.040224451571702957e-03 8.286575786769390106e-03 8.613866753876209259e-03 8.106797933578491211e-03 9.018299169838428497e-03 9.156393818557262421e-03 8.670439943671226501e-03 8.432942442595958710e-03 8.240702562034130096e-03 8.791208267211914062e-03 8.342996239662170410e-03
9.498997995991983245e+00 8.532245643436908722e-03 1.038053305819630623e-03 8.268310688436031342e-03 8.599902503192424774e-03 8.097841404378414154e-03 9.002250619232654572e-03 9.143143892288208008e-03 8.657820522785186768e-03 8.417340926826000214e-03 8.225899189710617065e-03 8.774992078542709351e-03 8.329957723617553711e-03
9.519038076152304129e+00 8.520508185029029846e-03 1.037688925862312317e-03 8.249507285654544830e-03 8.586838841438293457e-03 8.089243434369564056e-03 8.987902663648128510e-03 9.131202474236488342e-03 8.646210655570030212e-03 8.401536382734775543e-03 8.211843669414520264e-03 8.758369833230972290e-03 8.315781131386756897e-03
9.539078156312625012e+00 8.508691564202308655e-03 1.038324669934809208e-03 8.231553249061107635e-03 8.573614060878753662e-03 8.079758845269680023e-03 8.974827826023101807e-03 9.118074551224708557e-03 8.634375408291816711e-03 8.386032655835151672e-03 8.196607232093811035e-03 8.744104765355587006e-03 8.301359601318836212e-03
9.559118236472945895e+00 8.496528491377830505e-03 1.037844922393560410e-03 8.215445093810558319e-03 8.559719659388065338e-03 8.070294745266437531e-03 8.962224237620830536e-03 9.102758020162582397e-03 8.625161834061145782e-03 8.370778523385524750e-03 8.181164041161537170e-03 8.729837834835052490e-03 8.286838419735431671e-03
9.579158316633266779e+00 8.484232239425182343e-03 1.036523375660181046e-03 8.198210969567298889e-03 8.547198958694934845e-03 8.059601299464702606e-03 8.949891664087772369e-03 9.084672667086124420e-03 8.614889346063137054e-03 8.355624973773956299e-03 8.165385574102401733e-03 8.715206757187843323e-03 8.273380808532238007e-03
9.599198396793587662e+00 8.471153676509857178e-03 1.035460620187222958e-03 8.183130994439125061e-03 8.531480096280574799e-03 8.046376518905162811e-03 8.936899714171886444e-03 9.067017585039138794e-03 8.603941649198532104e-03 8.340881206095218658e-03 8.150205016136169434e-03 8.700650185346603394e-03 8.258922956883907318e-03
9.619238476953906769e+00 8.457710035145282745e-03 1.033957465551793575e-03 8.169370703399181366e-03 8.515987545251846313e-03 8.031550794839859009e-03 8.923054672777652740e-03 9.048129431903362274e-03 8.591386489570140839e-03 8.325730450451374054e-03 8.134831674396991730e-03 8.687894791364669800e-03 8.244640193879604340e-03
9.639278557114227652e+00 8.444290608167648315e-03 1.030597602948546410e-03 8.154632523655891418e-03 8.499577641487121582e-03 8.015264756977558136e-03 8.909180760383605957e-03 9.025990031659603119e-03 8.575625717639923096e-03 8.311166428029537201e-03 8.119726553559303284e-03 8.674536831676959991e-03 8.231182582676410675e-03
9.659318637274548536e+00 8.428760804235935211e-03 1.027426333166658878e-03 8.140540681779384613e-03 8.482778444886207581e-03 7.998771034181118011e-03 8.894549682736396790e-03 9.005554020404815674e-03 8.560374379158020020e-03 8.296410553157329559e-03 8.106093853712081909e-03 8.660603314638137817e-03 8.217841386795043945e-03
9.679358717434869419e+00 8.412323892116546631e-03 1.025340519845485687e-03 8.126558735966682434e-03 8.466207422316074371e-03 7.983422838151454926e-03 8.880268782377243042e-03 8.986938744783401489e-03 8.544513955712318420e-03 8.281720802187919617e-03 8.091206662356853485e-03 8.646351285278797150e-03 8.204147219657897949e-03
9.699398797595190302e+00 8.396523073315620422e-03 1.022430369630455971e-03 8.111541159451007843e-03 8.449212647974491119e-03 7.968898862600326538e-03 8.864625357091426849e-03 8.968924172222614288e-03 8.528323844075202942e-03 8.267740719020366669e-03 8.077442646026611328e-03 8.632034994661808014e-03 8.190105669200420380e-03
9.719438877755511186e+00 8.380638435482978821e-03 1.019131392240524292e-03 8.096073754131793976e-03 8.429553359746932983e-03 7.956295274198055267e-03 8.848669007420539856e-03 8.953355252742767334e-03 8.511314168572425842e-03 8.254005573689937592e-03 8.063976652920246124e-03 8.615452796220779419e-03 8.176453411579132080e-03
9.739478957915832069e+00 8.365744724869728088e-03 1.016773632727563381e-03 8.080818690359592438e-03 8.410233072936534882e-03 7.942894473671913147e-03 8.832462131977081299e-03 8.939364925026893616e-03 8.495628833770751953e-03 8.242387324571609497e-03 8.050037547945976257e-03 8.598355576395988464e-03 8.162754587829113007e-03
9.759519038076151176e+00 8.352400735020637512e-03 1.014216104522347450e-03 8.065436035394668579e-03 8.390086703002452850e-03 7.930184714496135712e-03 8.815152570605278015e-03 8.925517089664936066e-03 8.478349074721336365e-03 8.229963481426239014e-03 8.035412058234214783e-03 8.582987822592258453e-03 8.148555643856525421e-03
9.779559118236472059e+00 8.339383639395236969e-03 1.011830987408757210e-03 8.050224743783473969e-03 8.370719850063323975e-03 7.916426286101341248e-03 8.799757808446884155e-03 8.910315111279487610e-03 8.461754769086837769e-03 8.217497728765010834e-03 8.021017536520957947e-03 8.567318320274353027e-03 8.136118762195110321e-03
9.799599198396792943e+00 8.326868526637554169e-03 1.008811057545244694e-03 8.034290745854377747e-03 8.351524360477924347e-03 7.901838980615139008e-03 8.784761652350425720e-03 8.891606703400611877e-03 8.446786552667617798e-03 8.204111829400062561e-03 8.005513809621334076e-03 8.550908416509628296e-03 8.123467676341533661e-03
9.819639278557113826e+00 8.313096128404140472e-03 1.007036538794636726e-03 8.020651526749134064e-03 8.333721198141574860e-03 7.885919883847236633e-03 8.771198801696300507e-03 8.874710649251937866e-03 8.430653251707553864e-03 8.190853521227836609e-03 7.989917881786823273e-03 8.533850312232971191e-03 8.111806586384773254e-03
9.839679358717434710e+00 8.302006870508193970e-03 1.007564598694443703e-03 8.006516844034194946e-03 8.318941108882427216e-03 7.867965847253799438e-03 8.758590556681156158e-03 8.858785964548587799e-03 8.413796313107013702e-03 8.177551440894603729e-03 7.973813451826572418e-03 8.517034351825714111e-03 8.099960163235664368e-03
9.859719438877755593e+00 8.288673125207424164e-03 1.008521299809217453e-03 7.993663661181926727e-03 8.306882344186306000e-03 7.852363400161266327e-03 8.746704086661338806e-03 8.844742551445960999e-03 8.400662802159786224e-03 8.164940401911735535e-03 7.957261987030506134e-03 8.499443531036376953e-03 8.087898604571819305e-03
9.879759519038076476e+00 8.275698870420455933e-03 1.008713268674910069e-03 7.980238646268844604e-03 8.297883905470371246e-03 7.838413119316101074e-03 8.735143579542636871e-03 8.830904960632324219e-03 8.388823829591274261e-03 8.152767084538936615e-03 7.942627184092998505e-03 8.482021279633045197e-03 8.076260797679424286e-03
9.899799599198395583e+00 8.263574913144111633e-03 1.008705585263669491e-03 7.966144010424613953e-03 8.291301317512989044e-03 7.825534790754318237e-03 8.724505081772804260e-03 8.817092515528202057e-03 8.379038423299789429e-03 8.141665719449520111e-03 7.929502986371517181e-03 8.466716855764389038e-03 8.067335002124309540e-03
9.919839679358716467e+00 8.252755738794803619e-03 1.007978804409503937e-03 7.953948341310024261e-03 8.284323848783969879e-03 7.816314697265625000e-03 8.713522925972938538e-03 8.806589990854263306e-03 8.370023220777511597e-03 8.132585324347019196e-03 7.918197661638259888e-03 8.453895337879657745e-03 8.058651350438594818e-03
9.939879759519037350e+00 8.243617601692676544e-03 1.006561215035617352e-03 7.944207638502120972e-03 8.277809247374534607e-03 7.808625698089599609e-03 8.703880943357944489e-03 8.796944282948970795e-03 8.362221531569957733e-03 8.126341737806797028e-03 7.909019477665424347e-03 8.444515988230705261e-03 8.051229640841484070e-03
9.959919839679358233e+00 8.236871100962162018e-03 1.006352948024868965e-03 7.934909313917160034e-03 8.272043429315090179e-03 7.801704574376344681e-03 8.695958182215690613e-03 8.789547719061374664e-03 8.356950245797634125e-03 8.122313767671585083e-03 7.902387529611587524e-03 8.436540141701698303e-03 8.043257519602775574e-03
9.979959919839679117e+00 8.233117870986461639e-03 1.004853867925703526e-03 7.928425446152687073e-03 8.265290409326553345e-03 7.795354817062616348e-03 8.690225891768932343e-03 8.780613541603088379e-03 8.353657089173793793e-03 8.117902092635631561e-03 7.898200303316116333e-03 8.430985733866691589e-03 8.037106133997440338e-03
1.000000000000000000e+01 8.229637518525123596e-03 1.004062360152602196e-03 7.924438454210758209e-03 8.260342292487621307e-03 7.790028583258390427e-03 8.686724118888378143e-03 8.774721994996070862e-03 8.350951597094535828e-03 8.116487413644790649e-03 7.895244285464286804e-03 8.427275344729423523e-03 8.033751510083675385e-03
