# Omega RhoOverOmega_mean RhoOverOmega_error RhoOverOmega_sample_0 RhoOverOmega_sample_1 RhoOverOmega_sample_2 RhoOverOmega_sample_3 RhoOverOmega_sample_4 RhoOverOmega_sample_5 RhoOverOmega_sample_6 RhoOverOmega_sample_7 RhoOverOmega_sample_8 RhoOverOmega_sample_9
0.000000000000000000e+00 2.593281911686062813e-03 2.299649495398625731e-04 2.486329525709152222e-03 2.525359857827425003e-03 2.554793376475572586e-03 2.513217274099588394e-03 2.531356643885374069e-03 2.526169409975409508e-03 2.529805526137351990e-03 2.476163906976580620e-03 2.540312241762876511e-03 2.605749294161796570e-03
2.004008016032064049e-02 7.088278408673431841e-08 2.882969418749325996e-08 6.125145546320709400e-08 6.264326657401397824e-08 6.239832828214275651e-08 7.766441711964944261e-08 7.617009600835444871e-08 8.068077050893407431e-08 6.348815873025159817e-08 5.171128591996421164e-08 7.219318831630516797e-08 7.339037466636000318e-08
4.008016032064128098e-02 5.185469476032267266e-08 2.109851848786092887e-08 4.481388771182537312e-08 4.581951529303296411e-08 4.563235123100639612e-08 5.684955084461762453e-08 5.571787653479987057e-08 5.901459232404704380e-08 4.645610118814147427e-08 3.782506396987628250e-08 5.280819692643490271e-08 5.367245137222198537e-08
6.012024048096192147e-02 4.988044466358587670e-08 2.026686551914735901e-08 4.311205614726532076e-08 4.406991038763408142e-08 4.390982155655365204e-08 5.468606900649319869e-08 5.357017585083667655e-08 5.675258663018212246e-08 4.469992020972313185e-08 3.639842560687611694e-08 5.079163400978359277e-08 5.160664429126882169e-08
8.016032064128256196e-02 5.373401279484824045e-08 2.178726532520158798e-08 4.644573792234041321e-08 4.746642900954611832e-08 4.730771507865938474e-08 5.893157961622819130e-08 5.767798327838136174e-08 6.107296712798415683e-08 4.816823562237004808e-08 3.923481273204743047e-08 5.469733821428235387e-08 5.557109261644654907e-08
1.002004008016031955e-01 6.162468224601980182e-08 2.493144357629262231e-08 5.325964380631376116e-08 5.442416295409202576e-08 5.426929661211943312e-08 6.761734994142898358e-08 6.608488689607838751e-08 6.998151746984149213e-08 5.528005786459289084e-08 4.502508232917534770e-08 6.270554564480335102e-08 6.369544536255489220e-08
1.202404809619238429e-01 7.357468234658881556e-08 2.967247070273515419e-08 6.358110482551637688e-08 6.496672000366743305e-08 6.482944314711858169e-08 8.076961677261351724e-08 7.881856589619928855e-08 8.344994739672983997e-08 6.603298174923111219e-08 5.381052403663488803e-08 7.481517627638822887e-08 7.601349949482028023e-08
1.402805611222444904e-01 9.038110704295831965e-08 3.632554523846920347e-08 7.812826652298099361e-08 7.977838833994610468e-08 7.966951187654558453e-08 9.929603095315542305e-08 9.669733458395057824e-08 1.023726241555777960e-07 8.118323080452682916e-08 6.616573244855317171e-08 9.185291816038443358e-08 9.331077421848021913e-08
1.603206412825651239e-01 1.134283991177653661e-07 4.540627429605592624e-08 9.805238221360923490e-08 1.000979210630248417e-07 1.000318832211632980e-07 1.246773990715155378e-07 1.211801929912326159e-07 1.282653840917191701e-07 1.019608717456321756e-07 8.312824917311445461e-08 1.151949717836942000e-07 1.170034451547508070e-07
1.803607214428857575e-01 1.447596815751239774e-07 5.767556388036609860e-08 1.251591612572156009e-07 1.277008863098672009e-07 1.277728784998544143e-07 1.592538723116376786e-07 1.544074450521293329e-07 1.633918884635932045e-07 1.302809238268309855e-07 1.062215062574978219e-07 1.468908834567628219e-07 1.491998204983246978e-07
2.004008016032063910e-01 1.873885082659398904e-07 7.429879644860193366e-08 1.619883818193557090e-07 1.652263250662144856e-07 1.654608041690153186e-07 2.062903945443395060e-07 1.995143605881821713e-07 2.110618169126610155e-07 1.688270856448070845e-07 1.377077865072351415e-07 1.899537380722904345e-07 1.928836326214877772e-07
2.204408817635270523e-01 2.454288789976999396e-07 9.677439294364376110e-08 2.121904145724329283e-07 2.163765202567446977e-07 2.169066704027500236e-07 2.704722135149495443e-07 2.608580871310550719e-07 2.759128392426646315e-07 2.214359255958697759e-07 1.806738794130069437e-07 2.486121672973240493e-07 2.523709952129138401e-07
2.404809619238476859e-01 3.249668338867195416e-07 1.274021315111895092e-07 2.809991599406203022e-07 2.863129964225663571e-07 2.874292306387360441e-07 3.584736703032831429e-07 3.446533298756548902e-07 3.644227888344175881e-07 2.935724126018612878e-07 2.396303671048372053e-07 3.287409811036923202e-07 3.338144267672760179e-07
2.605210420841683194e-01 4.345282036410935689e-07 1.693330631269418518e-07 3.757721174224570859e-07 3.826525869499164401e-07 3.845699438898009248e-07 4.798179702447669115e-07 4.598294935931335203e-07 4.860502258452470414e-07 3.931554886094090762e-07 3.210084571492188843e-07 4.391667118852637941e-07 4.457610884855967015e-07
2.805611222444889807e-01 5.865485377398726996e-07 2.270781038760105730e-07 5.072176918474724516e-07 5.162266916158841923e-07 5.195352628106775228e-07 6.484072514467698056e-07 6.190066983435826842e-07 6.543215818055614363e-07 5.316016427059366833e-07 4.341794408446730813e-07 5.917908083574729972e-07 6.007708748256845865e-07
3.006012024048095865e-01 7.989514756445714738e-07 3.072508434343035333e-07 6.909951935085700825e-07 7.026590651548758615e-07 7.083646096361917444e-07 8.843767886901332531e-07 8.411363410232297610e-07 8.887242302080267109e-07 7.253414651131606661e-07 5.927165034336212557e-07 8.052284670156950597e-07 8.171885497176845092e-07
3.206412825651302478e-01 1.098695975088048726e-06 4.196443228465795983e-07 9.502004445494094398e-07 9.656758948040078394e-07 9.749646778800524771e-07 1.217550902765651699e-06 1.153562266154040117e-06 1.218520878865092527e-06 9.993768799176905304e-07 8.168246949935564771e-07 1.105754563468508422e-06 1.121917193813715130e-06
3.406813627254509091e-01 1.525706693428219296e-06 5.788801331618742552e-07 1.319501734542427585e-06 1.339888513030018657e-06 1.354949858978216071e-06 1.693149215498124249e-06 1.597087361915328074e-06 1.686942368905874901e-06 1.390428337799676228e-06 1.136884065999765880e-06 1.532910005153098609e-06 1.555751055093423929e-06
3.607214428857715149e-01 2.141102413588669151e-06 8.066875238910142798e-07 1.851823185461398680e-06 1.878749571915250272e-06 1.903144948300905526e-06 2.379670604568673298e-06 2.234800831502070650e-06 2.359981181143666618e-06 1.955637344508431852e-06 1.599480356162530370e-06 2.148381781807984225e-06 2.179919647460337728e-06
3.807615230460921762e-01 3.041064474018639885e-06 1.137798335548723117e-06 2.630139078974025324e-06 2.666047521415748633e-06 2.704920916585251689e-06 3.384573346920660697e-06 3.163733026667614467e-06 3.340366674819961190e-06 2.783668605843558908e-06 2.277314251841744408e-06 3.045252242372953333e-06 3.090834297836408950e-06
4.008016032064127820e-01 4.377793175081023946e-06 1.627244841984065715e-06 3.785754415730480105e-06 3.834199105767766014e-06 3.896855560014955699e-06 4.881066161033231765e-06 4.539742349152220413e-06 4.792907020600978285e-06 4.017719220428261906e-06 3.286826540715992451e-06 4.376804099592845887e-06 4.442859335540561005e-06
4.208416833667334433e-01 6.407065029634395614e-06 2.368617970205377787e-06 5.538439836527686566e-06 5.603510544460732490e-06 5.705943294742610306e-06 7.155049388529732823e-06 6.619392024731496349e-06 6.988616405578795820e-06 5.893770321563351899e-06 4.820728008780861273e-06 6.392795057763578370e-06 6.490173291240353137e-06
4.408817635270541047e-01 9.563579624227713794e-06 3.517819322951254435e-06 8.264461939688771963e-06 8.352412805834319443e-06 8.522007192368619144e-06 1.070190319296671078e-05 9.848111403698567301e-06 1.039616199705051258e-05 8.821206392894964665e-06 7.212830496428068727e-06 9.524550478090532124e-06 9.671984116721432656e-06
4.609218436873747105e-01 1.464898468839237466e-05 5.373643944039940834e-06 1.265178343601291999e-05 1.276844795938814059e-05 1.305392470385413617e-05 1.643364885239861906e-05 1.502838586020516232e-05 1.586943835718557239e-05 1.354893083771457896e-05 1.107024218072183430e-05 1.455850269849179313e-05 1.479141701565822586e-05
4.809619238476953718e-01 2.323722219443880022e-05 8.532336323696654290e-06 2.004619818762876093e-05 2.019985549850389361e-05 2.069513357128016651e-05 2.614631375763565302e-05 2.375018812017515302e-05 2.508451325411442667e-05 2.155234324163757265e-05 1.757810423441696912e-05 2.304019290022552013e-05 2.342304833291564137e-05
5.010020040080159776e-01 3.878071947838179767e-05 1.435475769540062174e-05 3.339467730256728828e-05 3.357227978995069861e-05 3.448508869041688740e-05 4.384319254313595593e-05 3.949052188545465469e-05 4.173274282948113978e-05 3.607419421314261854e-05 2.932225834229029715e-05 3.835542520391754806e-05 3.903905599145218730e-05
5.210420841683366389e-01 7.137886859709396958e-05 3.165351154166273773e-05 6.061628664610907435e-05 6.062207103241235018e-05 6.250821024877950549e-05 8.756684110267087817e-05 7.382847979897633195e-05 7.928765262477099895e-05 6.630842108279466629e-05 5.302300996845588088e-05 7.079599890857934952e-05 7.174698839662596583e-05
5.410821643286573002e-01 2.700455253943800926e-03 1.146337110549211502e-02 9.912459645420312881e-04 7.133096223697066307e-04 8.101145504042506218e-04 1.194062456488609314e-02 5.520278587937355042e-03 7.333809044212102890e-03 1.969829667359590530e-03 4.132442991249263287e-04 3.514932934194803238e-03 2.692100591957569122e-03
5.611222444889779615e-01 7.034038007259368896e-02 9.693841449916362762e-03 6.805500388145446777e-02 6.696335971355438232e-02 6.749250739812850952e-02 7.647974789142608643e-02 7.280635088682174683e-02 7.244802266359329224e-02 6.910787522792816162e-02 6.594981998205184937e-02 7.079225033521652222e-02 7.079426944255828857e-02
5.811623246492986228e-01 1.535497158765792847e-01 4.073331132531166077e-03 1.530782431364059448e-01 1.526840776205062866e-01 1.530348062515258789e-01 1.518087387084960938e-01 1.544892787933349609e-01 1.507107019424438477e-01 1.520442515611648560e-01 1.535386890172958374e-01 1.532938629388809204e-01 1.545902639627456665e-01
6.012024048096191731e-01 2.248217612504959106e-01 1.354266703128814697e-02 2.265559881925582886e-01 2.273698747158050537e-01 2.272075712680816650e-01 2.155062556266784668e-01 2.245546877384185791e-01 2.177587896585464478e-01 2.229444831609725952e-01 2.298859953880310059e-01 2.241567224264144897e-01 2.263152152299880981e-01
6.212424849699398344e-01 2.718696594238281250e-01 2.057116664946079254e-02 2.752093970775604248e-01 2.771830856800079346e-01 2.763895094394683838e-01 2.576778531074523926e-01 2.712303996086120605e-01 2.625812888145446777e-01 2.695081532001495361e-01 2.800813913345336914e-01 2.712718248367309570e-01 2.735276818275451660e-01
6.412825651302604957e-01 2.916985750198364258e-01 2.253081090748310089e-02 2.956871092319488525e-01 2.984769642353057861e-01 2.971145212650299072e-01 2.760426402091979980e-01 2.915136814117431641e-01 2.823834121227264404e-01 2.888472974300384521e-01 3.003722727298736572e-01 2.915826141834259033e-01 2.931737899780273438e-01
6.613226452905811570e-01 2.866338491439819336e-01 1.986620202660560608e-02 2.903336286544799805e-01 2.934992909431457520e-01 2.917138636112213135e-01 2.726695835590362549e-01 2.874813973903656006e-01 2.791355550289154053e-01 2.834186553955078125e-01 2.933582663536071777e-01 2.872560918331146240e-01 2.876043021678924561e-01
6.813627254509018183e-01 2.617318630218505859e-01 1.415653154253959656e-02 2.644194662570953369e-01 2.675338685512542725e-01 2.655204832553863525e-01 2.518272101879119873e-01 2.638708353042602539e-01 2.572760879993438721e-01 2.583757042884826660e-01 2.648419141769409180e-01 2.631639540195465088e-01 2.619565129280090332e-01
7.014028056112223686e-01 2.231158316135406494e-01 8.378179743885993958e-03 2.243797928094863892e-01 2.270900756120681763e-01 2.250411808490753174e-01 2.186482101678848267e-01 2.265112698078155518e-01 2.222594618797302246e-01 2.198846936225891113e-01 2.218848168849945068e-01 2.252721339464187622e-01 2.224770337343215942e-01
7.214428857715430299e-01 1.769918799400329590e-01 8.822804316878318787e-03 1.767114251852035522e-01 1.788040697574615479e-01 1.768873780965805054e-01 1.782997399568557739e-01 1.813499033451080322e-01 1.796539276838302612e-01 1.741334199905395508e-01 1.715771704912185669e-01 1.796654313802719116e-01 1.755096018314361572e-01
7.414829659318636912e-01 1.290585249662399292e-01 1.398996636271476746e-02 1.274100691080093384e-01 1.287894994020462036e-01 1.271350681781768799e-01 1.355246901512145996e-01 1.339247971773147583e-01 1.346085667610168457e-01 1.267664879560470581e-01 1.203999221324920654e-01 1.319587677717208862e-01 1.268927007913589478e-01
7.615230460921843525e-01 8.421850204467773438e-02 1.804074831306934357e-02 8.161411434412002563e-02 8.231508731842041016e-02 8.102027326822280884e-02 9.439918398857116699e-02 8.904233574867248535e-02 9.159797430038452148e-02 8.260964602231979370e-02 7.386884093284606934e-02 8.702357113361358643e-02 8.166082203388214111e-02
7.815631262525050138e-01 4.646733030676841736e-02 1.899284496903419495e-02 4.352152720093727112e-02 4.368817806243896484e-02 4.280323162674903870e-02 5.825138837099075317e-02 5.067159980535507202e-02 5.429838225245475769e-02 4.554081335663795471e-02 3.642942383885383606e-02 4.884953796863555908e-02 4.392454773187637329e-02
8.016032064128255641e-01 1.887883618474006653e-02 1.598237641155719757e-02 1.634944230318069458e-02 1.621707342565059662e-02 1.574981957674026489e-02 2.965853549540042877e-02 2.191971056163311005e-02 2.557599730789661407e-02 1.851741224527359009e-02 1.143837906420230865e-02 2.054826356470584869e-02 1.685502007603645325e-02
8.216432865731462254e-01 3.586665960028767586e-03 8.851260878145694733e-03 2.304031979292631149e-03 2.182980766519904137e-03 2.096027601510286331e-03 1.047715730965137482e-02 5.019820760935544968e-03 7.492339704185724258e-03 3.553103189915418625e-03 1.051929080858826637e-03 4.322832450270652771e-03 2.633101074025034904e-03
8.416833667334668867e-01 6.922815227881073952e-04 1.131987315602600574e-03 5.555783282034099102e-04 5.553195951506495476e-04 5.686280783265829086e-04 1.719412277452647686e-03 7.443403592333197594e-04 1.040980103425681591e-03 6.799558177590370178e-04 4.734589310828596354e-04 7.052277214825153351e-04 6.312456098385155201e-04
8.617234468937875480e-01 5.676452419720590115e-04 2.231315884273499250e-04 4.931658040732145309e-04 4.969467991031706333e-04 5.119398701936006546e-04 7.091465522535145283e-04 5.483765853568911552e-04 6.117925513535737991e-04 5.573314265348017216e-04 4.532553430180996656e-04 5.473530036397278309e-04 5.505322478711605072e-04
8.817635270541082093e-01 5.646721110679209232e-04 1.880014751804992557e-04 4.931644070893526077e-04 4.964192048646509647e-04 5.117158871144056320e-04 6.588874384760856628e-04 5.398441571742296219e-04 5.937560345046222210e-04 5.567575572058558464e-04 4.567285068333148956e-04 5.413831677287817001e-04 5.490661133080720901e-04
9.018036072144288706e-01 5.759618361480534077e-04 1.874305744422599673e-04 5.039117531850934029e-04 5.065901204943656921e-04 5.222726031206548214e-04 6.675531622022390366e-04 5.472296033985912800e-04 6.027668714523315430e-04 5.703117349185049534e-04 4.690401838161051273e-04 5.501114064827561378e-04 5.601817974820733070e-04
9.218436873747494209e-01 5.966019816696643829e-04 1.914705062517896295e-04 5.228664958849549294e-04 5.249548703432083130e-04 5.413935286924242973e-04 6.896078702993690968e-04 5.635402631014585495e-04 6.223788368515670300e-04 5.933734937570989132e-04 4.888832918368279934e-04 5.677816225215792656e-04 5.803463282063603401e-04
9.418837675350700822e-01 6.260301452130079269e-04 1.985204144148156047e-04 5.495631485246121883e-04 5.509807378984987736e-04 5.683557246811687946e-04 7.217358215712010860e-04 5.878650117665529251e-04 6.511789979413151741e-04 6.251804297789931297e-04 5.160765722393989563e-04 5.935595836490392685e-04 6.090033566579222679e-04
9.619238476953907435e-01 6.641892832703888416e-04 2.085024170810356736e-04 5.839391960762441158e-04 5.846013082191348076e-04 6.031958037056028843e-04 7.636322407051920891e-04 6.198781775310635567e-04 6.889681681059300900e-04 6.660433718934655190e-04 5.505447625182569027e-04 6.273465696722269058e-04 6.462009623646736145e-04
9.819639278557114048e-01 7.113867322914302349e-04 2.211560640716925263e-04 6.265865522436797619e-04 6.262398674152791500e-04 6.464079488068819046e-04 8.159085991792380810e-04 6.599805201403796673e-04 7.361160824075341225e-04 7.164309499785304070e-04 5.930183106102049351e-04 6.693680770695209503e-04 6.923165637999773026e-04
1.002004008016031955e+00 7.685223827138543129e-04 2.368525892961770296e-04 6.782552809454500675e-04 6.767252343706786633e-04 6.986313965171575546e-04 8.794243331067264080e-04 7.087166886776685715e-04 7.936832844279706478e-04 7.774907280690968037e-04 6.442699232138693333e-04 7.204167777672410011e-04 7.482822402380406857e-04
1.022044088176352616e+00 8.372153970412909985e-04 2.564095193520188332e-04 7.403461495414376259e-04 7.370539242401719093e-04 7.611375767737627029e-04 9.555697324685752392e-04 7.670581690035760403e-04 8.628591895103454590e-04 8.506814483553171158e-04 7.056510658003389835e-04 7.813351112417876720e-04 8.154603419825434685e-04
1.042084168336673278e+00 9.187549585476517677e-04 2.796120534185320139e-04 8.143549202941358089e-04 8.088620961643755436e-04 8.355558384209871292e-04 1.046487828716635704e-03 8.363806409761309624e-04 9.449966019019484520e-04 9.380871779285371304e-04 7.789091905578970909e-04 8.539785631000995636e-04 8.958359248936176300e-04
1.062124248496993939e+00 1.016113208606839180e-03 3.087634395342320204e-04 9.027039632201194763e-04 8.944344590418040752e-04 9.242348605766892433e-04 1.155879464931786060e-03 9.183522197417914867e-04 1.043666154146194458e-03 1.043174299411475658e-03 8.662206237204372883e-04 9.402388823218643665e-04 9.914368856698274612e-04
1.082164328657314600e+00 1.134274411015212536e-03 3.503010084386914968e-04 1.009989995509386063e-03 9.967233054339885712e-04 1.031172112561762333e-03 1.295155263505876064e-03 1.015973626635968685e-03 1.164944842457771301e-03 1.175689976662397385e-03 9.719418594613671303e-04 1.042824937030673027e-03 1.107606338337063789e-03
1.102204408817635262e+00 1.291142543777823448e-03 4.422350320965051651e-04 1.151748467236757278e-03 1.124781905673444271e-03 1.167787937447428703e-03 1.517905853688716888e-03 1.135630300268530846e-03 1.333514810539782047e-03 1.382867107167840004e-03 1.110584242269396782e-03 1.171388663351535797e-03 1.261409372091293335e-03
1.122244488977955923e+00 1.580563723109662533e-03 8.021688554435968399e-04 1.417501363903284073e-03 1.323524396866559982e-03 1.395717146806418896e-03 2.064837608486413956e-03 1.305543701164424419e-03 1.679870649240911007e-03 1.904893200844526291e-03 1.365613657981157303e-03 1.368028111755847931e-03 1.543767750263214111e-03
1.142284569138276584e+00 2.431770553812384605e-03 2.128644846379756927e-03 2.260738052427768707e-03 1.836891868151724339e-03 2.034827368333935738e-03 3.687860211357474327e-03 1.677495427429676056e-03 2.736773341894149780e-03 3.595968475565314293e-03 2.180180512368679047e-03 1.849321415647864342e-03 2.388277091085910797e-03
1.162324649298597246e+00 4.999964032322168350e-03 4.830412566661834717e-03 4.956420976668596268e-03 3.586411941796541214e-03 4.167014267295598984e-03 7.447491399943828583e-03 2.890054136514663696e-03 5.672818981111049652e-03 7.707674987614154816e-03 4.868425894528627396e-03 3.437284147366881371e-03 5.001264624297618866e-03
1.182364729458917685e+00 1.031300146132707596e-02 7.934729568660259247e-03 1.055231504142284393e-02 7.940574549138545990e-03 9.091341868042945862e-03 1.373431272804737091e-02 6.260742899030447006e-03 1.126573421061038971e-02 1.462571229785680771e-02 1.053499151021242142e-02 7.449355907738208771e-03 1.047076843678951263e-02
1.202404809619238346e+00 1.843051239848136902e-02 1.066643558442592621e-02 1.904347725212574005e-02 1.527155935764312744e-02 1.701025664806365967e-02 2.239404805004596710e-02 1.250216923654079437e-02 1.947613991796970367e-02 2.411510050296783447e-02 1.916319131851196289e-02 1.434916630387306213e-02 1.884529553353786469e-02
1.222444889779559007e+00 2.902284450829029083e-02 1.283993571996688843e-02 3.005062043666839600e-02 2.529917098581790924e-02 2.758793905377388000e-02 3.310541063547134399e-02 2.149553596973419189e-02 2.997868880629539490e-02 3.577873855829238892e-02 3.035453706979751587e-02 2.392313815653324127e-02 2.976410277187824249e-02
1.242484969939879669e+00 4.167003557085990906e-02 1.446419116109609604e-02 4.312382265925407410e-02 3.759361431002616882e-02 4.038175567984580994e-02 4.551597684621810913e-02 3.287142887711524963e-02 4.238781705498695374e-02 4.919665679335594177e-02 4.364138469099998474e-02 3.577596321702003479e-02 4.278511554002761841e-02
1.262525050100200330e+00 5.595707520842552185e-02 1.560332253575325012e-02 5.782535672187805176e-02 5.171189084649085999e-02 5.494070053100585938e-02 5.928466469049453735e-02 4.621566832065582275e-02 5.631683394312858582e-02 6.397911161184310913e-02 5.856760963797569275e-02 4.948816075921058655e-02 5.747180059552192688e-02
1.282565130260520991e+00 7.149153947830200195e-02 1.632895506918430328e-02 7.374953478574752808e-02 6.723523139953613281e-02 7.084436714649200439e-02 7.409279048442840576e-02 6.112177297472953796e-02 7.140975445508956909e-02 7.976488769054412842e-02 7.471417635679244995e-02 6.465714424848556519e-02 7.341186702251434326e-02
1.302605210420841653e+00 8.792710304260253906e-02 1.670958660542964935e-02 9.052948653697967529e-02 8.378621935844421387e-02 8.771599084138870239e-02 8.964982628822326660e-02 7.722053676843643188e-02 8.734200894832611084e-02 9.623458236455917358e-02 9.171000868082046509e-02 8.091313391923904419e-02 9.023901075124740601e-02
1.322645290581162314e+00 1.049511581659317017e-01 1.681070961058139801e-02 1.078433841466903687e-01 1.010271534323692322e-01 1.052158698439598083e-01 1.056947857141494751e-01 9.417083114385604858e-02 1.038236767053604126e-01 1.131064146757125854e-01 1.092278808355331421e-01 9.793037921190261841e-02 1.076351627707481384e-01
1.342685370741482975e+00 1.222882866859436035e-01 1.668363437056541443e-02 1.254151463508605957e-01 1.186634004116058350e-01 1.230480894446372986e-01 1.219988763332366943e-01 1.116737499833106995e-01 1.206010952591896057e-01 1.301258355379104614e-01 1.269808411598205566e-01 1.154162585735321045e-01 1.253109276294708252e-01
1.362725450901803637e+00 1.396929621696472168e-01 1.638001017272472382e-02 1.429911255836486816e-01 1.364303529262542725e-01 1.409540325403213501e-01 1.383598148822784424e-01 1.294584572315216064e-01 1.374502629041671753e-01 1.470778435468673706e-01 1.447199881076812744e-01 1.331121474504470825e-01 1.430190652608871460e-01
1.382765531062124298e+00 1.569579541683197021e-01 1.594692282378673553e-02 1.603665202856063843e-01 1.541037261486053467e-01 1.587025076150894165e-01 1.545989960432052612e-01 1.472903341054916382e-01 1.541768461465835571e-01 1.637806892395019531e-01 1.622305810451507568e-01 1.507906913757324219e-01 1.605437546968460083e-01
1.402805611222444737e+00 1.739048808813095093e-01 1.542573142796754837e-02 1.773582547903060913e-01 1.714916974306106567e-01 1.761039197444915771e-01 1.705609560012817383e-01 1.649651825428009033e-01 1.706107556819915771e-01 1.800725758075714111e-01 1.793327629566192627e-01 1.682512909173965454e-01 1.777033358812332153e-01
1.422845691382765398e+00 1.903798878192901611e-01 1.485390961170196533e-02 1.938184350728988647e-01 1.884274333715438843e-01 1.929962038993835449e-01 1.861174255609512329e-01 1.823078095912933350e-01 1.866122335195541382e-01 1.958243697881698608e-01 1.958758831024169922e-01 1.853253692388534546e-01 1.943398416042327881e-01
1.442885771543086060e+00 2.062582075595855713e-01 1.426441688090562820e-02 2.096195518970489502e-01 2.047752737998962402e-01 2.092408686876296997e-01 2.011574059724807739e-01 1.991687119007110596e-01 2.020608186721801758e-01 2.109261900186538696e-01 2.117353975772857666e-01 2.018705457448959351e-01 2.103262394666671753e-01
1.462925851703406721e+00 2.214351594448089600e-01 1.368884276598691940e-02 2.246605455875396729e-01 2.204187214374542236e-01 2.247291505336761475e-01 2.155859172344207764e-01 2.154192179441452026e-01 2.168560475111007690e-01 2.252858132123947144e-01 2.268087267875671387e-01 2.177702635526657104e-01 2.255540937185287476e-01
1.482965931863727382e+00 2.358222007751464844e-01 1.315725781023502350e-02 2.388574481010437012e-01 2.352672666311264038e-01 2.393718808889389038e-01 2.293261736631393433e-01 2.309544384479522705e-01 2.309174090623855591e-01 2.388371527194976807e-01 2.410154789686203003e-01 2.329236119985580444e-01 2.399364560842514038e-01
1.503006012024048044e+00 2.493528425693511963e-01 1.270050834864377975e-02 2.521492540836334229e-01 2.492468506097793579e-01 2.530997991561889648e-01 2.423140257596969604e-01 2.456879019737243652e-01 2.441780567169189453e-01 2.515231668949127197e-01 2.542932629585266113e-01 2.472497671842575073e-01 2.534098327159881592e-01
1.523046092184368705e+00 2.619752287864685059e-01 1.234204228967428207e-02 2.644897699356079102e-01 2.622981369495391846e-01 2.658581733703613281e-01 2.545024156570434570e-01 2.595477104187011719e-01 2.565882503986358643e-01 2.633020579814910889e-01 2.665971815586090088e-01 2.606857419013977051e-01 2.659231126308441162e-01
1.543086172344689366e+00 2.736511230468750000e-01 1.209768000990152359e-02 2.758415639400482178e-01 2.743802666664123535e-01 2.776053547859191895e-01 2.658555805683135986e-01 2.724819779396057129e-01 2.681106328964233398e-01 2.741459012031555176e-01 2.778962552547454834e-01 2.731837034225463867e-01 2.774409353733062744e-01
1.563126252505010028e+00 2.843537032604217529e-01 1.198315713554620743e-02 2.861870229244232178e-01 2.854672968387603760e-01 2.883174419403076172e-01 2.763425707817077637e-01 2.844494879245758057e-01 2.787219882011413574e-01 2.840366363525390625e-01 2.881698906421661377e-01 2.847068607807159424e-01 2.879424691200256348e-01
1.583166332665330689e+00 2.940671145915985107e-01 1.200787909328937531e-02 2.955158650875091553e-01 2.955380380153656006e-01 2.979846596717834473e-01 2.859460711479187012e-01 2.954221963882446289e-01 2.884026169776916504e-01 2.929677367210388184e-01 2.974145710468292236e-01 2.952311635017395020e-01 2.974175214767456055e-01
1.603206412825651128e+00 3.027877807617187500e-01 1.216462440788745880e-02 3.038276433944702148e-01 3.045854866504669189e-01 3.066013455390930176e-01 2.946579456329345703e-01 3.053818941116333008e-01 2.971461117267608643e-01 3.009389042854309082e-01 3.056282401084899902e-01 3.047423064708709717e-01 3.058634102344512939e-01
1.623246492985971789e+00 3.105154633522033691e-01 1.244062185287475586e-02 3.111307322978973389e-01 3.126166462898254395e-01 3.141751885414123535e-01 3.024778664112091064e-01 3.143182694911956787e-01 3.049562871456146240e-01 3.079594671726226807e-01 3.128224611282348633e-01 3.132373988628387451e-01 3.132829666137695312e-01
1.643286573146292451e+00 3.172615170478820801e-01 1.282545179128646851e-02 3.174436688423156738e-01 3.196398913860321045e-01 3.207179605960845947e-01 3.094083070755004883e-01 3.222360312938690186e-01 3.118378221988677979e-01 3.140388727188110352e-01 3.190143108367919922e-01 3.207207620143890381e-01 3.196958005428314209e-01
1.663326653306613112e+00 3.230432569980621338e-01 1.330020371824502945e-02 3.227830529212951660e-01 3.256725072860717773e-01 3.262484669685363770e-01 3.154550790786743164e-01 3.291413187980651855e-01 3.178023993968963623e-01 3.191997706890106201e-01 3.242236375808715820e-01 3.272012174129486084e-01 3.251188695430755615e-01
1.683366733466933773e+00 3.278809189796447754e-01 1.384370122104883194e-02 3.271775245666503906e-01 3.307318687438964844e-01 3.307938873767852783e-01 3.206362724304199219e-01 3.350495994091033936e-01 3.228685259819030762e-01 3.234664797782897949e-01 3.284809291362762451e-01 3.326979577541351318e-01 3.295761942863464355e-01
1.703406813627254435e+00 3.317990303039550781e-01 1.443820726126432419e-02 3.306587338447570801e-01 3.348457217216491699e-01 3.343837857246398926e-01 3.249666094779968262e-01 3.399800062179565430e-01 3.270578384399414062e-01 3.268676400184631348e-01 3.318164348602294922e-01 3.372319340705871582e-01 3.330995738506317139e-01
1.723446893787575096e+00 3.348304331302642822e-01 1.506000012159347534e-02 3.332556188106536865e-01 3.380439579486846924e-01 3.370537161827087402e-01 3.284727334976196289e-01 3.439546227455139160e-01 3.304010927677154541e-01 3.294324576854705811e-01 3.342656791210174561e-01 3.408276140689849854e-01 3.357219696044921875e-01
1.743486973947895757e+00 3.370066881179809570e-01 1.569637469947338104e-02 3.350065052509307861e-01 3.403654098510742188e-01 3.388355076313018799e-01 3.311775922775268555e-01 3.470025360584259033e-01 3.329235613346099854e-01 3.311941623687744141e-01 3.358660936355590820e-01 3.435156643390655518e-01 3.374790549278259277e-01
1.763527054108216419e+00 3.383626341819763184e-01 1.633264496922492981e-02 3.359452784061431885e-01 3.418384790420532227e-01 3.397733867168426514e-01 3.331089913845062256e-01 3.491520583629608154e-01 3.346577286720275879e-01 3.321822881698608398e-01 3.366553187370300293e-01 3.453283905982971191e-01 3.384114205837249756e-01
1.783567134268537080e+00 3.389335572719573975e-01 1.695681735873222351e-02 3.361158072948455811e-01 3.425004482269287109e-01 3.399068713188171387e-01 3.342946767807006836e-01 3.504405319690704346e-01 3.356341719627380371e-01 3.324372172355651855e-01 3.366755247116088867e-01 3.462984561920166016e-01 3.385572135448455811e-01
1.803607214428857741e+00 3.387599885463714600e-01 1.755668409168720245e-02 3.355606496334075928e-01 3.423923254013061523e-01 3.392812311649322510e-01 3.347643017768859863e-01 3.509025275707244873e-01 3.358901143074035645e-01 3.319950401782989502e-01 3.359710574150085449e-01 3.464624881744384766e-01 3.379603624343872070e-01
1.823647294589178181e+00 3.378799855709075928e-01 1.812438853085041046e-02 3.343204855918884277e-01 3.415486514568328857e-01 3.379384279251098633e-01 3.345498740673065186e-01 3.505744040012359619e-01 3.354517817497253418e-01 3.308952450752258301e-01 3.345810472965240479e-01 3.458627462387084961e-01 3.366588950157165527e-01
1.843687374749498842e+00 3.363324105739593506e-01 1.865472458302974701e-02 3.324337601661682129e-01 3.400118052959442139e-01 3.359215259552001953e-01 3.336815536022186279e-01 3.494948744773864746e-01 3.343607783317565918e-01 3.291717469692230225e-01 3.325504362583160400e-01 3.445408642292022705e-01 3.346990346908569336e-01
1.863727454909819503e+00 3.341568410396575928e-01 1.913938485085964203e-02 3.299466073513031006e-01 3.378250002861022949e-01 3.332737684249877930e-01 3.321939408779144287e-01 3.477022349834442139e-01 3.326511979103088379e-01 3.268639445304870605e-01 3.299178481101989746e-01 3.425340950489044189e-01 3.321178555488586426e-01
1.883767535070140164e+00 3.313917517662048340e-01 1.957598887383937836e-02 3.268969655036926270e-01 3.350296914577484131e-01 3.300402462482452393e-01 3.301234245300292969e-01 3.452392518520355225e-01 3.303597271442413330e-01 3.240104019641876221e-01 3.267261981964111328e-01 3.398849666118621826e-01 3.289607763290405273e-01
1.903807615230460826e+00 3.280751109123229980e-01 1.995785534381866455e-02 3.233261108398437500e-01 3.316642343997955322e-01 3.262626826763153076e-01 3.275019228458404541e-01 3.421465456485748291e-01 3.275254070758819580e-01 3.206519186496734619e-01 3.230172991752624512e-01 3.366300463676452637e-01 3.252668380737304688e-01
1.923847695390781487e+00 3.242501318454742432e-01 2.028084918856620789e-02 3.192773759365081787e-01 3.277705013751983643e-01 3.219820857048034668e-01 3.243612349033355713e-01 3.384608030319213867e-01 3.241826891899108887e-01 3.168251514434814453e-01 3.188320100307464600e-01 3.328151702880859375e-01 3.210775256156921387e-01
1.943887775551102148e+00 3.199523985385894775e-01 2.054464258253574371e-02 3.147886395454406738e-01 3.233889043331146240e-01 3.172431886196136475e-01 3.207381963729858398e-01 3.342251479625701904e-01 3.203663229942321777e-01 3.125632703304290771e-01 3.142106831073760986e-01 3.284787535667419434e-01 3.164382874965667725e-01
1.963927855711422810e+00 3.152199089527130127e-01 2.074576728045940399e-02 3.098964393138885498e-01 3.185597658157348633e-01 3.120861351490020752e-01 3.166671991348266602e-01 3.294763267040252686e-01 3.161105513572692871e-01 3.079046308994293213e-01 3.091900944709777832e-01 3.236607611179351807e-01 3.113882541656494141e-01
1.983967935871743471e+00 3.100900352001190186e-01 2.088489755988121033e-02 3.046375513076782227e-01 3.133210241794586182e-01 3.065496683120727539e-01 3.121783435344696045e-01 3.242558538913726807e-01 3.114487230777740479e-01 3.028844296932220459e-01 3.038084208965301514e-01 3.183991611003875732e-01 3.059606850147247314e-01
2.004008016032063910e+00 3.045973479747772217e-01 2.096252143383026123e-02 2.990489900112152100e-01 3.077077269554138184e-01 3.006737232208251953e-01 3.073023855686187744e-01 3.186048865318298340e-01 3.064125776290893555e-01 2.975357770919799805e-01 2.981043159961700439e-01 3.127339184284210205e-01 3.001925945281982422e-01
2.024048096192384794e+00 2.987792491912841797e-01 2.097808383405208588e-02 2.931640148162841797e-01 3.017579615116119385e-01 2.944929003715515137e-01 3.020744025707244873e-01 3.125583827495574951e-01 3.010383248329162598e-01 2.918904125690460205e-01 2.921131551265716553e-01 3.067014515399932861e-01 2.941203415393829346e-01
2.044088176352705233e+00 2.926670014858245850e-01 2.093230560421943665e-02 2.870176434516906738e-01 2.955061495304107666e-01 2.880441546440124512e-01 2.965245246887207031e-01 3.061528503894805908e-01 2.953559458255767822e-01 2.859793901443481445e-01 2.858672440052032471e-01 3.003365099430084229e-01 2.877750098705291748e-01
2.064128256513026116e+00 2.862922847270965576e-01 2.082417719066143036e-02 2.806403934955596924e-01 2.889851331710815430e-01 2.813616394996643066e-01 2.906797528266906738e-01 2.994235455989837646e-01 2.893951833248138428e-01 2.798340320587158203e-01 2.793977260589599609e-01 2.936747372150421143e-01 2.811975479125976562e-01
2.084168336673346555e+00 2.796867787837982178e-01 2.065706439316272736e-02 2.740633785724639893e-01 2.822261154651641846e-01 2.744764983654022217e-01 2.845684885978698730e-01 2.924071252346038818e-01 2.831853330135345459e-01 2.734855413436889648e-01 2.727353572845458984e-01 2.867521643638610840e-01 2.744164764881134033e-01
2.104208416833667439e+00 2.728812098503112793e-01 2.043507248163223267e-02 2.673178911209106445e-01 2.752614617347717285e-01 2.674211263656616211e-01 2.782196104526519775e-01 2.851397395133972168e-01 2.767558991909027100e-01 2.669607102870941162e-01 2.659085392951965332e-01 2.796015441417694092e-01 2.674605250358581543e-01
2.124248496993987878e+00 2.659059762954711914e-01 2.015862055122852325e-02 2.604287564754486084e-01 2.681208550930023193e-01 2.602254152297973633e-01 2.716625034809112549e-01 2.776520848274230957e-01 2.701320052146911621e-01 2.602850496768951416e-01 2.589440345764160156e-01 2.722486257553100586e-01 2.603607773780822754e-01
2.144288577154308317e+00 2.587884366512298584e-01 1.982775889337062836e-02 2.534265220165252686e-01 2.608321309089660645e-01 2.529174685478210449e-01 2.649223804473876953e-01 2.699729502201080322e-01 2.633396685123443604e-01 2.534837126731872559e-01 2.518721818923950195e-01 2.647285163402557373e-01 2.531456351280212402e-01
2.164328657314629201e+00 2.515528202056884766e-01 1.945031620562076569e-02 2.463330626487731934e-01 2.534204721450805664e-01 2.455235719680786133e-01 2.580246031284332275e-01 2.621361017227172852e-01 2.564055323600769043e-01 2.465787678956985474e-01 2.447163462638854980e-01 2.570696473121643066e-01 2.458401620388031006e-01
2.184368737474949640e+00 2.442255318164825439e-01 1.902701333165168762e-02 2.391715943813323975e-01 2.459132522344589233e-01 2.380712628364562988e-01 2.509956657886505127e-01 2.541666626930236816e-01 2.493531256914138794e-01 2.395972758531570435e-01 2.375009655952453613e-01 2.493004351854324341e-01 2.384689003229141235e-01
2.204408817635270523e+00 2.368286699056625366e-01 1.856145448982715607e-02 2.319663763046264648e-01 2.383355349302291870e-01 2.305830270051956177e-01 2.438564896583557129e-01 2.460947036743164062e-01 2.422056943178176880e-01 2.325619757175445557e-01 2.302494645118713379e-01 2.414470613002777100e-01 2.310567349195480347e-01
2.224448897795590963e+00 2.293878346681594849e-01 1.806236058473587036e-02 2.247364670038223267e-01 2.307120561599731445e-01 2.230834215879440308e-01 2.366323322057723999e-01 2.379460930824279785e-01 2.349855452775955200e-01 2.254882454872131348e-01 2.229801118373870850e-01 2.335340231657028198e-01 2.236214876174926758e-01
2.244488977955911846e+00 2.219213247299194336e-01 1.753174513578414917e-02 2.175022512674331665e-01 2.230660170316696167e-01 2.155932188034057617e-01 2.293429821729660034e-01 2.297461330890655518e-01 2.277133166790008545e-01 2.184003740549087524e-01 2.157138735055923462e-01 2.255878448486328125e-01 2.161884456872940063e-01
2.264529058116232285e+00 2.144512236118316650e-01 1.697597466409206390e-02 2.102824747562408447e-01 2.154171913862228394e-01 2.081322968006134033e-01 2.220088690519332886e-01 2.215204983949661255e-01 2.204098552465438843e-01 2.113149166107177734e-01 2.084696441888809204e-01 2.176274359226226807e-01 2.087750583887100220e-01
2.284569138276553169e+00 2.069962471723556519e-01 1.640024036169052124e-02 2.030968517065048218e-01 2.077846825122833252e-01 2.007161378860473633e-01 2.146479338407516479e-01 2.132894098758697510e-01 2.130940854549407959e-01 2.042484134435653687e-01 2.012640684843063354e-01 2.096761167049407959e-01 2.014003396034240723e-01
2.304609218436873608e+00 1.995763033628463745e-01 1.581386104226112366e-02 1.959605365991592407e-01 2.001873999834060669e-01 1.933638900518417358e-01 2.072819173336029053e-01 2.050765156745910645e-01 2.057851999998092651e-01 1.972178816795349121e-01 1.941129118204116821e-01 2.017532587051391602e-01 1.940800398588180542e-01
2.324649298597194491e+00 1.922039389610290527e-01 1.522366423159837723e-02 1.888873279094696045e-01 1.926422864198684692e-01 1.860892772674560547e-01 1.999268829822540283e-01 1.969024240970611572e-01 1.984989345073699951e-01 1.902364194393157959e-01 1.870310306549072266e-01 1.938778162002563477e-01 1.868313550949096680e-01
2.344689378757514930e+00 1.848959624767303467e-01 1.463784091174602509e-02 1.818910986185073853e-01 1.851639449596405029e-01 1.789097189903259277e-01 1.926016211509704590e-01 1.887884885072708130e-01 1.912505626678466797e-01 1.833203881978988647e-01 1.800316423177719116e-01 1.860694289207458496e-01 1.796682775020599365e-01
2.364729458917835370e+00 1.776671111583709717e-01 1.406374573707580566e-02 1.749852895736694336e-01 1.777692437171936035e-01 1.718380749225616455e-01 1.853204816579818726e-01 1.807521879673004150e-01 1.840575486421585083e-01 1.764825284481048584e-01 1.731285005807876587e-01 1.783442795276641846e-01 1.726060062646865845e-01
2.384769539078156253e+00 1.705301254987716675e-01 1.350888051092624664e-02 1.681832373142242432e-01 1.704723536968231201e-01 1.648872494697570801e-01 1.780998110771179199e-01 1.728120744228363037e-01 1.769310534000396729e-01 1.697337627410888672e-01 1.663337051868438721e-01 1.707163602113723755e-01 1.656573265790939331e-01
2.404809619238476692e+00 1.635006964206695557e-01 1.298283319920301437e-02 1.614925861358642578e-01 1.632862985134124756e-01 1.580670028924942017e-01 1.709516942501068115e-01 1.649834811687469482e-01 1.698852479457855225e-01 1.630861908197402954e-01 1.596586853265762329e-01 1.631992757320404053e-01 1.588331460952758789e-01
2.424849699398797576e+00 1.565900593996047974e-01 1.249487046152353287e-02 1.549249589443206787e-01 1.562229692935943604e-01 1.513877809047698975e-01 1.638906747102737427e-01 1.572800576686859131e-01 1.629310995340347290e-01 1.565490961074829102e-01 1.531132757663726807e-01 1.558104604482650757e-01 1.521423310041427612e-01
2.444889779559118015e+00 1.498068124055862427e-01 1.205515116453170776e-02 1.484885215759277344e-01 1.492938548326492310e-01 1.448585987091064453e-01 1.569297760725021362e-01 1.497152149677276611e-01 1.560818552970886230e-01 1.501320302486419678e-01 1.467045992612838745e-01 1.485633105039596558e-01 1.455955058336257935e-01
2.464929859719438898e+00 1.431623995304107666e-01 1.167399808764457703e-02 1.421935707330703735e-01 1.425093859434127808e-01 1.384882479906082153e-01 1.500810384750366211e-01 1.423047780990600586e-01 1.493500322103500366e-01 1.438438594341278076e-01 1.404399275779724121e-01 1.414705663919448853e-01 1.391982883214950562e-01
2.484969939879759337e+00 1.366655081510543823e-01 1.135861035436391830e-02 1.360458880662918091e-01 1.358788758516311646e-01 1.322826594114303589e-01 1.433556228876113892e-01 1.350610703229904175e-01 1.427449584007263184e-01 1.376914978027343750e-01 1.343287527561187744e-01 1.345400959253311157e-01 1.329584270715713501e-01
2.505010020040080221e+00 1.303248256444931030e-01 1.111345551908016205e-02 1.300523132085800171e-01 1.294098198413848877e-01 1.262502521276473999e-01 1.367630511522293091e-01 1.279935091733932495e-01 1.362767666578292847e-01 1.316826194524765015e-01 1.283743679523468018e-01 1.277843862771987915e-01 1.268853992223739624e-01
2.525050100200400660e+00 1.241467818617820740e-01 1.094220392405986786e-02 1.242207661271095276e-01 1.231091469526290894e-01 1.203958243131637573e-01 1.303122788667678833e-01 1.211137771606445312e-01 1.299539059400558472e-01 1.258247345685958862e-01 1.225833892822265625e-01 1.212100461125373840e-01 1.209844052791595459e-01
2.545090180360721543e+00 1.181391626596450806e-01 1.084417011588811874e-02 1.185542047023773193e-01 1.169859543442726135e-01 1.147264093160629272e-01 1.240117177367210388e-01 1.144312322139739990e-01 1.237831562757492065e-01 1.201253831386566162e-01 1.169618517160415649e-01 1.148257702589035034e-01 1.152612045407295227e-01
2.565130260521041983e+00 1.123083159327507019e-01 1.081892475485801697e-02 1.130584403872489929e-01 1.110459491610527039e-01 1.092442125082015991e-01 1.178701296448707581e-01 1.079543009400367737e-01 1.177719384431838989e-01 1.145890131592750549e-01 1.115127354860305786e-01 1.086400374770164490e-01 1.097188144922256470e-01
2.585170340681362422e+00 1.066603511571884155e-01 1.086102798581123352e-02 1.077368110418319702e-01 1.052970811724662781e-01 1.039529219269752502e-01 1.118948459625244141e-01 1.016895174980163574e-01 1.119276061654090881e-01 1.092168837785720825e-01 1.062400639057159424e-01 1.026594638824462891e-01 1.043629199266433716e-01
2.605210420841683305e+00 1.011987105011940002e-01 1.096503995358943939e-02 1.025938764214515686e-01 9.974150359630584717e-02 9.885443001985549927e-02 1.060935333371162415e-01 9.564492106437683105e-02 1.062563955783843994e-01 1.040137633681297302e-01 1.011462360620498657e-01 9.688787907361984253e-02 9.919549524784088135e-02
2.625250501002003745e+00 9.592891484498977661e-02 1.111994683742523193e-02 9.762897342443466187e-02 9.438343346118927002e-02 9.395277500152587891e-02 1.004712805151939392e-01 8.982641249895095825e-02 1.007621064782142639e-01 9.898246079683303833e-02 9.623602777719497681e-02 9.133110940456390381e-02 9.421849250793457031e-02
2.645290581162324628e+00 9.085192531347274780e-02 1.131688803434371948e-02 9.284428507089614868e-02 8.922799676656723022e-02 8.924674242734909058e-02 9.503409266471862793e-02 8.423866331577301025e-02 9.544863551855087280e-02 9.412571787834167480e-02 9.150990843772888184e-02 8.599068969488143921e-02 8.943504095077514648e-02
2.665330661322645067e+00 8.597212284803390503e-02 1.154501829296350479e-02 8.824108541011810303e-02 8.427724987268447876e-02 8.473590761423110962e-02 8.978757262229919434e-02 7.888702303171157837e-02 9.032181650400161743e-02 8.944631367921829224e-02 8.697011321783065796e-02 8.087331801652908325e-02 8.484712988138198853e-02
2.685370741482965951e+00 8.129175007343292236e-02 1.179302390664815903e-02 8.382198959589004517e-02 7.953113317489624023e-02 8.042187988758087158e-02 8.473382145166397095e-02 7.377515733242034912e-02 8.538401871919631958e-02 8.494430035352706909e-02 8.261542022228240967e-02 7.598083466291427612e-02 8.045341074466705322e-02
2.705410821643286390e+00 7.681175321340560913e-02 1.205184962600469589e-02 7.958617806434631348e-02 7.499224692583084106e-02 7.630405575037002563e-02 7.987821847200393677e-02 6.890646368265151978e-02 8.063896745443344116e-02 8.062496781349182129e-02 7.844648510217666626e-02 7.131596654653549194e-02 7.625376433134078979e-02
2.725450901803607273e+00 7.253392785787582397e-02 1.231293566524982452e-02 7.553377002477645874e-02 7.066278904676437378e-02 7.238240540027618408e-02 7.522355765104293823e-02 6.428171694278717041e-02 7.608995586633682251e-02 7.648623734712600708e-02 7.446292787790298462e-02 6.687813252210617065e-02 7.224968820810317993e-02
2.745490981963927712e+00 6.845726072788238525e-02 1.256593037396669388e-02 7.166510820388793945e-02 6.654290854930877686e-02 6.865524500608444214e-02 7.077231258153915405e-02 5.990337580442428589e-02 7.173680514097213745e-02 7.252997159957885742e-02 7.066328078508377075e-02 6.267044693231582642e-02 6.844059377908706665e-02
2.765531062124248596e+00 6.458210200071334839e-02 1.280432287603616714e-02 6.797896325588226318e-02 6.263268738985061646e-02 6.511985510587692261e-02 6.652513891458511353e-02 5.577146634459495544e-02 6.758168339729309082e-02 6.875430047512054443e-02 6.704763323068618774e-02 5.869090557098388672e-02 6.482446193695068359e-02
2.785571142284569035e+00 6.090829148888587952e-02 1.302007492631673813e-02 6.447420269250869751e-02 5.893031507730484009e-02 6.177466735243797302e-02 6.248315423727035522e-02 5.188712477684020996e-02 6.362499296665191650e-02 6.515879929065704346e-02 6.361293792724609375e-02 5.494001880288124084e-02 6.139719858765602112e-02
2.805611222444889474e+00 5.743166059255599976e-02 1.320965029299259186e-02 6.114962697029113770e-02 5.543444305658340454e-02 5.861394852399826050e-02 5.864731594920158386e-02 4.824665933847427368e-02 5.986627191305160522e-02 6.174128875136375427e-02 6.035771593451499939e-02 5.141461268067359924e-02 5.815667286515235901e-02
2.825651302605210358e+00 5.415336042642593384e-02 1.336854882538318634e-02 5.800289660692214966e-02 5.214190110564231873e-02 5.563462898135185242e-02 5.501683056354522705e-02 4.484925046563148499e-02 5.630677938461303711e-02 5.850085616111755371e-02 5.727919563651084900e-02 4.811206832528114319e-02 5.510159954428672791e-02
2.845691382765530797e+00 5.106934905052185059e-02 1.349480636417865753e-02 5.503040179610252380e-02 4.904999956488609314e-02 5.283347517251968384e-02 5.159186944365501404e-02 4.169049859046936035e-02 5.294341221451759338e-02 5.543670803308486938e-02 5.437316745519638062e-02 4.502665251493453979e-02 5.222852155566215515e-02
2.865731462925851680e+00 4.817582294344902039e-02 1.358321309089660645e-02 5.222754925489425659e-02 4.615633562207221985e-02 5.020710453391075134e-02 4.837070032954216003e-02 3.876700252294540405e-02 4.977506771683692932e-02 5.254409462213516235e-02 5.163612216711044312e-02 4.215652868151664734e-02 4.953364655375480652e-02
2.885771543086172120e+00 4.546924680471420288e-02 1.363296248018741608e-02 4.959262907505035400e-02 4.345655068755149841e-02 4.775005951523780823e-02 4.535144940018653870e-02 3.607309237122535706e-02 4.679967090487480164e-02 4.982082918286323547e-02 4.906377568840980530e-02 3.949689865112304688e-02 4.701109975576400757e-02
2.905811623246493003e+00 4.294550418853759766e-02 1.364364754408597946e-02 4.712092131376266479e-02 4.094563052058219910e-02 4.545782133936882019e-02 4.253033176064491272e-02 3.360319510102272034e-02 4.401533305644989014e-02 4.726400598883628845e-02 4.665338993072509766e-02 3.704187273979187012e-02 4.465735331177711487e-02
2.925851703406813442e+00 4.059909284114837646e-02 1.361490413546562195e-02 4.480896517634391785e-02 3.861793503165245056e-02 4.332543164491653442e-02 3.990348801016807556e-02 3.134932368993759155e-02 4.141611233353614807e-02 4.486740753054618835e-02 4.440057277679443359e-02 3.478600084781646729e-02 4.246583953499794006e-02
2.945891783567134325e+00 3.842632845044136047e-02 1.354739814996719360e-02 4.265078157186508179e-02 3.646877780556678772e-02 4.134777188301086426e-02 3.746745735406875610e-02 2.930335700511932373e-02 3.899689391255378723e-02 4.262769594788551331e-02 4.229898378252983093e-02 3.272170200943946838e-02 4.043172672390937805e-02
2.965931863727454765e+00 3.641925379633903503e-02 1.344453077763319016e-02 4.064153879880905151e-02 3.449045121669769287e-02 3.951677307486534119e-02 3.521617501974105835e-02 2.745561487972736359e-02 3.675500676035881042e-02 4.054114967584609985e-02 4.034454002976417542e-02 3.083987720310688019e-02 3.855015337467193604e-02
2.985971943887775648e+00 3.457253426313400269e-02 1.330859493464231491e-02 3.877476602792739868e-02 3.267648816108703613e-02 3.782565891742706299e-02 3.314328566193580627e-02 2.579532004892826080e-02 3.468300402164459229e-02 3.860405832529067993e-02 3.853234276175498962e-02 2.913312427699565887e-02 3.681355342268943787e-02
3.006012024048096087e+00 3.287885338068008423e-02 1.314232498407363892e-02 3.704581409692764282e-02 3.101935610175132751e-02 3.626916557550430298e-02 3.124382905662059784e-02 2.431175857782363892e-02 3.277702629566192627e-02 3.680857643485069275e-02 3.685685247182846069e-02 2.759273163974285126e-02 3.521600365638732910e-02
3.026052104208416527e+00 3.133203461766242981e-02 1.294956170022487640e-02 3.544804453849792480e-02 2.951114811003208160e-02 3.484145924448966980e-02 2.950962260365486145e-02 2.299301140010356903e-02 3.102939017117023468e-02 3.514891117811203003e-02 3.531020507216453552e-02 2.620819769799709320e-02 3.375149145722389221e-02
3.046092184368737410e+00 2.992324717342853546e-02 1.273524947464466095e-02 3.397583961486816406e-02 2.814444713294506073e-02 3.353401646018028259e-02 2.793258987367153168e-02 2.182695269584655762e-02 2.943299710750579834e-02 3.362138569355010986e-02 3.388732671737670898e-02 2.496858499944210052e-02 3.241210803389549255e-02
3.066132264529057849e+00 2.864502184092998505e-02 1.250125933438539505e-02 3.262243792414665222e-02 2.690957672894001007e-02 3.234104812145233154e-02 2.650572732090950012e-02 2.080189064145088196e-02 2.798011153936386108e-02 3.221701085567474365e-02 3.258026018738746643e-02 2.386617101728916168e-02 3.119187057018280029e-02
3.086172344689378733e+00 2.748945541679859161e-02 1.225208025425672531e-02 3.138130158185958862e-02 2.579831518232822418e-02 3.125378862023353577e-02 2.521987818181514740e-02 1.990515924990177155e-02 2.666352689266204834e-02 3.093042783439159393e-02 3.138362988829612732e-02 2.288924716413021088e-02 3.008101508021354675e-02
3.106212424849699172e+00 2.644889056682586670e-02 1.199233252555131912e-02 3.024675883352756500e-02 2.480170875787734985e-02 3.026704490184783936e-02 2.406541630625724792e-02 1.912518776953220367e-02 2.547506801784038544e-02 2.975505217909812927e-02 3.029062040150165558e-02 2.202751487493515015e-02 2.907279133796691895e-02
3.126252505010020055e+00 2.551496028900146484e-02 1.172679197043180466e-02 2.921167761087417603e-02 2.391240745782852173e-02 2.937422506511211395e-02 2.303354069590568542e-02 1.844981871545314789e-02 2.440536580979824066e-02 2.868501842021942139e-02 2.929446287453174591e-02 2.126984670758247375e-02 2.816177718341350555e-02
3.146292585170340494e+00 2.467868663370609283e-02 1.145874895155429840e-02 2.827121689915657043e-02 2.312174811959266663e-02 2.856700681149959564e-02 2.211474068462848663e-02 1.786791533231735229e-02 2.344702370464801788e-02 2.771203406155109406e-02 2.839013189077377319e-02 2.060673385858535767e-02 2.733997441828250885e-02
3.166332665330661378e+00 2.393232844769954681e-02 1.119205355644226074e-02 2.741872891783714294e-02 2.241976000368595123e-02 2.783898264169692993e-02 2.129942178726196289e-02 1.736808940768241882e-02 2.259057573974132538e-02 2.683028578758239746e-02 2.756989933550357819e-02 2.002960257232189178e-02 2.660163864493370056e-02
3.186372745490981817e+00 2.326754108071327209e-02 1.092800404876470566e-02 2.664633095264434814e-02 2.179906331002712250e-02 2.718376927077770233e-02 2.057814784348011017e-02 1.694162562489509583e-02 2.182880602777004242e-02 2.603115327656269073e-02 2.682802639901638031e-02 1.952867768704891205e-02 2.593913301825523376e-02
3.206412825651302256e+00 2.267796173691749573e-02 1.066906657069921494e-02 2.594742923974990845e-02 2.125190198421478271e-02 2.659701369702816010e-02 1.994356140494346619e-02 1.657908223569393158e-02 2.115290053188800812e-02 2.530991844832897186e-02 2.615804038941860199e-02 1.909670419991016388e-02 2.534487098455429077e-02
3.226452905811623140e+00 2.215582877397537231e-02 1.041864696890115738e-02 2.531835809350013733e-02 2.077200077474117279e-02 2.607174590229988098e-02 1.938549987971782684e-02 1.627250388264656067e-02 2.055452577769756317e-02 2.466194517910480499e-02 2.555430494248867035e-02 1.872616633772850037e-02 2.481468394398689270e-02
3.246492985971943579e+00 2.169515937566757202e-02 1.017697155475616455e-02 2.475208975374698639e-02 2.035138569772243500e-02 2.560216560959815979e-02 1.889654062688350677e-02 1.601468585431575775e-02 2.002668194472789764e-02 2.407914586365222931e-02 2.501091547310352325e-02 1.840948872268199921e-02 2.434203214943408966e-02
3.266533066132264462e+00 2.128919027745723724e-02 9.945356287062168121e-03 2.424425445497035980e-02 1.998407207429409027e-02 2.518260665237903595e-02 1.846963912248611450e-02 1.579920016229152679e-02 1.956194639205932617e-02 2.355672419071197510e-02 2.452352084219455719e-02 1.814073696732521057e-02 2.392078749835491180e-02
3.286573146292584902e+00 2.093200944364070892e-02 9.725209325551986694e-03 2.378964796662330627e-02 1.966381631791591644e-02 2.480969578027725220e-02 1.809825003147125244e-02 1.562001649290323257e-02 1.915354654192924500e-02 2.308819815516471863e-02 2.408627420663833618e-02 1.791306957602500916e-02 2.354647964239120483e-02
3.306613226452905785e+00 2.061864919960498810e-02 9.517297148704528809e-03 2.338289096951484680e-02 1.938516646623611450e-02 2.447696030139923096e-02 1.777506992220878601e-02 1.547123119235038757e-02 1.879515126347541809e-02 2.266878448426723480e-02 2.369538135826587677e-02 1.772105135023593903e-02 2.321460470557212830e-02
3.326653306613226224e+00 2.034350484609603882e-02 9.320724755525588989e-03 2.301806770265102386e-02 1.914258487522602081e-02 2.418161928653717041e-02 1.749458722770214081e-02 1.534927636384963989e-02 1.848157495260238647e-02 2.229391597211360931e-02 2.334428951144218445e-02 1.755980774760246277e-02 2.292035892605781555e-02
3.346693386773547108e+00 2.010221965610980988e-02 9.134793654084205627e-03 2.269160374999046326e-02 1.893130876123905182e-02 2.391917444765567780e-02 1.725241355597972870e-02 1.525090541690587997e-02 1.820721291005611420e-02 2.195946313440799713e-02 2.302973531186580658e-02 1.742510311305522919e-02 2.265804633498191833e-02
3.366733466933867547e+00 1.989079639315605164e-02 8.960217237472534180e-03 2.239944040775299072e-02 1.874868012964725494e-02 2.368541061878204346e-02 1.704270765185356140e-02 1.517169363796710968e-02 1.796841248869895935e-02 2.166202478110790253e-02 2.274866960942745209e-02 1.731281541287899017e-02 2.242491953074932098e-02
3.386773547094188430e+00 1.970636844635009766e-02 8.796035312116146088e-03 2.213868126273155212e-02 1.859022118151187897e-02 2.347674965858459473e-02 1.686158776283264160e-02 1.510921306908130646e-02 1.775963976979255676e-02 2.139577083289623260e-02 2.249696105718612671e-02 1.721907034516334534e-02 2.221695892512798309e-02
3.406813627254508869e+00 1.954443193972110748e-02 8.641405031085014343e-03 2.190545201301574707e-02 1.845399662852287292e-02 2.329049073159694672e-02 1.670578494668006897e-02 1.506145112216472626e-02 1.757761090993881226e-02 2.115846984088420868e-02 2.227144874632358551e-02 1.714274473488330841e-02 2.203317545354366302e-02
3.426853707414829309e+00 1.940274238586425781e-02 8.496662601828575134e-03 2.169686555862426758e-02 1.833662018179893494e-02 2.312556095421314240e-02 1.657131873071193695e-02 1.502556167542934418e-02 1.741897687315940857e-02 2.094601653516292572e-02 2.206875383853912354e-02 1.708074286580085754e-02 2.186971716582775116e-02
3.446893787575150192e+00 1.927883550524711609e-02 8.361226879060268402e-03 2.151095308363437653e-02 1.823640614748001099e-02 2.297865599393844604e-02 1.645635068416595459e-02 1.499943621456623077e-02 1.728006824851036072e-02 2.075512148439884186e-02 2.188796550035476685e-02 1.703058741986751556e-02 2.172346040606498718e-02
3.466933867735470631e+00 1.917042769491672516e-02 8.232948370277881622e-03 2.134416624903678894e-02 1.815116032958030701e-02 2.284610271453857422e-02 1.635751500725746155e-02 1.498155202716588974e-02 1.715919747948646545e-02 2.058404870331287384e-02 2.172590419650077820e-02 1.699141599237918854e-02 2.159149199724197388e-02
3.486973947895791515e+00 1.907523907721042633e-02 8.110816590487957001e-03 2.119323424994945526e-02 1.807836070656776428e-02 2.272673882544040680e-02 1.627290807664394379e-02 1.497194357216358185e-02 1.705315150320529938e-02 2.043073438107967377e-02 2.157950960099697113e-02 1.696094498038291931e-02 2.147235348820686340e-02
3.507014028056111954e+00 1.899111084640026093e-02 7.995292544364929199e-03 2.105537243187427521e-02 1.801565103232860565e-02 2.261839248239994049e-02 1.620034687221050262e-02 1.496816985309123993e-02 1.695962436497211456e-02 2.029337733983993530e-02 2.144810929894447327e-02 1.693798042833805084e-02 2.136503159999847412e-02
3.527054108216432837e+00 1.891661435365676880e-02 7.885408587753772736e-03 2.093047462403774261e-02 1.796270348131656647e-02 2.251932211220264435e-02 1.613846421241760254e-02 1.496877055615186691e-02 1.687742955982685089e-02 2.016895823180675507e-02 2.132898196578025818e-02 1.692114584147930145e-02 2.126768976449966431e-02
3.547094188376753277e+00 1.885009929537773132e-02 7.779898587614297867e-03 2.081678807735443115e-02 1.791725680232048035e-02 2.242819406092166901e-02 1.608557254076004028e-02 1.497358363121747971e-02 1.680516451597213745e-02 2.005668357014656067e-02 2.121995389461517334e-02 1.690993271768093109e-02 2.117802761495113373e-02
3.567134268537074160e+00 1.879078149795532227e-02 7.677974645048379898e-03 2.071217074990272522e-02 1.787796430289745331e-02 2.234350331127643585e-02 1.603971049189567566e-02 1.498198322951793671e-02 1.674127578735351562e-02 1.995340548455715179e-02 2.111968584358692169e-02 1.690345443785190582e-02 2.109497785568237305e-02
3.587174348697394599e+00 1.873812079429626465e-02 7.579945027828216553e-03 2.061550691723823547e-02 1.784370467066764832e-02 2.226468361914157867e-02 1.600012369453907013e-02 1.499217562377452850e-02 1.668472029268741608e-02 1.985824294388294220e-02 2.102658152580261230e-02 1.690053008496761322e-02 2.101756073534488678e-02
3.607214428857715482e+00 1.869008690118789673e-02 7.484866306185722351e-03 2.052689716219902039e-02 1.781458221375942230e-02 2.219054847955703735e-02 1.596551947295665741e-02 1.500508096069097519e-02 1.663461513817310333e-02 1.977058313786983490e-02 2.094044163823127747e-02 1.690114103257656097e-02 2.094452455639839172e-02
3.627254509018035922e+00 1.864577084779739380e-02 7.393435109406709671e-03 2.044450305402278900e-02 1.778876036405563354e-02 2.212012186646461487e-02 1.593563705682754517e-02 1.501904055476188660e-02 1.658920943737030029e-02 1.968962140381336212e-02 2.086097002029418945e-02 1.690327934920787811e-02 2.087533473968505859e-02
3.647294589178356361e+00 1.860390044748783112e-02 7.303942460566759109e-03 2.036635391414165497e-02 1.776482537388801575e-02 2.205225639045238495e-02 1.591030508279800415e-02 1.503466721624135971e-02 1.654775813221931458e-02 1.961467228829860687e-02 2.078665979206562042e-02 1.690712571144104004e-02 2.080964110791683197e-02
3.667334669338677244e+00 1.856499910354614258e-02 7.215957157313823700e-03 2.029293775558471680e-02 1.774388924241065979e-02 2.198584191501140594e-02 1.588778756558895111e-02 1.505114138126373291e-02 1.650956645607948303e-02 1.954367384314537048e-02 2.071537077426910400e-02 1.691189967095851898e-02 2.074631303548812866e-02
3.687374749498997684e+00 1.852839440107345581e-02 7.129283621907234192e-03 2.022334747016429901e-02 1.772329770028591156e-02 2.192032709717750549e-02 1.586847566068172455e-02 1.506797689944505692e-02 1.647386327385902405e-02 1.947636343538761139e-02 2.064717747271060944e-02 1.691802591085433960e-02 2.068486250936985016e-02
3.707414829659318567e+00 1.849352009594440460e-02 7.043519057333469391e-03 2.015597745776176453e-02 1.770386286079883575e-02 2.185577712953090668e-02 1.585116796195507050e-02 1.508489996194839478e-02 1.644162461161613464e-02 1.941188797354698181e-02 2.058177441358566284e-02 1.692483201622962952e-02 2.062483504414558411e-02
3.727454909819639006e+00 1.845916733145713806e-02 6.958032026886940002e-03 2.009003795683383942e-02 1.768498867750167847e-02 2.179080247879028320e-02 1.583560742437839508e-02 1.510215084999799728e-02 1.641226559877395630e-02 1.935035549104213715e-02 2.051803842186927795e-02 1.693058758974075317e-02 2.056634239852428436e-02
3.747494989979959890e+00 1.842556893825531006e-02 6.871941499412059784e-03 2.002428472042083740e-02 1.766691729426383972e-02 2.172567136585712433e-02 1.582187972962856293e-02 1.511886902153491974e-02 1.638548076152801514e-02 1.929152943193912506e-02 2.045490033924579620e-02 1.693604886531829834e-02 2.050737664103507996e-02
3.767535070140280329e+00 1.839218288660049438e-02 6.785701494663953781e-03 1.995898038148880005e-02 1.764822192490100861e-02 2.165917679667472839e-02 1.580900326371192932e-02 1.513466984033584595e-02 1.636046357452869415e-02 1.923452503979206085e-02 2.039233781397342682e-02 1.694127917289733887e-02 2.044865116477012634e-02
3.787575150300601212e+00 1.835939101874828339e-02 6.699585821479558945e-03 1.989442668855190277e-02 1.762906275689601898e-02 2.159209921956062317e-02 1.579679548740386963e-02 1.514934562146663666e-02 1.633650623261928558e-02 1.917787268757820129e-02 2.032993547618389130e-02 1.694552972912788391e-02 2.038891613483428955e-02
3.807615230460921651e+00 1.832706667482852936e-02 6.613359786570072174e-03 1.982977613806724548e-02 1.760949939489364624e-02 2.152450382709503174e-02 1.578528434038162231e-02 1.516315434128046036e-02 1.631335169076919556e-02 1.912149228155612946e-02 2.026752755045890808e-02 1.694847084581851959e-02 2.032818086445331573e-02
3.827655310621242535e+00 1.829420961439609528e-02 6.526566576212644577e-03 1.976485550403594971e-02 1.758953742682933807e-02 2.145560085773468018e-02 1.577424071729183197e-02 1.517635490745306015e-02 1.629086211323738098e-02 1.906601898372173309e-02 2.020446769893169403e-02 1.694986782968044281e-02 2.026676759123802185e-02
3.847695390781562974e+00 1.826046779751777649e-02 6.438662298023700714e-03 1.970007270574569702e-02 1.756859198212623596e-02 2.138443291187286377e-02 1.576312631368637085e-02 1.518838945776224136e-02 1.626964844763278961e-02 1.901010237634181976e-02 2.014101482927799225e-02 1.695098169147968292e-02 2.020423486828804016e-02
3.867735470941883413e+00 1.822549290955066681e-02 6.350511685013771057e-03 1.963548175990581512e-02 1.754718460142612457e-02 2.131178975105285645e-02 1.575222797691822052e-02 1.519928127527236938e-02 1.624895073473453522e-02 1.895380206406116486e-02 2.007731609046459198e-02 1.695094816386699677e-02 2.014136128127574921e-02
3.887775551102204297e+00 1.818978786468505859e-02 6.261427421122789383e-03 1.957119815051555634e-02 1.752484031021595001e-02 2.123690024018287659e-02 1.574197597801685333e-02 1.520946994423866272e-02 1.622841507196426392e-02 1.889722794294357300e-02 2.001276053488254547e-02 1.694882474839687347e-02 2.007762715220451355e-02
3.907815631262524736e+00 1.815242134034633636e-02 6.170931737869977951e-03 1.950632967054843903e-02 1.750106550753116608e-02 2.115944400429725647e-02 1.573178172111511230e-02 1.521905325353145599e-02 1.620803959667682648e-02 1.883959583938121796e-02 1.994683220982551575e-02 1.694478653371334076e-02 2.001304738223552704e-02
3.927855711422845619e+00 1.811497099697589874e-02 6.079497281461954117e-03 1.944019831717014313e-02 1.747567951679229736e-02 2.107931487262248993e-02 1.572095789015293121e-02 1.522772666066884995e-02 1.618685759603977203e-02 1.878243684768676758e-02 1.987950690090656281e-02 1.693873852491378784e-02 1.994646899402141571e-02
3.947895791583166059e+00 1.807643845677375793e-02 5.985934752970933914e-03 1.937267743051052094e-02 1.744882389903068542e-02 2.099609002470970154e-02 1.571024395525455475e-02 1.523621007800102234e-02 1.616576313972473145e-02 1.872530393302440643e-02 1.981096900999546051e-02 1.693123765289783478e-02 1.987842656672000885e-02
3.967935871743486942e+00 1.803703233599662781e-02 5.890390370041131973e-03 1.930442079901695251e-02 1.741993986070156097e-02 2.091002464294433594e-02 1.569871790707111359e-02 1.524461898952722549e-02 1.614459604024887085e-02 1.866661943495273590e-02 1.974099501967430115e-02 1.692265644669532776e-02 1.980812475085258484e-02
3.987975951903807381e+00 1.799628697335720062e-02 5.793514661490917206e-03 1.923501305282115936e-02 1.739049330353736877e-02 2.082182094454765320e-02 1.568644680082798004e-02 1.525239832699298859e-02 1.612339727580547333e-02 1.860820874571800232e-02 1.966975815594196320e-02 1.691254787147045135e-02 1.973569951951503754e-02
4.008016032064127820e+00 1.795434765517711639e-02 5.695181433111429214e-03 1.916367560625076294e-02 1.735980808734893799e-02 2.073083445429801941e-02 1.567330770194530487e-02 1.525932177901268005e-02 1.610194891691207886e-02 1.854876428842544556e-02 1.959725469350814819e-02 1.690047793090343475e-02 1.966152526438236237e-02
4.028056112224448704e+00 1.791084371507167816e-02 5.595346447080373764e-03 1.909163221716880798e-02 1.732817478477954865e-02 2.063751220703125000e-02 1.565900258719921112e-02 1.526639237999916077e-02 1.608098298311233521e-02 1.848825626075267792e-02 1.952356286346912384e-02 1.688624173402786255e-02 1.958588883280754089e-02
4.048096192384769587e+00 1.786605641245841980e-02 5.495409481227397919e-03 1.901869103312492371e-02 1.729496382176876068e-02 2.054308541119098663e-02 1.564365439116954803e-02 1.527258474379777908e-02 1.605861261487007141e-02 1.842650771141052246e-02 1.944808103144168854e-02 1.686989143490791321e-02 1.950848661363124847e-02
4.068136272545089582e+00 1.782005466520786285e-02 5.394637119024991989e-03 1.894411817193031311e-02 1.726013980805873871e-02 2.044671215116977692e-02 1.562749594449996948e-02 1.527803763747215271e-02 1.603568159043788910e-02 1.836298406124114990e-02 1.937200315296649933e-02 1.685243658721446991e-02 1.942981407046318054e-02
4.088176352705410466e+00 1.777225732803344727e-02 5.293659400194883347e-03 1.886877231299877167e-02 1.722345873713493347e-02 2.034863829612731934e-02 1.561069302260875702e-02 1.528306119143962860e-02 1.601216942071914673e-02 1.829875260591506958e-02 1.929486542940139771e-02 1.683249510824680328e-02 1.935107633471488953e-02
4.108216432865731349e+00 1.772218197584152222e-02 5.192053969949483871e-03 1.879233308136463165e-02 1.718632131814956665e-02 2.024939283728599548e-02 1.559367589652538300e-02 1.528665516525506973e-02 1.598757319152355194e-02 1.823299005627632141e-02 1.921620406210422516e-02 1.681056804955005646e-02 1.927041262388229370e-02
4.128256513026052232e+00 1.767109148204326630e-02 5.090881604701280594e-03 1.871436089277267456e-02 1.714739017188549042e-02 2.014874853193759918e-02 1.557594258338212967e-02 1.528853643685579300e-02 1.596160605549812317e-02 1.816573739051818848e-02 1.913642138242721558e-02 1.678704470396041870e-02 1.918950863182544708e-02
4.148296593186372228e+00 1.761864125728607178e-02 4.990184679627418518e-03 1.863485574722290039e-02 1.710692420601844788e-02 2.004717849195003510e-02 1.555764023214578629e-02 1.528782676905393600e-02 1.593371666967868805e-02 1.809662021696567535e-02 1.905504055321216583e-02 1.676293835043907166e-02 1.910732500255107880e-02
4.168336673346693111e+00 1.756502687931060791e-02 4.889337811619043350e-03 1.855387911200523376e-02 1.706585846841335297e-02 1.994456723332405090e-02 1.553888898342847824e-02 1.528550498187541962e-02 1.590543799102306366e-02 1.802619360387325287e-02 1.897226460278034210e-02 1.673729345202445984e-02 1.902464963495731354e-02
4.188376753507013994e+00 1.751059852540493011e-02 4.788630176335573196e-03 1.847201958298683167e-02 1.702427305281162262e-02 1.984071172773838043e-02 1.551937963813543320e-02 1.528164185583591461e-02 1.587642543017864227e-02 1.795534789562225342e-02 1.888829655945301056e-02 1.671049371361732483e-02 1.894130371510982513e-02
4.208416833667334878e+00 1.745451986789703369e-02 4.686938598752021790e-03 1.838905364274978638e-02 1.698197610676288605e-02 1.973513141274452209e-02 1.549930218607187271e-02 1.527677010744810104e-02 1.584698259830474854e-02 1.788313873112201691e-02 1.880288124084472656e-02 1.668240875005722046e-02 1.885665394365787506e-02
4.228456913827654873e+00 1.739740930497646332e-02 4.585847258567810059e-03 1.830597035586833954e-02 1.693835668265819550e-02 1.962873525917530060e-02 1.547824777662754059e-02 1.527051348239183426e-02 1.581714861094951630e-02 1.781019009649753571e-02 1.871614344418048859e-02 1.665258221328258514e-02 1.877174712717533112e-02
4.248496993987975756e+00 1.733951643109321594e-02 4.484643694013357162e-03 1.822247914969921112e-02 1.689358986914157867e-02 1.952099800109863281e-02 1.545660383999347687e-02 1.526306197047233582e-02 1.578692533075809479e-02 1.773644238710403442e-02 1.862819679081439972e-02 1.662194728851318359e-02 1.868646964430809021e-02
4.268537074148296639e+00 1.728118769824504852e-02 4.383692052215337753e-03 1.813849061727523804e-02 1.684881187975406647e-02 1.941227540373802185e-02 1.543435920029878616e-02 1.525459345430135727e-02 1.575575210154056549e-02 1.766182668507099152e-02 1.853926852345466614e-02 1.659014262259006500e-02 1.860096119344234467e-02
4.288577154308616635e+00 1.722252555191516876e-02 4.282864276319742203e-03 1.805320195853710175e-02 1.680337451398372650e-02 1.930234581232070923e-02 1.541148032993078232e-02 1.524508837610483170e-02 1.572352275252342224e-02 1.758661121129989624e-02 1.844955235719680786e-02 1.655795238912105560e-02 1.851533539593219757e-02
4.308617234468937518e+00 1.716358587145805359e-02 4.182362928986549377e-03 1.796844601631164551e-02 1.675717718899250031e-02 1.919194310903549194e-02 1.538848225027322769e-02 1.523512974381446838e-02 1.569037511944770813e-02 1.751184649765491486e-02 1.835906505584716797e-02 1.652501523494720459e-02 1.842908933758735657e-02
4.328657314629258401e+00 1.710430718958377838e-02 4.083214793354272842e-03 1.788435690104961395e-02 1.671041175723075867e-02 1.908152177929878235e-02 1.536473073065280914e-02 1.522430498152971268e-02 1.565598882734775543e-02 1.743730157613754272e-02 1.826844736933708191e-02 1.649130694568157196e-02 1.834245398640632629e-02
4.348697394789579285e+00 1.704461686313152313e-02 3.984428942203521729e-03 1.779951713979244232e-02 1.666333526372909546e-02 1.897040568292140961e-02 1.534031517803668976e-02 1.521306019276380539e-02 1.562142837792634964e-02 1.736208051443099976e-02 1.817846857011318207e-02 1.645620912313461304e-02 1.825550012290477753e-02
4.368737474949899280e+00 1.698420383036136627e-02 3.885734593495726585e-03 1.771379075944423676e-02 1.661610789597034454e-02 1.885966025292873383e-02 1.531557645648717880e-02 1.520095765590667725e-02 1.558646932244300842e-02 1.728644035756587982e-02 1.808787882328033447e-02 1.642063446342945099e-02 1.816702261567115784e-02
4.388777555110220163e+00 1.692382618784904480e-02 3.787115681916475296e-03 1.762817054986953735e-02 1.656832173466682434e-02 1.874851435422897339e-02 1.529072131961584091e-02 1.518761366605758667e-02 1.555082295089960098e-02 1.721064746379852295e-02 1.799625158309936523e-02 1.638428866863250732e-02 1.807662658393383026e-02
4.408817635270541047e+00 1.686286553740501404e-02 3.688855562359094620e-03 1.754170469939708710e-02 1.652047038078308105e-02 1.863701641559600830e-02 1.526557095348834991e-02 1.517376210540533066e-02 1.551457028836011887e-02 1.713522523641586304e-02 1.790484599769115448e-02 1.634742133319377899e-02 1.798596419394016266e-02
4.428857715430861930e+00 1.680166646838188171e-02 3.590795444324612617e-03 1.745632663369178772e-02 1.647290401160717010e-02 1.852445863187313080e-02 1.524025574326515198e-02 1.515929959714412689e-02 1.547740399837493896e-02 1.705904677510261536e-02 1.781278103590011597e-02 1.630928739905357361e-02 1.789477840065956116e-02
4.448897795591181925e+00 1.673999987542629242e-02 3.492685733363032341e-03 1.736988872289657593e-02 1.642461866140365601e-02 1.841103844344615936e-02 1.521424390375614166e-02 1.514364778995513916e-02 1.543998345732688904e-02 1.698362268507480621e-02 1.771989464759826660e-02 1.626992598176002502e-02 1.780201494693756104e-02
4.468937875751502808e+00 1.667793467640876770e-02 3.394974162802100182e-03 1.728351227939128876e-02 1.637541688978672028e-02 1.829688809812068939e-02 1.518766954541206360e-02 1.512751635164022446e-02 1.540190726518630981e-02 1.690773107111454010e-02 1.762728765606880188e-02 1.622962765395641327e-02 1.770832575857639313e-02
4.488977955911823692e+00 1.661552488803863525e-02 3.297563176602125168e-03 1.719639077782630920e-02 1.632506400346755981e-02 1.818250678479671478e-02 1.516075432300567627e-02 1.511037815362215042e-02 1.536385994404554367e-02 1.683160290122032166e-02 1.753409393131732941e-02 1.618856377899646759e-02 1.761415600776672363e-02
4.509018036072143687e+00 1.655273139476776123e-02 3.200643928721547127e-03 1.710896566510200500e-02 1.627402752637863159e-02 1.806856319308280945e-02 1.513314153999090195e-02 1.509274914860725403e-02 1.532572321593761444e-02 1.675484143197536469e-02 1.744105108082294464e-02 1.614720001816749573e-02 1.751869358122348785e-02
4.529058116232464570e+00 1.648911647498607635e-02 3.104176605120301247e-03 1.702164858579635620e-02 1.622210629284381866e-02 1.795462146401405334e-02 1.510467380285263062e-02 1.507481373846530914e-02 1.528733596205711365e-02 1.667769066989421844e-02 1.734870858490467072e-02 1.610616967082023621e-02 1.742202416062355042e-02
4.549098196392785454e+00 1.642539538443088531e-02 3.008235711604356766e-03 1.693473570048809052e-02 1.616893522441387177e-02 1.784117333590984344e-02 1.507639978080987930e-02 1.505582779645919800e-02 1.524874847382307053e-02 1.660117879509925842e-02 1.725504733622074127e-02 1.606496609747409821e-02 1.732476055622100830e-02
4.569138276553106337e+00 1.636026799678802490e-02 2.913712523877620697e-03 1.684779115021228790e-02 1.611487194895744324e-02 1.772780343890190125e-02 1.504666171967983246e-02 1.503619644790887833e-02 1.520941220223903656e-02 1.652432978153228760e-02 1.716168597340583801e-02 1.602363400161266327e-02 1.722801104187965393e-02
4.589178356713426332e+00 1.629465445876121521e-02 2.820072462782263756e-03 1.676082983613014221e-02 1.605938002467155457e-02 1.761470362544059753e-02 1.501704379916191101e-02 1.501583773642778397e-02 1.516979001462459564e-02 1.644738577306270599e-02 1.706830225884914398e-02 1.598181761801242828e-02 1.713181473314762115e-02
4.609218436873747216e+00 1.622842997312545776e-02 2.727983752265572548e-03 1.667471230030059814e-02 1.600331254303455353e-02 1.750219613313674927e-02 1.498670596629381180e-02 1.499475259333848953e-02 1.512969192117452621e-02 1.637035980820655823e-02 1.697426475584506989e-02 1.593892462551593781e-02 1.703663356602191925e-02
4.629258517034068099e+00 1.616165786981582642e-02 2.638076664879918098e-03 1.658948510885238647e-02 1.594657078385353088e-02 1.739110052585601807e-02 1.495621725916862488e-02 1.497203670442104340e-02 1.508952677249908447e-02 1.629490964114665985e-02 1.688052527606487274e-02 1.589603349566459656e-02 1.694251224398612976e-02
4.649298597194388982e+00 1.609440706670284271e-02 2.550136996433138847e-03 1.650501601397991180e-02 1.588980294764041901e-02 1.728116348385810852e-02 1.492574438452720642e-02 1.494874246418476105e-02 1.504899654537439346e-02 1.622054725885391235e-02 1.678799837827682495e-02 1.585250161588191986e-02 1.684983819723129272e-02
4.669338677354708977e+00 1.602713577449321747e-02 2.464851364493370056e-03 1.642150245606899261e-02 1.583338715136051178e-02 1.717276312410831451e-02 1.489449013024568558e-02 1.492433901876211166e-02 1.500784326344728470e-02 1.614684239029884338e-02 1.669659093022346497e-02 1.580804027616977692e-02 1.675763912498950958e-02
4.689378757515029861e+00 1.595890149474143982e-02 2.381162252277135849e-03 1.633855141699314117e-02 1.577640324831008911e-02 1.706499420106410980e-02 1.486271526664495468e-02 1.489937491714954376e-02 1.496654655784368515e-02 1.607329770922660828e-02 1.660624891519546509e-02 1.576255261898040771e-02 1.666652224957942963e-02
4.709418837675350744e+00 1.589050889015197754e-02 2.298569306731224060e-03 1.625677011907100677e-02 1.571856811642646790e-02 1.695779711008071899e-02 1.483066380023956299e-02 1.487471349537372589e-02 1.492532063275575638e-02 1.600041612982749939e-02 1.651684567332267761e-02 1.571624912321567535e-02 1.657589152455329895e-02
4.729458917835670739e+00 1.582200080156326294e-02 2.217749133706092834e-03 1.617407426238059998e-02 1.566139049828052521e-02 1.685220561921596527e-02 1.479805912822484970e-02 1.484899129718542099e-02 1.488432846963405609e-02 1.592713780701160431e-02 1.642814464867115021e-02 1.566932722926139832e-02 1.648606918752193451e-02
4.749498997995991623e+00 1.575370319187641144e-02 2.139100804924964905e-03 1.609176769852638245e-02 1.560432091355323792e-02 1.674782298505306244e-02 1.476464606821537018e-02 1.482322067022323608e-02 1.484282780438661575e-02 1.585515402257442474e-02 1.634083688259124756e-02 1.562180556356906891e-02 1.639705710113048553e-02
4.769539078156312506e+00 1.568527705967426300e-02 2.061627805233001709e-03 1.601006276905536652e-02 1.554658729583024979e-02 1.664343290030956268e-02 1.473059225827455521e-02 1.479669287800788879e-02 1.480094529688358307e-02 1.578372158110141754e-02 1.625359617173671722e-02 1.557365711778402328e-02 1.630805991590023041e-02
4.789579158316633389e+00 1.561641693115234375e-02 1.985079841688275337e-03 1.592927798628807068e-02 1.548875775188207626e-02 1.653926633298397064e-02 1.469636335968971252e-02 1.477028522640466690e-02 1.475913170725107193e-02 1.571182534098625183e-02 1.616738364100456238e-02 1.552432123571634293e-02 1.621981151401996613e-02
4.809619238476953385e+00 1.554802712053060532e-02 1.909614773467183113e-03 1.584977097809314728e-02 1.543145067989826202e-02 1.643616706132888794e-02 1.466159243136644363e-02 1.474401541054248810e-02 1.471795141696929932e-02 1.563970372080802917e-02 1.608160138130187988e-02 1.547402143478393555e-02 1.613171771168708801e-02
4.829659318637274268e+00 1.547996792942285538e-02 1.836686511524021626e-03 1.577137596905231476e-02 1.537447050213813782e-02 1.633487828075885773e-02 1.462637912482023239e-02 1.471657212823629379e-02 1.467659883201122284e-02 1.556808967143297195e-02 1.599609665572643280e-02 1.542312465608119965e-02 1.604484207928180695e-02
4.849699398797595151e+00 1.541217043995857239e-02 1.765099121257662773e-03 1.569401100277900696e-02 1.531823538243770599e-02 1.623464748263359070e-02 1.459115091711282730e-02 1.468850858509540558e-02 1.463561784476041794e-02 1.549713127315044403e-02 1.591041870415210724e-02 1.537268050014972687e-02 1.595922559499740601e-02
4.869739478957916035e+00 1.534506957978010178e-02 1.695813494734466076e-03 1.561673451215028763e-02 1.526199281215667725e-02 1.613623462617397308e-02 1.455574203282594681e-02 1.465958077460527420e-02 1.459449622780084610e-02 1.542585156857967377e-02 1.582536846399307251e-02 1.532185915857553482e-02 1.587502844631671906e-02
4.889779559118236030e+00 1.527866441756486893e-02 1.628215773962438107e-03 1.554015371948480606e-02 1.520574185997247696e-02 1.603904925286769867e-02 1.452027540653944016e-02 1.463056262582540512e-02 1.455356273800134659e-02 1.535506639629602432e-02 1.574165560305118561e-02 1.527012884616851807e-02 1.579177938401699066e-02
4.909819639278556913e+00 1.521285343915224075e-02 1.563290716148912907e-03 1.546419784426689148e-02 1.514960918575525284e-02 1.594418287277221680e-02 1.448431704193353653e-02 1.460066344588994980e-02 1.451222226023674011e-02 1.528420392423868179e-02 1.565881073474884033e-02 1.521855592727661133e-02 1.570917107164859772e-02
4.929859719438877796e+00 1.514814887195825577e-02 1.499650767073035240e-03 1.538992114365100861e-02 1.509337499737739563e-02 1.584975607693195343e-02 1.444768346846103668e-02 1.457069907337427139e-02 1.447091717272996902e-02 1.521420013159513474e-02 1.557532325387001038e-02 1.516691967844963074e-02 1.562754064798355103e-02
4.949899799599197792e+00 1.508415024727582932e-02 1.437564380466938019e-03 1.531598158180713654e-02 1.503722835332155228e-02 1.575651206076145172e-02 1.441115234047174454e-02 1.454066578298807144e-02 1.442961953580379486e-02 1.514352392405271530e-02 1.549371331930160522e-02 1.511539984494447708e-02 1.554649136960506439e-02
4.969939879759518675e+00 1.502088457345962524e-02 1.376991393044590950e-03 1.524205878376960754e-02 1.498110406100749969e-02 1.566419191658496857e-02 1.437456347048282623e-02 1.451020315289497375e-02 1.438880525529384613e-02 1.507175434380769730e-02 1.541324891149997711e-02 1.506417524069547653e-02 1.546708866953849792e-02
4.989979959919839558e+00 1.495889853686094284e-02 1.318006194196641445e-03 1.516852900385856628e-02 1.492522284388542175e-02 1.557221263647079468e-02 1.433860044926404953e-02 1.447929069399833679e-02 1.434746198356151581e-02 1.500023808330297470e-02 1.533395890146493912e-02 1.501314248889684677e-02 1.538950111716985703e-02
5.010020040080160442e+00 1.489758491516113281e-02 1.260080374777317047e-03 1.509449817240238190e-02 1.486983802169561386e-02 1.548053231090307236e-02 1.430230122059583664e-02 1.444765180349349976e-02 1.430619973689317703e-02 1.492944732308387756e-02 1.525477319955825806e-02 1.496241055428981781e-02 1.531264185905456543e-02
5.030060120240480437e+00 1.483718119561672211e-02 1.203139196150004864e-03 1.502079889178276062e-02 1.481438614428043365e-02 1.538969017565250397e-02 1.426616590470075607e-02 1.441602502018213272e-02 1.426482107490301132e-02 1.485943794250488281e-02 1.517644058912992477e-02 1.491076871752738953e-02 1.523581519722938538e-02
5.050100200400801320e+00 1.477794256061315536e-02 1.147028873674571514e-03 1.494675502181053162e-02 1.475894358009099960e-02 1.529956515878438950e-02 1.422966551035642624e-02 1.438479498028755188e-02 1.422293577343225479e-02 1.479034870862960815e-02 1.509877759963274002e-02 1.485850382596254349e-02 1.515817735344171524e-02
5.070140280561122204e+00 1.471978239715099335e-02 1.092086080461740494e-03 1.487243641167879105e-02 1.470383629202842712e-02 1.521015446633100510e-02 1.419367361813783646e-02 1.435269974172115326e-02 1.418101601302623749e-02 1.472243107855319977e-02 1.502151042222976685e-02 1.480568945407867432e-02 1.508142240345478058e-02
5.090180360721443087e+00 1.466175261884927750e-02 1.038074959069490433e-03 1.479881536215543747e-02 1.464814040809869766e-02 1.512176264077425003e-02 1.415787916630506516e-02 1.432102266699075699e-02 1.413928996771574020e-02 1.465441193431615829e-02 1.494490262120962143e-02 1.475330628454685211e-02 1.500470470637083054e-02
5.110220440881763082e+00 1.460389140993356705e-02 9.856311371549963951e-04 1.472430583089590073e-02 1.459284406155347824e-02 1.503372099250555038e-02 1.412125863134860992e-02 1.428880449384450912e-02 1.409789640456438065e-02 1.458763610571622849e-02 1.486869156360626221e-02 1.470043323934078217e-02 1.492960844188928604e-02
5.130260521042083965e+00 1.454594638198614120e-02 9.353177738375961781e-04 1.465061027556657791e-02 1.453763525933027267e-02 1.494683884084224701e-02 1.408399734646081924e-02 1.425652485340833664e-02 1.405614428222179413e-02 1.452252548187971115e-02 1.479345932602882385e-02 1.464753039181232452e-02 1.485519669950008392e-02
5.150300601202404849e+00 1.448838971555233002e-02 8.865967974998056889e-04 1.457796245813369751e-02 1.448205392807722092e-02 1.486137788742780685e-02 1.404624246060848236e-02 1.422397978603839874e-02 1.401511766016483307e-02 1.445859018713235855e-02 1.471946947276592255e-02 1.459461823105812073e-02 1.478076260536909103e-02
5.170340681362724844e+00 1.443133968859910965e-02 8.399602374993264675e-04 1.450690627098083496e-02 1.442621648311614990e-02 1.477607432752847672e-02 1.400851644575595856e-02 1.419095229357481003e-02 1.397376134991645813e-02 1.439558528363704681e-02 1.464643515646457672e-02 1.454253215342760086e-02 1.470795646309852600e-02
5.190380761523045727e+00 1.437468361109495163e-02 7.942299125716090202e-04 1.443651970475912094e-02 1.437105145305395126e-02 1.469187624752521515e-02 1.397078391164541245e-02 1.415821444243192673e-02 1.393301971256732941e-02 1.433412823826074600e-02 1.457351446151733398e-02 1.449090708047151566e-02 1.463520247489213943e-02
5.210420841683366611e+00 1.431834418326616287e-02 7.498526829294860363e-04 1.436650101095438004e-02 1.431683264672756195e-02 1.460945885628461838e-02 1.393318455666303635e-02 1.412597857415676117e-02 1.389328576624393463e-02 1.427428890019655228e-02 1.450108457356691360e-02 1.444012857973575592e-02 1.456358563154935837e-02
5.230460921843687494e+00 1.426268182694911957e-02 7.075368775986135006e-04 1.429614797234535217e-02 1.426290441304445267e-02 1.452861074358224869e-02 1.389587111771106720e-02 1.409394480288028717e-02 1.385333016514778137e-02 1.421579346060752869e-02 1.442988030612468719e-02 1.439019571989774704e-02 1.449239626526832581e-02
5.250501002004007489e+00 1.420751772820949554e-02 6.668119458481669426e-04 1.422695536166429520e-02 1.420954894274473190e-02 1.444978453218936920e-02 1.385909132659435272e-02 1.406195480376482010e-02 1.381427235901355743e-02 1.415665913373231888e-02 1.435922365635633469e-02 1.434026006609201431e-02 1.442199572920799255e-02
5.270541082164328373e+00 1.415202114731073380e-02 6.280164816416800022e-04 1.415932644158601761e-02 1.415594853460788727e-02 1.437256857752799988e-02 1.382301002740859985e-02 1.402892824262380600e-02 1.377498731017112732e-02 1.409777067601680756e-02 1.428879704326391220e-02 1.429131440818309784e-02 1.435171347111463547e-02
5.290581162324649256e+00 1.409650128334760666e-02 5.915864021517336369e-04 1.409257482737302780e-02 1.410333719104528427e-02 1.429667603224515915e-02 1.378662791103124619e-02 1.399537548422813416e-02 1.373588666319847107e-02 1.403891015797853470e-02 1.421895623207092285e-02 1.424218807369470596e-02 1.428282447159290314e-02
5.310621242484970139e+00 1.404129713773727417e-02 5.575792747549712658e-04 1.402611099183559418e-02 1.405124645680189133e-02 1.422183681279420853e-02 1.375017873942852020e-02 1.396148744970560074e-02 1.369733363389968872e-02 1.398001052439212799e-02 1.415049936622381210e-02 1.419351808726787567e-02 1.421539671719074249e-02
5.330661322645290134e+00 1.398663129657506943e-02 5.259678000584244728e-04 1.396073959767818451e-02 1.400008704513311386e-02 1.414743252098560333e-02 1.371405366808176041e-02 1.392792817205190659e-02 1.365798804908990860e-02 1.392209343612194061e-02 1.408391725271940231e-02 1.414512097835540771e-02 1.414784044027328491e-02
5.350701402805611018e+00 1.393248513340950012e-02 4.972471506334841251e-04 1.389549113810062408e-02 1.394916791468858719e-02 1.407404523342847824e-02 1.367784198373556137e-02 1.389404945075511932e-02 1.361903361976146698e-02 1.386354677379131317e-02 1.401804480701684952e-02 1.409743446856737137e-02 1.408151723444461823e-02
5.370741482965931901e+00 1.387906167656183243e-02 4.706377221737056971e-04 1.383165270090103149e-02 1.389952562749385834e-02 1.400128006935119629e-02 1.364195067435503006e-02 1.386051531881093979e-02 1.358038745820522308e-02 1.380577683448791504e-02 1.395289134234189987e-02 1.404953654855489731e-02 1.401575468480587006e-02
5.390781563126251896e+00 1.382617186754941940e-02 4.470269777812063694e-04 1.376896444708108902e-02 1.385043095797300339e-02 1.392910815775394440e-02 1.360626146197319031e-02 1.382596790790557861e-02 1.354095526039600372e-02 1.374897547066211700e-02 1.388807222247123718e-02 1.400197017937898636e-02 1.395015325397253036e-02
5.410821643286572780e+00 1.377360336482524872e-02 4.261065332684665918e-04 1.370631624013185501e-02 1.380179077386856079e-02 1.385724078863859177e-02 1.357003021985292435e-02 1.379227638244628906e-02 1.350242644548416138e-02 1.369222346693277359e-02 1.382336951792240143e-02 1.395422220230102539e-02 1.388568896800279617e-02
5.430861723446893663e+00 1.372138131409883499e-02 4.090747097507119179e-04 1.364450901746749878e-02 1.375325489789247513e-02 1.378607284277677536e-02 1.353375148028135300e-02 1.375888101756572723e-02 1.346354559063911438e-02 1.363653782755136490e-02 1.376042515039443970e-02 1.390702277421951294e-02 1.382282655686140060e-02
5.450901803607214546e+00 1.366927381604909897e-02 3.959402965847402811e-04 1.358440890908241272e-02 1.370512880384922028e-02 1.371524389833211899e-02 1.349663920700550079e-02 1.372577715665102005e-02 1.342496555298566818e-02 1.358105801045894623e-02 1.369777414947748184e-02 1.386122405529022217e-02 1.376071199774742126e-02
5.470941883767534542e+00 1.361721474677324295e-02 3.861924924422055483e-04 1.352416723966598511e-02 1.365653332322835922e-02 1.364479307085275650e-02 1.345982309430837631e-02 1.369226165115833282e-02 1.338622532784938812e-02 1.352543011307716370e-02 1.363623328506946564e-02 1.381513476371765137e-02 1.369943656027317047e-02
5.490981963927855425e+00 1.356568001210689545e-02 3.802731807809323072e-04 1.346486713737249374e-02 1.360708568245172501e-02 1.357454806566238403e-02 1.342282164841890335e-02 1.365792471915483475e-02 1.334738265722990036e-02 1.347000245004892349e-02 1.357429660856723785e-02 1.376984454691410065e-02 1.363955996930599213e-02
5.511022044088176308e+00 1.351409405469894409e-02 3.781704290304332972e-04 1.340626459568738937e-02 1.355854235589504242e-02 1.350538618862628937e-02 1.338551472872495651e-02 1.362362783402204514e-02 1.330839935690164566e-02 1.341492123901844025e-02 1.351230125874280930e-02 1.372532639652490616e-02 1.357984077185392380e-02
5.531062124248497192e+00 1.346292812377214432e-02 3.789102775044739246e-04 1.334847602993249893e-02 1.351007446646690369e-02 1.343768835067749023e-02 1.334789581596851349e-02 1.358962804079055786e-02 1.327020768076181412e-02 1.336142607033252716e-02 1.345126423984766006e-02 1.368117146193981171e-02 1.352129131555557251e-02
5.551102204408817187e+00 1.341239828616380692e-02 3.827453474514186382e-04 1.329043135046958923e-02 1.346253883093595505e-02 1.337077002972364426e-02 1.330949831753969193e-02 1.355604454874992371e-02 1.323276571929454803e-02 1.330909971147775650e-02 1.339000463485717773e-02 1.363708637654781342e-02 1.346257142722606659e-02
5.571142284569138070e+00 1.336287427693605423e-02 3.890228690579533577e-04 1.323389913886785507e-02 1.341507304459810257e-02 1.330537535250186920e-02 1.327121909707784653e-02 1.352245081216096878e-02 1.319496426731348038e-02 1.325700245797634125e-02 1.332921255379915237e-02 1.359263248741626740e-02 1.340514421463012695e-02
5.591182364729458953e+00 1.331366412341594696e-02 3.974057326558977365e-04 1.317801140248775482e-02 1.336798351258039474e-02 1.324098557233810425e-02 1.323339249938726425e-02 1.348905824124813080e-02 1.315742172300815582e-02 1.320507004857063293e-02 1.326857972890138626e-02 1.354801096022129059e-02 1.334903854876756668e-02
5.611222444889778949e+00 1.326500531286001205e-02 4.074917815160006285e-04 1.312224566936492920e-02 1.332197710871696472e-02 1.317815296351909637e-02 1.319598313421010971e-02 1.345531083643436432e-02 1.312052924185991287e-02 1.315354928374290466e-02 1.320873480290174484e-02 1.350362598896026611e-02 1.329382602125406265e-02
5.631262525050099832e+00 1.321792975068092346e-02 4.192692867945879698e-04 1.306754909455776215e-02 1.327748410403728485e-02 1.311684399843215942e-02 1.315929740667343140e-02 1.342224422842264175e-02 1.308365631848573685e-02 1.310283970087766647e-02 1.315046008676290512e-02 1.345933228731155396e-02 1.323972549289464951e-02
5.651302605210420715e+00 1.317194569855928421e-02 4.330693918745964766e-04 1.301411166787147522e-02 1.323312986642122269e-02 1.305585354566574097e-02 1.312269829213619232e-02 1.338973175734281540e-02 1.304732821881771088e-02 1.305367797613143921e-02 1.309328339993953705e-02 1.341696735471487045e-02 1.318595465272665024e-02
5.671342685370741599e+00 1.312618888914585114e-02 4.470312560442835093e-04 1.296193338930606842e-02 1.318948436528444290e-02 1.299722306430339813e-02 1.308668218553066254e-02 1.335703395307064056e-02 1.301126368343830109e-02 1.300473697483539581e-02 1.303621567785739899e-02 1.337449438869953156e-02 1.313391234725713730e-02
5.691382765531061594e+00 1.308055687695741653e-02 4.615957150235772133e-04 1.291094813495874405e-02 1.314567029476165771e-02 1.293969713151454926e-02 1.305070891976356506e-02 1.332381647080183029e-02 1.297494396567344666e-02 1.295572984963655472e-02 1.297996006906032562e-02 1.333299931138753891e-02 1.308113988488912582e-02
5.711422845691382477e+00 1.303528808057308197e-02 4.773166729137301445e-04 1.286025904119014740e-02 1.310249138623476028e-02 1.288344897329807281e-02 1.301554031670093536e-02 1.329097989946603775e-02 1.293940842151641846e-02 1.290671899914741516e-02 1.292401924729347229e-02 1.329252310097217560e-02 1.302900910377502441e-02
5.731462925851703361e+00 1.299032755196094513e-02 4.930459544993937016e-04 1.281056273728609085e-02 1.305943075567483902e-02 1.282794307917356491e-02 1.298050954937934875e-02 1.325785648077726364e-02 1.290402375161647797e-02 1.285773981362581253e-02 1.286981441080570221e-02 1.325242593884468079e-02 1.297593489289283752e-02
5.751503006012024244e+00 1.294529438018798828e-02 5.088741891086101532e-04 1.276089902967214584e-02 1.301523391157388687e-02 1.277287397533655167e-02 1.294598728418350220e-02 1.322492025792598724e-02 1.286801602691411972e-02 1.280959136784076691e-02 1.281694881618022919e-02 1.321230269968509674e-02 1.292281132191419601e-02
5.771543086172344239e+00 1.289993431419134140e-02 5.242594634182751179e-04 1.271252520382404327e-02 1.296996045857667923e-02 1.271839160472154617e-02 1.291229296475648880e-02 1.319135911762714386e-02 1.283314730972051620e-02 1.276074349880218506e-02 1.276425458490848541e-02 1.317234989255666733e-02 1.287026610225439072e-02
5.791583166332665122e+00 1.285450067371129990e-02 5.398863577283918858e-04 1.266363542526960373e-02 1.292392611503601074e-02 1.266471482813358307e-02 1.287866383790969849e-02 1.315793860703706741e-02 1.279850583523511887e-02 1.271333079785108566e-02 1.271261926740407944e-02 1.313301827758550644e-02 1.281751226633787155e-02
5.811623246492986006e+00 1.280947588384151459e-02 5.559918936342000961e-04 1.261483691632747650e-02 1.287844404578208923e-02 1.261079125106334686e-02 1.284451782703399658e-02 1.312455255538225174e-02 1.276376564055681229e-02 1.266569364815950394e-02 1.266102492809295654e-02 1.309301052242517471e-02 1.276547089219093323e-02
5.831663326653306001e+00 1.276452001184225082e-02 5.714924191124737263e-04 1.256690453737974167e-02 1.283316593617200851e-02 1.255729887634515762e-02 1.281080394983291626e-02 1.309121958911418915e-02 1.272865757346153259e-02 1.261887233704328537e-02 1.261037867516279221e-02 1.305224187672138214e-02 1.271317992359399796e-02
5.851703406813626884e+00 1.271949335932731628e-02 5.874686758033931255e-04 1.252011489123106003e-02 1.278780773282051086e-02 1.250358950346708298e-02 1.277706865221261978e-02 1.305833086371421814e-02 1.269306987524032593e-02 1.257264614105224609e-02 1.256023254245519638e-02 1.301215030252933502e-02 1.266137417405843735e-02
5.871743486973947768e+00 1.267470885068178177e-02 6.039477884769439697e-04 1.247323118150234222e-02 1.274253614246845245e-02 1.245002448558807373e-02 1.274282671511173248e-02 1.302546542137861252e-02 1.265719067305326462e-02 1.252652332186698914e-02 1.251054368913173676e-02 1.297251693904399872e-02 1.260966155678033829e-02
5.891783567134268651e+00 1.263018418103456497e-02 6.196969770826399326e-04 1.242677588015794754e-02 1.269892230629920959e-02 1.239760778844356537e-02 1.270805951207876205e-02 1.299253106117248535e-02 1.262126956135034561e-02 1.248107291758060455e-02 1.246090140193700790e-02 1.293223630636930466e-02 1.255921460688114166e-02
5.911823647294588646e+00 1.258608791977167130e-02 6.348219467326998711e-04 1.238123886287212372e-02 1.265556551516056061e-02 1.234591379761695862e-02 1.267350185662508011e-02 1.295926887542009354e-02 1.258517615497112274e-02 1.243678480386734009e-02 1.241226308047771454e-02 1.289260853081941605e-02 1.250885333865880966e-02
5.931863727454909530e+00 1.254360098391771317e-02 6.506752106361091137e-04 1.233696006238460541e-02 1.261328253895044327e-02 1.229400839656591415e-02 1.263953559100627899e-02 1.292657200247049332e-02 1.254924386739730835e-02 1.239355932921171188e-02 1.236386038362979889e-02 1.285375747829675674e-02 1.245725341141223907e-02
5.951903807615230413e+00 1.250228099524974823e-02 6.665489054284989834e-04 1.229290850460529327e-02 1.257237885147333145e-02 1.224275585263967514e-02 1.260509714484214783e-02 1.289431191980838776e-02 1.251439098268747330e-02 1.235178392380475998e-02 1.231588888913393021e-02 1.281554624438285828e-02 1.240667048841714859e-02
5.971943887775551296e+00 1.246137544512748718e-02 6.827623583376407623e-04 1.224838569760322571e-02 1.253137551248073578e-02 1.219141390174627304e-02 1.257108524441719055e-02 1.286221295595169067e-02 1.247943285852670670e-02 1.230945903807878494e-02 1.226965524256229401e-02 1.277821417897939682e-02 1.235793624073266983e-02
5.991983967935871291e+00 1.242100540548563004e-02 6.983370403759181499e-04 1.220577023923397064e-02 1.249020826071500778e-02 1.214022375643253326e-02 1.253712549805641174e-02 1.282928138971328735e-02 1.244549266993999481e-02 1.226680632680654526e-02 1.222345046699047089e-02 1.274113729596138000e-02 1.230859570205211639e-02
6.012024048096192175e+00 1.238130964338779449e-02 7.131507154554128647e-04 1.216379739344120026e-02 1.244929805397987366e-02 1.209006365388631821e-02 1.250380184501409531e-02 1.279694214463233948e-02 1.241184584796428680e-02 1.222449913620948792e-02 1.217842753976583481e-02 1.270387507975101471e-02 1.226148195564746857e-02
6.032064128256513058e+00 1.234225183725357056e-02 7.280878489837050438e-04 1.212111487984657288e-02 1.240964606404304504e-02 1.204068772494792938e-02 1.247032359242439270e-02 1.276470348238945007e-02 1.237855199724435806e-02 1.218197681009769440e-02 1.213376596570014954e-02 1.266684569418430328e-02 1.221541035920381546e-02
6.052104208416833053e+00 1.230341102927923203e-02 7.418544846586883068e-04 1.207913924008607864e-02 1.237021293491125107e-02 1.199238281697034836e-02 1.243769843131303787e-02 1.273119635879993439e-02 1.234544534236192703e-02 1.213907916098833084e-02 1.208958774805068970e-02 1.263034623116254807e-02 1.217097323387861252e-02
6.072144288577153937e+00 1.226517278701066971e-02 7.561339298263192177e-04 1.203647069633007050e-02 1.233187317848205566e-02 1.194428186863660812e-02 1.240580156445503235e-02 1.269733440130949020e-02 1.231221761554479599e-02 1.209655124694108963e-02 1.204535085707902908e-02 1.259460765868425369e-02 1.212688256055116653e-02
6.092184368737474820e+00 1.222752779722213745e-02 7.690674974583089352e-04 1.199430972337722778e-02 1.229281350970268250e-02 1.189663819968700409e-02 1.237497944384813309e-02 1.266313623636960983e-02 1.227953936904668808e-02 1.205347292125225067e-02 1.200172491371631622e-02 1.255716104060411453e-02 1.208481378853321075e-02
6.112224448897795703e+00 1.219003461301326752e-02 7.812526309862732887e-04 1.195196714252233505e-02 1.225462090224027634e-02 1.184935308992862701e-02 1.234460901468992233e-02 1.262877695262432098e-02 1.224696915596723557e-02 1.201095245778560638e-02 1.195818278938531876e-02 1.251867879182100296e-02 1.204441487789154053e-02
6.132264529058115698e+00 1.215192954987287521e-02 7.923923549242317677e-04 1.191037800163030624e-02 1.221722457557916641e-02 1.180296856909990311e-02 1.231440063565969467e-02 1.259461324661970139e-02 1.221537776291370392e-02 1.196984108537435532e-02 1.191565673798322678e-02 1.248003076761960983e-02 1.200449559837579727e-02
6.152304609218436582e+00 1.211301609873771667e-02 8.027771837078034878e-04 1.186865475028753281e-02 1.218090951442718506e-02 1.175727788358926773e-02 1.228448655456304550e-02 1.256041601300239563e-02 1.218292489647865295e-02 1.192849036306142807e-02 1.187370717525482178e-02 1.244036480784416199e-02 1.196489669382572174e-02
6.172344689378757465e+00 1.207338646054267883e-02 8.121214923448860645e-04 1.182706374675035477e-02 1.214511133730411530e-02 1.171206496655941010e-02 1.225452404469251633e-02 1.252571679651737213e-02 1.215018425136804581e-02 1.188743859529495239e-02 1.183302327990531921e-02 1.240022294223308563e-02 1.192504260689020157e-02
6.192384769539078349e+00 1.203346904367208481e-02 8.224140619859099388e-04 1.178527809679508209e-02 1.211000792682170868e-02 1.166748069226741791e-02 1.222481671720743179e-02 1.249227300286293030e-02 1.211743336170911789e-02 1.184643618762493134e-02 1.179186068475246429e-02 1.236017514020204544e-02 1.188494917005300522e-02
6.212424849699398344e+00 1.199316140264272690e-02 8.324771188199520111e-04 1.174373272806406021e-02 1.207509357482194901e-02 1.162333693355321884e-02 1.219570450484752655e-02 1.245850138366222382e-02 1.208462473005056381e-02 1.180616952478885651e-02 1.175071951001882553e-02 1.231998018920421600e-02 1.184408366680145264e-02
6.232464929859719227e+00 1.195356436073780060e-02 8.425970445387065411e-04 1.170316059142351151e-02 1.204074546694755554e-02 1.157972216606140137e-02 1.216594874858856201e-02 1.242582779377698898e-02 1.205277442932128906e-02 1.176634989678859711e-02 1.171022560447454453e-02 1.227987185120582581e-02 1.180319860577583313e-02
6.252505010020040110e+00 1.191430725157260895e-02 8.530197083018720150e-04 1.166226528584957123e-02 1.200687512755393982e-02 1.153651997447013855e-02 1.213567424565553665e-02 1.239387039095163345e-02 1.202100887894630432e-02 1.172747556120157242e-02 1.166989281773567200e-02 1.224002335220575333e-02 1.176206115633249283e-02
6.272545090180360106e+00 1.187538634985685349e-02 8.641778258606791496e-04 1.162171084433794022e-02 1.197296380996704102e-02 1.149368099868297577e-02 1.210560183972120285e-02 1.236258260905742645e-02 1.198874041438102722e-02 1.168965548276901245e-02 1.162958797067403793e-02 1.220189593732357025e-02 1.172047201544046402e-02
6.292585170340680989e+00 1.183704659342765808e-02 8.751712157391011715e-04 1.158129051327705383e-02 1.193864457309246063e-02 1.145113538950681686e-02 1.207583583891391754e-02 1.233149506151676178e-02 1.195586100220680237e-02 1.165283191949129105e-02 1.158970035612583160e-02 1.216408703476190567e-02 1.167858019471168518e-02
6.312625250501001872e+00 1.179994922131299973e-02 8.861912065185606480e-04 1.154045294970273972e-02 1.190445665270090103e-02 1.140919607132673264e-02 1.204513479024171829e-02 1.230081077665090561e-02 1.192264072597026825e-02 1.161611545830965042e-02 1.154999434947967529e-02 1.212700456380844116e-02 1.163657382130622864e-02
6.332665330661322756e+00 1.176344696432352066e-02 8.969774935394525528e-04 1.149898581206798553e-02 1.186912227421998978e-02 1.136788167059421539e-02 1.201475318521261215e-02 1.226909086108207703e-02 1.188941672444343567e-02 1.157877314835786819e-02 1.150976680219173431e-02 1.209068018943071365e-02 1.159503217786550522e-02
6.352705410821642751e+00 1.172799244523048401e-02 9.082028991542756557e-04 1.145739667117595673e-02 1.183387078344821930e-02 1.132692303508520126e-02 1.198452617973089218e-02 1.223778445273637772e-02 1.185660529881715775e-02 1.154202781617641449e-02 1.147012691944837570e-02 1.205590087920427322e-02 1.155376154929399490e-02
6.372745490981963634e+00 1.169368345290422440e-02 9.183216025121510029e-04 1.141656097024679184e-02 1.179793477058410645e-02 1.128748897463083267e-02 1.195427402853965759e-02 1.220614649355411530e-02 1.182299386709928513e-02 1.150541845709085464e-02 1.143115013837814331e-02 1.202209014445543289e-02 1.151235494762659073e-02
6.392785571142284518e+00 1.165932603180408478e-02 9.281469392590224743e-04 1.137630920857191086e-02 1.176232378929853439e-02 1.124867424368858337e-02 1.192339882254600525e-02 1.217444613575935364e-02 1.179031189531087875e-02 1.146941911429166794e-02 1.139203831553459167e-02 1.198913343250751495e-02 1.147138886153697968e-02
6.412825651302604513e+00 1.162529923021793365e-02 9.373330394737422466e-04 1.133684068918228149e-02 1.172638498246669769e-02 1.121016032993793488e-02 1.189275272190570831e-02 1.214304566383361816e-02 1.175778545439243317e-02 1.143348775804042816e-02 1.135351136326789856e-02 1.195579301565885544e-02 1.143150776624679565e-02
6.432865731462925396e+00 1.159207336604595184e-02 9.459049324505031109e-04 1.129822526127099991e-02 1.169032510370016098e-02 1.117196865379810333e-02 1.186233293265104294e-02 1.211243681609630585e-02 1.172536890953779221e-02 1.139838155359029770e-02 1.131614204496145248e-02 1.192265748977661133e-02 1.139329094439744949e-02
6.452905811623246279e+00 1.155903749167919159e-02 9.549777023494243622e-04 1.125960797071456909e-02 1.165491901338100433e-02 1.113428827375173569e-02 1.183190755546092987e-02 1.208211574703454971e-02 1.169276889413595200e-02 1.136281248182058334e-02 1.127875782549381256e-02 1.189077459275722504e-02 1.135536283254623413e-02
6.472945891783567163e+00 1.152584422379732132e-02 9.633766021579504013e-04 1.122167054563760757e-02 1.162094157189130783e-02 1.109678577631711960e-02 1.180047262459993362e-02 1.205301471054553986e-02 1.166061870753765106e-02 1.132828090339899063e-02 1.124221645295619965e-02 1.185824070125818253e-02 1.131886336952447891e-02
6.492985971943887158e+00 1.149232964962720871e-02 9.713313193060457706e-04 1.118461228907108307e-02 1.158776599913835526e-02 1.106021460145711899e-02 1.176912803202867508e-02 1.202475372701883316e-02 1.162868458777666092e-02 1.129587460309267044e-02 1.120570674538612366e-02 1.182679366320371628e-02 1.128363143652677536e-02
6.513026052104208041e+00 1.145878806710243225e-02 9.781853295862674713e-04 1.114764157682657242e-02 1.155374571681022644e-02 1.102445088326931000e-02 1.173831056803464890e-02 1.199635118246078491e-02 1.159729622304439545e-02 1.126482989639043808e-02 1.117041613906621933e-02 1.179560739547014236e-02 1.124957669526338577e-02
6.533066132264528925e+00 1.142537500709295273e-02 9.854326490312814713e-04 1.111130323261022568e-02 1.151947397738695145e-02 1.098789460957050323e-02 1.170738320797681808e-02 1.196914445608854294e-02 1.156586781144142151e-02 1.123468019068241119e-02 1.113502774387598038e-02 1.176420599222183228e-02 1.121629588305950165e-02
6.553106212424849808e+00 1.139221712946891785e-02 9.931466775014996529e-04 1.107571460306644440e-02 1.148648932576179504e-02 1.095137558877468109e-02 1.167715247720479965e-02 1.194236334413290024e-02 1.153567805886268616e-02 1.120463758707046509e-02 1.109992060810327530e-02 1.173299737274646759e-02 1.118309982120990753e-02
6.573146292585169803e+00 1.135944109410047531e-02 1.000919379293918610e-03 1.104121375828981400e-02 1.145345903933048248e-02 1.091436576098203659e-02 1.164721604436635971e-02 1.191604603081941605e-02 1.150571927428245544e-02 1.117414142936468124e-02 1.106528285890817642e-02 1.170124113559722900e-02 1.114983670413494110e-02
6.593186372745490686e+00 1.132624223828315735e-02 1.009529456496238708e-03 1.100840698927640915e-02 1.142170466482639313e-02 1.087784208357334137e-02 1.161834597587585449e-02 1.189072988927364349e-02 1.147577259689569473e-02 1.114381570369005203e-02 1.103010866791009903e-02 1.167082879692316055e-02 1.111659407615661621e-02
6.613226452905811570e+00 1.129293534904718399e-02 1.017625909298658371e-03 1.097709685564041138e-02 1.139054819941520691e-02 1.084231957793235779e-02 1.159017812460660934e-02 1.186539977788925171e-02 1.144608203321695328e-02 1.111239194869995117e-02 1.099513471126556396e-02 1.164039876312017441e-02 1.108373142778873444e-02
6.633266533066131565e+00 1.126030739396810532e-02 1.025288715027272701e-03 1.094611641019582748e-02 1.135975681245326996e-02 1.080782059580087662e-02 1.156207919120788574e-02 1.184032857418060303e-02 1.141658797860145569e-02 1.108040008693933487e-02 1.096102409064769745e-02 1.161069143563508987e-02 1.105209439992904663e-02
6.653306613226452448e+00 1.122816372662782669e-02 1.033334992825984955e-03 1.091537065804004669e-02 1.132969278842210770e-02 1.077258028090000153e-02 1.153473090380430222e-02 1.181530952453613281e-02 1.138756703585386276e-02 1.104861032217741013e-02 1.092708110809326172e-02 1.158103439956903458e-02 1.102158147841691971e-02
6.673346693386773332e+00 1.119664032012224197e-02 1.040687202475965023e-03 1.088512875139713287e-02 1.129997801035642624e-02 1.073788292706012726e-02 1.150745246559381485e-02 1.178983692079782486e-02 1.135937031358480453e-02 1.101674325764179230e-02 1.089452020823955536e-02 1.155175734311342239e-02 1.099094934761524200e-02
6.693386773547094215e+00 1.116550900042057037e-02 1.047880738042294979e-03 1.085538417100906372e-02 1.127139292657375336e-02 1.070339325815439224e-02 1.148082781583070755e-02 1.176385115832090378e-02 1.133078057318925858e-02 1.098362263292074203e-02 1.086223777383565903e-02 1.152205839753150940e-02 1.095965132117271423e-02
6.713426853707414210e+00 1.113420818001031876e-02 1.054752850905060768e-03 1.082436274737119675e-02 1.124332100152969360e-02 1.066923793405294418e-02 1.145445369184017181e-02 1.173627283424139023e-02 1.130250189453363419e-02 1.095141191035509109e-02 1.082987803965806961e-02 1.149269007146358490e-02 1.092751137912273407e-02
6.733466933867735094e+00 1.110350713133811951e-02 1.061534043401479721e-03 1.079310290515422821e-02 1.121595129370689392e-02 1.063589565455913544e-02 1.142795477062463760e-02 1.170915178954601288e-02 1.127435918897390366e-02 1.091944519430398941e-02 1.079713646322488785e-02 1.146194431930780411e-02 1.089380122721195221e-02
6.753507014028055977e+00 1.107324659824371338e-02 1.067632110789418221e-03 1.076244749128818512e-02 1.118901465088129044e-02 1.060228887945413589e-02 1.140172686427831650e-02 1.168025750666856766e-02 1.124722976237535477e-02 1.088792365044355392e-02 1.076440326869487762e-02 1.143206190317869186e-02 1.086061075329780579e-02
6.773547094188376860e+00 1.104314159601926804e-02 1.072673127055168152e-03 1.073116250336170197e-02 1.116127334535121918e-02 1.056936196982860565e-02 1.137538067996501923e-02 1.165004353970289230e-02 1.122051477432250977e-02 1.085694786161184311e-02 1.073192711919546127e-02 1.140242442488670349e-02 1.082773599773645401e-02
6.793587174348696855e+00 1.101368665695190430e-02 1.076905289664864540e-03 1.069968938827514648e-02 1.113274600356817245e-02 1.053696405142545700e-02 1.134871691465377808e-02 1.162002515047788620e-02 1.119433064013719559e-02 1.082633342593908310e-02 1.070082467049360275e-02 1.137220021337270737e-02 1.079465355724096298e-02
6.813627254509017739e+00 1.098391320556402206e-02 1.081033144146203995e-03 1.066819857805967331e-02 1.110508106648921967e-02 1.050514169037342072e-02 1.132104359567165375e-02 1.159057393670082092e-02 1.116800215095281601e-02 1.079466380178928375e-02 1.066993083804845810e-02 1.134140603244304657e-02 1.076117809861898422e-02
6.833667334669338622e+00 1.095461659133434296e-02 1.085360068827867508e-03 1.063740439713001251e-02 1.107795257121324539e-02 1.047303341329097748e-02 1.129330415278673172e-02 1.156183890998363495e-02 1.114198379218578339e-02 1.076213084161281586e-02 1.063996180891990662e-02 1.131117530167102814e-02 1.072904560714960098e-02
6.853707414829658617e+00 1.092469133436679840e-02 1.088842516764998436e-03 1.060677692294120789e-02 1.105062663555145264e-02 1.044161431491374969e-02 1.126442104578018188e-02 1.153256092220544815e-02 1.111622340977191925e-02 1.073001604527235031e-02 1.061055529862642288e-02 1.128133665770292282e-02 1.069604512304067612e-02
6.873747494989979501e+00 1.089422870427370071e-02 1.092990278266370296e-03 1.057634130120277405e-02 1.102364435791969299e-02 1.041003596037626266e-02 1.123581826686859131e-02 1.150415278971195221e-02 1.109064090996980667e-02 1.069861836731433868e-02 1.058185286819934845e-02 1.125290524214506149e-02 1.066397037357091904e-02
6.893787575150300384e+00 1.086361426860094070e-02 1.096672378480434418e-03 1.054651569575071335e-02 1.099574938416481018e-02 1.037881616503000259e-02 1.120748836547136307e-02 1.147702895104885101e-02 1.106483116745948792e-02 1.066779997199773788e-02 1.055378653109073639e-02 1.122332923114299774e-02 1.063271705061197281e-02
6.913827655310621267e+00 1.083357166498899460e-02 1.100371940992772579e-03 1.051759626716375351e-02 1.096698176115751266e-02 1.034743618220090866e-02 1.117968652397394180e-02 1.144986040890216827e-02 1.103803701698780060e-02 1.063554175198078156e-02 1.052468083798885345e-02 1.119362562894821167e-02 1.060206163674592972e-02
6.933867735470941263e+00 1.080381684005260468e-02 1.103087211959064007e-03 1.048931572586297989e-02 1.093878317624330521e-02 1.031707692891359329e-02 1.115138642489910126e-02 1.142265554517507553e-02 1.101090386509895325e-02 1.060432661324739456e-02 1.049520820379257202e-02 1.116414833813905716e-02 1.057214476168155670e-02
6.953907815631262146e+00 1.077474746853113174e-02 1.105451956391334534e-03 1.046043727546930313e-02 1.090971380472183228e-02 1.028791442513465881e-02 1.112369634211063385e-02 1.139570120722055435e-02 1.098440866917371750e-02 1.057367958128452301e-02 1.046552043408155441e-02 1.113471575081348419e-02 1.054339017719030380e-02
6.973947895791583029e+00 1.074554119259119034e-02 1.107873045839369297e-03 1.043156906962394714e-02 1.088084001094102859e-02 1.025854982435703278e-02 1.109594386070966721e-02 1.136947330087423325e-02 1.095813512802124023e-02 1.054461393505334854e-02 1.043633557856082916e-02 1.110562961548566818e-02 1.051557529717683792e-02
6.993987975951903913e+00 1.071639265865087509e-02 1.110046403482556343e-03 1.040267106145620346e-02 1.085124537348747253e-02 1.022987719625234604e-02 1.106860581785440445e-02 1.134377624839544296e-02 1.093202922493219376e-02 1.051495037972927094e-02 1.040672324597835541e-02 1.107536628842353821e-02 1.048864517360925674e-02
7.014028056112223908e+00 1.068809442222118378e-02 1.110849669203162193e-03 1.037382334470748901e-02 1.082162186503410339e-02 1.020226906985044479e-02 1.104177534580230713e-02 1.131679303944110870e-02 1.090573612600564957e-02 1.048599742352962494e-02 1.037760451436042786e-02 1.104531437158584595e-02 1.046167779713869095e-02
7.034068136272544791e+00 1.066100317984819412e-02 1.111798454076051712e-03 1.034511532634496689e-02 1.079111639410257339e-02 1.017503347247838974e-02 1.101498119533061981e-02 1.128977909684181213e-02 1.087939459830522537e-02 1.045865658670663834e-02 1.034692022949457169e-02 1.101707573980093002e-02 1.043526548892259598e-02
7.054108216432865675e+00 1.063480041921138763e-02 1.114420243538916111e-03 1.031601522117853165e-02 1.076179929077625275e-02 1.014705840498209000e-02 1.098861265927553177e-02 1.126406714320182800e-02 1.085335575044155121e-02 1.043160352855920792e-02 1.031611766666173935e-02 1.098891533911228180e-02 1.040763314813375473e-02
7.074148296593185670e+00 1.060914155095815659e-02 1.117464620620012283e-03 1.028660591691732407e-02 1.073394715785980225e-02 1.011859439313411713e-02 1.096178311854600906e-02 1.123815495520830154e-02 1.082841493189334869e-02 1.040579192340373993e-02 1.028451696038246155e-02 1.096095517277717590e-02 1.038025785237550735e-02
7.094188376753506553e+00 1.058359909802675247e-02 1.121196779422461987e-03 1.025790348649024963e-02 1.070674508810043335e-02 1.008952595293521881e-02 1.093489862978458405e-02 1.121312752366065979e-02 1.080416142940521240e-02 1.038202643394470215e-02 1.025279052555561066e-02 1.093381922692060471e-02 1.035302318632602692e-02
7.114228456913827436e+00 1.055815443396568298e-02 1.124401111155748367e-03 1.022992562502622604e-02 1.068023033440113068e-02 1.006073132157325745e-02 1.090813055634498596e-02 1.118786260485649109e-02 1.077944878488779068e-02 1.035971473902463913e-02 1.022152323275804520e-02 1.090719364583492279e-02 1.032527908682823181e-02
7.134268537074148320e+00 1.053254399448633194e-02 1.126860966905951500e-03 1.020305138081312180e-02 1.065486576408147812e-02 1.003282703459262848e-02 1.088173873722553253e-02 1.116259209811687469e-02 1.075439713895320892e-02 1.033625099807977676e-02 1.019087526947259903e-02 1.088010706007480621e-02 1.029817201197147369e-02
7.154308617234468315e+00 1.050722785294055939e-02 1.129704876802861691e-03 1.017696037888526917e-02 1.063005533069372177e-02 1.000531762838363647e-02 1.085595041513442993e-02 1.113802008330821991e-02 1.072861254215240479e-02 1.031258422881364822e-02 1.015944778919219971e-02 1.085323654115200043e-02 1.027135271579027176e-02
7.174348697394789198e+00 1.048182044178247452e-02 1.133818877860903740e-03 1.015070732682943344e-02 1.060469448566436768e-02 9.976477362215518951e-03 1.083052996546030045e-02 1.111341547220945358e-02 1.070301234722137451e-02 1.028721127659082413e-02 1.012845057994127274e-02 1.082739699631929398e-02 1.024430524557828903e-02
7.194388777555110082e+00 1.045679673552513123e-02 1.137688988819718361e-03 1.012367196381092072e-02 1.058019232004880905e-02 9.947621263563632965e-03 1.080492883920669556e-02 1.108921971172094345e-02 1.067782286554574966e-02 1.026112027466297150e-02 1.009886432439088821e-02 1.080046687275171280e-02 1.021815370768308640e-02
7.214428857715430965e+00 1.043192017823457718e-02 1.141474815085530281e-03 1.009663753211498260e-02 1.055447850376367569e-02 9.918527677655220032e-03 1.077974122017621994e-02 1.106421835720539093e-02 1.065309252589941025e-02 1.023310981690883636e-02 1.006999984383583069e-02 1.077303104102611542e-02 1.019108202308416367e-02
7.234468937875750960e+00 1.040637865662574768e-02 1.144845038652420044e-03 1.006917376071214676e-02 1.052880100905895233e-02 9.889787063002586365e-03 1.075577829033136368e-02 1.103960163891315460e-02 1.062758546322584152e-02 1.020453684031963348e-02 1.004266459494829178e-02 1.074461359530687332e-02 1.016488205641508102e-02
7.254509018036071843e+00 1.038093306124210358e-02 1.147710951045155525e-03 1.004257425665855408e-02 1.050318311899900436e-02 9.861449711024761200e-03 1.073248591274023056e-02 1.101495418697595596e-02 1.060223951935768127e-02 1.017642766237258911e-02 1.001600362360477448e-02 1.071669813245534897e-02 1.013947371393442154e-02
7.274549098196392727e+00 1.035539526492357254e-02 1.151431002654135227e-03 1.001586671918630600e-02 1.047800853848457336e-02 9.833373129367828369e-03 1.070948410779237747e-02 1.099144853651523590e-02 1.057811267673969269e-02 1.014772150665521622e-02 9.989824146032333374e-03 1.068896148353815079e-02 1.011446677148342133e-02
7.294589178356712722e+00 1.032960414886474609e-02 1.154847443103790283e-03 9.989629499614238739e-03 1.045182812958955765e-02 9.806348010897636414e-03 1.068716682493686676e-02 1.096880249679088593e-02 1.055324543267488480e-02 1.011885888874530792e-02 9.964527562260627747e-03 1.066154893487691879e-02 1.008938718587160110e-02
7.314629258517033605e+00 1.030384469777345657e-02 1.157313468866050243e-03 9.962802752852439880e-03 1.042626146227121353e-02 9.780129417777061462e-03 1.066464930772781372e-02 1.094454154372215271e-02 1.052884664386510849e-02 1.009033154696226120e-02 9.940614923834800720e-03 1.063524931669235229e-02 1.006335671991109848e-02
7.334669338677354489e+00 1.027807500213384628e-02 1.159980078227818012e-03 9.936667047441005707e-03 1.040006708353757858e-02 9.753935039043426514e-03 1.064255554229021072e-02 1.092044077813625336e-02 1.050397474318742752e-02 1.006210129708051682e-02 9.916899725794792175e-03 1.060938835144042969e-02 1.003576349467039108e-02
7.354709418837675372e+00 1.025331579148769379e-02 1.161366002634167671e-03 9.911305271089076996e-03 1.037316117435693741e-02 9.728265926241874695e-03 1.062006317079067230e-02 1.089564058929681778e-02 1.047850027680397034e-02 1.003360096365213394e-02 9.894451126456260681e-03 1.058486383408308029e-02 1.000900659710168839e-02
7.374749498997995367e+00 1.022872701287269592e-02 1.162462052889168262e-03 9.887040592730045319e-03 1.034630183130502701e-02 9.702795185148715973e-03 1.059833355247974396e-02 1.087047718465328217e-02 1.045340485870838165e-02 1.000511366873979568e-02 9.872669354081153870e-03 1.056205574423074722e-02 9.983721189200878143e-03
7.394789579158316251e+00 1.020448748022317886e-02 1.162622473202645779e-03 9.862872771918773651e-03 1.031919755041599274e-02 9.679186157882213593e-03 1.057788264006376266e-02 1.084487140178680420e-02 1.042869966477155685e-02 9.978257119655609131e-03 9.850386530160903931e-03 1.053913403302431107e-02 9.959015063941478729e-03
7.414829659318637134e+00 1.018022280186414719e-02 1.162705244496464729e-03 9.839025326073169708e-03 1.029298920184373856e-02 9.655883535742759705e-03 1.055817306041717529e-02 1.081894244998693466e-02 1.040277536958456039e-02 9.951457381248474121e-03 9.826996363699436188e-03 1.051609311252832413e-02 9.934705682098865509e-03
7.434869739478958017e+00 1.015551574528217316e-02 1.162092899903655052e-03 9.815682657063007355e-03 1.026745047420263290e-02 9.633585810661315918e-03 1.053792424499988556e-02 1.079327147454023361e-02 1.037745736539363861e-02 9.926813654601573944e-03 9.803064167499542236e-03 1.049224101006984711e-02 9.909341111779212952e-03
7.454909819639278012e+00 1.013105176389217377e-02 1.161543303169310093e-03 9.793926030397415161e-03 1.024242956191301346e-02 9.610978886485099792e-03 1.051847916096448898e-02 1.076796371489763260e-02 1.035248395055532455e-02 9.905142709612846375e-03 9.778917767107486725e-03 1.046897098422050476e-02 9.883382357656955719e-03
7.474949899799598896e+00 1.010642200708389282e-02 1.160752726718783379e-03 9.772767312824726105e-03 1.021798979490995407e-02 9.588438086211681366e-03 1.049829181283712387e-02 1.074328459799289703e-02 1.032938808202743530e-02 9.884353727102279663e-03 9.754739701747894287e-03 1.044471934437751770e-02 9.858113713562488556e-03
7.494989979959919779e+00 1.008180156350135803e-02 1.160525367595255375e-03 9.751745499670505524e-03 1.019314117729663849e-02 9.565839543938636780e-03 1.047711353749036789e-02 1.071984041482210159e-02 1.030751597136259079e-02 9.864280931651592255e-03 9.730384685099124908e-03 1.042178086936473846e-02 9.834292344748973846e-03
7.515030060120239774e+00 1.005705073475837708e-02 1.160664600320160389e-03 9.729415178298950195e-03 1.016901060938835144e-02 9.541792795062065125e-03 1.045516971498727798e-02 1.069656386971473694e-02 1.028569787740707397e-02 9.844591841101646423e-03 9.707150980830192566e-03 1.039876416325569153e-02 9.811328724026679993e-03
7.535070140280560658e+00 1.003214623779058456e-02 1.161525957286357880e-03 9.706732816994190216e-03 1.014561858028173447e-02 9.517312981188297272e-03 1.043234113603830338e-02 1.067364029586315155e-02 1.026277989149093628e-02 9.824455715715885162e-03 9.683499112725257874e-03 1.037614699453115463e-02 9.786924347281455994e-03
7.555110220440881541e+00 1.000673230737447739e-02 1.164079993031919003e-03 9.682431817054748535e-03 1.012341678142547607e-02 9.492550976574420929e-03 1.040902081876993179e-02 1.065154094249010086e-02 1.023980695754289627e-02 9.803454391658306122e-03 9.659568779170513153e-03 1.035416312515735626e-02 9.761500172317028046e-03
7.575150300601202424e+00 9.982116520404815674e-03 1.167011912912130356e-03 9.657235816121101379e-03 1.010172069072723389e-02 9.467357769608497620e-03 1.038480363786220551e-02 1.062883995473384857e-02 1.021722797304391861e-02 9.781139902770519257e-03 9.634602814912796021e-03 1.033224537968635559e-02 9.736385196447372437e-03
7.595190380761522420e+00 9.958033449947834015e-03 1.169569906778633595e-03 9.631797671318054199e-03 1.008058246225118637e-02 9.441439993679523468e-03 1.036069262772798538e-02 1.060575060546398163e-02 1.019574515521526337e-02 9.758522734045982361e-03 9.610814042389392853e-03 1.030941493809223175e-02 9.712463244795799255e-03
7.615230460921843303e+00 9.933975525200366974e-03 1.169946044683456421e-03 9.606492705643177032e-03 1.005907543003559113e-02 9.417185559868812561e-03 1.033572014421224594e-02 1.058176159858703613e-02 1.017403881996870041e-02 9.735351428389549255e-03 9.587255306541919708e-03 1.028541848063468933e-02 9.689607657492160797e-03
7.635270541082164186e+00 9.910290129482746124e-03 1.169183175079524517e-03 9.582314640283584595e-03 1.003760565072298050e-02 9.393936954438686371e-03 1.031067688018083572e-02 1.055776234716176987e-02 1.015287637710571289e-02 9.712574072182178497e-03 9.563896805047988892e-03 1.025983411818742752e-02 9.665970690548419952e-03
7.655310621242485070e+00 9.886289015412330627e-03 1.168566057458519936e-03 9.557567536830902100e-03 1.001535821706056595e-02 9.371267631649971008e-03 1.028633862733840942e-02 1.053387671709060669e-02 1.013250090181827545e-02 9.689934551715850830e-03 9.540365077555179596e-03 1.023409422487020493e-02 9.643178433179855347e-03
7.675350701402805065e+00 9.863223880529403687e-03 1.167165115475654602e-03 9.534070268273353577e-03 9.991972707211971283e-03 9.348725900053977966e-03 1.026291679590940475e-02 1.050949189811944962e-02 1.011171657592058182e-02 9.666902944445610046e-03 9.518196806311607361e-03 1.020921859890222549e-02 9.620500728487968445e-03
7.695390781563125948e+00 9.840808808803558350e-03 1.166562666185200214e-03 9.510846808552742004e-03 9.968433529138565063e-03 9.326133877038955688e-03 1.023987494409084320e-02 1.048569381237030029e-02 1.009087637066841125e-02 9.643360972404479980e-03 9.494583122432231903e-03 1.018386986106634140e-02 9.597232565283775330e-03
7.715430861723446831e+00 9.818197228014469147e-03 1.165497116744518280e-03 9.488899260759353638e-03 9.945392608642578125e-03 9.304298087954521179e-03 1.021693274378776550e-02 1.046111248433589935e-02 1.007085572928190231e-02 9.619510732591152191e-03 9.470592252910137177e-03 1.015919726341962814e-02 9.573974646627902985e-03
7.735470941883766827e+00 9.794730693101882935e-03 1.164563000202178955e-03 9.468328207731246948e-03 9.922324679791927338e-03 9.282291866838932037e-03 1.019472721964120865e-02 1.043685618788003922e-02 1.005024835467338562e-02 9.596453048288822174e-03 9.446922689676284790e-03 1.013571862131357193e-02 9.551125578582286835e-03
7.755511022044087710e+00 9.771664626896381378e-03 1.163743319921195507e-03 9.447957389056682587e-03 9.900040924549102783e-03 9.260061196982860565e-03 1.017365790903568268e-02 1.041304506361484528e-02 1.002909056842327118e-02 9.575746953487396240e-03 9.423886425793170929e-03 1.011223532259464264e-02 9.527840651571750641e-03
7.775551102204408593e+00 9.749034419655799866e-03 1.163749489933252335e-03 9.427592158317565918e-03 9.877461940050125122e-03 9.235914796590805054e-03 1.015311665832996368e-02 1.038953848183155060e-02 1.000944804400205612e-02 9.555486962199211121e-03 9.401082992553710938e-03 1.008777413517236710e-02 9.505522437393665314e-03
7.795591182364729477e+00 9.725713171064853668e-03 1.164422137662768364e-03 9.405996650457382202e-03 9.853829629719257355e-03 9.212648496031761169e-03 1.013253536075353622e-02 1.036758068948984146e-02 9.989638812839984894e-03 9.533980861306190491e-03 9.378688409924507141e-03 1.006347034126520157e-02 9.484247304499149323e-03
7.815631262525049472e+00 9.702210314571857452e-03 1.165618072263896465e-03 9.383916854858398438e-03 9.829799644649028778e-03 9.190727956593036652e-03 1.011322904378175735e-02 1.034693047404289246e-02 9.970898739993572235e-03 9.512222371995449066e-03 9.358013980090618134e-03 1.003971695899963379e-02 9.463645517826080322e-03
7.835671342685370355e+00 9.680410847067832947e-03 1.166904694400727749e-03 9.361634030938148499e-03 9.805710054934024811e-03 9.168857708573341370e-03 1.009316928684711456e-02 1.032768841832876205e-02 9.951878339052200317e-03 9.490087628364562988e-03 9.338150732219219208e-03 1.001577544957399368e-02 9.442664682865142822e-03
7.855711422845691239e+00 9.658849798142910004e-03 1.169380266219377518e-03 9.340268559753894806e-03 9.781414642930030823e-03 9.146798402070999146e-03 1.007367484271526337e-02 1.030972879379987717e-02 9.933886118233203888e-03 9.468451142311096191e-03 9.317410178482532501e-03 9.992361068725585938e-03 9.422106668353080750e-03
7.875751503006012122e+00 9.637801907956600189e-03 1.169054070487618446e-03 9.319594129920005798e-03 9.757395833730697632e-03 9.126529097557067871e-03 1.005454082041978836e-02 1.029043737798929214e-02 9.913954883813858032e-03 9.447331540286540985e-03 9.297261945903301239e-03 9.968344122171401978e-03 9.403072297573089600e-03
7.895791583166332117e+00 9.617051109671592712e-03 1.169200404547154903e-03 9.299092926084995270e-03 9.734007529914379120e-03 9.106150828301906586e-03 1.003528665751218796e-02 1.027177739888429642e-02 9.894606657326221466e-03 9.426616132259368896e-03 9.277331642806529999e-03 9.944191202521324158e-03 9.383269585669040680e-03
7.915831663326653000e+00 9.597145020961761475e-03 1.168467919342219830e-03 9.278799407184123993e-03 9.709518402814865112e-03 9.087600745260715485e-03 1.001550443470478058e-02 1.025329157710075378e-02 9.874158538877964020e-03 9.405804798007011414e-03 9.257243946194648743e-03 9.920983575284481049e-03 9.362322278320789337e-03
7.935871743486973884e+00 9.577214717864990234e-03 1.167257782071828842e-03 9.258639998733997345e-03 9.685731492936611176e-03 9.069276042282581329e-03 9.996202774345874786e-03 1.023454684764146805e-02 9.853811934590339661e-03 9.386273100972175598e-03 9.237509220838546753e-03 9.897785261273384094e-03 9.342295117676258087e-03
7.955911823647293879e+00 9.557417593896389008e-03 1.165850088000297546e-03 9.238830767571926117e-03 9.662425145506858826e-03 9.050281718373298645e-03 9.977146051824092865e-03 1.021488197147846222e-02 9.832291863858699799e-03 9.367798455059528351e-03 9.218096733093261719e-03 9.875892661511898041e-03 9.321384131908416748e-03
7.975951903807614762e+00 9.537342004477977753e-03 1.164482324384152889e-03 9.219354018568992615e-03 9.640359319746494293e-03 9.031041525304317474e-03 9.958098642528057098e-03 1.019422430545091629e-02 9.810280054807662964e-03 9.348039515316486359e-03 9.198669344186782837e-03 9.854930453002452850e-03 9.300182573497295380e-03
7.995991983967935646e+00 9.517474099993705750e-03 1.161285792477428913e-03 9.201081469655036926e-03 9.618625044822692871e-03 9.013137780129909515e-03 9.937765076756477356e-03 1.017357036471366882e-02 9.787724353373050690e-03 9.328255429863929749e-03 9.180386550724506378e-03 9.833788499236106873e-03 9.278794750571250916e-03
8.016032064128255641e+00 9.496732614934444427e-03 1.160598709248006344e-03 9.181057102978229523e-03 9.596712887287139893e-03 8.993556722998619080e-03 9.916855953633785248e-03 1.015472691506147385e-02 9.766082279384136200e-03 9.308762848377227783e-03 9.161868132650852203e-03 9.814512915909290314e-03 9.259256534278392792e-03
8.036072144288576524e+00 9.476266801357269287e-03 1.160090905614197254e-03 9.161449968814849854e-03 9.574369527399539948e-03 8.972833864390850067e-03 9.896089322865009308e-03 1.013536285609006882e-02 9.745113551616668701e-03 9.288217872381210327e-03 9.143656119704246521e-03 9.794665500521659851e-03 9.239576756954193115e-03
8.056112224448897408e+00 9.456490166485309601e-03 1.159155974164605141e-03 9.141246788203716278e-03 9.551569819450378418e-03 8.952916599810123444e-03 9.875288233160972595e-03 1.011629588901996613e-02 9.723807685077190399e-03 9.268331341445446014e-03 9.126150980591773987e-03 9.775355458259582520e-03 9.219987317919731140e-03
8.076152304609218291e+00 9.436732158064842224e-03 1.157809980213642120e-03 9.119829162955284119e-03 9.529302828013896942e-03 8.934486657381057739e-03 9.854275733232498169e-03 1.009718701243400574e-02 9.702482260763645172e-03 9.250625036656856537e-03 9.109245613217353821e-03 9.756465442478656769e-03 9.198647923767566681e-03
8.096192384769539174e+00 9.417678229510784149e-03 1.156172831542789936e-03 9.096884168684482574e-03 9.508481249213218689e-03 8.916018530726432800e-03 9.832821786403656006e-03 1.007705461233854294e-02 9.681340306997299194e-03 9.233608841896057129e-03 9.091773070394992828e-03 9.738029912114143372e-03 9.178433567285537720e-03
8.116232464929860058e+00 9.398607537150382996e-03 1.155087375082075596e-03 9.073228575289249420e-03 9.487782604992389679e-03 8.897231891751289368e-03 9.812412783503532410e-03 1.005539484322071075e-02 9.660994634032249451e-03 9.215506725013256073e-03 9.073272347450256348e-03 9.719919413328170776e-03 9.158528409898281097e-03
8.136272545090179165e+00 9.378524497151374817e-03 1.154343830421566963e-03 9.051137603819370270e-03 9.466966614127159119e-03 8.878516033291816711e-03 9.792509488761425018e-03 1.003369223326444626e-02 9.641563519835472107e-03 9.198116138577461243e-03 9.053581394255161285e-03 9.701464325189590454e-03 9.137850254774093628e-03
8.156312625250500048e+00 9.358044713735580444e-03 1.154515426605939865e-03 9.028783068060874939e-03 9.447150863707065582e-03 8.857818320393562317e-03 9.771520271897315979e-03 1.001215539872646332e-02 9.623236954212188721e-03 9.180177003145217896e-03 9.034901857376098633e-03 9.682942181825637817e-03 9.116733446717262268e-03
8.176352705410820931e+00 9.336674585938453674e-03 1.155355246737599373e-03 9.007199667394161224e-03 9.427913464605808258e-03 8.837355300784111023e-03 9.750185534358024597e-03 9.991901926696300507e-03 9.606204926967620850e-03 9.162344969809055328e-03 9.016347117722034454e-03 9.663107804954051971e-03 9.094181470572948456e-03
8.196392785571141815e+00 9.315679781138896942e-03 1.154951169155538082e-03 8.986077271401882172e-03 9.408095851540565491e-03 8.817215450108051300e-03 9.728801436722278595e-03 9.970628656446933746e-03 9.589055553078651428e-03 9.144731797277927399e-03 8.997256867587566376e-03 9.642207995057106018e-03 9.072079323232173920e-03
8.216432865731462698e+00 9.295486845076084137e-03 1.154522877186536789e-03 8.965488523244857788e-03 9.388191625475883484e-03 8.797484450042247772e-03 9.707334451377391815e-03 9.949573315680027008e-03 9.571034461259841919e-03 9.126164019107818604e-03 8.977609686553478241e-03 9.621725417673587799e-03 9.049370884895324707e-03
8.236472945891783581e+00 9.274907410144805908e-03 1.155431498773396015e-03 8.945317938923835754e-03 9.369822219014167786e-03 8.777493610978126526e-03 9.685552679002285004e-03 9.929819032549858093e-03 9.553667157888412476e-03 9.108306840062141418e-03 8.957282640039920807e-03 9.603269398212432861e-03 9.028066881000995636e-03
8.256513026052104465e+00 9.254628792405128479e-03 1.157412072643637657e-03 8.925000205636024475e-03 9.352187626063823700e-03 8.756543509662151337e-03 9.664176963269710541e-03 9.910910390317440033e-03 9.536150842905044556e-03 9.090188890695571899e-03 8.936301805078983307e-03 9.585255756974220276e-03 9.008359163999557495e-03
8.276553106212425348e+00 9.234735742211341858e-03 1.160515937954187393e-03 8.904051966965198517e-03 9.334739297628402710e-03 8.737226948142051697e-03 9.642764925956726074e-03 9.893558919429779053e-03 9.518796578049659729e-03 9.070930071175098419e-03 8.914591744542121887e-03 9.568450972437858582e-03 8.988337591290473938e-03
8.296593186372744455e+00 9.214802645146846771e-03 1.162927714176476002e-03 8.884477429091930389e-03 9.316622279584407806e-03 8.717908523976802826e-03 9.621514938771724701e-03 9.875633753836154938e-03 9.500814601778984070e-03 9.051794186234474182e-03 8.892459794878959656e-03 9.552847594022750854e-03 8.969733491539955139e-03
8.316633266533065338e+00 9.196439757943153381e-03 1.164320274256169796e-03 8.866468444466590881e-03 9.298832155764102936e-03 8.698729798197746277e-03 9.600743651390075684e-03 9.857459925115108490e-03 9.482511319220066071e-03 9.031282737851142883e-03 8.870722725987434387e-03 9.536501951515674591e-03 8.951447904109954834e-03
8.336673346693386222e+00 9.178838692605495453e-03 1.164716202765703201e-03 8.848819881677627563e-03 9.281788952648639679e-03 8.680267259478569031e-03 9.579632431268692017e-03 9.838283061981201172e-03 9.464446455240249634e-03 9.009039029479026794e-03 8.849865756928920746e-03 9.519616141915321350e-03 8.931980468332767487e-03
8.356713426853707105e+00 9.162154048681259155e-03 1.164005137979984283e-03 8.831366896629333496e-03 9.265456348657608032e-03 8.661996573209762573e-03 9.560043923556804657e-03 9.818020276725292206e-03 9.445566684007644653e-03 8.987084962427616119e-03 8.828511461615562439e-03 9.501292370259761810e-03 8.913974277675151825e-03
8.376753507014027988e+00 9.145068936049938202e-03 1.163482083939015865e-03 8.813377469778060913e-03 9.249825961887836456e-03 8.644178509712219238e-03 9.541316889226436615e-03 9.797891601920127869e-03 9.425882250070571899e-03 8.963542990386486053e-03 8.808278478682041168e-03 9.482124820351600647e-03 8.895095437765121460e-03
8.396793587174348872e+00 9.127988480031490326e-03 1.162590575404465199e-03 8.796820417046546936e-03 9.234783239662647247e-03 8.626372553408145905e-03 9.523645974695682526e-03 9.777776896953582764e-03 9.404876269400119781e-03 8.937956765294075012e-03 8.789083920419216156e-03 9.462160058319568634e-03 8.875889703631401062e-03
8.416833667334669755e+00 9.110085666179656982e-03 1.162796630524098873e-03 8.780884556472301483e-03 9.220630861818790436e-03 8.607516996562480927e-03 9.507263079285621643e-03 9.757592342793941498e-03 9.382899850606918335e-03 8.913673460483551025e-03 8.768995292484760284e-03 9.442835114896297455e-03 8.856015279889106750e-03
8.436873747494988862e+00 9.092557244002819061e-03 1.161664957180619240e-03 8.763997815549373627e-03 9.204715490341186523e-03 8.588755503296852112e-03 9.490816853940486908e-03 9.736643172800540924e-03 9.360131807625293732e-03 8.890503086149692535e-03 8.749795146286487579e-03 9.422425180673599243e-03 8.836344815790653229e-03
8.456913827655309746e+00 9.074443951249122620e-03 1.160447485744953156e-03 8.746212348341941833e-03 9.188179858028888702e-03 8.569792844355106354e-03 9.474248625338077545e-03 9.715657681226730347e-03 9.336337447166442871e-03 8.868142031133174896e-03 8.730500936508178711e-03 9.401515126228332520e-03 8.816427551209926605e-03
8.476953907815630629e+00 9.056393057107925415e-03 1.160432817414402962e-03 8.727744221687316895e-03 9.170081466436386108e-03 8.549329824745655060e-03 9.456620551645755768e-03 9.695424698293209076e-03 9.315153583884239197e-03 8.847375400364398956e-03 8.710692636668682098e-03 9.380465373396873474e-03 8.796519599854946136e-03
8.496993987975951512e+00 9.038033895194530487e-03 1.161430613137781620e-03 8.709358051419258118e-03 9.151495993137359619e-03 8.528098464012145996e-03 9.439322166144847870e-03 9.674633853137493134e-03 9.293445385992527008e-03 8.826005272567272186e-03 8.691073395311832428e-03 9.362001903355121613e-03 8.775604888796806335e-03
8.517034068136272396e+00 9.019844233989715576e-03 1.162403030321002007e-03 8.689458481967449188e-03 9.132266044616699219e-03 8.507508784532546997e-03 9.421172551810741425e-03 9.654849767684936523e-03 9.272881783545017242e-03 8.805952966213226318e-03 8.672432042658329010e-03 9.344881400465965271e-03 8.756806142628192902e-03
8.537074148296593279e+00 9.002041071653366089e-03 1.162611762993037701e-03 8.669412694871425629e-03 9.112514555454254150e-03 8.487951010465621948e-03 9.402729570865631104e-03 9.636064060032367706e-03 9.252811782062053680e-03 8.785981684923171997e-03 8.654517121613025665e-03 9.326855652034282684e-03 8.739631623029708862e-03
8.557114228456914162e+00 8.984141051769256592e-03 1.160843181423842907e-03 8.648227900266647339e-03 9.093210101127624512e-03 8.469788357615470886e-03 9.383323602378368378e-03 9.616944938898086548e-03 9.232438169419765472e-03 8.768258616328239441e-03 8.638136088848114014e-03 9.308789856731891632e-03 8.723747916519641876e-03
8.577154308617233269e+00 8.966769091784954071e-03 1.159267965704202652e-03 8.628999814391136169e-03 9.073690511286258698e-03 8.452233858406543732e-03 9.364038705825805664e-03 9.599544107913970947e-03 9.212736040353775024e-03 8.751640096306800842e-03 8.621439337730407715e-03 9.289819747209548950e-03 8.706564083695411682e-03
8.597194388777554153e+00 8.949424140155315399e-03 1.157748978585004807e-03 8.610153570771217346e-03 9.054440073668956757e-03 8.435251191258430481e-03 9.345208294689655304e-03 9.580968879163265228e-03 9.194042533636093140e-03 8.732784539461135864e-03 8.605935610830783844e-03 9.270496666431427002e-03 8.686317130923271179e-03
8.617234468937875036e+00 8.932251483201980591e-03 1.154501689597964287e-03 8.593527600169181824e-03 9.034588932991027832e-03 8.418596349656581879e-03 9.326876141130924225e-03 9.561777114868164062e-03 9.175890125334262848e-03 8.715645410120487213e-03 8.590997196733951569e-03 9.251261129975318909e-03 8.667740039527416229e-03
8.637274549098195919e+00 8.915320038795471191e-03 1.149689545854926109e-03 8.576061576604843140e-03 9.014903567731380463e-03 8.402369916439056396e-03 9.308799169957637787e-03 9.541453793644905090e-03 9.156476706266403198e-03 8.698841556906700134e-03 8.576782420277595520e-03 9.230415336787700653e-03 8.649759925901889801e-03
8.657314629258516803e+00 8.898030035197734833e-03 1.145839458331465721e-03 8.557797409594058990e-03 8.995555341243743896e-03 8.385622873902320862e-03 9.290175512433052063e-03 9.521385654807090759e-03 9.138270281255245209e-03 8.683027699589729309e-03 8.561749011278152466e-03 9.209145791828632355e-03 8.630487136542797089e-03
8.677354709418837686e+00 8.880550973117351532e-03 1.141329878009855747e-03 8.541223593056201935e-03 8.976718410849571228e-03 8.368244394659996033e-03 9.271599352359771729e-03 9.501724503934383392e-03 9.119907394051551819e-03 8.668461814522743225e-03 8.547211065888404846e-03 9.188436903059482574e-03 8.613273501396179199e-03
8.697394789579158569e+00 8.863593451678752899e-03 1.136647420935332775e-03 8.525041863322257996e-03 8.958201855421066284e-03 8.352328091859817505e-03 9.252632036805152893e-03 9.482821449637413025e-03 9.101997129619121552e-03 8.652066811919212341e-03 8.532295003533363342e-03 9.167295880615711212e-03 8.596707135438919067e-03
8.717434869739479453e+00 8.846292272210121155e-03 1.131720026023685932e-03 8.509525097906589508e-03 8.939648978412151337e-03 8.335326798260211945e-03 9.232750162482261658e-03 9.463565424084663391e-03 9.084978140890598297e-03 8.636569604277610779e-03 8.516977541148662567e-03 9.146381169557571411e-03 8.581128902733325958e-03
8.737474949899798560e+00 8.828409947454929352e-03 1.129027572460472584e-03 8.494131267070770264e-03 8.920564316213130951e-03 8.317704312503337860e-03 9.214428253471851349e-03 9.445935487747192383e-03 9.068421088159084320e-03 8.621424436569213867e-03 8.500345051288604736e-03 9.127285331487655640e-03 8.566773496568202972e-03
8.757515030060119443e+00 8.811485953629016876e-03 1.126353279687464237e-03 8.480317890644073486e-03 8.902175351977348328e-03 8.300375193357467651e-03 9.196221828460693359e-03 9.427529759705066681e-03 9.052314795553684235e-03 8.605015464127063751e-03 8.484376594424247742e-03 9.110833518207073212e-03 8.552038110792636871e-03
8.777555110220440326e+00 8.794952183961868286e-03 1.124961301684379578e-03 8.464950136840343475e-03 8.882825262844562531e-03 8.283391594886779785e-03 9.178720414638519287e-03 9.409827180206775665e-03 9.035951457917690277e-03 8.588718250393867493e-03 8.467398583889007568e-03 9.094733744859695435e-03 8.536816574633121490e-03
8.797595190380761210e+00 8.778145536780357361e-03 1.124232192523777485e-03 8.449223823845386505e-03 8.864173665642738342e-03 8.267536759376525879e-03 9.160992689430713654e-03 9.392656385898590088e-03 9.020091965794563293e-03 8.572174236178398132e-03 8.449574001133441925e-03 9.079446084797382355e-03 8.520812727510929108e-03
8.817635270541082093e+00 8.761966601014137268e-03 1.123909023590385914e-03 8.434244431555271149e-03 8.845031261444091797e-03 8.253057487308979034e-03 9.143684990704059601e-03 9.376890957355499268e-03 9.004613384604454041e-03 8.556026965379714966e-03 8.432471193373203278e-03 9.065402671694755554e-03 8.503814227879047394e-03
8.837675350701402976e+00 8.745222352445125580e-03 1.123474794439971447e-03 8.419331163167953491e-03 8.825159631669521332e-03 8.237285539507865906e-03 9.124834090471267700e-03 9.361246600747108459e-03 8.989456109702587128e-03 8.540123701095581055e-03 8.414296433329582214e-03 9.049706161022186279e-03 8.487150073051452637e-03
8.857715430861723860e+00 8.727732114493846893e-03 1.123092719353735447e-03 8.405499160289764404e-03 8.806454949080944061e-03 8.220849558711051941e-03 9.105130098760128021e-03 9.346211329102516174e-03 8.975018747150897980e-03 8.525053970515727997e-03 8.394682779908180237e-03 9.031796827912330627e-03 8.470144122838973999e-03
8.877755511022042967e+00 8.709193207323551178e-03 1.120942877605557442e-03 8.393498137593269348e-03 8.786940947175025940e-03 8.203808218240737915e-03 9.086371399462223053e-03 9.329163469374179840e-03 8.959880098700523376e-03 8.511124178767204285e-03 8.375266566872596741e-03 9.013609029352664948e-03 8.454181253910064697e-03
8.897795591182363850e+00 8.690590038895606995e-03 1.118599553592503071e-03 8.381174877285957336e-03 8.767634630203247070e-03 8.187115192413330078e-03 9.067667648196220398e-03 9.311723522841930389e-03 8.945394307374954224e-03 8.497580885887145996e-03 8.355458267033100128e-03 8.994274772703647614e-03 8.437801152467727661e-03
8.917835671342684734e+00 8.670337498188018799e-03 1.115536433644592762e-03 8.368147537112236023e-03 8.750127628445625305e-03 8.170782588422298431e-03 9.050324559211730957e-03 9.293555282056331635e-03 8.929152041673660278e-03 8.484627120196819305e-03 8.336901664733886719e-03 8.974933065474033356e-03 8.422439917922019958e-03
8.937875751503005617e+00 8.650847710669040680e-03 1.112384605221450329e-03 8.355600759387016296e-03 8.733149617910385132e-03 8.154323324561119080e-03 9.032460860908031464e-03 9.275147691369056702e-03 8.913245983421802521e-03 8.471078239381313324e-03 8.318632841110229492e-03 8.955390192568302155e-03 8.406437002122402191e-03
8.957915831663326500e+00 8.630583994090557098e-03 1.109418342821300030e-03 8.342861197888851166e-03 8.717808872461318970e-03 8.138580247759819031e-03 9.015340358018875122e-03 9.256813675165176392e-03 8.895516395568847656e-03 8.457086980342864990e-03 8.300866931676864624e-03 8.935513906180858612e-03 8.388451300561428070e-03
8.977955911823647384e+00 8.612222038209438324e-03 1.108199823647737503e-03 8.328637108206748962e-03 8.704521693289279938e-03 8.122889325022697449e-03 8.998934179544448853e-03 9.239631704986095428e-03 8.877091109752655029e-03 8.442223072052001953e-03 8.282589726150035858e-03 8.916164748370647430e-03 8.369531482458114624e-03
8.997995991983968267e+00 8.595552295446395874e-03 1.107793301343917847e-03 8.313056081533432007e-03 8.692706935107707977e-03 8.107511326670646667e-03 8.983202278614044189e-03 9.223053231835365295e-03 8.859357796609401703e-03 8.428161032497882843e-03 8.265058510005474091e-03 8.898034691810607910e-03 8.350862190127372742e-03
9.018036072144287374e+00 8.578636683523654938e-03 1.107414253056049347e-03 8.297352120280265808e-03 8.681363426148891449e-03 8.093488402664661407e-03 8.967374451458454132e-03 9.206869639456272125e-03 8.843311108648777008e-03 8.414224721491336823e-03 8.248540572822093964e-03 8.880302309989929199e-03 8.331780321896076202e-03
9.038076152304608257e+00 8.562748320400714874e-03 1.107335672713816166e-03 8.280532434582710266e-03 8.669884875416755676e-03 8.079056628048419952e-03 8.951332420110702515e-03 9.191364981234073639e-03 8.827208541333675385e-03 8.399398066103458405e-03 8.233390748500823975e-03 8.863459341228008270e-03 8.313980884850025177e-03
9.058116232464929141e+00 8.547049947082996368e-03 1.105887815356254578e-03 8.264147676527500153e-03 8.657729253172874451e-03 8.064765483140945435e-03 8.935267105698585510e-03 9.174535050988197327e-03 8.810021914541721344e-03 8.382868021726608276e-03 8.217735216021537781e-03 8.846287615597248077e-03 8.298041298985481262e-03
9.078156312625250024e+00 8.531957864761352539e-03 1.103971269913017750e-03 8.247635327279567719e-03 8.645931258797645569e-03 8.050132542848587036e-03 8.918997831642627716e-03 9.157367981970310211e-03 8.792338892817497253e-03 8.366038091480731964e-03 8.202459663152694702e-03 8.828448131680488586e-03 8.282019756734371185e-03
9.098196392785570907e+00 8.516808971762657166e-03 1.102761132642626762e-03 8.229690603911876678e-03 8.634602651000022888e-03 8.035792969167232513e-03 8.903540670871734619e-03 9.139524772763252258e-03 8.774958550930023193e-03 8.346794173121452332e-03 8.188596926629543304e-03 8.812021464109420776e-03 8.265662938356399536e-03
9.118236472945891791e+00 8.501412346959114075e-03 1.101844245567917824e-03 8.212612010538578033e-03 8.623044937849044800e-03 8.022584021091461182e-03 8.888822048902511597e-03 9.121323004364967346e-03 8.757537230849266052e-03 8.327252231538295746e-03 8.174620568752288818e-03 8.797618560492992401e-03 8.248076774179935455e-03
9.138276553106212674e+00 8.486721664667129517e-03 1.099633867852389812e-03 8.195325732231140137e-03 8.610844612121582031e-03 8.010004647076129913e-03 8.875160478055477142e-03 9.101626463234424591e-03 8.738740347325801849e-03 8.307765237987041473e-03 8.160536177456378937e-03 8.782857097685337067e-03 8.230956271290779114e-03
9.158316633266533557e+00 8.471720851957798004e-03 1.097281463444232941e-03 8.177531883120536804e-03 8.597293868660926819e-03 7.998035289347171783e-03 8.862121962010860443e-03 9.081088006496429443e-03 8.721037767827510834e-03 8.289101533591747284e-03 8.144906722009181976e-03 8.767235092818737030e-03 8.214117027819156647e-03
9.178356713426852664e+00 8.457556366920471191e-03 1.096638734452426434e-03 8.158734999597072601e-03 8.583826012909412384e-03 7.984394207596778870e-03 8.848749101161956787e-03 9.062232449650764465e-03 8.704629726707935333e-03 8.270132355391979218e-03 8.128716610372066498e-03 8.750430308282375336e-03 8.198409341275691986e-03
9.198396793587173548e+00 8.442684076726436615e-03 1.095464336685836315e-03 8.139215409755706787e-03 8.567612618207931519e-03 7.970537059009075165e-03 8.834041655063629150e-03 9.043907746672630310e-03 8.688447996973991394e-03 8.254659362137317657e-03 8.111127652227878571e-03 8.733858354389667511e-03 8.184366859495639801e-03
9.218436873747494431e+00 8.428165689110755920e-03 1.095750718377530575e-03 8.119795471429824829e-03 8.550163358449935913e-03 7.955844514071941376e-03 8.819485083222389221e-03 9.027232415974140167e-03 8.672942407429218292e-03 8.240811526775360107e-03 8.093088865280151367e-03 8.717568591237068176e-03 8.169412612915039062e-03
9.238476953907815314e+00 8.413779549300670624e-03 1.095653860829770565e-03 8.101306855678558350e-03 8.532683365046977997e-03 7.940366864204406738e-03 8.803734555840492249e-03 9.010984562337398529e-03 8.656824938952922821e-03 8.227332495152950287e-03 8.075255900621414185e-03 8.701001293957233429e-03 8.154319599270820618e-03
9.258517034068136198e+00 8.398509584367275238e-03 1.094956300221383572e-03 8.084800094366073608e-03 8.515082299709320068e-03 7.926011458039283752e-03 8.787577971816062927e-03 8.996355347335338593e-03 8.641692809760570526e-03 8.214395493268966675e-03 8.059413172304630280e-03 8.684228174388408661e-03 8.138464763760566711e-03
9.278557114228457081e+00 8.382612839341163635e-03 1.093685510568320751e-03 8.068715222179889679e-03 8.495687507092952728e-03 7.910423912107944489e-03 8.770532906055450439e-03 8.980764076113700867e-03 8.627025410532951355e-03 8.201430551707744598e-03 8.042200468480587006e-03 8.668098598718643188e-03 8.125608786940574646e-03
9.298597194388777964e+00 8.366248570382595062e-03 1.092383870854973793e-03 8.051700890064239502e-03 8.477801457047462463e-03 7.894381880760192871e-03 8.752545341849327087e-03 8.964335545897483826e-03 8.612325415015220642e-03 8.190276101231575012e-03 8.025326766073703766e-03 8.653952740132808685e-03 8.112877607345581055e-03
9.318637274549097071e+00 8.350155316293239594e-03 1.091615064069628716e-03 8.035339415073394775e-03 8.461554534733295441e-03 7.877976633608341217e-03 8.733171038329601288e-03 8.948081173002719879e-03 8.598419837653636932e-03 8.176556788384914398e-03 8.009153418242931366e-03 8.640409447252750397e-03 8.099113591015338898e-03
9.338677354709417955e+00 8.334483951330184937e-03 1.091338694095611572e-03 8.018915541470050812e-03 8.444881066679954529e-03 7.860738784074783325e-03 8.714301511645317078e-03 8.932183496654033661e-03 8.584449067711830139e-03 8.162994869053363800e-03 7.993835024535655975e-03 8.628286421298980713e-03 8.086607791483402252e-03
9.358717434869738838e+00 8.318277075886726379e-03 1.090364530682563782e-03 8.004449307918548584e-03 8.426923304796218872e-03 7.843649946153163910e-03 8.695678785443305969e-03 8.915548212826251984e-03 8.571152575314044952e-03 8.147280663251876831e-03 7.980057038366794586e-03 8.616496808826923370e-03 8.073254488408565521e-03
9.378757515030059722e+00 8.302755653858184814e-03 1.088699325919151306e-03 7.992140948772430420e-03 8.410317823290824890e-03 7.827289402484893799e-03 8.677511475980281830e-03 8.900044485926628113e-03 8.555786684155464172e-03 8.131835609674453735e-03 7.965927943587303162e-03 8.604244329035282135e-03 8.060392923653125763e-03
9.398797595190380605e+00 8.287496864795684814e-03 1.086651813238859177e-03 7.981694303452968597e-03 8.393510244786739349e-03 7.810729090124368668e-03 8.660533465445041656e-03 8.885310962796211243e-03 8.540060371160507202e-03 8.117809891700744629e-03 7.952759042382240295e-03 8.590728975832462311e-03 8.046669885516166687e-03
9.418837675350701488e+00 8.271847851574420929e-03 1.085374271497130394e-03 7.970640435814857483e-03 8.376011624932289124e-03 7.793285883963108063e-03 8.644429035484790802e-03 8.870308287441730499e-03 8.524381555616855621e-03 8.101738058030605316e-03 7.940609008073806763e-03 8.577157743275165558e-03 8.032714016735553741e-03
9.438877755511022372e+00 8.256146684288978577e-03 1.085577299818396568e-03 7.958270609378814697e-03 8.361335843801498413e-03 7.774363271892070770e-03 8.628565818071365356e-03 8.854893036186695099e-03 8.509318344295024872e-03 8.087056688964366913e-03 7.928594946861267090e-03 8.564688265323638916e-03 8.018321357667446136e-03
9.458917835671341479e+00 8.240718394517898560e-03 1.088281976990401745e-03 7.942430675029754639e-03 8.345426060259342194e-03 7.754760794341564178e-03 8.613912388682365417e-03 8.839712478220462799e-03 8.494558744132518768e-03 8.071838878095149994e-03 7.914772257208824158e-03 8.551275357604026794e-03 8.002122864127159119e-03
9.478957915831662362e+00 8.225719444453716278e-03 1.090986421331763268e-03 7.928326725959777832e-03 8.329474367201328278e-03 7.734701037406921387e-03 8.599910885095596313e-03 8.825330063700675964e-03 8.480611257255077362e-03 8.057745173573493958e-03 7.901103235781192780e-03 8.535139262676239014e-03 7.983900606632232666e-03
9.498997995991983245e+00 8.210775442421436310e-03 1.092986785806715488e-03 7.915064692497253418e-03 8.315745741128921509e-03 7.717097178101539612e-03 8.586043491959571838e-03 8.811786770820617676e-03 8.466356433928012848e-03 8.043979294598102570e-03 7.887256331741809845e-03 8.519380353391170502e-03 7.966342382133007050e-03
9.519038076152304129e+00 8.196033537387847900e-03 1.095421263016760349e-03 7.900297641754150391e-03 8.303371258080005646e-03 7.700217887759208679e-03 8.572666905820369720e-03 8.797752670943737030e-03 8.451635949313640594e-03 8.029358461499214172e-03 7.873431779444217682e-03 8.503844961524009705e-03 7.947665639221668243e-03
9.539078156312625012e+00 8.181477896869182587e-03 1.097780419513583183e-03 7.885261438786983490e-03 8.290167897939682007e-03 7.684436161071062088e-03 8.560650981962680817e-03 8.783299475908279419e-03 8.436769247055053711e-03 8.013014681637287140e-03 7.859020493924617767e-03 8.488777093589305878e-03 7.930475287139415741e-03
9.559118236472945895e+00 8.167406544089317322e-03 1.097327563911676407e-03 7.870437577366828918e-03 8.278693072497844696e-03 7.671452593058347702e-03 8.548818528652191162e-03 8.766761049628257751e-03 8.420732803642749786e-03 7.996626198291778564e-03 7.845084182918071747e-03 8.475962094962596893e-03 7.916695438325405121e-03
9.579158316633266779e+00 8.154527284204959869e-03 1.096706488169729710e-03 7.855633273720741272e-03 8.265781216323375702e-03 7.659421768039464951e-03 8.536326698958873749e-03 8.751419372856616974e-03 8.404904045164585114e-03 7.979569025337696075e-03 7.830524817109107971e-03 8.463390171527862549e-03 7.904313504695892334e-03
9.599198396793587662e+00 8.141108788549900055e-03 1.094718696549534798e-03 7.841157726943492889e-03 8.252692408859729767e-03 7.648462429642677307e-03 8.524162694811820984e-03 8.736293762922286987e-03 8.389728143811225891e-03 7.965070195496082306e-03 7.817379198968410492e-03 8.450576104223728180e-03 7.893437519669532776e-03
9.619238476953906769e+00 8.127558045089244843e-03 1.091538113541901112e-03 7.828263565897941589e-03 8.239610120654106140e-03 7.637996226549148560e-03 8.511149324476718903e-03 8.721635676920413971e-03 8.374340832233428955e-03 7.949764840304851532e-03 7.805181667208671570e-03 8.436080068349838257e-03 7.881906814873218536e-03
9.639278557114227652e+00 8.113640360534191132e-03 1.089208992198109627e-03 7.814440876245498657e-03 8.226191624999046326e-03 7.626742590218782425e-03 8.498110808432102203e-03 8.707394823431968689e-03 8.359530009329319000e-03 7.935338653624057770e-03 7.793174590915441513e-03 8.422083221375942230e-03 7.870647124946117401e-03
9.659318637274548536e+00 8.098891004920005798e-03 1.087662531062960625e-03 7.800704333931207657e-03 8.211419917643070221e-03 7.614372763782739639e-03 8.483583107590675354e-03 8.693700656294822693e-03 8.346172049641609192e-03 7.922824472188949585e-03 7.780487649142742157e-03 8.408364839851856232e-03 7.858150638639926910e-03
9.679358717434869419e+00 8.083624765276908875e-03 1.086075091734528542e-03 7.784536574035882950e-03 8.195064961910247803e-03 7.601666264235973358e-03 8.468556217849254608e-03 8.679949678480625153e-03 8.331602439284324646e-03 7.909676991403102875e-03 7.766793016344308853e-03 8.392032235860824585e-03 7.845418527722358704e-03
9.699398797595190302e+00 8.068696595728397369e-03 1.083456561900675297e-03 7.769519463181495667e-03 8.177622221410274506e-03 7.590714376419782639e-03 8.453056216239929199e-03 8.667175658047199249e-03 8.316207677125930786e-03 7.897138595581054688e-03 7.752680685371160507e-03 8.375999517738819122e-03 7.833139039576053619e-03
9.719438877755511186e+00 8.054154925048351288e-03 1.082812319509685040e-03 7.755527272820472717e-03 8.161099627614021301e-03 7.579162716865539551e-03 8.437309414148330688e-03 8.656225167214870453e-03 8.303099311888217926e-03 7.883470505475997925e-03 7.737457752227783203e-03 8.359240368008613586e-03 7.820012979209423065e-03
9.739478957915832069e+00 8.039840497076511383e-03 1.082619768567383289e-03 7.740169763565063477e-03 8.144375868141651154e-03 7.566927000880241394e-03 8.420919068157672882e-03 8.645106106996536255e-03 8.290628902614116669e-03 7.869924418628215790e-03 7.721556350588798523e-03 8.342449553310871124e-03 7.807835470885038376e-03
9.759519038076151176e+00 8.026916533708572388e-03 1.082165865227580070e-03 7.727383170276880264e-03 8.128434419631958008e-03 7.553797215223312378e-03 8.404577150940895081e-03 8.633781224489212036e-03 8.279425092041492462e-03 7.856191135942935944e-03 7.706635165959596634e-03 8.326722308993339539e-03 7.796096149832010269e-03
9.779559118236472059e+00 8.013535290956497192e-03 1.081237802281975746e-03 7.716244086623191833e-03 8.114098571240901947e-03 7.541867904365062714e-03 8.388666436076164246e-03 8.622442372143268585e-03 8.267716504633426666e-03 7.841462269425392151e-03 7.691527251154184341e-03 8.311379700899124146e-03 7.784747052937746048e-03
9.799599198396792943e+00 7.999113760888576508e-03 1.081113354302942753e-03 7.704274263232946396e-03 8.101540617644786835e-03 7.529675029218196869e-03 8.373342454433441162e-03 8.610955439507961273e-03 8.255377411842346191e-03 7.825749926269054413e-03 7.677933666855096817e-03 8.297647349536418915e-03 7.773388642817735672e-03
9.819639278557113826e+00 7.984421215951442719e-03 1.080270623788237572e-03 7.691655773669481277e-03 8.090144954621791840e-03 7.517919875681400299e-03 8.358172141015529633e-03 8.598020300269126892e-03 8.242897689342498779e-03 7.812706753611564636e-03 7.664778735488653183e-03 8.283695206046104431e-03 7.759510539472103119e-03
9.839679358717434710e+00 7.970575243234634399e-03 1.079845475032925606e-03 7.679221685975790024e-03 8.080350235104560852e-03 7.505840156227350235e-03 8.343120105564594269e-03 8.586580865085124969e-03 8.229400031268596649e-03 7.799696642905473709e-03 7.652478758245706558e-03 8.269424550235271454e-03 7.745746057480573654e-03
9.859719438877755593e+00 7.956865243613719940e-03 1.077559310942888260e-03 7.667338941246271133e-03 8.070935495197772980e-03 7.495119236409664154e-03 8.329292759299278259e-03 8.574856445193290710e-03 8.213625289499759674e-03 7.787854410707950592e-03 7.641219068318605423e-03 8.255416527390480042e-03 7.734282407909631729e-03
9.879759519038076476e+00 7.943008095026016235e-03 1.075637992471456528e-03 7.656405679881572723e-03 8.061552420258522034e-03 7.484732661396265030e-03 8.316464722156524658e-03 8.563972078263759613e-03 8.198448456823825836e-03 7.777937687933444977e-03 7.629249710589647293e-03 8.241069503128528595e-03 7.723334245383739471e-03
9.899799599198395583e+00 7.930162362754344940e-03 1.072961720637977123e-03 7.646272890269756317e-03 8.050143718719482422e-03 7.474325597286224365e-03 8.303850889205932617e-03 8.552960120141506195e-03 8.181685581803321838e-03 7.767841685563325882e-03 7.616742514073848724e-03 8.226747624576091766e-03 7.712329737842082977e-03
9.919839679358716467e+00 7.919355295598506927e-03 1.069346093572676182e-03 7.638053968548774719e-03 8.039110340178012848e-03 7.464677561074495316e-03 8.293605409562587738e-03 8.541320450603961945e-03 8.166832849383354187e-03 7.759606465697288513e-03 7.604883983731269836e-03 8.212713524699211121e-03 7.702631410211324692e-03
9.939879759519037350e+00 7.909886538982391357e-03 1.065604039467871189e-03 7.630732376128435135e-03 8.027564734220504761e-03 7.455449085682630539e-03 8.284583687782287598e-03 8.529402315616607666e-03 8.154462091624736786e-03 7.752142846584320068e-03 7.593148387968540192e-03 8.200312964618206024e-03 7.695573382079601288e-03
9.959919839679358233e+00 7.903450168669223785e-03 1.063347212038934231e-03 7.624268066138029099e-03 8.016352541744709015e-03 7.447519339621067047e-03 8.276967331767082214e-03 8.520144969224929810e-03 8.145602419972419739e-03 7.745984941720962524e-03 7.583156693726778030e-03 8.190669119358062744e-03 7.688817102462053299e-03
9.979959919839679117e+00 7.898402400314807892e-03 1.063306233845651150e-03 7.617693860083818436e-03 8.007924072444438934e-03 7.440690416842699051e-03 8.270646445453166962e-03 8.513961918652057648e-03 8.140007033944129944e-03 7.740625645965337753e-03 7.576459553092718124e-03 8.184346370398998260e-03 7.682910189032554626e-03
1.000000000000000000e+01 7.895697839558124542e-03 1.063835225068032742e-03 7.613418158143758774e-03 8.003324270248413086e-03 7.436110638082027435e-03 8.267170749604701996e-03 8.511071093380451202e-03 8.135501295328140259e-03 7.737758569419384003e-03 7.572789210826158524e-03 8.180333301424980164e-03 7.678641006350517273e-03
