# Omega RhoOverOmega_mean RhoOverOmega_error RhoOverOmega_sample_0 RhoOverOmega_sample_1 RhoOverOmega_sample_2 RhoOverOmega_sample_3 RhoOverOmega_sample_4 RhoOverOmega_sample_5 RhoOverOmega_sample_6 RhoOverOmega_sample_7 RhoOverOmega_sample_8 RhoOverOmega_sample_9
0.000000000000000000e+00 2.570523880422115326e-03 2.733191067818552256e-04 2.681435085833072662e-03 2.610589377582073212e-03 2.668569795787334442e-03 2.598617458716034889e-03 2.546902047470211983e-03 2.579707885161042213e-03 2.613124204799532890e-03 2.653863979503512383e-03 2.642398700118064880e-03 2.760196104645729065e-03
2.004008016032064049e-02 2.475033795690251281e-07 1.204512159347359557e-06 2.344492884276405675e-07 1.642472540197559283e-07 2.818289885908598080e-07 1.437746959709329531e-06 2.315449023626570124e-07 1.911609643912015599e-07 2.782800549994135508e-07 1.683909971461616806e-07 2.661888061084027868e-07 3.809685154010367114e-07
4.008016032064128098e-02 1.811981036325960304e-07 8.816642775855143555e-07 1.717113917720780591e-07 1.201658648142256425e-07 2.064120110389922047e-07 1.052445099958276842e-06 1.694445472821826115e-07 1.400162403797367006e-07 2.038827631167805521e-07 1.233590296578768175e-07 1.948454126932119834e-07 2.786011066291393945e-07
6.012024048096192147e-02 1.742063346910072141e-07 8.426571866948506795e-07 1.651722953965872875e-07 1.154877864451009373e-07 1.985113016189643531e-07 1.006853949547803495e-06 1.627671508686034940e-07 1.347296318954249728e-07 1.961014959306339733e-07 1.187054081697169750e-07 1.871768517958116718e-07 2.672360039923660224e-07
8.016032064128256196e-02 1.873613371117244242e-07 8.965698157226142939e-07 1.778473546210079803e-07 1.241754574721198878e-07 2.136084162884799298e-07 1.073150542652001604e-06 1.749278624174621655e-07 1.450938782454613829e-07 2.110831616164432489e-07 1.279090611205901951e-07 2.011077384622694808e-07 2.864900068288989132e-07
1.002004008016031955e-01 2.144336122000822797e-07 1.011985432342044078e-06 2.037327107018427341e-07 1.420627029347087955e-07 2.446217592932953266e-07 1.214072426591883413e-06 1.999419794174173148e-07 1.663783990579759120e-07 2.417077382688148646e-07 1.467093113660666859e-07 2.297936276818290935e-07 3.264158010551909683e-07
1.202404809619238429e-01 2.552341129558044486e-07 1.182944515676354058e-06 2.429503638268215582e-07 1.690860216285727802e-07 2.914904086992464727e-07 1.423435378455906175e-06 2.376918502022817847e-07 1.985624180633749347e-07 2.880395015836256789e-07 1.752113547581757302e-07 2.731416088863625191e-07 3.866159943299862789e-07
1.402805611222444904e-01 3.124418412880913820e-07 1.416478312421531882e-06 2.979087128096580273e-07 2.069262308168617892e-07 3.570849855805136031e-07 1.710797278065001592e-06 2.904293125993717695e-07 2.437301134250446921e-07 3.529332275320484769e-07 2.152113012243717094e-07 3.337042926432332024e-07 4.703799447725032223e-07
1.603206412825651239e-01 3.904785614849970443e-07 1.723679702081426512e-06 3.729972206656384515e-07 2.585197194093780126e-07 4.466035932182421675e-07 2.091373971779830754e-06 3.621269115683389828e-07 3.055775152915884973e-07 4.416186243361153174e-07 2.700763275242934469e-07 4.160044966283749091e-07 5.837037519995647017e-07
1.803607214428857575e-01 4.958924932907393668e-07 2.122355908795725554e-06 4.748691821987449657e-07 3.282222280631685862e-07 5.677232479683880229e-07 2.589071073089144193e-06 4.589392688103544060e-07 3.894446933827566681e-07 5.615362397293210961e-07 3.446198206802364439e-07 5.268252039059007075e-07 7.356068749686528463e-07
2.004008016032063910e-01 6.379967771863448434e-07 2.635547616591793485e-06 6.125364961917512119e-07 4.223138887482491555e-07 7.312521006497263443e-07 3.235628128095413558e-06 5.888998089176311623e-07 5.032330250287486706e-07 7.236493502205121331e-07 4.458911746496596606e-07 6.758888275726349093e-07 9.383800261275609955e-07
2.204408817635270523e-01 8.299497267216793261e-07 3.292573865110171027e-06 7.990893777787277941e-07 5.494984520737489220e-07 9.522506161374622025e-07 4.072571755386888981e-06 7.640709327461081557e-07 6.577990347977902275e-07 9.427726013200299349e-07 5.836113246004970279e-07 8.764920949033694342e-07 1.209496076626237482e-06
2.404809619238476859e-01 1.090129217118374072e-06 4.130189154238905758e-06 1.052953052749217022e-06 7.220465931823127903e-07 1.251820549441617914e-06 5.153697202331386507e-06 1.000418137664382812e-06 8.684636441103066318e-07 1.240062147189746611e-06 7.717891321590286680e-07 1.147000034507072996e-06 1.572638666402781382e-06
2.605210420841683194e-01 1.444003373762825504e-06 5.197550308366771787e-06 1.399620032316306606e-06 9.572457884132745676e-07 1.659789631958119571e-06 6.551657861564308405e-06 1.321084482697187923e-06 1.157058250100817531e-06 1.645606062083970755e-06 1.030225462272937875e-06 1.513697839072847273e-06 2.061178065559943207e-06
2.805611222444889807e-01 1.928020765262772329e-06 6.560496785823488608e-06 1.875834868769743480e-06 1.279553998756455258e-06 2.218031340817105956e-06 8.365925168618559837e-06 1.757692416504141875e-06 1.555110202389187180e-06 2.201188408434973098e-06 1.387205884384457022e-06 2.012856839428422973e-06 2.721771807046025060e-06
3.006012024048095865e-01 2.593769067971152253e-06 8.298548891616519541e-06 2.533931137804756872e-06 1.724169123917818069e-06 2.986053004860877991e-06 1.072341910912655294e-05 2.356515551582560875e-06 2.106751935571082868e-06 2.966493639178224839e-06 1.883879008346411865e-06 2.696827777981525287e-06 3.619472408900037408e-06
3.206412825651302478e-01 3.516738161124521866e-06 1.052135303325485438e-05 3.450136318861041218e-06 2.342336983929271810e-06 4.050037659908412024e-06 1.380288358632242307e-05 3.182713271598913707e-06 2.878198301914380863e-06 4.028377588838338852e-06 2.579707825134391896e-06 3.638999260147102177e-06 4.848580829275306314e-06
3.406813627254509091e-01 4.804530817636987194e-06 1.338342190138064325e-05 4.734348749479977414e-06 3.208379212082945742e-06 5.535229320230428129e-06 1.785719723557122052e-05 4.330820047471206635e-06 3.963983090216061100e-06 5.512408733920892701e-06 3.563707650755532086e-06 4.948379682900849730e-06 6.543484232679475099e-06
3.607214428857715149e-01 6.620042313443263993e-06 1.708504532871302217e-05 6.554532774316612631e-06 4.434346919879317284e-06 7.626385922776535153e-06 2.323500666534528136e-05 5.942064035480143502e-06 5.509696620720205829e-06 7.605859991599572822e-06 4.968391294823959470e-06 6.784105607948731631e-06 8.903278285288251936e-06
3.807615230460921762e-01 9.205164133163634688e-06 2.191251769545488060e-05 9.159976798400748521e-06 6.189288797031622380e-06 1.060169233824126422e-05 3.044198820134624839e-05 8.228113074437715113e-06 7.732703124929685146e-06 1.059143505699466914e-05 6.996959200478158891e-06 9.384078111907001585e-06 1.222467562911333516e-05
4.008016032064127820e-01 1.293693367188097909e-05 2.831086567312013358e-05 1.294285721087362617e-05 8.736938980291597545e-06 1.489041733293561265e-05 4.026505121146328747e-05 1.151299511548131704e-05 1.097581116482615471e-05 1.490604608989087865e-05 9.968921403924468905e-06 1.311752112087560818e-05 1.696638537396211177e-05
4.208416833667334433e-01 1.841862831497564912e-05 3.691792153404094279e-05 1.852570130722597241e-05 1.249987781193340197e-05 2.117759868269786239e-05 5.388680438045412302e-05 1.631464328966103494e-05 1.579184208821970969e-05 2.124404818459879607e-05 1.440105370420496911e-05 1.857125062088016421e-05 2.385403786320239305e-05
4.408817635270541047e-01 2.664372004801407456e-05 4.877807805314660072e-05 2.695094735827296972e-05 1.818079726945143193e-05 3.059139635297469795e-05 7.324558828258886933e-05 2.348392627027351409e-05 2.309241426701191813e-05 3.076058055739849806e-05 2.116053838108200580e-05 2.670556386874523014e-05 3.408831253182142973e-05
4.609218436873747105e-01 3.934707274311222136e-05 6.565849616890773177e-05 4.003764479421079159e-05 2.700242293940391392e-05 4.509155769483186305e-05 1.016698952298611403e-04 3.449617361184209585e-05 3.449860741966404021e-05 4.545820775092579424e-05 3.176756217726506293e-05 3.919457230949774384e-05 4.973066097591072321e-05
4.809619238476953718e-01 5.976909960736520588e-05 9.085547208087518811e-05 6.120162288425490260e-05 4.125312261749058962e-05 6.833326187916100025e-05 1.453559671062976122e-04 5.208110087551176548e-05 5.304329170030541718e-05 6.910470983712002635e-05 4.911123687634244561e-05 5.912904452998191118e-05 7.468261173926293850e-05
5.010020040080159776e-01 9.465148468734696507e-05 1.361164177069440484e-04 9.755938663147389889e-05 6.560746987815946341e-05 1.078999193850904703e-04 2.223990886704996228e-04 8.184264152077957988e-05 8.504676225129514933e-05 1.095417392207309604e-04 7.920127245597541332e-05 9.286741260439157486e-05 1.169651077361777425e-04
5.210420841683366389e-01 1.907940750243142247e-04 1.382557791657745838e-03 1.951857993844896555e-04 1.121893510571680963e-04 2.237199805676937103e-04 1.568543841131031513e-03 1.483619271311908960e-04 1.646958698984235525e-04 2.390987647231668234e-04 1.471779542043805122e-04 1.733304670779034495e-04 2.436877985019236803e-04
5.410821643286573002e-01 1.147923804819583893e-02 1.893555000424385071e-02 1.112773641943931580e-02 1.197185134515166283e-03 1.259892247617244720e-02 2.484290115535259247e-02 6.514160428196191788e-03 9.167900308966636658e-03 1.397511176764965057e-02 6.620815955102443695e-03 8.215253241360187531e-03 1.324183028191328049e-02
5.611222444889779615e-01 5.207395181059837341e-02 1.445856038480997086e-02 5.247192084789276123e-02 4.284919798374176025e-02 5.265176296234130859e-02 6.092397868633270264e-02 4.753642156720161438e-02 5.033534765243530273e-02 5.328891426324844360e-02 4.941280558705329895e-02 4.884096980094909668e-02 5.378733202815055847e-02
5.811623246492986228e-01 1.023879945278167725e-01 4.038777202367782593e-03 1.036814004182815552e-01 1.009256169199943542e-01 1.019475013017654419e-01 1.009599491953849792e-01 1.009839847683906555e-01 1.019597128033638000e-01 1.008596122264862061e-01 1.039827466011047363e-01 1.009624600410461426e-01 1.034986749291419983e-01
6.012024048096191731e-01 1.505326181650161743e-01 1.566611975431442261e-02 1.524201482534408569e-01 1.578126698732376099e-01 1.492086648941040039e-01 1.390000730752944946e-01 1.530791819095611572e-01 1.511118412017822266e-01 1.461864411830902100e-01 1.557867079973220825e-01 1.515471488237380981e-01 1.510427892208099365e-01
6.212424849699398344e-01 1.899865269660949707e-01 2.642065659165382385e-02 1.920295953750610352e-01 2.040740549564361572e-01 1.881856173276901245e-01 1.713188290596008301e-01 1.961340308189392090e-01 1.909323930740356445e-01 1.834818720817565918e-01 1.972607076168060303e-01 1.933291107416152954e-01 1.900742948055267334e-01
6.412825651302604957e-01 2.177932709455490112e-01 3.196380659937858582e-02 2.195788323879241943e-01 2.355851233005523682e-01 2.159671783447265625e-01 1.958464980125427246e-01 2.265681326389312744e-01 2.184770554304122925e-01 2.100962102413177490e-01 2.252783775329589844e-01 2.229154407978057861e-01 2.176366150379180908e-01
6.613226452905811570e-01 2.332653850317001343e-01 3.228682652115821838e-02 2.345105111598968506e-01 2.515713572502136230e-01 2.318180203437805176e-01 2.117272168397903442e-01 2.434574663639068604e-01 2.332561910152435303e-01 2.254062741994857788e-01 2.394577860832214355e-01 2.394150346517562866e-01 2.329943180084228516e-01
6.813627254509018183e-01 2.371376752853393555e-01 2.831629477441310883e-02 2.376733124256134033e-01 2.532089054584503174e-01 2.363548427820205688e-01 2.189880162477493286e-01 2.475206404924392700e-01 2.362280040979385376e-01 2.300288081169128418e-01 2.410022765398025513e-01 2.435099929571151733e-01 2.368000745773315430e-01
7.014028056112223686e-01 2.309397757053375244e-01 2.146827243268489838e-02 2.307201325893402100e-01 2.427574545145034790e-01 2.309845685958862305e-01 2.182379812002182007e-01 2.404287606477737427e-01 2.291143387556076050e-01 2.252954393625259399e-01 2.319455593824386597e-01 2.368009537458419800e-01 2.305270880460739136e-01
7.214428857715430299e-01 2.166011035442352295e-01 1.363562233746051788e-02 2.156752198934555054e-01 2.229473888874053955e-01 2.175117731094360352e-01 2.104718983173370361e-01 2.243326306343078613e-01 2.140032202005386353e-01 2.129111588001251221e-01 2.146530747413635254e-01 2.213493436574935913e-01 2.160608023405075073e-01
7.414829659318636912e-01 1.961725950241088867e-01 8.888917975127696991e-03 1.946633905172348022e-01 1.965944319963455200e-01 1.978801339864730835e-01 1.969140172004699707e-01 2.015493661165237427e-01 1.930499374866485596e-01 1.946868449449539185e-01 1.915280073881149292e-01 1.993796527385711670e-01 1.954482793807983398e-01
7.615230460921843525e-01 1.716652959585189819e-01 1.257505640387535095e-02 1.697350889444351196e-01 1.663721352815628052e-01 1.740312278270721436e-01 1.788992136716842651e-01 1.743664592504501343e-01 1.683095097541809082e-01 1.724146753549575806e-01 1.648285984992980957e-01 1.730869263410568237e-01 1.707177311182022095e-01
7.815631262525050138e-01 1.449426263570785522e-01 1.929996535181999207e-02 1.427776366472244263e-01 1.346822977066040039e-01 1.477879285812377930e-01 1.577710211277008057e-01 1.449300646781921387e-01 1.416464447975158691e-01 1.477763205766677856e-01 1.365682929754257202e-01 1.445285975933074951e-01 1.437533199787139893e-01
8.016032064128255641e-01 1.176688894629478455e-01 2.517101913690567017e-02 1.154522448778152466e-01 1.035945788025856018e-01 1.207878887653350830e-01 1.348318159580230713e-01 1.151477545499801636e-01 1.146894097328186035e-01 1.222764626145362854e-01 1.084708049893379211e-01 1.155425906181335449e-01 1.162664219737052917e-01
8.216432865731462254e-01 9.128384292125701904e-02 2.913217991590499878e-02 8.918039500713348389e-02 7.482319325208663940e-02 9.445910900831222534e-02 1.112971529364585876e-01 8.668279647827148438e-02 8.881473541259765625e-02 9.722824394702911377e-02 8.197235316038131714e-02 8.772758394479751587e-02 8.972195535898208618e-02
8.416833667334668867e-01 6.698569655418395996e-02 3.077108785510063171e-02 6.514208763837814331e-02 4.974161088466644287e-02 7.001865655183792114e-02 8.826582133769989014e-02 6.092186272144317627e-02 6.514970958232879639e-02 7.374437153339385986e-02 5.822851136326789856e-02 6.242363527417182922e-02 6.536208093166351318e-02
8.617234468937875480e-01 4.574843868613243103e-02 2.992713637650012970e-02 4.427136108279228210e-02 2.939959801733493805e-02 4.846348240971565247e-02 6.669959425926208496e-02 3.899358212947845459e-02 4.458289220929145813e-02 5.273666605353355408e-02 3.812251985073089600e-02 4.072580486536026001e-02 4.418760910630226135e-02
8.817635270541082093e-01 2.831956371665000916e-02 2.661730721592903137e-02 2.727631852030754089e-02 1.452810876071453094e-02 3.057656809687614441e-02 4.742287471890449524e-02 2.176553197205066681e-02 2.777527458965778351e-02 3.491825982928276062e-02 2.228521928191184998e-02 2.346914634108543396e-02 2.696183510124683380e-02
9.018036072144288706e-01 1.523535232990980148e-02 2.106720022857189178e-02 1.464383583515882492e-02 5.493677221238613129e-03 1.692750491201877594e-02 3.111337684094905853e-02 9.829165413975715637e-03 1.517940685153007507e-02 2.081971429288387299e-02 1.110688224434852600e-02 1.123352907598018646e-02 1.422680821269750595e-02
9.218436873747494209e-01 6.769000552594661713e-03 1.398579496890306473e-02 6.589552387595176697e-03 1.941804774105548859e-03 7.839887402951717377e-03 1.829321682453155518e-02 3.390500787645578384e-03 6.991752889007329941e-03 1.077113021165132523e-02 4.635294433683156967e-03 4.241896327584981918e-03 6.234048400074243546e-03
9.418837675350700822e-01 2.732768421992659569e-03 7.235217373818159103e-03 2.825075527653098106e-03 1.293180626817047596e-03 3.220248268917202950e-03 9.292915463447570801e-03 1.495426171459257603e-03 2.978440141305327415e-03 4.819079767912626266e-03 2.170238411054015160e-03 1.818802207708358765e-03 2.674933522939682007e-03
9.619238476953907435e-01 1.642453484237194061e-03 2.707604318857192993e-03 1.793259638361632824e-03 1.224186038598418236e-03 1.829649670980870724e-03 4.145399201661348343e-03 1.204784610308706760e-03 1.800233381800353527e-03 2.380163641646504402e-03 1.629506121389567852e-03 1.375004532746970654e-03 1.768871909007430077e-03
9.819639278557114048e-01 1.454384298995137215e-03 9.149531251750886440e-04 1.609077327884733677e-03 1.246015890501439571e-03 1.562846591696143150e-03 2.174590248614549637e-03 1.178113394416868687e-03 1.579123665578663349e-03 1.761159976013004780e-03 1.561631914228200912e-03 1.321408315561711788e-03 1.615093089640140533e-03
1.002004008016031955e+00 1.449655857868492603e-03 5.484642460942268372e-04 1.610578503459692001e-03 1.292893313802778721e-03 1.539065968245267868e-03 1.693339901976287365e-03 1.197733799926936626e-03 1.573336543515324593e-03 1.655624480918049812e-03 1.595318666659295559e-03 1.338984351605176926e-03 1.619710586965084076e-03
1.022044088176352616e+00 1.489703310653567314e-03 5.073411157354712486e-04 1.660830224864184856e-03 1.355902291834354401e-03 1.573000452481210232e-03 1.607024110853672028e-03 1.234149211086332798e-03 1.622395939193665981e-03 1.672410289756953716e-03 1.662861905060708523e-03 1.379518420435488224e-03 1.667465548962354660e-03
1.042084168336673278e+00 1.550586544908583164e-03 5.216610734350979328e-04 1.735936035402119160e-03 1.434498466551303864e-03 1.631247461773455143e-03 1.615782734006643295e-03 1.283859251998364925e-03 1.697154482826590538e-03 1.728580100461840630e-03 1.752290409058332443e-03 1.435729325748980045e-03 1.740070292726159096e-03
1.062124248496993939e+00 1.629746053367853165e-03 5.561505095101892948e-04 1.834165304899215698e-03 1.531507936306297779e-03 1.709207659587264061e-03 1.657244050875306129e-03 1.347378129139542580e-03 1.794292824342846870e-03 1.809257664717733860e-03 1.866548904217779636e-03 1.508256187662482262e-03 1.833579153753817081e-03
1.082164328657314600e+00 1.731670345179736614e-03 6.224227254278957844e-04 1.964674564078450203e-03 1.652766019105911255e-03 1.809817389585077763e-03 1.718231360428035259e-03 1.425692345947027206e-03 1.925572054460644722e-03 1.918270485475659370e-03 2.026726724579930305e-03 1.597566879354417324e-03 1.955946907401084900e-03
1.102204408817635262e+00 1.873932429589331150e-03 7.727760239504277706e-04 2.162947785109281540e-03 1.821541343815624714e-03 1.946808886714279652e-03 1.801159814931452274e-03 1.521801808848977089e-03 2.132247667759656906e-03 2.079614670947194099e-03 2.294092671945691109e-03 1.710518612526357174e-03 2.129336819052696228e-03
1.122244488977955923e+00 2.112834248691797256e-03 1.177940517663955688e-03 2.538598841056227684e-03 2.121346071362495422e-03 2.169315237551927567e-03 1.917738583870232105e-03 1.647599041461944580e-03 2.536954823881387711e-03 2.373280236497521400e-03 2.848728094249963760e-03 1.868095132522284985e-03 2.432417124509811401e-03
1.142284569138276584e+00 2.630397910252213478e-03 2.206327859312295914e-03 3.378549823537468910e-03 2.812221646308898926e-03 2.626626053825020790e-03 2.109249355271458626e-03 1.848258310928940773e-03 3.446158021688461304e-03 3.018089337274432182e-03 4.096892662346363068e-03 2.151262480765581131e-03 3.083770861849188805e-03
1.162324649298597246e+00 3.865747945383191109e-03 4.306752234697341919e-03 5.222464445978403091e-03 4.474659450352191925e-03 3.699364606291055679e-03 2.509839367121458054e-03 2.284731250256299973e-03 5.404814612120389938e-03 4.474744200706481934e-03 6.634728983044624329e-03 2.808843972161412239e-03 4.561549983918666840e-03
1.182364729458917685e+00 6.475165020674467087e-03 7.530412636697292328e-03 8.647504262626171112e-03 7.817759178578853607e-03 6.024367641657590866e-03 3.466712776571512222e-03 3.416040679439902306e-03 8.940651081502437592e-03 7.334346417337656021e-03 1.089709345251321793e-02 4.413039423525333405e-03 7.506796624511480331e-03
1.202404809619238346e+00 1.092425733804702759e-02 1.133225206285715103e-02 1.392558123916387558e-02 1.318010967224836349e-02 1.014364138245582581e-02 5.588319152593612671e-03 6.027094088494777679e-03 1.427240855991840363e-02 1.196933258324861526e-02 1.699200086295604706e-02 7.695659995079040527e-03 1.232890132814645767e-02
1.222444889779559007e+00 1.731311902403831482e-02 1.505318470299243927e-02 2.104934491217136383e-02 2.054356038570404053e-02 1.623261347413063049e-02 9.435103274881839752e-03 1.069684792309999466e-02 2.137207984924316406e-02 1.844879612326622009e-02 2.483029849827289581e-02 1.304638851433992386e-02 1.909462735056877136e-02
1.242484969939879669e+00 2.554120309650897980e-02 1.832719147205352783e-02 2.987687475979328156e-02 2.972823195159435272e-02 2.421631664037704468e-02 1.522694248706102371e-02 1.753507182002067566e-02 3.009965643286705017e-02 2.667173556983470917e-02 3.423973917961120605e-02 2.047217823565006256e-02 2.768018655478954315e-02
1.262525050100200330e+00 3.541894257068634033e-02 2.101449295878410339e-02 4.021209105849266052e-02 4.050553962588310242e-02 3.391822427511215210e-02 2.293241396546363831e-02 2.640702202916145325e-02 4.026885703206062317e-02 3.646616265177726746e-02 4.501570761203765869e-02 2.981246821582317352e-02 3.789221867918968201e-02
1.282565130260520991e+00 4.673151671886444092e-02 2.307837270200252533e-02 5.183961987495422363e-02 5.262683331966400146e-02 4.512319341301918030e-02 3.240489214658737183e-02 3.709257021546363831e-02 5.167957022786140442e-02 4.763170704245567322e-02 5.694973468780517578e-02 4.084005579352378845e-02 4.950065165758132935e-02
1.302605210420841653e+00 5.925768986344337463e-02 2.453487925231456757e-02 6.454323232173919678e-02 6.585069000720977783e-02 5.760239064693450928e-02 4.344363138079643250e-02 4.934066534042358398e-02 6.412584334611892700e-02 5.996147915720939636e-02 6.983693689107894897e-02 5.331471189856529236e-02 6.228364631533622742e-02
1.322645290581162314e+00 7.277997583150863647e-02 2.542189694941043854e-02 7.811480015516281128e-02 7.994605600833892822e-02 7.113339751958847046e-02 5.583467707037925720e-02 6.289456039667129517e-02 7.741625607013702393e-02 7.325325906276702881e-02 8.347775042057037354e-02 6.699010729789733887e-02 7.601959258317947388e-02
1.342685370741482975e+00 8.708526939153671265e-02 2.578653581440448761e-02 9.235714375972747803e-02 9.470165520906448364e-02 8.549515902996063232e-02 6.936170905828475952e-02 7.751104980707168579e-02 9.136416018009185791e-02 8.731158077716827393e-02 9.768647700548171997e-02 8.162555843591690063e-02 9.049160778522491455e-02
1.362725450901803637e+00 1.019814908504486084e-01 2.568158879876136780e-02 1.070874035358428955e-01 1.099210828542709351e-01 1.004876866936683655e-01 8.381628990173339844e-02 9.295814484357833862e-02 1.057972386479377747e-01 1.019481569528579712e-01 1.122901290655136108e-01 9.699740260839462280e-02 1.055115461349487305e-01
1.382765531062124298e+00 1.172867864370346069e-01 2.516419440507888794e-02 1.221322789788246155e-01 1.254238933324813843e-01 1.159172058105468750e-01 9.899432212114334106e-02 1.090153679251670837e-01 1.205547228455543518e-01 1.169891655445098877e-01 1.271268427371978760e-01 1.128982529044151306e-01 1.208998337388038635e-01
1.402805611222444737e+00 1.328336596488952637e-01 2.429216541349887848e-02 1.373356431722640991e-01 1.410440355539321899e-01 1.316125839948654175e-01 1.147025227546691895e-01 1.254816204309463501e-01 1.354847699403762817e-01 1.322744637727737427e-01 1.420564353466033936e-01 1.291393488645553589e-01 1.364783048629760742e-01
1.422845691382765398e+00 1.484611332416534424e-01 2.312197908759117126e-02 1.525537520647048950e-01 1.566336303949356079e-01 1.474103629589080811e-01 1.307651549577713013e-01 1.421730667352676392e-01 1.504537165164947510e-01 1.476553976535797119e-01 1.569461375474929810e-01 1.455393284559249878e-01 1.520963311195373535e-01
1.442885771543086060e+00 1.640277504920959473e-01 2.171473205089569092e-02 1.676564365625381470e-01 1.720586568117141724e-01 1.631615310907363892e-01 1.470134854316711426e-01 1.589190214872360229e-01 1.653341203927993774e-01 1.629939228296279907e-01 1.716737449169158936e-01 1.619398146867752075e-01 1.676167547702789307e-01
1.462925851703406721e+00 1.794166713953018188e-01 2.013635449111461639e-02 1.825287193059921265e-01 1.871990859508514404e-01 1.787349581718444824e-01 1.632946133613586426e-01 1.755668222904205322e-01 1.800137460231781006e-01 1.781657338142395020e-01 1.861371695995330811e-01 1.781921684741973877e-01 1.829155087471008301e-01
1.482965931863727382e+00 1.945119053125381470e-01 1.845258101820945740e-02 1.970664858818054199e-01 2.019501030445098877e-01 1.940096616744995117e-01 1.794693171977996826e-01 1.919776946306228638e-01 1.943913400173187256e-01 1.930638253688812256e-01 2.002401351928710938e-01 1.941671222448348999e-01 1.978779882192611694e-01
1.503006012024048044e+00 2.092128098011016846e-01 1.674025692045688629e-02 2.111771702766418457e-01 2.162227183580398560e-01 2.088825255632400513e-01 1.954107433557510376e-01 2.080308943986892700e-01 2.083783447742462158e-01 2.075869590044021606e-01 2.138973623514175415e-01 2.097527533769607544e-01 2.124098241329193115e-01
1.523046092184368705e+00 2.234256714582443237e-01 1.508886646479368210e-02 2.247816622257232666e-01 2.299400418996810913e-01 2.232566773891448975e-01 2.110047936439514160e-01 2.236145138740539551e-01 2.219007164239883423e-01 2.216503471136093140e-01 2.270361334085464478e-01 2.248440980911254883e-01 2.264235615730285645e-01
1.543086172344689366e+00 2.370762526988983154e-01 1.360591407865285873e-02 2.378091514110565186e-01 2.430334687232971191e-01 2.370537221431732178e-01 2.261458933353424072e-01 2.386345863342285156e-01 2.348879128694534302e-01 2.351754307746887207e-01 2.395943850278854370e-01 2.393528074026107788e-01 2.398401200771331787e-01
1.563126252505010028e+00 2.500971555709838867e-01 1.241696905344724655e-02 2.501991093158721924e-01 2.554480433464050293e-01 2.502033412456512451e-01 2.407439649105072021e-01 2.530078589916229248e-01 2.472791820764541626e-01 2.480934709310531616e-01 2.515177726745605469e-01 2.532029747962951660e-01 2.525995671749114990e-01
1.583166332665330689e+00 2.624298632144927979e-01 1.164879836142063141e-02 2.619037330150604248e-01 2.671338021755218506e-01 2.626478672027587891e-01 2.547214329242706299e-01 2.666635513305664062e-01 2.590239644050598145e-01 2.603489160537719727e-01 2.627611458301544189e-01 2.663300037384033203e-01 2.646479010581970215e-01
1.603206412825651128e+00 2.740287184715270996e-01 1.140020415186882019e-02 2.728819847106933594e-01 2.780527770519256592e-01 2.743359506130218506e-01 2.680035233497619629e-01 2.795409858226776123e-01 2.700839042663574219e-01 2.718917727470397949e-01 2.732874751091003418e-01 2.786757051944732666e-01 2.759425044059753418e-01
1.623246492985971789e+00 2.848554551601409912e-01 1.168520562350749969e-02 2.831010222434997559e-01 2.881769835948944092e-01 2.852301597595214844e-01 2.805371284484863281e-01 2.915871143341064453e-01 2.804245352745056152e-01 2.826813161373138428e-01 2.830667793750762939e-01 2.901951074600219727e-01 2.864467799663543701e-01
1.643286573146292451e+00 2.948777377605438232e-01 1.243244111537933350e-02 2.925347089767456055e-01 2.974828481674194336e-01 2.952983975410461426e-01 2.922751307487487793e-01 3.027601242065429688e-01 2.900153696537017822e-01 2.926870882511138916e-01 2.920792400836944580e-01 3.008499443531036377e-01 2.961331307888031006e-01
1.663326653306613112e+00 3.040706217288970947e-01 1.352767273783683777e-02 3.011637330055236816e-01 3.059569299221038818e-01 3.045174181461334229e-01 3.031742870807647705e-01 3.130303919315338135e-01 2.988323271274566650e-01 3.018834590911865234e-01 3.003059923648834229e-01 3.106167614459991455e-01 3.049806654453277588e-01
1.683366733466933773e+00 3.124173581600189209e-01 1.484315376728773117e-02 3.089755177497863770e-01 3.135869204998016357e-01 3.128683865070343018e-01 3.132034838199615479e-01 3.223740458488464355e-01 3.068591654300689697e-01 3.102533817291259766e-01 3.077383637428283691e-01 3.194748163223266602e-01 3.129764199256896973e-01
1.703406813627254435e+00 3.199104070663452148e-01 1.627279818058013916e-02 3.159637153148651123e-01 3.203667700290679932e-01 3.203409612178802490e-01 3.223364651203155518e-01 3.307754993438720703e-01 3.140873014926910400e-01 3.177858293056488037e-01 3.143715858459472656e-01 3.274129331111907959e-01 3.201098144054412842e-01
1.723446893787575096e+00 3.265438377857208252e-01 1.773875020444393158e-02 3.221248090267181396e-01 3.262966275215148926e-01 3.269332647323608398e-01 3.305575847625732422e-01 3.382248282432556152e-01 3.205137252807617188e-01 3.244707286357879639e-01 3.202021718025207520e-01 3.344238102436065674e-01 3.263799250125885010e-01
1.743486973947895757e+00 3.323166370391845703e-01 1.918197982013225555e-02 3.274640738964080811e-01 3.313857316970825195e-01 3.326456546783447266e-01 3.378537297248840332e-01 3.447207510471343994e-01 3.261359930038452148e-01 3.303098976612091064e-01 3.252381980419158936e-01 3.405038714408874512e-01 3.317878544330596924e-01
1.763527054108216419e+00 3.372341394424438477e-01 2.056499384343624115e-02 3.319846689701080322e-01 3.356426954269409180e-01 3.374848365783691406e-01 3.442218303680419922e-01 3.502663969993591309e-01 3.309581279754638672e-01 3.353060185909271240e-01 3.294853866100311279e-01 3.456603586673736572e-01 3.363418579101562500e-01
1.783567134268537080e+00 3.413074016571044922e-01 2.185717411339282990e-02 3.356999754905700684e-01 3.390847444534301758e-01 3.414630889892578125e-01 3.496601283550262451e-01 3.548683226108551025e-01 3.349865376949310303e-01 3.394652903079986572e-01 3.329484760761260986e-01 3.498998284339904785e-01 3.400540053844451904e-01
1.803607214428857741e+00 3.445435762405395508e-01 2.303517051041126251e-02 3.386226594448089600e-01 3.417242169380187988e-01 3.445928692817687988e-01 3.541745543479919434e-01 3.585380911827087402e-01 3.382359743118286133e-01 3.428030610084533691e-01 3.356491327285766602e-01 3.532373607158660889e-01 3.429424762725830078e-01
1.823647294589178181e+00 3.469632565975189209e-01 2.408561296761035919e-02 3.407682478427886963e-01 3.435785174369812012e-01 3.468901515007019043e-01 3.577743172645568848e-01 3.612934350967407227e-01 3.407196104526519775e-01 3.453285694122314453e-01 3.376049101352691650e-01 3.556937277317047119e-01 3.450264632701873779e-01
1.843687374749498842e+00 3.485827445983886719e-01 2.499816007912158966e-02 3.421593904495239258e-01 3.446719646453857422e-01 3.483773171901702881e-01 3.604746460914611816e-01 3.631507754325866699e-01 3.424510061740875244e-01 3.470605611801147461e-01 3.388316631317138672e-01 3.572903275489807129e-01 3.463247120380401611e-01
1.863727454909819503e+00 3.494274020195007324e-01 2.576589956879615784e-02 3.428168296813964844e-01 3.450272381305694580e-01 3.490784168243408203e-01 3.622931540012359619e-01 3.641348183155059814e-01 3.434500992298126221e-01 3.480202853679656982e-01 3.393519222736358643e-01 3.580506145954132080e-01 3.468563854694366455e-01
1.883767535070140164e+00 3.495203256607055664e-01 2.638509124517440796e-02 3.427641093730926514e-01 3.446708023548126221e-01 3.490197658538818359e-01 3.632507622241973877e-01 3.642724156379699707e-01 3.437395989894866943e-01 3.482304513454437256e-01 3.391853570938110352e-01 3.579992651939392090e-01 3.466533422470092773e-01
1.903807615230460826e+00 3.488852083683013916e-01 2.685465291142463684e-02 3.420268893241882324e-01 3.436313867568969727e-01 3.482275009155273438e-01 3.633719682693481445e-01 3.635934889316558838e-01 3.433426022529602051e-01 3.477166295051574707e-01 3.383600115776062012e-01 3.571678996086120605e-01 3.457423746585845947e-01
1.923847695390781487e+00 3.475517630577087402e-01 2.717126719653606415e-02 3.406314551830291748e-01 3.419344723224639893e-01 3.467326760292053223e-01 3.626828491687774658e-01 3.621254265308380127e-01 3.422832190990447998e-01 3.465050756931304932e-01 3.369032144546508789e-01 3.555811047554016113e-01 3.441480398178100586e-01
1.943887775551102148e+00 3.455479443073272705e-01 2.733987942337989807e-02 3.386068940162658691e-01 3.396112322807312012e-01 3.445701003074645996e-01 3.612103760242462158e-01 3.599032163619995117e-01 3.405840396881103516e-01 3.446242809295654297e-01 3.348401486873626709e-01 3.532783985137939453e-01 3.419021070003509521e-01
1.963927855711422810e+00 3.429042398929595947e-01 2.736050263047218323e-02 3.359827101230621338e-01 3.366937637329101562e-01 3.417692482471466064e-01 3.589818775653839111e-01 3.569600582122802734e-01 3.382727205753326416e-01 3.421032130718231201e-01 3.321962952613830566e-01 3.502909541130065918e-01 3.390365839004516602e-01
1.983967935871743471e+00 3.396507799625396729e-01 2.723568491637706757e-02 3.327899873256683350e-01 3.332144916057586670e-01 3.383627235889434814e-01 3.560300767421722412e-01 3.533320724964141846e-01 3.353758454322814941e-01 3.389719724655151367e-01 3.290035724639892578e-01 3.466503918170928955e-01 3.355812430381774902e-01
2.004008016032063910e+00 3.358190059661865234e-01 2.697287499904632568e-02 3.290565609931945801e-01 3.292022943496704102e-01 3.343859016895294189e-01 3.523927032947540283e-01 3.490553200244903564e-01 3.319236338138580322e-01 3.352594673633575439e-01 3.252952992916107178e-01 3.423945307731628418e-01 3.315683305263519287e-01
2.024048096192384794e+00 3.314386010169982910e-01 2.657990530133247375e-02 3.248140513896942139e-01 3.246916830539703369e-01 3.298703432083129883e-01 3.481061756610870361e-01 3.441656529903411865e-01 3.279437124729156494e-01 3.309968113899230957e-01 3.210956156253814697e-01 3.375584781169891357e-01 3.270321786403656006e-01
2.044088176352705233e+00 3.265448808670043945e-01 2.606149762868881226e-02 3.200936615467071533e-01 3.197115361690521240e-01 3.248516917228698730e-01 3.432050049304962158e-01 3.386975228786468506e-01 3.234682977199554443e-01 3.262195289134979248e-01 3.164343833923339844e-01 3.321787118911743164e-01 3.220058083534240723e-01
2.064128256513026116e+00 3.211751282215118408e-01 2.542444877326488495e-02 3.149243593215942383e-01 3.142958581447601318e-01 3.193623423576354980e-01 3.377224206924438477e-01 3.326914310455322266e-01 3.185252249240875244e-01 3.209593296051025391e-01 3.113425970077514648e-01 3.262915015220642090e-01 3.165218830108642578e-01
2.084168336673346555e+00 3.153603076934814453e-01 2.467798441648483276e-02 3.093391954898834229e-01 3.084762394428253174e-01 3.134380578994750977e-01 3.316976726055145264e-01 3.261849284172058105e-01 3.131456077098846436e-01 3.152502179145812988e-01 3.058505058288574219e-01 3.199338912963867188e-01 3.106136023998260498e-01
2.104208416833667439e+00 3.091338872909545898e-01 2.383254095911979675e-02 3.033701777458190918e-01 3.022820055484771729e-01 3.071114420890808105e-01 3.251674175262451172e-01 3.192175626754760742e-01 3.073602616786956787e-01 3.091235756874084473e-01 2.999858856201171875e-01 3.131423294544219971e-01 3.043156564235687256e-01
2.124248496993987878e+00 3.025231957435607910e-01 2.290019206702709198e-02 2.970476746559143066e-01 2.957444787025451660e-01 3.004188239574432373e-01 3.181717097759246826e-01 3.118268251419067383e-01 3.011978268623352051e-01 3.026119172573089600e-01 2.937803566455841064e-01 3.059571981430053711e-01 2.976568341255187988e-01
2.144288577154308317e+00 2.955625057220458984e-01 2.188693732023239136e-02 2.904010117053985596e-01 2.888951897621154785e-01 2.933928966522216797e-01 3.107463121414184570e-01 3.040509521961212158e-01 2.946909368038177490e-01 2.957487106323242188e-01 2.872676849365234375e-01 2.984130084514617920e-01 2.906766831874847412e-01
2.164328657314629201e+00 2.882874011993408203e-01 2.080687135457992554e-02 2.834610044956207275e-01 2.817643582820892334e-01 2.860667109489440918e-01 3.029313087463378906e-01 2.959271371364593506e-01 2.878644764423370361e-01 2.885677516460418701e-01 2.804749011993408203e-01 2.905434370040893555e-01 2.834062278270721436e-01
2.184368737474949640e+00 2.807301878929138184e-01 1.967173255980014801e-02 2.762591540813446045e-01 2.743811309337615967e-01 2.784712314605712891e-01 2.947604358196258545e-01 2.874919176101684570e-01 2.807511985301971436e-01 2.810992896556854248e-01 2.734291851520538330e-01 2.823873162269592285e-01 2.758729457855224609e-01
2.204408817635270523e+00 2.729226946830749512e-01 1.849715225398540497e-02 2.688217461109161377e-01 2.667757868766784668e-01 2.706401646137237549e-01 2.862732708454132080e-01 2.787814438343048096e-01 2.733778357505798340e-01 2.733722031116485596e-01 2.661590576171875000e-01 2.739772200584411621e-01 2.681073844432830811e-01
2.224448897795590963e+00 2.648972570896148682e-01 1.730010285973548889e-02 2.611797451972961426e-01 2.589783370494842529e-01 2.626053988933563232e-01 2.775087654590606689e-01 2.698311209678649902e-01 2.657740116119384766e-01 2.654215097427368164e-01 2.586924135684967041e-01 2.653472721576690674e-01 2.601382732391357422e-01
2.244488977955911846e+00 2.566833794116973877e-01 1.609883829951286316e-02 2.533597648143768311e-01 2.510168552398681641e-01 2.543970942497253418e-01 2.685013711452484131e-01 2.606780529022216797e-01 2.579699754714965820e-01 2.572745382785797119e-01 2.510508894920349121e-01 2.565330266952514648e-01 2.519999742507934570e-01
2.264529058116232285e+00 2.483059912919998169e-01 1.491207163780927658e-02 2.453895062208175659e-01 2.429155707359313965e-01 2.460432350635528564e-01 2.592849731445312500e-01 2.513543665409088135e-01 2.499948740005493164e-01 2.489631325006484985e-01 2.432664632797241211e-01 2.475641071796417236e-01 2.437156885862350464e-01
2.284569138276553169e+00 2.397950440645217896e-01 1.376308966428041458e-02 2.372982352972030640e-01 2.347042113542556763e-01 2.375738769769668579e-01 2.498959302902221680e-01 2.418931871652603149e-01 2.418697625398635864e-01 2.405152767896652222e-01 2.353617846965789795e-01 2.384755611419677734e-01 2.353150993585586548e-01
2.304609218436873608e+00 2.311832755804061890e-01 1.268153823912143707e-02 2.291102856397628784e-01 2.264092266559600830e-01 2.290157973766326904e-01 2.403693050146102905e-01 2.323288619518280029e-01 2.336244881153106689e-01 2.319578975439071655e-01 2.273633331060409546e-01 2.292983829975128174e-01 2.268293052911758423e-01
2.324649298597194491e+00 2.224938422441482544e-01 1.169908978044986725e-02 2.208497375249862671e-01 2.180530726909637451e-01 2.203967720270156860e-01 2.307348549365997314e-01 2.226975411176681519e-01 2.252851724624633789e-01 2.233199477195739746e-01 2.192959636449813843e-01 2.200626879930496216e-01 2.182801663875579834e-01
2.344689378757514930e+00 2.137560695409774780e-01 1.085690222680568695e-02 2.125415802001953125e-01 2.096604555845260620e-01 2.117410600185394287e-01 2.210293263196945190e-01 2.130296826362609863e-01 2.168781310319900513e-01 2.146290242671966553e-01 2.111800611019134521e-01 2.107959687709808350e-01 2.096984833478927612e-01
2.364729458917835370e+00 2.049964368343353271e-01 1.019501127302646637e-02 2.042091339826583862e-01 2.012536674737930298e-01 2.030747979879379272e-01 2.112834304571151733e-01 2.033522427082061768e-01 2.084261476993560791e-01 2.059092372655868530e-01 2.030400931835174561e-01 2.015268504619598389e-01 2.011061161756515503e-01
2.384769539078156253e+00 1.962404847145080566e-01 9.750483557581901550e-03 1.958753168582916260e-01 1.928544193506240845e-01 1.944237500429153442e-01 2.015266269445419312e-01 1.936953067779541016e-01 1.999552547931671143e-01 1.971853375434875488e-01 1.948972344398498535e-01 1.922814697027206421e-01 1.925294846296310425e-01
2.404809619238476692e+00 1.875108927488327026e-01 9.546100161969661713e-03 1.875614374876022339e-01 1.844874471426010132e-01 1.858104914426803589e-01 1.917904466390609741e-01 1.840887367725372314e-01 1.914883852005004883e-01 1.884818077087402344e-01 1.867735385894775391e-01 1.830876171588897705e-01 1.839927136898040771e-01
2.424849699398797576e+00 1.788320839405059814e-01 9.591108188033103943e-03 1.792905777692794800e-01 1.761684864759445190e-01 1.772574484348297119e-01 1.821057647466659546e-01 1.745589226484298706e-01 1.830482035875320435e-01 1.798235774040222168e-01 1.786853224039077759e-01 1.739692240953445435e-01 1.755177676677703857e-01
2.444889779559118015e+00 1.702241301536560059e-01 9.863231331110000610e-03 1.710831373929977417e-01 1.679233014583587646e-01 1.687858849763870239e-01 1.725015938282012939e-01 1.651306599378585815e-01 1.746554821729660034e-01 1.712305694818496704e-01 1.706570088863372803e-01 1.649511605501174927e-01 1.671247184276580811e-01
2.464929859719438898e+00 1.617088466882705688e-01 1.032507233321666718e-02 1.629577875137329102e-01 1.597679406404495239e-01 1.604174226522445679e-01 1.630031317472457886e-01 1.558307707309722900e-01 1.663306206464767456e-01 1.627270281314849854e-01 1.627039611339569092e-01 1.560571193695068359e-01 1.588332056999206543e-01
2.484969939879759337e+00 1.533071696758270264e-01 1.093098707497119904e-02 1.549343615770339966e-01 1.517210900783538818e-01 1.521710753440856934e-01 1.536367237567901611e-01 1.466862261295318604e-01 1.580940037965774536e-01 1.543321162462234497e-01 1.548496633768081665e-01 1.473084092140197754e-01 1.506618708372116089e-01
2.505010020040080221e+00 1.450370848178863525e-01 1.163558289408683777e-02 1.470304727554321289e-01 1.438034623861312866e-01 1.440631151199340820e-01 1.444276124238967896e-01 1.377194970846176147e-01 1.499664038419723511e-01 1.460669040679931641e-01 1.471084803342819214e-01 1.387250274419784546e-01 1.426279246807098389e-01
2.525050100200400660e+00 1.369191855192184448e-01 1.239834912121295929e-02 1.392640173435211182e-01 1.360317319631576538e-01 1.361132562160491943e-01 1.354026794433593750e-01 1.289517134428024292e-01 1.419646739959716797e-01 1.379511654376983643e-01 1.394961476325988770e-01 1.303273886442184448e-01 1.347519457340240479e-01
2.545090180360721543e+00 1.289696842432022095e-01 1.318334136158227921e-02 1.316511034965515137e-01 1.284209936857223511e-01 1.283384263515472412e-01 1.265837699174880981e-01 1.204053908586502075e-01 1.341063529253005981e-01 1.300000101327896118e-01 1.320303082466125488e-01 1.221351996064186096e-01 1.270474493503570557e-01
2.565130260521041983e+00 1.212073639035224915e-01 1.396266557276248932e-02 1.242064684629440308e-01 1.209892407059669495e-01 1.207555234432220459e-01 1.179938837885856628e-01 1.121001988649368286e-01 1.264075338840484619e-01 1.222323179244995117e-01 1.247237175703048706e-01 1.141666397452354431e-01 1.195326671004295349e-01
2.585170340681362422e+00 1.136471331119537354e-01 1.471295207738876343e-02 1.169454231858253479e-01 1.137494519352912903e-01 1.133781448006629944e-01 1.096548959612846375e-01 1.040553599596023560e-01 1.188866123557090759e-01 1.146650165319442749e-01 1.175895854830741882e-01 1.064399778842926025e-01 1.122227311134338379e-01
2.605210420841683305e+00 1.063055172562599182e-01 1.541972067207098007e-02 1.098814755678176880e-01 1.067112311720848083e-01 1.062194406986236572e-01 1.015845164656639099e-01 9.628742933273315430e-02 1.115581616759300232e-01 1.073124408721923828e-01 1.106453537940979004e-01 9.896960109472274780e-02 1.051304340362548828e-01
2.625250501002003745e+00 9.919581562280654907e-02 1.606608927249908447e-02 1.030269935727119446e-01 9.989227354526519775e-02 9.929297864437103271e-02 9.380126744508743286e-02 8.881461620330810547e-02 1.044386699795722961e-01 1.001894995570182800e-01 1.039026528596878052e-01 9.177242964506149292e-02 9.826967120170593262e-02
2.645290581162324628e+00 9.233232587575912476e-02 1.664169505238533020e-02 9.639409184455871582e-02 9.330264478921890259e-02 9.261018782854080200e-02 8.632316440343856812e-02 8.165135234594345093e-02 9.754141420125961304e-02 9.330865740776062012e-02 9.736985713243484497e-02 8.485820144414901733e-02 9.165114164352416992e-02
2.665330661322645067e+00 8.572655916213989258e-02 1.713613234460353851e-02 8.999457955360412598e-02 8.695269376039505005e-02 8.618178218603134155e-02 7.916633784770965576e-02 7.481130957603454590e-02 9.087797254323959351e-02 8.668413013219833374e-02 9.106056392192840576e-02 7.824108749628067017e-02 8.528862148523330688e-02
2.685370741482965951e+00 7.938811928033828735e-02 1.753869280219078064e-02 8.383774757385253906e-02 8.085300028324127197e-02 8.001900464296340942e-02 7.234615087509155273e-02 6.830900907516479492e-02 8.446126431226730347e-02 8.032584190368652344e-02 8.498284220695495605e-02 7.193252444267272949e-02 7.918774336576461792e-02
2.705410821643286390e+00 7.332964241504669189e-02 1.784250326454639435e-02 7.793378084897994995e-02 7.501120865345001221e-02 7.413204014301300049e-02 6.587637215852737427e-02 6.215513870120048523e-02 7.829985767602920532e-02 7.424455881118774414e-02 7.914812862873077393e-02 6.594678014516830444e-02 7.336151599884033203e-02
2.725450901803607273e+00 6.755834817886352539e-02 1.804281771183013916e-02 7.229009270668029785e-02 6.943935155868530273e-02 6.852731108665466309e-02 5.976802110671997070e-02 5.636049062013626099e-02 7.240427285432815552e-02 6.844928860664367676e-02 7.356166094541549683e-02 6.028748303651809692e-02 6.781518459320068359e-02
2.745490981963927712e+00 6.208467483520507812e-02 1.813692972064018250e-02 6.691468507051467896e-02 6.414122134447097778e-02 6.321251392364501953e-02 5.403120443224906921e-02 5.093311518430709839e-02 6.678375601768493652e-02 6.294816732406616211e-02 6.823347508907318115e-02 5.496400594711303711e-02 6.255656480789184570e-02
2.765531062124248596e+00 5.691305175423622131e-02 1.812316663563251495e-02 6.181375309824943542e-02 5.912420898675918579e-02 5.819274112582206726e-02 4.867386072874069214e-02 4.587857425212860107e-02 6.144836917519569397e-02 5.774886533617973328e-02 6.316992640495300293e-02 4.998161643743515015e-02 5.759035423398017883e-02
2.785571142284569035e+00 5.205104872584342957e-02 1.800074800848960876e-02 5.699358507990837097e-02 5.439293384552001953e-02 5.347122997045516968e-02 4.370257630944252014e-02 4.120082408189773560e-02 5.640499293804168701e-02 5.285834893584251404e-02 5.837426334619522095e-02 4.534484818577766418e-02 5.292117968201637268e-02
2.805611222444889474e+00 4.750263318419456482e-02 1.776756532490253448e-02 5.245668441057205200e-02 4.994818940758705139e-02 4.904910922050476074e-02 3.912212327122688293e-02 3.690423816442489624e-02 5.165873840451240540e-02 4.827969893813133240e-02 5.385064706206321716e-02 4.105550050735473633e-02 4.855397343635559082e-02
2.825651302605210358e+00 4.327005892992019653e-02 1.742621697485446930e-02 4.820692166686058044e-02 4.579257220029830933e-02 4.492941871285438538e-02 3.493353351950645447e-02 3.298777341842651367e-02 4.721387848258018494e-02 4.401612281799316406e-02 4.960139840841293335e-02 3.711476176977157593e-02 4.448888450860977173e-02
2.845691382765530797e+00 3.935246169567108154e-02 1.698165014386177063e-02 4.424437507987022400e-02 4.192880168557167053e-02 4.111211374402046204e-02 3.113476373255252838e-02 2.944790758192539215e-02 4.307268559932708740e-02 4.006791114807128906e-02 4.562935605645179749e-02 3.351917490363121033e-02 4.072371497750282288e-02
2.865731462925851680e+00 3.574980050325393677e-02 1.643954217433929443e-02 4.056907445192337036e-02 3.835575655102729797e-02 3.759250417351722717e-02 2.772211655974388123e-02 2.627856843173503876e-02 3.923603519797325134e-02 3.643409162759780884e-02 4.193403944373130798e-02 3.026371635496616364e-02 3.725850954651832581e-02
2.885771543086172120e+00 3.245902433991432190e-02 1.581008918583393097e-02 3.718053922057151794e-02 3.507089242339134216e-02 3.436810150742530823e-02 2.468692138791084290e-02 2.346885949373245239e-02 3.570339083671569824e-02 3.311214968562126160e-02 3.851395472884178162e-02 2.734084054827690125e-02 3.409045189619064331e-02
2.905811623246493003e+00 2.947407402098178864e-02 1.510468777269124985e-02 3.407349064946174622e-02 3.206999599933624268e-02 3.143547475337982178e-02 2.201518416404724121e-02 2.100695110857486725e-02 3.247182443737983704e-02 3.009685128927230835e-02 3.536638990044593811e-02 2.473844215273857117e-02 3.121220879256725311e-02
2.925851703406813442e+00 2.678873203694820404e-02 1.433680579066276550e-02 3.124248236417770386e-02 2.934909611940383911e-02 2.878595888614654541e-02 1.969193853437900543e-02 1.887416467070579529e-02 2.953658811748027802e-02 2.737941034138202667e-02 3.248667344450950623e-02 2.244559675455093384e-02 2.861679717898368835e-02
2.945891783567134325e+00 2.439267374575138092e-02 1.352393161505460739e-02 2.868072874844074249e-02 2.689707837998867035e-02 2.640957757830619812e-02 1.769619993865489960e-02 1.704863086342811584e-02 2.689146064221858978e-02 2.495028637349605560e-02 2.986915037035942078e-02 2.044349722564220428e-02 2.629412338137626648e-02
2.965931863727454765e+00 2.227226644754409790e-02 1.268474478274583817e-02 2.637882158160209656e-02 2.470500208437442780e-02 2.429413236677646637e-02 1.600283570587635040e-02 1.550584472715854645e-02 2.452648058533668518e-02 2.279761433601379395e-02 2.750665880739688873e-02 1.871301606297492981e-02 2.423197031021118164e-02
2.985971943887775648e+00 2.041345275938510895e-02 1.183835417032241821e-02 2.432542666792869568e-02 2.275981195271015167e-02 2.242769114673137665e-02 1.458386052399873734e-02 1.421725377440452576e-02 2.242899127304553986e-02 2.090662717819213867e-02 2.538900636136531830e-02 1.723186485469341278e-02 2.241347730159759521e-02
3.006012024048096087e+00 1.879790052771568298e-02 1.100336946547031403e-02 2.250801958143711090e-02 2.104735374450683594e-02 2.079195342957973480e-02 1.340930443257093430e-02 1.315349433571100235e-02 2.058459259569644928e-02 1.926050335168838501e-02 2.350422926247119904e-02 1.597673073410987854e-02 2.082383446395397186e-02
3.026052104208416527e+00 1.740701496601104736e-02 1.019799802452325821e-02 2.091155946254730225e-02 1.955250464379787445e-02 1.936988905072212219e-02 1.244737952947616577e-02 1.228334475308656693e-02 1.897746138274669647e-02 1.784077845513820648e-02 2.183859236538410187e-02 1.492306031286716461e-02 1.944573968648910522e-02
3.046092184368737410e+00 1.621978171169757843e-02 9.436208754777908325e-03 1.951927505433559418e-02 1.825651898980140686e-02 1.814347691833972931e-02 1.166746951639652252e-02 1.157728955149650574e-02 1.758947037160396576e-02 1.662631705403327942e-02 2.037712559103965759e-02 1.404630299657583237e-02 1.825934089720249176e-02
3.066132264529057849e+00 1.521480362862348557e-02 8.728813380002975464e-03 1.831454411149024963e-02 1.714131794869899750e-02 1.709328778088092804e-02 1.104066334664821625e-02 1.100955624133348465e-02 1.640049368143081665e-02 1.559588219970464706e-02 1.910462789237499237e-02 1.332039479166269302e-02 1.724412851035594940e-02
3.086172344689378733e+00 1.436985284090042114e-02 8.083033375442028046e-03 1.727914437651634216e-02 1.618918403983116150e-02 1.619914174079895020e-02 1.053988002240657806e-02 1.055538281798362732e-02 1.538873743265867233e-02 1.472785323858261108e-02 1.800348982214927673e-02 1.272418349981307983e-02 1.638216711580753326e-02
3.106212424849699172e+00 1.366403140127658844e-02 7.503193803131580353e-03 1.639396324753761292e-02 1.538126543164253235e-02 1.544292643666267395e-02 1.014162972569465637e-02 1.019306480884552002e-02 1.453525573015213013e-02 1.400161813944578171e-02 1.705757901072502136e-02 1.223730854690074921e-02 1.565532013773918152e-02
3.126252505010020055e+00 1.307843718677759171e-02 6.988842971622943878e-03 1.564215682446956635e-02 1.470037735998630524e-02 1.480774860829114914e-02 9.826293215155601501e-03 9.905364364385604858e-03 1.381897740066051483e-02 1.339780353009700775e-02 1.624972932040691376e-02 1.184164732694625854e-02 1.504464633762836456e-02
3.146292585170340494e+00 1.259509660303592682e-02 6.537548732012510300e-03 1.500642299652099609e-02 1.412943657487630844e-02 1.427670754492282867e-02 9.576686657965183258e-03 9.677430614829063416e-03 1.322151720523834229e-02 1.289733219891786575e-02 1.556362491101026535e-02 1.152128726243972778e-02 1.453317049890756607e-02
3.166332665330661378e+00 1.219761744141578674e-02 6.144997198134660721e-03 1.447160169482231140e-02 1.365247182548046112e-02 1.383487414568662643e-02 9.379517287015914917e-03 9.497069753706455231e-03 1.272561959922313690e-02 1.248448528349399567e-02 1.498293410986661911e-02 1.126319542527198792e-02 1.410591322928667068e-02
3.186372745490981817e+00 1.187207549810409546e-02 5.805816501379013062e-03 1.402316894382238388e-02 1.325489114969968796e-02 1.346860360354185104e-02 9.223731234669685364e-03 9.354300796985626221e-03 1.231434103101491928e-02 1.214523799717426300e-02 1.449311524629592896e-02 1.105534378439188004e-02 1.375003717839717865e-02
3.206412825651302256e+00 1.160583179444074631e-02 5.515160504728555679e-03 1.364852767437696457e-02 1.292547024786472321e-02 1.316616218537092209e-02 9.100511670112609863e-03 9.242299012839794159e-03 1.197408232837915421e-02 1.186754088848829269e-02 1.408237777650356293e-02 1.088894065469503403e-02 1.345381326973438263e-02
3.226452905811623140e+00 1.138923596590757370e-02 5.266185384243726730e-03 1.333588641136884689e-02 1.265212427824735641e-02 1.291677076369524002e-02 9.002866223454475403e-03 9.154576808214187622e-03 1.169380079954862595e-02 1.164024323225021362e-02 1.373755279928445816e-02 1.075472310185432434e-02 1.320834644138813019e-02
3.246492985971943579e+00 1.121316477656364441e-02 5.054066423326730728e-03 1.307582855224609375e-02 1.242530904710292816e-02 1.271241530776023865e-02 8.925274945795536041e-03 9.085927158594131470e-03 1.146335899829864502e-02 1.145490910857915878e-02 1.344850100576877594e-02 1.064795348793268204e-02 1.300520449876785278e-02
3.266533066132264462e+00 1.107051596045494080e-02 4.873831756412982941e-03 1.285992469638586044e-02 1.223831344395875931e-02 1.254561729729175568e-02 8.863807655870914459e-03 9.032906964421272278e-03 1.127412915229797363e-02 1.130397524684667587e-02 1.320737320929765701e-02 1.056328229606151581e-02 1.283668726682662964e-02
3.286573146292584902e+00 1.095557771623134613e-02 4.721092991530895233e-03 1.268141344189643860e-02 1.208460144698619843e-02 1.241020578891038895e-02 8.815114386379718781e-03 8.991868235170841217e-03 1.111877150833606720e-02 1.118164230138063431e-02 1.300577633082866669e-02 1.049703173339366913e-02 1.269775535911321640e-02
3.306613226452905785e+00 1.086278073489665985e-02 4.592040553689002991e-03 1.253335271030664444e-02 1.195738464593887329e-02 1.230026315897703171e-02 8.776630274951457977e-03 8.960366249084472656e-03 1.099200546741485596e-02 1.108278054744005203e-02 1.283776387572288513e-02 1.044442318379878998e-02 1.258379314094781876e-02
3.326653306613226224e+00 1.078851241618394852e-02 4.481937736272811890e-03 1.240971125662326813e-02 1.185226067900657654e-02 1.221169531345367432e-02 8.746584877371788025e-03 8.936450816690921783e-03 1.088789291679859161e-02 1.100279204547405243e-02 1.269802637398242950e-02 1.040371228009462357e-02 1.248940080404281616e-02
3.346693386773547108e+00 1.073005236685276031e-02 4.387875553220510483e-03 1.230671070516109467e-02 1.176584791392087936e-02 1.214009337127208710e-02 8.723163045942783356e-03 8.919158950448036194e-03 1.080261263996362686e-02 1.093818061053752899e-02 1.258294563740491867e-02 1.037243567407131195e-02 1.241185795515775681e-02
3.366733466933867547e+00 1.068342570215463638e-02 4.308276809751987457e-03 1.222112867981195450e-02 1.169548928737640381e-02 1.208326779305934906e-02 8.705273270606994629e-03 8.907168172299861908e-03 1.073210965842008591e-02 1.088652759790420532e-02 1.248768065124750137e-02 1.034931652247905731e-02 1.234815362840890884e-02
3.386773547094188430e+00 1.064790133386850357e-02 4.239372443407773972e-03 1.215040870010852814e-02 1.163764018565416336e-02 1.203842833638191223e-02 8.692379109561443329e-03 8.899791166186332703e-03 1.067441422492265701e-02 1.084572821855545044e-02 1.240892149507999420e-02 1.033369638025760651e-02 1.229650806635618210e-02
3.406813627254508869e+00 1.062022801488637924e-02 4.180225078016519547e-03 1.209197193384170532e-02 1.159144192934036255e-02 1.200363226234912872e-02 8.683865889906883240e-03 8.896297775208950043e-03 1.062799803912639618e-02 1.081400737166404724e-02 1.234388444572687149e-02 1.032412610948085785e-02 1.225377991795539856e-02
3.426853707414829309e+00 1.059877127408981323e-02 4.129516892135143280e-03 1.204390171915292740e-02 1.155369542539119720e-02 1.197726558893918991e-02 8.679323829710483551e-03 8.896222338080406189e-03 1.059062499552965164e-02 1.079038623720407486e-02 1.229063514620065689e-02 1.031986717134714127e-02 1.221945881843566895e-02
3.446893787575150192e+00 1.058300677686929703e-02 4.085947759449481964e-03 1.200430840253829956e-02 1.152414456009864807e-02 1.195780560374259949e-02 8.677963167428970337e-03 8.899200707674026489e-03 1.056096795946359634e-02 1.077298913151025772e-02 1.224709767848253250e-02 1.032027788460254669e-02 1.219338458031415939e-02
3.466933867735470631e+00 1.057127118110656738e-02 4.047845490276813507e-03 1.197250373661518097e-02 1.150092482566833496e-02 1.194382272660732269e-02 8.679575286805629730e-03 8.905350230634212494e-03 1.053784601390361786e-02 1.076092757284641266e-02 1.221184059977531433e-02 1.032389607280492783e-02 1.217212248593568802e-02
3.486973947895791515e+00 1.056356448680162430e-02 4.014643374830484390e-03 1.194676104933023453e-02 1.148388627916574478e-02 1.193471252918243408e-02 8.683985099196434021e-03 8.914013393223285675e-03 1.051937136799097061e-02 1.075359154492616653e-02 1.218362711369991302e-02 1.033169589936733246e-02 1.215702667832374573e-02
3.507014028056111954e+00 1.055988576263189316e-02 3.984233364462852478e-03 1.192587893456220627e-02 1.147083844989538193e-02 1.192953716963529587e-02 8.690926246345043182e-03 8.924631401896476746e-03 1.050529442727565765e-02 1.075001060962677002e-02 1.216081250458955765e-02 1.034234277904033661e-02 1.214661914855241776e-02
3.527054108216432837e+00 1.055989135056734085e-02 3.956196364015340805e-03 1.190939079970121384e-02 1.146197784692049026e-02 1.192841120064258575e-02 8.700138889253139496e-03 8.937872946262359619e-03 1.049500517547130585e-02 1.074966508895158768e-02 1.214284263551235199e-02 1.035506185144186020e-02 1.214025914669036865e-02
3.547094188376753277e+00 1.056319847702980042e-02 3.929482772946357727e-03 1.189633272588253021e-02 1.145749911665916443e-02 1.193040888756513596e-02 8.711582981050014496e-03 8.952933363616466522e-03 1.048808172345161438e-02 1.075153518468141556e-02 1.212845277041196823e-02 1.036903541535139084e-02 1.213648356497287750e-02
3.567134268537074160e+00 1.056866534054279327e-02 3.904089797288179398e-03 1.188657060265541077e-02 1.145624648779630661e-02 1.193531695753335953e-02 8.724654093384742737e-03 8.969699032604694366e-03 1.048454642295837402e-02 1.075610518455505371e-02 1.211720239371061325e-02 1.038449816405773163e-02 1.213355734944343567e-02
3.587174348697394599e+00 1.057673431932926178e-02 3.879375522956252098e-03 1.187944598495960236e-02 1.145878247916698456e-02 1.194264553487300873e-02 8.739416487514972687e-03 8.987835608422756195e-03 1.048383396118879318e-02 1.076322514563798904e-02 1.210824027657508850e-02 1.040227152407169342e-02 1.213212497532367706e-02
3.607214428857715482e+00 1.058762613683938980e-02 3.854765789583325386e-03 1.187495421618223190e-02 1.146356947720050812e-02 1.195141766220331192e-02 8.755679242312908173e-03 9.007619693875312805e-03 1.048576924949884415e-02 1.077204942703247070e-02 1.210130378603935242e-02 1.042075175791978836e-02 1.213316060602664948e-02
3.627254509018035922e+00 1.060078572481870651e-02 3.830978414043784142e-03 1.187282521277666092e-02 1.147088687866926193e-02 1.196228805929422379e-02 8.773031644523143768e-03 9.029524400830268860e-03 1.048995833843946457e-02 1.078270655125379562e-02 1.209643762558698654e-02 1.044032070785760880e-02 1.213678997009992599e-02
3.647294589178356361e+00 1.061588525772094727e-02 3.808285575360059738e-03 1.187379844486713409e-02 1.147966925054788589e-02 1.197534240782260895e-02 8.791956119239330292e-03 9.053331799805164337e-03 1.049617398530244827e-02 1.079491991549730301e-02 1.209408044815063477e-02 1.046051643788814545e-02 1.214285474270582199e-02
3.667334669338677244e+00 1.063278317451477051e-02 3.785861888900399208e-03 1.187611930072307587e-02 1.149009168148040771e-02 1.198930758982896805e-02 8.812382817268371582e-03 9.078597649931907654e-03 1.050455216318368912e-02 1.080855634063482285e-02 1.209389232099056244e-02 1.048229821026325226e-02 1.215142663568258286e-02
3.687374749498997684e+00 1.065158098936080933e-02 3.763340646401047707e-03 1.188008766621351242e-02 1.150187384337186813e-02 1.200440526008605957e-02 8.834204636514186859e-03 9.104772470891475677e-03 1.051420252770185471e-02 1.082432642579078674e-02 1.209574658423662186e-02 1.050540525466203690e-02 1.216074824333190918e-02
3.707414829659318567e+00 1.067126262933015823e-02 3.740624058991670609e-03 1.188574917614459991e-02 1.151366252452135086e-02 1.202025637030601501e-02 8.857285603880882263e-03 9.132036007940769196e-03 1.052504964172840118e-02 1.084135286509990692e-02 1.209879759699106216e-02 1.053037028759717941e-02 1.217065006494522095e-02
3.727454909819639006e+00 1.069172006100416183e-02 3.718902124091982841e-03 1.189302932471036911e-02 1.152647845447063446e-02 1.203759573400020599e-02 8.881697431206703186e-03 9.160016663372516632e-03 1.053754985332489014e-02 1.085958071053028107e-02 1.210385747253894806e-02 1.055580005049705505e-02 1.218160334974527359e-02
3.747494989979959890e+00 1.071340497583150864e-02 3.697647945955395699e-03 1.190195791423320770e-02 1.154070533812046051e-02 1.205609459429979324e-02 8.907548151910305023e-03 9.189209900796413422e-03 1.055138371884822845e-02 1.087888982146978378e-02 1.211062911897897720e-02 1.058162190020084381e-02 1.219413895159959793e-02
3.767535070140280329e+00 1.073507685214281082e-02 3.676717635244131088e-03 1.191219035536050797e-02 1.155596878379583359e-02 1.207481138408184052e-02 8.934732526540756226e-03 9.219568222761154175e-03 1.056587323546409607e-02 1.089920010417699814e-02 1.211892068386077881e-02 1.060917135328054428e-02 1.220699585974216461e-02
3.787575150300601212e+00 1.075817178934812546e-02 3.656093962490558624e-03 1.192365121096372604e-02 1.157203223556280136e-02 1.209467556327581406e-02 8.962956257164478302e-03 9.250519797205924988e-03 1.058132015168666840e-02 1.092095673084259033e-02 1.212853286415338516e-02 1.063820626586675644e-02 1.222138293087482452e-02
3.807615230460921651e+00 1.078219059854745865e-02 3.635214641690254211e-03 1.193658635020256042e-02 1.158942468464374542e-02 1.211528014391660690e-02 8.992055431008338928e-03 9.282730519771575928e-03 1.059744320809841156e-02 1.094329636543989182e-02 1.213928684592247009e-02 1.066767796874046326e-02 1.223546545952558517e-02
3.827655310621242535e+00 1.080706622451543808e-02 3.614127635955810547e-03 1.194960437715053558e-02 1.160736288875341415e-02 1.213687006384134293e-02 9.022147394716739655e-03 9.316064417362213135e-03 1.061478815972805023e-02 1.096681039780378342e-02 1.215113885700702667e-02 1.069794688373804092e-02 1.225063763558864594e-02
3.847695390781562974e+00 1.083195395767688751e-02 3.593867877498269081e-03 1.196276862174272537e-02 1.162566896528005600e-02 1.215886976569890976e-02 9.052614681422710419e-03 9.349778294563293457e-03 1.063336897641420364e-02 1.099096518009901047e-02 1.216405816376209259e-02 1.072920393198728561e-02 1.226710807532072067e-02
3.867735470941883413e+00 1.085770130157470703e-02 3.573800437152385712e-03 1.197696384042501450e-02 1.164451614022254944e-02 1.218161452561616898e-02 9.083939716219902039e-03 9.383885189890861511e-03 1.065354235470294952e-02 1.101589109748601913e-02 1.217805873602628708e-02 1.076105982065200806e-02 1.228434778749942780e-02
3.887775551102204297e+00 1.088269799947738647e-02 3.553929505869746208e-03 1.199152413755655289e-02 1.166409626603126526e-02 1.220421399921178818e-02 9.115803055465221405e-03 9.418152272701263428e-03 1.067503262311220169e-02 1.104093156754970551e-02 1.219262182712554932e-02 1.079341024160385132e-02 1.230058260262012482e-02
3.907815631262524736e+00 1.090857945382595062e-02 3.534012706950306892e-03 1.200617477297782898e-02 1.168480142951011658e-02 1.222716458141803741e-02 9.148091077804565430e-03 9.452590718865394592e-03 1.069743465632200241e-02 1.106633339077234268e-02 1.220763288438320160e-02 1.082567591220140457e-02 1.231757458299398422e-02
3.927855711422845619e+00 1.093530189245939255e-02 3.513532690703868866e-03 1.202137954533100128e-02 1.170593965798616409e-02 1.224971003830432892e-02 9.181048721075057983e-03 9.487691335380077362e-03 1.072022132575511932e-02 1.109126117080450058e-02 1.222318317741155624e-02 1.085808686912059784e-02 1.233543455600738525e-02
3.947895791583166059e+00 1.096215657889842987e-02 3.493038471788167953e-03 1.203734986484050751e-02 1.172817032784223557e-02 1.227233745157718658e-02 9.214689955115318298e-03 9.523423388600349426e-03 1.074366085231304169e-02 1.111636124551296234e-02 1.223872415721416473e-02 1.089103240519762039e-02 1.235376764088869095e-02
3.967935871743486942e+00 1.098960358649492264e-02 3.472949145361781120e-03 1.205433346331119537e-02 1.175103802233934402e-02 1.229453273117542267e-02 9.248899295926094055e-03 9.559204801917076111e-03 1.076690107583999634e-02 1.114165410399436951e-02 1.225467398762702942e-02 1.092360541224479675e-02 1.237369421869516373e-02
3.987975951903807381e+00 1.101802196353673935e-02 3.452103585004806519e-03 1.207183115184307098e-02 1.177323982119560242e-02 1.231674198061227798e-02 9.283431805670261383e-03 9.595892392098903656e-03 1.079054828733205795e-02 1.116733625531196594e-02 1.227155048400163651e-02 1.095632556825876236e-02 1.239385828375816345e-02
4.008016032064127820e+00 1.104651484638452530e-02 3.430480835959315300e-03 1.208946108818054199e-02 1.179589889943599701e-02 1.233873143792152405e-02 9.318880736827850342e-03 9.633247740566730499e-03 1.081437710672616959e-02 1.119380537420511246e-02 1.228849869221448898e-02 1.098928600549697876e-02 1.241370942443609238e-02
4.028056112224448704e+00 1.107466500252485275e-02 3.408377990126609802e-03 1.210687495768070221e-02 1.181899663060903549e-02 1.236059702932834625e-02 9.354925714433193207e-03 9.671182371675968170e-03 1.083842292428016663e-02 1.122085750102996826e-02 1.230504363775253296e-02 1.102147623896598816e-02 1.243337895721197128e-02
4.048096192384769587e+00 1.110284496098756790e-02 3.386323805898427963e-03 1.212461851537227631e-02 1.184211298823356628e-02 1.238277647644281387e-02 9.391681291162967682e-03 9.709016419947147369e-03 1.086285617202520370e-02 1.124768238514661789e-02 1.232120115309953690e-02 1.105392910540103912e-02 1.245384849607944489e-02
4.068136272545089582e+00 1.113210711628198624e-02 3.363499185070395470e-03 1.214237790554761887e-02 1.186541095376014709e-02 1.240521203726530075e-02 9.429261088371276855e-03 9.747493080794811249e-03 1.088731922209262848e-02 1.127488259226083755e-02 1.233788393437862396e-02 1.108692213892936707e-02 1.247506402432918549e-02
4.088176352705410466e+00 1.116159185767173767e-02 3.339987248182296753e-03 1.216070353984832764e-02 1.188806910067796707e-02 1.242789626121520996e-02 9.467447176575660706e-03 9.786183014512062073e-03 1.091239415109157562e-02 1.130226068198680878e-02 1.235485821962356567e-02 1.112082693725824356e-02 1.249539852142333984e-02
4.108216432865731349e+00 1.119162980467081070e-02 3.315286710858345032e-03 1.217878609895706177e-02 1.190991979092359543e-02 1.245083101093769073e-02 9.505958296358585358e-03 9.825546294450759888e-03 1.093792542815208435e-02 1.133014447987079620e-02 1.237119082361459732e-02 1.115493662655353546e-02 1.251571811735630035e-02
4.128256513026052232e+00 1.122206822037696838e-02 3.289777319878339767e-03 1.219647284597158432e-02 1.193178165704011917e-02 1.247340254485607147e-02 9.544432163238525391e-03 9.865573607385158539e-03 1.096420548856258392e-02 1.135795190930366516e-02 1.238754112273454666e-02 1.119030360132455826e-02 1.253602933138608932e-02
4.148296593186372228e+00 1.125327870249748230e-02 3.263376653194427490e-03 1.221402827650308609e-02 1.195430569350719452e-02 1.249567139893770218e-02 9.583338163793087006e-03 9.906088002026081085e-03 1.099128648638725281e-02 1.138627156615257263e-02 1.240404974669218063e-02 1.122669875621795654e-02 1.255635917186737061e-02
4.168336673346693111e+00 1.128521561622619629e-02 3.235589945688843727e-03 1.223155204206705093e-02 1.197525579482316971e-02 1.251774281263351440e-02 9.622478857636451721e-03 9.946243837475776672e-03 1.101883128285408020e-02 1.141474768519401550e-02 1.242039352655410767e-02 1.126368343830108643e-02 1.257549505680799484e-02
4.188376753507013994e+00 1.131732296198606491e-02 3.206742694601416588e-03 1.224827021360397339e-02 1.199550274759531021e-02 1.253912597894668579e-02 9.662039577960968018e-03 9.986573830246925354e-03 1.104641426354646683e-02 1.144347246736288071e-02 1.243712753057479858e-02 1.130019873380661011e-02 1.259403582662343979e-02
4.208416833667334878e+00 1.134858094155788422e-02 3.177804173901677132e-03 1.226444635540246964e-02 1.201568264514207840e-02 1.256070751696825027e-02 9.702136740088462830e-03 1.002682559192180634e-02 1.107464358210563660e-02 1.147196348756551743e-02 1.245373021811246872e-02 1.133666932582855225e-02 1.261191535741090775e-02
4.228456913827654873e+00 1.137981656938791275e-02 3.148013958707451820e-03 1.228101737797260284e-02 1.203530747443437576e-02 1.258207578212022781e-02 9.743018075823783875e-03 1.006764918565750122e-02 1.110283378511667252e-02 1.150071248412132263e-02 1.246951986104249954e-02 1.137265283614397049e-02 1.262996066361665726e-02
4.248496993987975756e+00 1.141082495450973511e-02 3.117359476163983345e-03 1.229759119451045990e-02 1.205504778772592545e-02 1.260251551866531372e-02 9.784419089555740356e-03 1.010878663510084152e-02 1.113075111061334610e-02 1.152941305190324783e-02 1.248536165803670883e-02 1.140786521136760712e-02 1.264705229550600052e-02
4.268537074148296639e+00 1.144120935350656509e-02 3.086287062615156174e-03 1.231393404304981232e-02 1.207525841891765594e-02 1.262278947979211807e-02 9.826060384511947632e-03 1.015024539083242416e-02 1.115886121988296509e-02 1.155823655426502228e-02 1.250088866800069809e-02 1.144272368401288986e-02 1.266302168369293213e-02
4.288577154308616635e+00 1.147114392369985580e-02 3.055394161492586136e-03 1.233036629855632782e-02 1.209496334195137024e-02 1.264240592718124390e-02 9.867970831692218781e-03 1.019122358411550522e-02 1.118732150644063950e-02 1.158664654940366745e-02 1.251640636473894119e-02 1.147755142301321030e-02 1.267944928258657455e-02
4.308617234468937518e+00 1.150051690638065338e-02 3.024834441021084785e-03 1.234663370996713638e-02 1.211380306631326675e-02 1.266120001673698425e-02 9.909801185131072998e-03 1.023207046091556549e-02 1.121560949832201004e-02 1.161493174731731415e-02 1.253239531069993973e-02 1.151257753372192383e-02 1.269643753767013550e-02
4.328657314629258401e+00 1.152975112199783325e-02 2.994238864630460739e-03 1.236317865550518036e-02 1.213220041245222092e-02 1.267920341342687607e-02 9.951175190508365631e-03 1.027265377342700958e-02 1.124441344290971756e-02 1.164342835545539856e-02 1.254825573414564133e-02 1.154661178588867188e-02 1.271316781640052795e-02
4.348697394789579285e+00 1.155853737145662308e-02 2.963301027193665504e-03 1.237935014069080353e-02 1.215108670294284821e-02 1.269702147692441940e-02 9.992787614464759827e-03 1.031340286135673523e-02 1.127260550856590271e-02 1.167155988514423370e-02 1.256410684436559677e-02 1.158033031970262527e-02 1.272885687649250031e-02
4.368737474949899280e+00 1.158660743385553360e-02 2.932813251391053200e-03 1.239514723420143127e-02 1.217099558562040329e-02 1.271471008658409119e-02 1.003433018922805786e-02 1.035423297435045242e-02 1.130118407309055328e-02 1.169953960925340652e-02 1.257998775690793991e-02 1.161368004977703094e-02 1.274449285119771957e-02
4.388777555110220163e+00 1.161361951380968094e-02 2.902764594182372093e-03 1.241163909435272217e-02 1.219140272587537766e-02 1.273218076676130295e-02 1.007579267024993896e-02 1.039591804146766663e-02 1.132987253367900848e-02 1.172709092497825623e-02 1.259521581232547760e-02 1.164660230278968811e-02 1.276051253080368042e-02
4.408817635270541047e+00 1.164013892412185669e-02 2.872707089409232140e-03 1.242840848863124847e-02 1.221206597983837128e-02 1.274961605668067932e-02 1.011729333549737930e-02 1.043802034109830856e-02 1.135849207639694214e-02 1.175421942025423050e-02 1.260966155678033829e-02 1.167841535061597824e-02 1.277664583176374435e-02
4.428857715430861930e+00 1.166720967739820480e-02 2.841637469828128815e-03 1.244489941745996475e-02 1.223302446305751801e-02 1.276665646582841873e-02 1.015876047313213348e-02 1.048004627227783203e-02 1.138699520379304886e-02 1.178064756095409393e-02 1.262346561998128891e-02 1.171026472002267838e-02 1.279189251363277435e-02
4.448897795591181925e+00 1.169352233409881592e-02 2.810564124956727028e-03 1.246113236993551254e-02 1.225380320101976395e-02 1.278321444988250732e-02 1.020005438476800919e-02 1.052220538258552551e-02 1.141602359712123871e-02 1.180685684084892273e-02 1.263717655092477798e-02 1.174126751720905304e-02 1.280684582889080048e-02
4.468937875751502808e+00 1.171952765434980392e-02 2.779257483780384064e-03 1.247770152986049652e-02 1.227426342666149139e-02 1.279916241765022278e-02 1.024151220917701721e-02 1.056411489844322205e-02 1.144468225538730621e-02 1.183301769196987152e-02 1.265010982751846313e-02 1.177216228097677231e-02 1.282175257802009583e-02
4.488977955911823692e+00 1.174594182521104813e-02 2.746988320723176003e-03 1.249311305582523346e-02 1.229326333850622177e-02 1.281446591019630432e-02 1.028254721313714981e-02 1.060581114143133163e-02 1.147302519530057907e-02 1.185853313654661179e-02 1.266226079314947128e-02 1.180332712829113007e-02 1.283680461347103119e-02
4.509018036072143687e+00 1.177197322249412537e-02 2.713907742872834206e-03 1.250808313488960266e-02 1.231269072741270065e-02 1.282853912562131882e-02 1.032337825745344162e-02 1.064722053706645966e-02 1.150133926421403885e-02 1.188414823263883591e-02 1.267354376614093781e-02 1.183449197560548782e-02 1.285059750080108643e-02
4.529058116232464570e+00 1.179813500493764877e-02 2.680470235645771027e-03 1.252348348498344421e-02 1.233089994639158249e-02 1.284191198647022247e-02 1.036406494677066803e-02 1.068883482366800308e-02 1.152936276048421860e-02 1.190931629389524460e-02 1.268483418971300125e-02 1.186462678015232086e-02 1.286468096077442169e-02
4.549098196392785454e+00 1.182494312524795532e-02 2.645811764523386955e-03 1.253873948007822037e-02 1.234827190637588501e-02 1.285419519990682602e-02 1.040484290570020676e-02 1.073061674833297729e-02 1.155717577785253525e-02 1.193451415747404099e-02 1.269610784947872162e-02 1.189376786351203918e-02 1.287851110100746155e-02
4.569138276553106337e+00 1.185180153697729111e-02 2.609908580780029297e-03 1.255369093269109726e-02 1.236575189977884293e-02 1.286581531167030334e-02 1.044604927301406860e-02 1.077182497829198837e-02 1.158405374735593796e-02 1.195940840989351273e-02 1.270680129528045654e-02 1.192326098680496216e-02 1.289024576544761658e-02
4.589178356713426332e+00 1.187851838767528534e-02 2.573146717622876167e-03 1.256809663027524948e-02 1.238277647644281387e-02 1.287721283733844757e-02 1.048784330487251282e-02 1.081272028386592865e-02 1.161044929176568985e-02 1.198428124189376831e-02 1.271663233637809753e-02 1.195272430777549744e-02 1.290139462798833847e-02
4.609218436873747216e+00 1.190560776740312576e-02 2.535701729357242584e-03 1.258221175521612167e-02 1.239932235330343246e-02 1.288836542516946793e-02 1.052904594689607620e-02 1.085369382053613663e-02 1.163582503795623779e-02 1.200807839632034302e-02 1.272554695606231689e-02 1.198128517717123032e-02 1.291186455637216568e-02
4.629258517034068099e+00 1.193318981677293777e-02 2.497806679457426071e-03 1.259568333625793457e-02 1.241609919816255569e-02 1.289868634194135666e-02 1.056963577866554260e-02 1.089477632194757462e-02 1.166049204766750336e-02 1.203147321939468384e-02 1.273447927087545395e-02 1.200901716947555542e-02 1.292204670608043671e-02
4.649298597194388982e+00 1.195992995053529739e-02 2.460209885612130165e-03 1.260786969214677811e-02 1.243226788938045502e-02 1.290897279977798462e-02 1.061010826379060745e-02 1.093531213700771332e-02 1.168399304151535034e-02 1.205429341644048691e-02 1.274335198104381561e-02 1.203541550785303116e-02 1.293193642050027847e-02
4.669338677354708977e+00 1.198659744113683701e-02 2.422541379928588867e-03 1.261913497000932693e-02 1.244763471186161041e-02 1.291928533464670181e-02 1.064991578459739685e-02 1.097552105784416199e-02 1.170736085623502731e-02 1.207663211971521378e-02 1.275240536779165268e-02 1.206115912646055222e-02 1.294096000492572784e-02
4.689378757515029861e+00 1.201337669044733047e-02 2.384049352258443832e-03 1.263026241213083267e-02 1.246239803731441498e-02 1.292911265045404434e-02 1.068987883627414703e-02 1.101541426032781601e-02 1.173059456050395966e-02 1.209864951670169830e-02 1.276089251041412354e-02 1.208648644387722015e-02 1.294900663197040558e-02
4.709418837675350744e+00 1.203972846269607544e-02 2.345467684790492058e-03 1.264079473912715912e-02 1.247655879706144333e-02 1.293906569480895996e-02 1.072994153946638107e-02 1.105493400245904922e-02 1.175409089773893356e-02 1.212013140320777893e-02 1.276892982423305511e-02 1.211160421371459961e-02 1.295679900795221329e-02
4.729458917835670739e+00 1.206527091562747955e-02 2.306732116267085075e-03 1.265151891857385635e-02 1.249044481664896011e-02 1.294878497719764709e-02 1.076990924775600433e-02 1.109403930604457855e-02 1.177786849439144135e-02 1.214145775884389877e-02 1.277597527951002121e-02 1.213692873716354370e-02 1.296345051378011703e-02
4.749498997995991623e+00 1.209011394530534744e-02 2.267612842842936516e-03 1.266108453273773193e-02 1.250321045517921448e-02 1.295746769756078720e-02 1.081001386046409607e-02 1.113316789269447327e-02 1.180136203765869141e-02 1.216219458729028702e-02 1.278308220207691193e-02 1.216166559606790543e-02 1.297052018344402313e-02
4.769539078156312506e+00 1.211336161941289902e-02 2.228929894044995308e-03 1.267031580209732056e-02 1.251523289829492569e-02 1.296552084386348724e-02 1.085003465414047241e-02 1.117153465747833252e-02 1.182465907186269760e-02 1.218254864215850830e-02 1.278972905129194260e-02 1.218564528971910477e-02 1.297727320343255997e-02
4.789579158316633389e+00 1.213616319000720978e-02 2.189695369452238083e-03 1.267890166491270065e-02 1.252739690244197845e-02 1.297285594046115875e-02 1.088981237262487411e-02 1.121025718748569489e-02 1.184788625687360764e-02 1.220234762877225876e-02 1.279574073851108551e-02 1.220887713134288788e-02 1.298362109810113907e-02
4.809619238476953385e+00 1.215870399028062820e-02 2.150482963770627975e-03 1.268717832863330841e-02 1.253946404904127121e-02 1.297894027084112167e-02 1.092886831611394882e-02 1.124829612672328949e-02 1.187096815556287766e-02 1.222210563719272614e-02 1.280167140066623688e-02 1.223099511116743088e-02 1.298937294632196426e-02
4.829659318637274268e+00 1.218003127723932266e-02 2.112010959535837173e-03 1.269461028277873993e-02 1.255137100815773010e-02 1.298435404896736145e-02 1.096751820296049118e-02 1.128560584038496017e-02 1.189305726438760757e-02 1.224164199084043503e-02 1.280787773430347443e-02 1.225347071886062622e-02 1.299488730728626251e-02
4.849699398797595151e+00 1.220005843788385391e-02 2.074986696243286133e-03 1.270176470279693604e-02 1.256380882114171982e-02 1.298992708325386047e-02 1.100566703826189041e-02 1.132229436188936234e-02 1.191465836018323898e-02 1.226087287068367004e-02 1.281417999416589737e-02 1.227574609220027924e-02 1.300081796944141388e-02
4.869739478957916035e+00 1.222044508904218674e-02 2.037750557065010071e-03 1.270855404436588287e-02 1.257594767957925797e-02 1.299472246319055557e-02 1.104336697608232498e-02 1.135809160768985748e-02 1.193560007959604263e-02 1.227995194494724274e-02 1.282001566141843796e-02 1.229817513376474380e-02 1.300609111785888672e-02
4.889779559118236030e+00 1.224039401859045029e-02 2.000564476475119591e-03 1.271444652229547501e-02 1.258759200572967529e-02 1.299980748444795609e-02 1.108093187212944031e-02 1.139336824417114258e-02 1.195601373910903931e-02 1.229893323034048080e-02 1.282539218664169312e-02 1.231989916414022446e-02 1.301088090986013412e-02
4.909819639278556913e+00 1.226026192307472229e-02 1.963932998478412628e-03 1.271959673613309860e-02 1.259874366223812103e-02 1.300465036183595657e-02 1.111758500337600708e-02 1.142808981239795685e-02 1.197548303753137589e-02 1.231725327670574188e-02 1.283048372715711594e-02 1.234049722552299500e-02 1.301586162298917770e-02
4.929859719438877796e+00 1.227869000285863876e-02 1.927958102896809578e-03 1.272489596158266068e-02 1.260958332568407059e-02 1.300837937742471695e-02 1.115384139120578766e-02 1.146248448640108109e-02 1.199415605515241623e-02 1.233512908220291138e-02 1.283461879938840866e-02 1.236125919967889786e-02 1.302161626517772675e-02
4.949899799599197792e+00 1.229601260274648666e-02 1.892098924145102501e-03 1.272961683571338654e-02 1.261986978352069855e-02 1.301128230988979340e-02 1.118940580636262894e-02 1.149643305689096451e-02 1.201235689222812653e-02 1.235241163522005081e-02 1.283841952681541443e-02 1.238204818218946457e-02 1.302645821124315262e-02
4.969939879759518675e+00 1.231205556541681290e-02 1.856337767094373703e-03 1.273357588797807693e-02 1.262947637587785721e-02 1.301432773470878601e-02 1.122459582984447479e-02 1.153064239770174026e-02 1.203073840588331223e-02 1.236913446336984634e-02 1.284178532660007477e-02 1.240199711173772812e-02 1.303108129650354385e-02
4.989979959919839558e+00 1.232720073312520981e-02 1.820557285100221634e-03 1.273743622004985809e-02 1.263795979321002960e-02 1.301663368940353394e-02 1.125914324074983597e-02 1.156441867351531982e-02 1.204861234873533249e-02 1.238475926220417023e-02 1.284423656761646271e-02 1.242105290293693542e-02 1.303518842905759811e-02
5.010020040080160442e+00 1.234076730906963348e-02 1.785453408956527710e-03 1.274178456515073776e-02 1.264649629592895508e-02 1.301787793636322021e-02 1.129258703440427780e-02 1.159772556275129318e-02 1.206649933010339737e-02 1.239979825913906097e-02 1.284645684063434601e-02 1.243896130472421646e-02 1.303833723068237305e-02
5.030060120240480437e+00 1.235376205295324326e-02 1.750667579472064972e-03 1.274482440203428268e-02 1.265524234622716904e-02 1.301960647106170654e-02 1.132645178586244583e-02 1.162949949502944946e-02 1.208393741399049759e-02 1.241423282772302628e-02 1.284852717071771622e-02 1.245530042797327042e-02 1.304101943969726562e-02
5.050100200400801320e+00 1.236752793192863464e-02 1.714478828944265842e-03 1.274771336466073990e-02 1.266408432275056839e-02 1.302088238298892975e-02 1.136058196425437927e-02 1.166125573217868805e-02 1.210161484777927399e-02 1.242777798324823380e-02 1.284905709326267242e-02 1.247051358222961426e-02 1.304309628903865814e-02
5.070140280561122204e+00 1.238049380481243134e-02 1.677933032624423504e-03 1.274970546364784241e-02 1.267261523753404617e-02 1.302136946469545364e-02 1.139488536864519119e-02 1.169200520962476730e-02 1.211977470666170120e-02 1.244037132710218430e-02 1.284951996058225632e-02 1.248493511229753494e-02 1.304444670677185059e-02
5.090180360721443087e+00 1.239294465631246567e-02 1.641027280129492283e-03 1.275162026286125183e-02 1.268002018332481384e-02 1.302092522382736206e-02 1.142876688390970230e-02 1.172279380261898041e-02 1.213682442903518677e-02 1.245221216231584549e-02 1.284895371645689011e-02 1.249864324927330017e-02 1.304561551660299301e-02
5.110220440881763082e+00 1.240545418113470078e-02 1.604166114702820778e-03 1.275389734655618668e-02 1.268669776618480682e-02 1.301999390125274658e-02 1.146221254020929337e-02 1.175250671803951263e-02 1.215351745486259460e-02 1.246337592601776123e-02 1.284783892333507538e-02 1.251198351383209229e-02 1.304608769714832306e-02
5.130260521042083965e+00 1.241726428270339966e-02 1.567297615110874176e-03 1.275585684925317764e-02 1.269422471523284912e-02 1.301807723939418793e-02 1.149550545960664749e-02 1.178129110485315323e-02 1.217039767652750015e-02 1.247409917414188385e-02 1.284692529588937759e-02 1.252432819455862045e-02 1.304549258202314377e-02
5.150300601202404849e+00 1.242809742689132690e-02 1.530404202640056610e-03 1.275844965130090714e-02 1.270107738673686981e-02 1.301553379744291306e-02 1.152879931032657623e-02 1.180971786379814148e-02 1.218716893345117569e-02 1.248423103243112564e-02 1.284558046609163284e-02 1.253653503954410553e-02 1.304431166499853134e-02
5.170340681362724844e+00 1.243873685598373413e-02 1.493731862865388393e-03 1.275944802910089493e-02 1.270817499607801437e-02 1.301304437220096588e-02 1.156146638095378876e-02 1.183790806680917740e-02 1.220404077321290970e-02 1.249394286423921585e-02 1.284399349242448807e-02 1.254843920469284058e-02 1.304324343800544739e-02
5.190380761523045727e+00 1.244930922985076904e-02 1.456247293390333652e-03 1.276023406535387039e-02 1.271480601280927658e-02 1.300958730280399323e-02 1.159373391419649124e-02 1.186583284288644791e-02 1.222047861665487289e-02 1.250288542360067368e-02 1.284176670014858246e-02 1.255945209413766861e-02 1.304090861231088638e-02
5.210420841683366611e+00 1.246040128171443939e-02 1.418191590346395969e-03 1.276023406535387039e-02 1.272047683596611023e-02 1.300606131553649902e-02 1.162581052631139755e-02 1.189335156232118607e-02 1.223563309758901596e-02 1.251109410077333450e-02 1.283942442387342453e-02 1.256953179836273193e-02 1.303769554942846298e-02
5.230460921843687494e+00 1.247042976319789886e-02 1.379539957270026207e-03 1.275898795574903488e-02 1.272488385438919067e-02 1.300196442753076553e-02 1.165769528597593307e-02 1.192092709243297577e-02 1.224994845688343048e-02 1.251928880810737610e-02 1.283632870763540268e-02 1.257946807891130447e-02 1.303358282893896103e-02
5.250501002004007489e+00 1.248072925955057144e-02 1.341131632216274738e-03 1.275712531059980392e-02 1.272854954004287720e-02 1.299799792468547821e-02 1.168912835419178009e-02 1.194821204990148544e-02 1.226326078176498413e-02 1.252667140215635300e-02 1.283354777842760086e-02 1.258890330791473389e-02 1.302942726761102676e-02
5.270541082164328373e+00 1.249055191874504089e-02 1.303486176766455173e-03 1.275468897074460983e-02 1.273217424750328064e-02 1.299399044364690781e-02 1.171968504786491394e-02 1.197490375488996506e-02 1.227550115436315536e-02 1.253391616046428680e-02 1.283053774386644363e-02 1.259862910956144333e-02 1.302473712712526321e-02
5.290581162324649256e+00 1.250052172690629959e-02 1.266699749976396561e-03 1.275177206844091415e-02 1.273600663989782333e-02 1.298985909670591354e-02 1.174932625144720078e-02 1.200096309185028076e-02 1.228618621826171875e-02 1.254086662083864212e-02 1.282709371298551559e-02 1.260846666991710663e-02 1.302012801170349121e-02
5.310621242484970139e+00 1.251081004738807678e-02 1.230133231729269028e-03 1.274821441620588303e-02 1.274085324257612228e-02 1.298487093299627304e-02 1.177828107029199600e-02 1.202618237584829330e-02 1.229615975171327591e-02 1.254688855260610580e-02 1.282383501529693604e-02 1.261875405907630920e-02 1.301456615328788757e-02
5.330661322645290134e+00 1.252049952745437622e-02 1.193515025079250336e-03 1.274480298161506653e-02 1.274527329951524734e-02 1.297953724861145020e-02 1.180673483759164810e-02 1.205047871917486191e-02 1.230577938258647919e-02 1.255251280963420868e-02 1.281995978206396103e-02 1.262896973639726639e-02 1.300715189427137375e-02
5.350701402805611018e+00 1.253039389848709106e-02 1.156978658400475979e-03 1.274177804589271545e-02 1.274823211133480072e-02 1.297390554100275040e-02 1.183423586189746857e-02 1.207412593066692352e-02 1.231469120830297470e-02 1.255788747221231461e-02 1.281516253948211670e-02 1.263971067965030670e-02 1.299868803471326828e-02
5.370741482965931901e+00 1.253945846110582352e-02 1.120203523896634579e-03 1.273750420659780502e-02 1.275031454861164093e-02 1.296719629317522049e-02 1.186161953955888748e-02 1.209751423448324203e-02 1.232293993234634399e-02 1.256290357559919357e-02 1.280988100916147232e-02 1.265071611851453781e-02 1.299002673476934433e-02
5.390781563126251896e+00 1.254829764366149902e-02 1.083954120986163616e-03 1.273349579423666000e-02 1.274995878338813782e-02 1.296034827828407288e-02 1.188830006867647171e-02 1.212065573781728745e-02 1.233029644936323166e-02 1.256729289889335632e-02 1.280507631599903107e-02 1.266220584511756897e-02 1.298106741160154343e-02
5.410821643286572780e+00 1.255647744983434677e-02 1.049080165103077888e-03 1.272935047745704651e-02 1.275015342980623245e-02 1.295330002903938293e-02 1.191442646086215973e-02 1.214344240725040436e-02 1.233764924108982086e-02 1.257142052054405212e-02 1.280049979686737061e-02 1.267369557172060013e-02 1.297323592007160187e-02
5.430861723446893663e+00 1.256345584988594055e-02 1.015251269564032555e-03 1.272493600845336914e-02 1.274978835135698318e-02 1.294628810137510300e-02 1.194007135927677155e-02 1.216545887291431427e-02 1.234441716223955154e-02 1.257506571710109711e-02 1.279571652412414551e-02 1.268495433032512665e-02 1.296546962112188339e-02
5.450901803607214546e+00 1.257096510380506516e-02 9.814562508836388588e-04 1.272000744938850403e-02 1.274841930717229843e-02 1.293877884745597839e-02 1.196478307247161865e-02 1.218643039464950562e-02 1.235099416226148605e-02 1.257804315537214279e-02 1.279135979712009430e-02 1.269518118351697922e-02 1.295623369514942169e-02
5.470941883767534542e+00 1.257795002311468124e-02 9.481929009780287743e-04 1.271463278681039810e-02 1.274631172418594360e-02 1.293124537914991379e-02 1.198862120509147644e-02 1.220707781612873077e-02 1.235650945454835892e-02 1.258045341819524765e-02 1.278562285006046295e-02 1.270461548119783401e-02 1.294667366892099380e-02
5.490981963927855425e+00 1.258456148207187653e-02 9.165454539470374584e-04 1.270826999098062515e-02 1.274371985346078873e-02 1.292299013584852219e-02 1.201095245778560638e-02 1.222666166722774506e-02 1.236158143728971481e-02 1.258206926286220551e-02 1.277913339436054230e-02 1.271320413798093796e-02 1.293856278061866760e-02
5.511022044088176308e+00 1.259067468345165253e-02 8.845998672768473625e-04 1.270170882344245911e-02 1.274082250893115997e-02 1.291357632726430893e-02 1.203328743577003479e-02 1.224592421203851700e-02 1.236623246222734451e-02 1.258401945233345032e-02 1.277152821421623230e-02 1.272081397473812103e-02 1.293030753731727600e-02
5.531062124248497192e+00 1.259595621377229691e-02 8.522855350747704506e-04 1.269489992409944534e-02 1.273677311837673187e-02 1.290272828191518784e-02 1.205509901046752930e-02 1.226452272385358810e-02 1.237081084400415421e-02 1.258578430861234665e-02 1.276290602982044220e-02 1.272851321846246719e-02 1.292077265679836273e-02
5.551102204408817187e+00 1.260074321180582047e-02 8.206769707612693310e-04 1.268809754401445389e-02 1.273174770176410675e-02 1.289174240082502365e-02 1.207685004919767380e-02 1.228240877389907837e-02 1.237537618726491928e-02 1.258723903447389603e-02 1.275447756052017212e-02 1.273581385612487793e-02 1.291176583617925644e-02
5.571142284569138070e+00 1.260549575090408325e-02 7.899104966782033443e-04 1.268074102699756622e-02 1.272701099514961243e-02 1.288034301251173019e-02 1.209859177470207214e-02 1.229976769536733627e-02 1.237988378852605820e-02 1.258851494640111923e-02 1.274618878960609436e-02 1.274332869797945023e-02 1.290355157107114792e-02
5.591182364729458953e+00 1.261002197861671448e-02 7.592223701067268848e-04 1.267406158149242401e-02 1.272099558264017105e-02 1.286766398698091507e-02 1.211928762495517731e-02 1.231703814119100571e-02 1.238521747291088104e-02 1.258988864719867706e-02 1.273755077272653580e-02 1.275024749338626862e-02 1.289506442844867706e-02
5.611222444889778949e+00 1.261357497423887253e-02 7.293842500075697899e-04 1.266727130860090256e-02 1.271500624716281891e-02 1.285461056977510452e-02 1.213906798511743546e-02 1.233377959579229355e-02 1.239083521068096161e-02 1.259096246212720871e-02 1.272852532565593719e-02 1.275692135095596313e-02 1.288646552711725235e-02
5.631262525050099832e+00 1.261602528393268585e-02 7.002014899626374245e-04 1.266017928719520569e-02 1.270946301519870758e-02 1.284106168895959854e-02 1.215819735080003738e-02 1.234961766749620438e-02 1.239607483148574829e-02 1.259179133921861649e-02 1.271854341030120850e-02 1.276240404695272446e-02 1.287767663598060608e-02
5.651302605210420715e+00 1.261710934340953827e-02 6.713441689498722553e-04 1.265261601656675339e-02 1.270432863384485245e-02 1.282708626240491867e-02 1.217714697122573853e-02 1.236436888575553894e-02 1.240052282810211182e-02 1.259189937263727188e-02 1.270807720720767975e-02 1.276666857302188873e-02 1.286813709884881973e-02
5.671342685370741599e+00 1.261789165437221527e-02 6.426646141335368156e-04 1.264500990509986877e-02 1.269805151969194412e-02 1.281294133514165878e-02 1.219512056559324265e-02 1.237873919308185577e-02 1.240489631891250610e-02 1.259092614054679871e-02 1.269625220447778702e-02 1.277042459696531296e-02 1.285707764327526093e-02
5.691382765531061594e+00 1.261832751333713531e-02 6.140616605989634991e-04 1.263608597218990326e-02 1.269201934337615967e-02 1.279834192246198654e-02 1.221234351396560669e-02 1.239364780485630035e-02 1.240898761898279190e-02 1.258960179984569550e-02 1.268401648849248886e-02 1.277247723191976547e-02 1.284558698534965515e-02
5.711422845691382477e+00 1.261820830404758453e-02 5.859396187588572502e-04 1.262653432786464691e-02 1.268575340509414673e-02 1.278366800397634506e-02 1.222820114344358444e-02 1.240902859717607498e-02 1.241273526102304459e-02 1.258743181824684143e-02 1.267082430422306061e-02 1.277260854840278625e-02 1.283354219049215317e-02
5.731462925851703361e+00 1.261789817363023758e-02 5.592261441051959991e-04 1.261620502918958664e-02 1.267954986542463303e-02 1.276963856071233749e-02 1.224336959421634674e-02 1.242381986230611801e-02 1.241587474942207336e-02 1.258470490574836731e-02 1.265829429030418396e-02 1.277104206383228302e-02 1.282184291630983353e-02
5.751503006012024244e+00 1.261678524315357208e-02 5.324154044501483440e-04 1.260552648454904556e-02 1.267165970057249069e-02 1.275484077632427216e-02 1.225842162966728210e-02 1.243853010237216949e-02 1.241891738027334213e-02 1.258149649947881699e-02 1.264563389122486115e-02 1.276917383074760437e-02 1.280962210148572922e-02
5.771543086172344239e+00 1.261394470930099487e-02 5.059228278696537018e-04 1.259402930736541748e-02 1.266364660114049911e-02 1.273996010422706604e-02 1.227286085486412048e-02 1.245328597724437714e-02 1.242197118699550629e-02 1.257782336324453354e-02 1.263260934501886368e-02 1.276622712612152100e-02 1.279800385236740112e-02
5.791583166332665122e+00 1.261087507009506226e-02 4.811292747035622597e-04 1.258214749395847321e-02 1.265524234622716904e-02 1.272406242787837982e-02 1.228668075054883957e-02 1.246672030538320541e-02 1.242511998862028122e-02 1.257340796291828156e-02 1.262028422206640244e-02 1.276329439133405685e-02 1.278760284185409546e-02
5.811623246492986006e+00 1.260728482156991959e-02 4.585961869452148676e-04 1.256972178816795349e-02 1.264662761241197586e-02 1.270914077758789062e-02 1.229893323034048080e-02 1.247966475784778595e-02 1.242779009044170380e-02 1.256915554404258728e-02 1.260848436504602432e-02 1.276080962270498276e-02 1.277695316821336746e-02
5.831663326653306001e+00 1.260290574282407761e-02 4.375010030344128609e-04 1.255703065544366837e-02 1.263771485537290573e-02 1.269446127116680145e-02 1.231089327484369278e-02 1.249197125434875488e-02 1.242957450449466705e-02 1.256429683417081833e-02 1.259583141654729843e-02 1.275878306478261948e-02 1.276609953492879868e-02
5.851703406813626884e+00 1.259786542505025864e-02 4.168319865129888058e-04 1.254360657185316086e-02 1.262667775154113770e-02 1.267916709184646606e-02 1.232273038476705551e-02 1.250376086682081223e-02 1.243047602474689484e-02 1.255916059017181396e-02 1.258310023695230484e-02 1.275685429573059082e-02 1.275325287133455276e-02
5.871743486973947768e+00 1.259239390492439270e-02 3.982527123298496008e-04 1.253024954348802567e-02 1.261470559984445572e-02 1.266449876129627228e-02 1.233310811221599579e-02 1.251471601426601410e-02 1.243131887167692184e-02 1.255385112017393112e-02 1.256981492042541504e-02 1.275473088026046753e-02 1.274006720632314682e-02
5.891783567134268651e+00 1.258684042841196060e-02 3.807074681390076876e-04 1.251625921577215195e-02 1.260298769921064377e-02 1.265060808509588242e-02 1.234377734363079071e-02 1.252527814358472824e-02 1.243140082806348801e-02 1.254816632717847824e-02 1.255667302757501602e-02 1.275243610143661499e-02 1.272490248084068298e-02
5.911823647294588646e+00 1.258017215877771378e-02 3.650003345683217049e-04 1.250206213444471359e-02 1.259182207286357880e-02 1.263696793466806412e-02 1.235509198158979416e-02 1.253535319119691849e-02 1.242979802191257477e-02 1.254187803715467453e-02 1.254284009337425232e-02 1.275056879967451096e-02 1.270998828113079071e-02
5.931863727454909530e+00 1.257236767560243607e-02 3.504234773572534323e-04 1.248787529766559601e-02 1.258211210370063782e-02 1.262336317449808121e-02 1.236688252538442612e-02 1.254446431994438171e-02 1.242669392377138138e-02 1.253536529839038849e-02 1.252826116979122162e-02 1.274810545146465302e-02 1.269396673887968063e-02
5.951903807615230413e+00 1.256409473717212677e-02 3.377815592102706432e-04 1.247358042746782303e-02 1.257284171879291534e-02 1.260895002633333206e-02 1.237761415541172028e-02 1.255258359014987946e-02 1.242262683808803558e-02 1.252814941108226776e-02 1.251343078911304474e-02 1.274501346051692963e-02 1.267604343593120575e-02
5.971943887775551296e+00 1.255611889064311981e-02 3.279271477367728949e-04 1.245953328907489777e-02 1.256222650408744812e-02 1.259454712271690369e-02 1.238720677793025970e-02 1.255960576236248016e-02 1.241775322705507278e-02 1.252022664994001389e-02 1.249818224459886551e-02 1.274161413311958313e-02 1.265695039182901382e-02
5.991983967935871291e+00 1.254846993833780289e-02 3.201766812708228827e-04 1.244525611400604248e-02 1.255085319280624390e-02 1.258037611842155457e-02 1.239602640271186829e-02 1.256555970758199692e-02 1.241268683224916458e-02 1.251254044473171234e-02 1.248293556272983551e-02 1.273705624043941498e-02 1.263748202472925186e-02
6.012024048096192175e+00 1.253995206207036972e-02 3.143423818983137608e-04 1.243160571902990341e-02 1.253919210284948349e-02 1.256542839109897614e-02 1.240460295230150223e-02 1.257063820958137512e-02 1.240670494735240936e-02 1.250456646084785461e-02 1.246692705899477005e-02 1.273167971521615982e-02 1.261907536536455154e-02
6.032064128256513058e+00 1.253113802522420883e-02 3.098963934462517500e-04 1.241744030267000198e-02 1.252689119428396225e-02 1.255039591342210770e-02 1.241306215524673462e-02 1.257458329200744629e-02 1.240018103271722794e-02 1.249626278877258301e-02 1.245156303048133850e-02 1.272496674209833145e-02 1.260052807629108429e-02
6.052104208416833053e+00 1.252324134111404419e-02 3.073530679102987051e-04 1.240370795130729675e-02 1.251477003097534180e-02 1.253449823707342148e-02 1.242157723754644394e-02 1.257710158824920654e-02 1.239300798624753952e-02 1.248822920024394989e-02 1.243697572499513626e-02 1.271798741072416306e-02 1.258135866373777390e-02
6.072144288577153937e+00 1.251364313066005707e-02 3.060515737161040306e-04 1.238968968391418457e-02 1.250213291496038437e-02 1.251871418207883835e-02 1.242962852120399475e-02 1.257933862507343292e-02 1.238586194813251495e-02 1.247943285852670670e-02 1.242282520979642868e-02 1.271089166402816772e-02 1.256165374070405960e-02
6.092184368737474820e+00 1.250328682363033295e-02 3.058726142626255751e-04 1.237551309168338776e-02 1.248881034553050995e-02 1.250249426811933517e-02 1.243721134960651398e-02 1.258131768554449081e-02 1.237940415740013123e-02 1.247063279151916504e-02 1.240804698318243027e-02 1.270232442766427994e-02 1.254396419972181320e-02
6.112224448897795703e+00 1.249249838292598724e-02 3.072440158575773239e-04 1.236142776906490326e-02 1.247460860759019852e-02 1.248557958751916885e-02 1.244431920349597931e-02 1.258253492414951324e-02 1.237213518470525742e-02 1.246171630918979645e-02 1.239416468888521194e-02 1.269332319498062134e-02 1.252681855112314224e-02
6.132264529058115698e+00 1.248172856867313385e-02 3.100209869444370270e-04 1.234746351838111877e-02 1.245910208672285080e-02 1.246758271008729935e-02 1.245029456913471222e-02 1.258265320211648941e-02 1.236503291875123978e-02 1.245257165282964706e-02 1.238068845123052597e-02 1.268390752375125885e-02 1.251069642603397369e-02
6.152304609218436582e+00 1.247113384306430817e-02 3.149275144096463919e-04 1.233277563005685806e-02 1.244418974965810776e-02 1.244844216853380203e-02 1.245624478906393051e-02 1.258323341608047485e-02 1.235784403979778290e-02 1.244334131479263306e-02 1.236711163073778152e-02 1.267422270029783249e-02 1.249423157423734665e-02
6.172344689378757465e+00 1.246067229658365250e-02 3.208444395568221807e-04 1.231773942708969116e-02 1.242921501398086548e-02 1.242982782423496246e-02 1.246129162609577179e-02 1.258412096649408340e-02 1.235108170658349991e-02 1.243376359343528748e-02 1.235351711511611938e-02 1.266320887953042984e-02 1.247797161340713501e-02
6.192384769539078349e+00 1.245012413710355759e-02 3.274299961049109697e-04 1.230220962315797806e-02 1.241252198815345764e-02 1.241152826696634293e-02 1.246609818190336227e-02 1.258446648716926575e-02 1.234458014369010925e-02 1.242379751056432724e-02 1.233925763517618179e-02 1.265031471848487854e-02 1.246194262057542801e-02
6.212424849699398344e+00 1.244011055678129196e-02 3.354932414367794991e-04 1.228642556816339493e-02 1.239488180726766586e-02 1.239283755421638489e-02 1.247051358222961426e-02 1.258475333452224731e-02 1.233761571347713470e-02 1.241337507963180542e-02 1.232472993433475494e-02 1.263620611280202866e-02 1.244716811925172806e-02
6.232464929859719227e+00 1.243035960942506790e-02 3.450866497587412596e-04 1.227051671594381332e-02 1.237731426954269409e-02 1.237419899553060532e-02 1.247441489249467850e-02 1.258465647697448730e-02 1.233075838536024094e-02 1.240239664912223816e-02 1.230975612998008728e-02 1.262221485376358032e-02 1.243158802390098572e-02
6.252505010020040110e+00 1.242076419293880463e-02 3.566211671568453312e-04 1.225457061082124710e-02 1.235956512391567230e-02 1.235529128462076187e-02 1.247764192521572113e-02 1.258507464081048965e-02 1.232332736253738403e-02 1.239118818193674088e-02 1.229414902627468109e-02 1.260817889124155045e-02 1.241588033735752106e-02
6.272545090180360106e+00 1.241070590913295746e-02 3.692035388667136431e-04 1.223817933350801468e-02 1.234240271151065826e-02 1.233525294810533524e-02 1.248027384281158447e-02 1.258441898971796036e-02 1.231528818607330322e-02 1.237984839826822281e-02 1.227801013737916946e-02 1.259407494217157364e-02 1.239823643118143082e-02
6.292585170340680989e+00 1.240068115293979645e-02 3.834214003290981054e-04 1.222183555364608765e-02 1.232637651264667511e-02 1.231532357633113861e-02 1.248336210846900940e-02 1.258374005556106567e-02 1.230711489915847778e-02 1.236797869205474854e-02 1.226166822016239166e-02 1.258101779967546463e-02 1.237838715314865112e-02
6.312625250501001872e+00 1.239074114710092545e-02 3.994722792413085699e-04 1.220482774078845978e-02 1.231125555932521820e-02 1.229463238269090652e-02 1.248558517545461655e-02 1.258286274969577789e-02 1.229887083172798157e-02 1.235586591064929962e-02 1.224464736878871918e-02 1.256897673010826111e-02 1.235749386250972748e-02
6.332665330661322756e+00 1.238005515187978745e-02 4.156446957495063543e-04 1.218804158270359039e-02 1.229743566364049911e-02 1.227321103215217590e-02 1.248773373663425446e-02 1.258100569248199463e-02 1.229044888168573380e-02 1.234370842576026917e-02 1.222761068493127823e-02 1.255770679563283920e-02 1.233680825680494308e-02
6.352705410821642751e+00 1.236891653388738632e-02 4.313025565352290869e-04 1.217136532068252563e-02 1.228320598602294922e-02 1.225276943296194077e-02 1.248985156416893005e-02 1.257831230759620667e-02 1.228162925690412521e-02 1.233162917196750641e-02 1.221072860062122345e-02 1.254587713629007339e-02 1.231683976948261261e-02
6.372745490981963634e+00 1.235725264996290207e-02 4.466702812351286411e-04 1.215536240488290787e-02 1.226988900452852249e-02 1.223152875900268555e-02 1.249087043106555939e-02 1.257489807903766632e-02 1.227241661399602890e-02 1.231932081282138824e-02 1.219318341463804245e-02 1.253406517207622528e-02 1.229663100093603134e-02
6.392785571142284518e+00 1.234597712755203247e-02 4.629209579434245825e-04 1.214017719030380249e-02 1.225543953478336334e-02 1.220998167991638184e-02 1.249209977686405182e-02 1.257154531776905060e-02 1.226295344531536102e-02 1.230653747916221619e-02 1.217600982636213303e-02 1.252270024269819260e-02 1.227612979710102081e-02
6.412825651302604513e+00 1.233499031513929367e-02 4.793310072273015976e-04 1.212496962398290634e-02 1.224199682474136353e-02 1.218897569924592972e-02 1.249185390770435333e-02 1.256826799362897873e-02 1.225356664508581161e-02 1.229394413530826569e-02 1.215826068073511124e-02 1.251176279038190842e-02 1.225548703223466873e-02
6.432865731462925396e+00 1.232268288731575012e-02 4.952109302394092083e-04 1.210906170308589935e-02 1.222857926040887833e-02 1.216803211718797684e-02 1.249164529144763947e-02 1.256532687693834305e-02 1.224363129585981369e-02 1.228166371583938599e-02 1.214051712304353714e-02 1.249928865581750870e-02 1.223556883633136749e-02
6.452905811623246279e+00 1.231070142239332199e-02 5.125679890625178814e-04 1.209180429577827454e-02 1.221570745110511780e-02 1.214634440839290619e-02 1.249135006219148636e-02 1.256210543215274811e-02 1.223273947834968567e-02 1.226885337382555008e-02 1.212260778993368149e-02 1.248707808554172516e-02 1.221507601439952850e-02
6.472945891783567163e+00 1.229825709015130997e-02 5.289494292810559273e-04 1.207399927079677582e-02 1.220355462282896042e-02 1.212638430297374725e-02 1.249039079993963242e-02 1.255823113024234772e-02 1.222131308168172836e-02 1.225530728697776794e-02 1.210480928421020508e-02 1.247494667768478394e-02 1.219510845839977264e-02
6.492985971943887158e+00 1.228686887770891190e-02 5.448289448395371437e-04 1.205691695213317871e-02 1.219095755368471146e-02 1.210711617022752762e-02 1.248847320675849915e-02 1.255375705659389496e-02 1.220908574759960175e-02 1.224058028310537338e-02 1.208720263093709946e-02 1.246270909905433655e-02 1.217644847929477692e-02
6.513026052104208041e+00 1.227569952607154846e-02 5.613663815893232822e-04 1.203950121998786926e-02 1.217703055590391159e-02 1.208813861012458801e-02 1.248608808964490891e-02 1.254987344145774841e-02 1.219649054110050201e-02 1.222605723887681961e-02 1.206892542541027069e-02 1.244964543730020523e-02 1.215791329741477966e-02
6.533066132264528925e+00 1.226311549544334412e-02 5.764311063103377819e-04 1.202224567532539368e-02 1.216223556548357010e-02 1.206922344863414764e-02 1.248365640640258789e-02 1.254524104297161102e-02 1.218343805521726608e-02 1.221122685819864273e-02 1.204980351030826569e-02 1.243467722088098526e-02 1.214088592678308487e-02
6.553106212424849808e+00 1.225130166858434677e-02 5.917131784372031689e-04 1.200450118631124496e-02 1.214735675603151321e-02 1.205072458833456039e-02 1.248033903539180756e-02 1.254050433635711670e-02 1.217016577720642090e-02 1.219648402184247971e-02 1.202969998121261597e-02 1.241838186979293823e-02 1.212413050234317780e-02
6.573146292585169803e+00 1.223951857537031174e-02 6.070504896342754364e-04 1.198647264391183853e-02 1.213166024535894394e-02 1.203148532658815384e-02 1.247628219425678253e-02 1.253524795174598694e-02 1.215653680264949799e-02 1.218208111822605133e-02 1.200842298567295074e-02 1.240103878080844879e-02 1.210870034992694855e-02
6.593186372745490686e+00 1.222724560648202896e-02 6.224665557965636253e-04 1.196841895580291748e-02 1.211536023765802383e-02 1.201216969639062881e-02 1.247189007699489594e-02 1.252959296107292175e-02 1.214344799518585205e-02 1.216811779886484146e-02 1.198636461049318314e-02 1.238454878330230713e-02 1.209336891770362854e-02
6.613226452905811570e+00 1.221377402544021606e-02 6.367788300849497318e-04 1.195037644356489182e-02 1.209843717515468597e-02 1.199244055896997452e-02 1.246712077409029007e-02 1.252257078886032104e-02 1.212970539927482605e-02 1.215385273098945618e-02 1.196404732763767242e-02 1.236843690276145935e-02 1.207905821502208710e-02
6.633266533066131565e+00 1.219983305782079697e-02 6.505584460683166981e-04 1.193248853087425232e-02 1.208029594272375107e-02 1.197222061455249786e-02 1.246140990406274796e-02 1.251477003097534180e-02 1.211527362465858459e-02 1.213939115405082703e-02 1.194214075803756714e-02 1.235279161483049393e-02 1.206458546221256256e-02
6.653306613226452448e+00 1.218577660620212555e-02 6.650097784586250782e-04 1.191421784460544586e-02 1.206260547041893005e-02 1.195189356803894043e-02 1.245646830648183823e-02 1.250657811760902405e-02 1.210150029510259628e-02 1.212525181472301483e-02 1.192037947475910187e-02 1.233736425638198853e-02 1.204742956906557083e-02
6.673346693386773332e+00 1.217061094939708710e-02 6.784083088859915733e-04 1.189587544649839401e-02 1.204479206353425980e-02 1.193156745284795761e-02 1.245158072561025620e-02 1.249703299254179001e-02 1.208738144487142563e-02 1.211076602339744568e-02 1.189891993999481201e-02 1.232260279357433319e-02 1.202994491904973984e-02
6.693386773547094215e+00 1.215447485446929932e-02 6.921461899764835835e-04 1.187773421406745911e-02 1.202701032161712646e-02 1.191027648746967316e-02 1.244639605283737183e-02 1.248814817517995834e-02 1.207245979458093643e-02 1.209575310349464417e-02 1.187802758067846298e-02 1.230887416750192642e-02 1.201105862855911255e-02
6.713426853707414210e+00 1.213789544999599457e-02 7.060339557938277721e-04 1.185890473425388336e-02 1.201027352362871170e-02 1.188819855451583862e-02 1.244100648909807205e-02 1.247930247336626053e-02 1.205840148031711578e-02 1.208113040775060654e-02 1.185743883252143860e-02 1.229577418416738510e-02 1.199142728000879288e-02
6.733466933867735094e+00 1.212066784501075745e-02 7.200274267233908176e-04 1.183998119086027145e-02 1.199162565171718597e-02 1.186598278582096100e-02 1.243454031646251678e-02 1.247013546526432037e-02 1.204328518360853195e-02 1.206618919968605042e-02 1.183643378317356110e-02 1.228136662393808365e-02 1.196912769228219986e-02
6.753507014028055977e+00 1.210381742566823959e-02 7.352192187681794167e-04 1.182032749056816101e-02 1.197305414825677872e-02 1.184337120503187180e-02 1.242737099528312683e-02 1.246111467480659485e-02 1.202804129570722580e-02 1.205176394432783127e-02 1.181469019502401352e-02 1.226786337792873383e-02 1.194561738520860672e-02
6.773547094188376860e+00 1.208640728145837784e-02 7.488845149055123329e-04 1.180023793131113052e-02 1.195603050291538239e-02 1.182209700345993042e-02 1.241917721927165985e-02 1.245152670890092850e-02 1.201234478503465652e-02 1.203679107129573822e-02 1.179381925612688065e-02 1.225466839969158173e-02 1.192122139036655426e-02
6.793587174348696855e+00 1.206935383379459381e-02 7.625170983374118805e-04 1.178073696792125702e-02 1.193790882825851440e-02 1.180126611143350601e-02 1.240978296846151352e-02 1.244161371141672134e-02 1.199631113559007645e-02 1.202155649662017822e-02 1.177263725548982620e-02 1.224265806376934052e-02 1.189619302749633789e-02
6.813627254509017739e+00 1.205287780612707138e-02 7.766112685203552246e-04 1.176179852336645126e-02 1.191945374011993408e-02 1.177933719009160995e-02 1.239970512688159943e-02 1.243248488754034042e-02 1.198037806898355484e-02 1.200660131871700287e-02 1.175076514482498169e-02 1.222954690456390381e-02 1.187202520668506622e-02
6.833667334669338622e+00 1.203601993620395660e-02 7.901951321400702000e-04 1.174298021942377090e-02 1.190030854195356369e-02 1.175797544419765472e-02 1.238956581801176071e-02 1.242354419082403183e-02 1.196473836898803711e-02 1.199067197740077972e-02 1.172899827361106873e-02 1.221654750406742096e-02 1.184920128434896469e-02
6.853707414829658617e+00 1.202007383108139038e-02 8.033743361011147499e-04 1.172372791916131973e-02 1.188141759485006332e-02 1.173707935959100723e-02 1.237937435507774353e-02 1.241387519985437393e-02 1.194882299751043320e-02 1.197500061243772507e-02 1.170854829251766205e-02 1.220428943634033203e-02 1.182693336158990860e-02
6.873747494989979501e+00 1.200528629124164581e-02 8.175326511263847351e-04 1.170329935848712921e-02 1.186171546578407288e-02 1.171537209302186966e-02 1.236851233989000320e-02 1.240432076156139374e-02 1.193381473422050476e-02 1.195867080241441727e-02 1.168841309845447540e-02 1.219188701361417770e-02 1.180486474186182022e-02
6.893787575150300384e+00 1.199009828269481659e-02 8.303301874548196793e-04 1.168278511613607407e-02 1.184230949729681015e-02 1.169491466134786606e-02 1.235804893076419830e-02 1.239408832043409348e-02 1.191964000463485718e-02 1.194119732826948166e-02 1.166878640651702881e-02 1.217809319496154785e-02 1.178302615880966187e-02
6.913827655310621267e+00 1.197497826069593430e-02 8.423991966992616653e-04 1.166322361677885056e-02 1.182263996452093124e-02 1.167424116283655167e-02 1.234745793044567108e-02 1.238332130014896393e-02 1.190552860498428345e-02 1.192343700677156448e-02 1.164837460964918137e-02 1.216362509876489639e-02 1.176285743713378906e-02
6.933867735470941263e+00 1.195975486189126968e-02 8.550537750124931335e-04 1.164388563483953476e-02 1.180228684097528458e-02 1.165367197245359421e-02 1.233727019280195236e-02 1.237269304692745209e-02 1.189047656953334808e-02 1.190564781427383423e-02 1.162718236446380615e-02 1.214820332825183868e-02 1.174193434417247772e-02
6.953907815631262146e+00 1.194464322179555893e-02 8.675797143951058388e-04 1.162424590438604355e-02 1.178191043436527252e-02 1.163362991064786911e-02 1.232651155441999435e-02 1.236202567815780640e-02 1.187579799443483353e-02 1.188808586448431015e-02 1.160557474941015244e-02 1.213347259908914566e-02 1.172161102294921875e-02
6.973947895791583029e+00 1.192986499518156052e-02 8.793916204012930393e-04 1.160411164164543152e-02 1.176053751260042191e-02 1.161397900432348251e-02 1.231629122048616409e-02 1.235001441091299057e-02 1.186066307127475739e-02 1.187056768685579300e-02 1.158374175429344177e-02 1.211774442344903946e-02 1.170391682535409927e-02
6.993987975951903913e+00 1.191516034305095673e-02 8.922217530198395252e-04 1.158292219042778015e-02 1.173836551606655121e-02 1.159329432994127274e-02 1.230683363974094391e-02 1.233763154596090317e-02 1.184437610208988190e-02 1.185331400483846664e-02 1.156192086637020111e-02 1.210071984678506851e-02 1.168606895953416824e-02
7.014028056112223908e+00 1.190113928169012070e-02 9.058757568709552288e-04 1.156204752624034882e-02 1.171489059925079346e-02 1.157282665371894836e-02 1.229825709015130997e-02 1.232506241649389267e-02 1.182749494910240173e-02 1.183641143143177032e-02 1.154068857431411743e-02 1.208401191979646683e-02 1.166789978742599487e-02
7.034068136272544791e+00 1.188659854233264923e-02 9.196711471304297447e-04 1.154051721096038818e-02 1.169184315949678421e-02 1.155167073011398315e-02 1.228910312056541443e-02 1.231234706938266754e-02 1.181035116314888000e-02 1.181963644921779633e-02 1.152009796351194382e-02 1.206778734922409058e-02 1.164808217436075211e-02
7.054108216432865675e+00 1.187134440988302231e-02 9.332586196251213551e-04 1.151883136481046677e-02 1.167070027440786362e-02 1.153094321489334106e-02 1.228065602481365204e-02 1.229992415755987167e-02 1.179300248622894287e-02 1.180290617048740387e-02 1.149885449558496475e-02 1.205196417868137360e-02 1.162862963974475861e-02
7.074148296593185670e+00 1.185590866953134537e-02 9.458974818699061871e-04 1.149721723049879074e-02 1.165059395134449005e-02 1.150978356599807739e-02 1.227134093642234802e-02 1.228666957467794418e-02 1.177499908953905106e-02 1.178517285734415054e-02 1.147704571485519409e-02 1.203539222478866577e-02 1.161002553999423981e-02
7.094188376753506553e+00 1.183949224650859833e-02 9.558022138662636280e-04 1.147651206701993942e-02 1.163259893655776978e-02 1.148828119039535522e-02 1.226081419736146927e-02 1.227315142750740051e-02 1.175739523023366928e-02 1.176737621426582336e-02 1.145604439079761505e-02 1.201751269400119781e-02 1.159201841801404953e-02
7.114228456913827436e+00 1.182242762297391891e-02 9.651592117734253407e-04 1.145613659173250198e-02 1.161547657102346420e-02 1.146594434976577759e-02 1.225029584020376205e-02 1.226039696484804153e-02 1.173980161547660828e-02 1.174930389970541000e-02 1.143527217209339142e-02 1.199820917099714279e-02 1.157449651509523392e-02
7.134268537074148320e+00 1.180349010974168777e-02 9.726642165333032608e-04 1.143709290772676468e-02 1.159831322729587555e-02 1.144420448690652847e-02 1.223972160369157791e-02 1.224727183580398560e-02 1.172249391674995422e-02 1.173044927418231964e-02 1.141405850648880005e-02 1.197802741080522537e-02 1.155593153089284897e-02
7.154308617234468315e+00 1.178284827619791031e-02 9.788484312593936920e-04 1.141895819455385208e-02 1.158135756850242615e-02 1.142260711640119553e-02 1.222797669470310211e-02 1.223476976156234741e-02 1.170574035495519638e-02 1.171126961708068848e-02 1.139211002737283707e-02 1.195731107145547867e-02 1.153643243014812469e-02
7.174348697394789198e+00 1.176149211823940277e-02 9.850629139691591263e-04 1.140026375651359558e-02 1.156559307128190994e-02 1.140082441270351410e-02 1.221581734716892242e-02 1.222280226647853851e-02 1.168915629386901855e-02 1.169162150472402573e-02 1.137011311948299408e-02 1.193681173026561737e-02 1.151633355766534805e-02
7.194388777555110082e+00 1.173999067395925522e-02 9.911827510222792625e-04 1.138172764331102371e-02 1.155024021863937378e-02 1.137967593967914581e-02 1.220290269702672958e-02 1.221129484474658966e-02 1.167372707277536392e-02 1.167175266891717911e-02 1.134777907282114029e-02 1.191706489771604538e-02 1.149590034037828445e-02
7.214428857715430965e+00 1.172003336250782013e-02 9.971936233341693878e-04 1.136234309524297714e-02 1.153500471264123917e-02 1.135910023003816605e-02 1.218879222869873047e-02 1.219903398305177689e-02 1.165848597884178162e-02 1.165149360895156860e-02 1.132579520344734192e-02 1.189627125859260559e-02 1.147551089525222778e-02
7.234468937875750960e+00 1.169763226062059402e-02 1.001804135739803314e-03 1.134419068694114685e-02 1.151964813470840454e-02 1.133916806429624557e-02 1.217530574649572372e-02 1.218652259558439255e-02 1.164215430617332458e-02 1.163174863904714584e-02 1.130449492484331131e-02 1.187488529831171036e-02 1.145279128104448318e-02
7.254509018036071843e+00 1.167622767388820648e-02 1.007377635687589645e-03 1.132508739829063416e-02 1.150257792323827744e-02 1.131926570087671280e-02 1.216208655387163162e-02 1.217289920896291733e-02 1.162600889801979065e-02 1.161247678101062775e-02 1.128461025655269623e-02 1.185458805412054062e-02 1.142830960452556610e-02
7.274549098196392727e+00 1.165462192147970200e-02 1.013150555081665516e-03 1.130674593150615692e-02 1.148507371544837952e-02 1.129908952862024307e-02 1.214874349534511566e-02 1.215923856943845749e-02 1.160987187176942825e-02 1.159265078604221344e-02 1.126422360539436340e-02 1.183347776532173157e-02 1.140297483652830124e-02
7.294589178356712722e+00 1.163193862885236740e-02 1.018043723888695240e-03 1.128902658820152283e-02 1.146446634083986282e-02 1.127828750759363174e-02 1.213431823998689651e-02 1.214450038969516754e-02 1.159374415874481201e-02 1.157312002032995224e-02 1.124333217740058899e-02 1.181373745203018188e-02 1.137955766171216965e-02
7.314629258517033605e+00 1.160908956080675125e-02 1.022941083647310734e-03 1.127123180776834488e-02 1.144200749695301056e-02 1.125865150243043900e-02 1.212017796933650970e-02 1.212932076305150986e-02 1.157767977565526962e-02 1.155339460819959641e-02 1.122317556291818619e-02 1.179559249430894852e-02 1.135614514350891113e-02
7.334669338677354489e+00 1.158778835088014603e-02 1.028145663440227509e-03 1.125283446162939072e-02 1.141765341162681580e-02 1.123811677098274231e-02 1.210556086152791977e-02 1.211270038038492203e-02 1.156102120876312256e-02 1.153339724987745285e-02 1.120386924594640732e-02 1.177741680294275284e-02 1.133255753666162491e-02
7.354709418837675372e+00 1.156668365001678467e-02 1.034384709782898426e-03 1.123334374278783798e-02 1.139311399310827255e-02 1.121683884412050247e-02 1.209168322384357452e-02 1.209538150578737259e-02 1.154370885342359543e-02 1.151366718113422394e-02 1.118374150246381760e-02 1.175976358354091644e-02 1.130967494100332260e-02
7.374749498997995367e+00 1.154601387679576874e-02 1.039905007928609848e-03 1.121390424668788910e-02 1.136846374720335007e-02 1.119573786854743958e-02 1.207830291241407394e-02 1.207733619958162308e-02 1.152581069618463516e-02 1.149365957826375961e-02 1.116466056555509567e-02 1.174255833029747009e-02 1.128869876265525818e-02
7.394789579158316251e+00 1.152585912495851517e-02 1.045400509610772133e-03 1.119366195052862167e-02 1.134447660297155380e-02 1.117403060197830200e-02 1.206364762037992477e-02 1.205994654446840286e-02 1.150710415095090866e-02 1.147395465523004532e-02 1.114624273031949997e-02 1.172596402466297150e-02 1.126827020198106766e-02
7.414829659318637134e+00 1.150644011795520782e-02 1.050234073773026466e-03 1.117308251559734344e-02 1.132316421717405319e-02 1.115266140550374985e-02 1.204773038625717163e-02 1.204326190054416656e-02 1.148807443678379059e-02 1.145447418093681335e-02 1.112869195640087128e-02 1.170936319977045059e-02 1.124712731689214706e-02
7.434869739478958017e+00 1.148697454482316971e-02 1.054013962857425213e-03 1.115299947559833527e-02 1.130349840968847275e-02 1.113069802522659302e-02 1.203134283423423767e-02 1.202686037868261337e-02 1.146791875362396240e-02 1.143452990800142288e-02 1.111173443496227264e-02 1.169223804026842117e-02 1.122780144214630127e-02
7.454909819639278012e+00 1.146741304546594620e-02 1.057314686477184296e-03 1.113219279795885086e-02 1.128588337451219559e-02 1.110825501382350922e-02 1.201464608311653137e-02 1.201072987169027328e-02 1.144851278513669968e-02 1.141401659697294235e-02 1.109474897384643555e-02 1.167428027838468552e-02 1.120993215590715408e-02
7.474949899799598896e+00 1.144727692008018494e-02 1.061382470652461052e-03 1.111127063632011414e-02 1.126814726740121841e-02 1.108622737228870392e-02 1.199849415570497513e-02 1.199650950729846954e-02 1.142935734242200851e-02 1.139372866600751877e-02 1.107891462743282318e-02 1.165659073740243912e-02 1.119182165712118149e-02
7.494989979959919779e+00 1.142967771738767624e-02 1.066136290319263935e-03 1.109011843800544739e-02 1.124992128461599350e-02 1.106586121022701263e-02 1.198270637542009354e-02 1.198171451687812805e-02 1.141148991882801056e-02 1.137312781065702438e-02 1.106128003448247910e-02 1.163825765252113342e-02 1.117352768778800964e-02
7.515030060120239774e+00 1.141137536615133286e-02 1.070385915227234364e-03 1.106917113065719604e-02 1.123309321701526642e-02 1.104550249874591827e-02 1.196839101612567902e-02 1.196538936346769333e-02 1.139372866600751877e-02 1.135185919702053070e-02 1.104238722473382950e-02 1.161913853138685226e-02 1.115661766380071640e-02
7.535070140280560658e+00 1.139310840517282486e-02 1.073799561709165573e-03 1.104746200144290924e-02 1.121571660041809082e-02 1.102603413164615631e-02 1.195379067212343216e-02 1.194833684712648392e-02 1.137646473944187164e-02 1.132981758564710617e-02 1.102294307202100754e-02 1.159835699945688248e-02 1.114092208445072174e-02
7.555110220440881541e+00 1.137579139322042465e-02 1.077544759027659893e-03 1.102494727820158005e-02 1.119729224592447281e-02 1.100659091025590897e-02 1.193981058895587921e-02 1.192992180585861206e-02 1.135922595858573914e-02 1.130826957523822784e-02 1.100320927798748016e-02 1.157769095152616501e-02 1.112564280629158020e-02
7.575150300601202424e+00 1.135918777436017990e-02 1.083064125850796700e-03 1.100253406912088394e-02 1.117803156375885010e-02 1.098755374550819397e-02 1.192722469568252563e-02 1.191211026161909103e-02 1.134161930531263351e-02 1.128705032169818878e-02 1.098259631544351578e-02 1.155717018991708755e-02 1.110953278839588165e-02
7.595190380761522420e+00 1.134183444082736969e-02 1.087640994228422642e-03 1.098093111068010330e-02 1.116136834025382996e-02 1.096899993717670441e-02 1.191383972764015198e-02 1.189509313553571701e-02 1.132449600845575333e-02 1.126602850854396820e-02 1.096177753061056137e-02 1.153696887195110321e-02 1.109352894127368927e-02
7.615230460921843303e+00 1.132388412952423096e-02 1.091365586034953594e-03 1.095994189381599426e-02 1.114661153405904770e-02 1.095096115022897720e-02 1.190148387104272842e-02 1.187744084745645523e-02 1.130645629018545151e-02 1.124578341841697693e-02 1.094145979732275009e-02 1.151630654931068420e-02 1.107732765376567841e-02
7.635270541082164186e+00 1.130407769232988358e-02 1.094007748179137707e-03 1.093960180878639221e-02 1.113216578960418701e-02 1.093221828341484070e-02 1.188893802464008331e-02 1.185952313244342804e-02 1.128870993852615356e-02 1.122567709535360336e-02 1.092150155454874039e-02 1.149493455886840820e-02 1.106154825538396835e-02
7.655310621242485070e+00 1.128571201115846634e-02 1.096805324777960777e-03 1.091986056417226791e-02 1.111731585115194321e-02 1.091336179524660110e-02 1.187561731785535812e-02 1.184110995382070541e-02 1.127150468528270721e-02 1.120537705719470978e-02 1.090164016932249069e-02 1.147547271102666855e-02 1.104506198316812515e-02
7.675350701402805065e+00 1.126811653375625610e-02 1.101269386708736420e-03 1.090022921562194824e-02 1.110116019845008850e-02 1.089353673160076141e-02 1.186257507652044296e-02 1.182322390377521515e-02 1.125311758369207382e-02 1.118551194667816162e-02 1.088120974600315094e-02 1.145481131970882416e-02 1.102609653025865555e-02
7.695390781563125948e+00 1.125052478164434433e-02 1.105811446905136108e-03 1.088126190006732941e-02 1.108271256089210510e-02 1.087370049208402634e-02 1.184946391731500626e-02 1.180584356188774109e-02 1.123550906777381897e-02 1.116695441305637360e-02 1.086136884987354279e-02 1.143402513116598129e-02 1.100695598870515823e-02
7.715430861723446831e+00 1.123360451310873032e-02 1.111207646317780018e-03 1.086254138499498367e-02 1.106346305459737778e-02 1.085348799824714661e-02 1.183608174324035645e-02 1.178908906877040863e-02 1.121790893375873566e-02 1.114845182746648788e-02 1.084124948829412460e-02 1.141373999416828156e-02 1.098722685128450394e-02
7.735470941883766827e+00 1.121605187654495239e-02 1.116039347834885120e-03 1.084383111447095871e-02 1.104436535388231277e-02 1.083239540457725525e-02 1.182290446013212204e-02 1.177281141281127930e-02 1.119974721223115921e-02 1.112950034439563751e-02 1.082247309386730194e-02 1.139236427843570709e-02 1.096942555159330368e-02
7.755511022044087710e+00 1.119720283895730972e-02 1.120459521189332008e-03 1.082529220730066299e-02 1.102552097290754318e-02 1.081082876771688461e-02 1.180954836308956146e-02 1.175670884549617767e-02 1.118107512593269348e-02 1.111101172864437103e-02 1.080457121133804321e-02 1.137086935341358185e-02 1.095053367316722870e-02
7.775551102204408593e+00 1.117936335504055023e-02 1.123924390412867069e-03 1.080700103193521500e-02 1.100639812648296356e-02 1.079048123210668564e-02 1.179519947618246078e-02 1.173976249992847443e-02 1.116284541785717010e-02 1.109220925718545914e-02 1.078676152974367142e-02 1.135041099041700363e-02 1.093162596225738525e-02
7.795591182364729477e+00 1.116092968732118607e-02 1.126162474974989891e-03 1.078893709927797318e-02 1.098667457699775696e-02 1.076958701014518738e-02 1.177949830889701843e-02 1.172250602394342422e-02 1.114464644342660904e-02 1.107288897037506104e-02 1.076890341937541962e-02 1.133007649332284927e-02 1.091479044407606125e-02
7.815631262525049472e+00 1.114132255315780640e-02 1.128464471548795700e-03 1.077017001807689667e-02 1.096701342612504959e-02 1.074858848005533218e-02 1.176261343061923981e-02 1.170530263334512711e-02 1.112646143883466721e-02 1.105329953134059906e-02 1.075046975165605545e-02 1.131058018654584885e-02 1.089607365429401398e-02
7.835671342685370355e+00 1.112242136150598526e-02 1.132052158936858177e-03 1.075177080929279327e-02 1.094500347971916199e-02 1.072752941399812698e-02 1.174587570130825043e-02 1.168860215693712234e-02 1.110852509737014771e-02 1.103398110717535019e-02 1.073125470429658890e-02 1.129162125289440155e-02 1.087665557861328125e-02
7.855711422845691239e+00 1.110406965017318726e-02 1.135219703428447247e-03 1.073408965021371841e-02 1.092424150556325912e-02 1.070631295442581177e-02 1.172828674316406250e-02 1.167160365730524063e-02 1.109051331877708435e-02 1.101500727236270905e-02 1.071109436452388763e-02 1.127354614436626434e-02 1.085736509412527084e-02
7.875751503006012122e+00 1.108575519174337387e-02 1.138154766522347927e-03 1.071526948362588882e-02 1.090294867753982544e-02 1.068591885268688202e-02 1.171023678034543991e-02 1.165289245545864105e-02 1.107255369424819946e-02 1.099610328674316406e-02 1.069016195833683014e-02 1.125592924654483795e-02 1.083643920719623566e-02
7.895791583166332117e+00 1.106707286089658737e-02 1.141065848059952259e-03 1.069702487438917160e-02 1.088075619190931320e-02 1.066569145768880844e-02 1.169130112975835800e-02 1.163515634834766388e-02 1.105354446917772293e-02 1.097759325057268143e-02 1.066893897950649261e-02 1.123893447220325470e-02 1.081554219126701355e-02
7.915831663326653000e+00 1.105025038123130798e-02 1.145354355685412884e-03 1.067744847387075424e-02 1.085796952247619629e-02 1.064489781856536865e-02 1.167186722159385681e-02 1.161730941385030746e-02 1.103471778333187103e-02 1.095871068537235260e-02 1.064767129719257355e-02 1.122197881340980530e-02 1.079323515295982361e-02
7.935871743486973884e+00 1.103299669921398163e-02 1.150142634287476540e-03 1.065681781619787216e-02 1.083524618297815323e-02 1.062406226992607117e-02 1.165238395333290100e-02 1.159881800413131714e-02 1.101654395461082458e-02 1.093909796327352524e-02 1.062591653317213058e-02 1.120435819029808044e-02 1.076903659850358963e-02
7.955911823647293879e+00 1.101595908403396606e-02 1.154443831183016300e-03 1.063704118132591248e-02 1.081114355474710464e-02 1.060271821916103363e-02 1.163291838020086288e-02 1.157962251454591751e-02 1.099865883588790894e-02 1.091899536550045013e-02 1.060523279011249542e-02 1.118739508092403412e-02 1.074582524597644806e-02
7.975951903807614762e+00 1.099785603582859039e-02 1.158744678832590580e-03 1.061688736081123352e-02 1.078808307647705078e-02 1.058150641620159149e-02 1.161418203264474869e-02 1.156033109873533249e-02 1.098038814961910248e-02 1.089954189956188202e-02 1.058434788137674332e-02 1.117205899208784103e-02 1.072335895150899887e-02
7.995991983967935646e+00 1.097912807017564774e-02 1.163187203928828239e-03 1.059822179377079010e-02 1.076675672084093094e-02 1.055984571576118469e-02 1.159666944295167923e-02 1.154136564582586288e-02 1.096186507493257523e-02 1.088055595755577087e-02 1.056318264454603195e-02 1.115842629224061966e-02 1.070148497819900513e-02
8.016032064128255641e+00 1.095972023904323578e-02 1.167817623354494572e-03 1.057861931622028351e-02 1.074515841901302338e-02 1.053889375180006027e-02 1.157938782125711441e-02 1.152229309082031250e-02 1.094268914312124252e-02 1.086271274834871292e-02 1.054187957197427750e-02 1.114528067409992218e-02 1.067871972918510437e-02
8.036072144288576524e+00 1.093835290521383286e-02 1.171202980913221836e-03 1.055854372680187225e-02 1.072581950575113297e-02 1.051833759993314743e-02 1.156175602227449417e-02 1.150413136929273605e-02 1.092440169304609299e-02 1.084505580365657806e-02 1.052035950124263763e-02 1.113180723041296005e-02 1.065755356103181839e-02
8.056112224448897408e+00 1.091521885246038437e-02 1.173462485894560814e-03 1.053862459957599640e-02 1.070731319487094879e-02 1.049859169870615005e-02 1.154309604316949844e-02 1.148640178143978119e-02 1.090501714497804642e-02 1.082735043019056320e-02 1.049813628196716309e-02 1.111746300011873245e-02 1.063596550375223160e-02
8.076152304609218291e+00 1.089387200772762299e-02 1.176066114567220211e-03 1.051834784448146820e-02 1.068934705108404160e-02 1.047866884618997574e-02 1.152357645332813263e-02 1.146853249520063400e-02 1.088550034910440445e-02 1.081022806465625763e-02 1.047514472156763077e-02 1.110174320638179779e-02 1.061407011002302170e-02
8.096192384769539174e+00 1.087508257478475571e-02 1.178608974441885948e-03 1.049839984625577927e-02 1.067167147994041443e-02 1.045944448560476303e-02 1.150343380868434906e-02 1.145115587860345840e-02 1.086674630641937256e-02 1.079387497156858444e-02 1.045187376439571381e-02 1.108455657958984375e-02 1.059304177761077881e-02
8.116232464929860058e+00 1.085604168474674225e-02 1.181046478450298309e-03 1.047790329903364182e-02 1.065191905945539474e-02 1.044064387679100037e-02 1.148352213203907013e-02 1.143385563045740128e-02 1.084779296070337296e-02 1.077782362699508667e-02 1.042957976460456848e-02 1.106571406126022339e-02 1.057172287255525589e-02
8.136272545090179165e+00 1.083691138774156570e-02 1.184279914014041424e-03 1.045795716345310211e-02 1.063224300742149353e-02 1.042192801833152771e-02 1.146461814641952515e-02 1.141822058707475662e-02 1.082902681082487106e-02 1.076124515384435654e-02 1.040832977741956711e-02 1.104621589183807373e-02 1.054984237998723984e-02
8.156312625250500048e+00 1.081863511353731155e-02 1.188332214951515198e-03 1.043802034109830856e-02 1.061028428375720978e-02 1.040275488048791885e-02 1.144626550376415253e-02 1.140286587178707123e-02 1.081146020442247391e-02 1.074380427598953247e-02 1.038812939077615738e-02 1.102749910205602646e-02 1.052902638912200928e-02
8.176352705410820931e+00 1.080060563981533051e-02 1.192485215142369270e-03 1.041859388351440430e-02 1.058760099112987518e-02 1.038328092545270920e-02 1.142870169132947922e-02 1.138819847255945206e-02 1.079388055950403214e-02 1.072670146822929382e-02 1.036937534809112549e-02 1.100915856659412384e-02 1.050961483269929886e-02
8.196392785571141815e+00 1.078349445015192032e-02 1.195573946461081505e-03 1.039928663522005081e-02 1.056504994630813599e-02 1.036515086889266968e-02 1.141114812344312668e-02 1.137207169085741043e-02 1.077513024210929871e-02 1.071029528975486755e-02 1.035168860107660294e-02 1.098984386771917343e-02 1.048840116709470749e-02
8.216432865731462698e+00 1.076648011803627014e-02 1.197085832245647907e-03 1.037994213402271271e-02 1.054382510483264923e-02 1.034800149500370026e-02 1.139307487756013870e-02 1.135500334203243256e-02 1.075567211955785751e-02 1.069452892988920212e-02 1.033567637205123901e-02 1.097074244171380997e-02 1.046617049723863602e-02
8.236472945891783581e+00 1.075053587555885315e-02 1.198229962028563023e-03 1.036040391772985458e-02 1.052369270473718643e-02 1.032992172986268997e-02 1.137517020106315613e-02 1.133811008185148239e-02 1.073715928941965103e-02 1.067837048321962357e-02 1.032126788049936295e-02 1.095130667090415955e-02 1.044610701501369476e-02
8.256513026052104465e+00 1.073526497930288315e-02 1.199249993078410625e-03 1.034108642488718033e-02 1.050544902682304382e-02 1.031093019992113113e-02 1.135633233934640884e-02 1.132098305970430374e-02 1.071834471076726913e-02 1.066163834184408188e-02 1.030682772397994995e-02 1.093194261193275452e-02 1.042527705430984497e-02
8.276553106212425348e+00 1.071980502456426620e-02 1.200151396915316582e-03 1.032201573252677917e-02 1.048642490059137344e-02 1.029125228524208069e-02 1.133812125772237778e-02 1.130344625562429428e-02 1.069933362305164337e-02 1.064447406679391861e-02 1.029354706406593323e-02 1.091170590370893478e-02 1.040465105324983597e-02
8.296593186372744455e+00 1.070365775376558304e-02 1.199838705360889435e-03 1.030364539474248886e-02 1.046745106577873230e-02 1.027220673859119415e-02 1.131987757980823517e-02 1.128465402871370316e-02 1.068129763007164001e-02 1.062685437500476837e-02 1.028050296008586884e-02 1.089045312255620956e-02 1.038286276161670685e-02
8.316633266533065338e+00 1.068695820868015289e-02 1.198644866235554218e-03 1.028566341847181320e-02 1.045026071369647980e-02 1.025314070284366608e-02 1.130166184157133102e-02 1.126504596322774887e-02 1.066436059772968292e-02 1.060867309570312500e-02 1.026670075953006744e-02 1.086775679141283035e-02 1.036080159246921539e-02
8.336673346693386222e+00 1.066923234611749649e-02 1.197626465000212193e-03 1.026821509003639221e-02 1.043498050421476364e-02 1.023417338728904724e-02 1.128326822072267532e-02 1.124590076506137848e-02 1.064837817102670670e-02 1.058977656066417694e-02 1.024986244738101959e-02 1.084540504962205887e-02 1.033911760896444321e-02
8.356713426853707105e+00 1.065190415829420090e-02 1.198101090267300606e-03 1.025158353149890900e-02 1.041735243052244186e-02 1.021534204483032227e-02 1.126546692103147507e-02 1.122720539569854736e-02 1.063329912722110748e-02 1.057127118110656738e-02 1.023087184876203537e-02 1.082379277795553207e-02 1.031817868351936340e-02
8.376753507014027988e+00 1.063306536525487900e-02 1.198720070533454418e-03 1.023442670702934265e-02 1.039914041757583618e-02 1.019887346774339676e-02 1.124901045113801956e-02 1.120980642735958099e-02 1.061797235161066055e-02 1.055289432406425476e-02 1.021029334515333176e-02 1.080251671373844147e-02 1.029910519719123840e-02
8.396793587174348872e+00 1.061543170362710953e-02 1.199834630824625492e-03 1.021716091781854630e-02 1.038108952343463898e-02 1.018280256539583206e-02 1.123272627592086792e-02 1.119289454072713852e-02 1.060219947248697281e-02 1.053414773195981979e-02 1.018946245312690735e-02 1.078165322542190552e-02 1.028165500611066818e-02
8.416833667334669755e+00 1.059690583497285843e-02 1.201578998006880283e-03 1.019929908215999603e-02 1.036217249929904938e-02 1.016613654792308807e-02 1.121493056416511536e-02 1.117720454931259155e-02 1.058545615524053574e-02 1.051437389105558395e-02 1.016812305897474289e-02 1.076032500714063644e-02 1.026264857500791550e-02
8.436873747494988862e+00 1.057850383222103119e-02 1.203913008794188499e-03 1.018002070486545563e-02 1.034345291554927826e-02 1.015068218111991882e-02 1.119572203606367111e-02 1.116372924298048019e-02 1.056829933077096939e-02 1.049454696476459503e-02 1.014751568436622620e-02 1.074023824185132980e-02 1.024274621158838272e-02
8.456913827655309746e+00 1.056086923927068710e-02 1.206249580718576908e-03 1.016169972717761993e-02 1.032420061528682709e-02 1.013386808335781097e-02 1.117685902863740921e-02 1.115004904568195343e-02 1.055146288126707077e-02 1.047533098608255386e-02 1.012742146849632263e-02 1.071917731314897537e-02 1.022418588399887085e-02
8.476953907815630629e+00 1.054359506815671921e-02 1.208879519253969193e-03 1.014380063861608505e-02 1.030503399670124054e-02 1.011879183351993561e-02 1.115864329040050507e-02 1.113822776824235916e-02 1.053536217659711838e-02 1.045605260878801346e-02 1.010809652507305145e-02 1.069896761327981949e-02 1.020638551563024521e-02
8.496993987975951512e+00 1.052700914442539215e-02 1.211699564009904861e-03 1.012579910457134247e-02 1.028491370379924774e-02 1.010344084352254868e-02 1.113998610526323318e-02 1.112715154886245728e-02 1.051896717399358749e-02 1.043718680739402771e-02 1.009080093353986740e-02 1.068050786852836609e-02 1.018894929438829422e-02
8.517034068136272396e+00 1.050973590463399887e-02 1.213177340105175972e-03 1.010767463594675064e-02 1.026545744389295578e-02 1.008627563714981079e-02 1.111970376223325729e-02 1.111548021435737610e-02 1.050182245671749115e-02 1.041918247938156128e-02 1.007485017180442810e-02 1.065977383404970169e-02 1.017029769718647003e-02
8.537074148296593279e+00 1.049212180078029633e-02 1.213556271977722645e-03 1.009074784815311432e-02 1.024643890559673309e-02 1.006810832768678665e-02 1.109995320439338684e-02 1.110263820737600327e-02 1.048576366156339645e-02 1.040141098201274872e-02 1.006060745567083359e-02 1.064118277281522751e-02 1.015221048146486282e-02
8.557114228456914162e+00 1.047403831034898758e-02 1.212972914800047874e-03 1.007397938519716263e-02 1.022845506668090820e-02 1.005059666931629181e-02 1.108158286660909653e-02 1.108847744762897491e-02 1.047015376389026642e-02 1.038368139415979385e-02 1.004669256508350372e-02 1.062405202537775040e-02 1.013545785099267960e-02
8.577154308617233269e+00 1.045410893857479095e-02 1.211661146953701973e-03 1.005633547902107239e-02 1.021077390760183334e-02 1.003257464617490768e-02 1.106296386569738388e-02 1.107396651059389114e-02 1.045343279838562012e-02 1.036581397056579590e-02 1.003195624798536301e-02 1.060631871223449707e-02 1.011969428509473801e-02
8.597194388777554153e+00 1.043399330228567123e-02 1.210052869282662868e-03 1.003834046423435211e-02 1.019334979355335236e-02 1.001377869397401810e-02 1.104446128010749817e-02 1.105817034840583801e-02 1.043669134378433228e-02 1.034856494516134262e-02 1.001791469752788544e-02 1.058843545615673065e-02 1.010295841842889786e-02
8.617234468937875036e+00 1.041471492499113083e-02 1.209372188895940781e-03 1.002080459147691727e-02 1.017481647431850433e-02 9.994871914386749268e-03 1.102755032479763031e-02 1.104105263948440552e-02 1.041953172534704208e-02 1.033077947795391083e-02 1.000374648720026016e-02 1.057054940611124039e-02 1.008545327931642532e-02
8.637274549098195919e+00 1.039340719580650330e-02 1.206653658300638199e-03 1.000319514423608780e-02 1.015567686408758163e-02 9.975374676287174225e-03 1.101015042513608932e-02 1.102141290903091431e-02 1.040187478065490723e-02 1.031350903213024139e-02 9.988672100007534027e-03 1.055291015654802322e-02 1.006948109716176987e-02
8.657314629258516803e+00 1.037335675209760666e-02 1.204781234264373779e-03 9.985906071960926056e-03 1.013701688498258591e-02 9.956048801541328430e-03 1.099329441785812378e-02 1.099994126707315445e-02 1.038444321602582932e-02 1.029593031853437424e-02 9.972103871405124664e-03 1.053810864686965942e-02 1.005227956920862198e-02
8.677354709418837686e+00 1.035243924707174301e-02 1.202956773340702057e-03 9.968277998268604279e-03 1.011901721358299255e-02 9.937431663274765015e-03 1.097703166306018829e-02 1.097903028130531311e-02 1.036618929356336594e-02 1.027885917574167252e-02 9.955717250704765320e-03 1.052277069538831711e-02 1.003467850387096405e-02
8.697394789579158569e+00 1.033246610313653946e-02 1.200584927573800087e-03 9.950183331966400146e-03 1.010044664144515991e-02 9.917713701725006104e-03 1.096019241958856583e-02 1.095576025545597076e-02 1.034867297857999802e-02 1.026189979165792465e-02 9.938558563590049744e-03 1.050600688904523849e-02 1.001743879169225693e-02
8.717434869739479453e+00 1.031382195651531219e-02 1.200240221805870533e-03 9.930566884577274323e-03 1.008329447358846664e-02 9.896225295960903168e-03 1.094326470047235489e-02 1.093271560966968536e-02 1.033041626214981079e-02 1.024461165070533752e-02 9.920843876898288727e-03 1.049108151346445084e-02 9.999332949519157410e-03
8.737474949899798560e+00 1.029439177364110947e-02 1.199144404381513596e-03 9.911205619573593140e-03 1.006637141108512878e-02 9.876411408185958862e-03 1.092678029090166092e-02 1.090947072952985764e-02 1.031271275132894516e-02 1.022734027355909348e-02 9.902773424983024597e-03 1.047605089843273163e-02 9.981561452150344849e-03
8.757515030060119443e+00 1.027408987283706665e-02 1.198575366288423538e-03 9.891840629279613495e-03 1.004905160516500473e-02 9.856575168669223785e-03 1.091128587722778320e-02 1.088678650557994843e-02 1.029470469802618027e-02 1.021076366305351257e-02 9.884208440780639648e-03 1.045941561460494995e-02 9.963956661522388458e-03
8.777555110220440326e+00 1.025397237390279770e-02 1.197692006826400757e-03 9.872953407466411591e-03 1.003090385347604752e-02 9.837484918534755707e-03 1.089467853307723999e-02 1.086383126676082611e-02 1.027781143784523010e-02 1.019476633518934250e-02 9.863518178462982178e-03 1.044292189180850983e-02 9.946919046342372894e-03
8.797595190380761210e+00 1.023270655423402786e-02 1.197581761516630650e-03 9.854480624198913574e-03 1.001210696995258331e-02 9.817884303629398346e-03 1.087781041860580444e-02 1.084248442202806473e-02 1.026116497814655304e-02 1.017900090664625168e-02 9.842448867857456207e-03 1.042707264423370361e-02 9.930186904966831207e-03
8.817635270541082093e+00 1.021274458616971970e-02 1.198285026475787163e-03 9.837194345891475677e-03 9.992436505854129791e-03 9.798803366720676422e-03 1.086151134222745895e-02 1.082211546599864960e-02 1.024389732629060745e-02 1.016314607113599777e-02 9.820223785936832428e-03 1.040975656360387802e-02 9.913921356201171875e-03
8.837675350701402976e+00 1.019412279129028320e-02 1.199761754833161831e-03 9.819291532039642334e-03 9.976363740861415863e-03 9.780218824744224548e-03 1.084629166871309280e-02 1.080144010484218597e-02 1.022715494036674500e-02 1.014684233814477921e-02 9.797067381441593170e-03 1.039375364780426025e-02 9.897326119244098663e-03
8.857715430861723860e+00 1.017395593225955963e-02 1.201024395413696766e-03 9.801859967410564423e-03 9.961885400116443634e-03 9.762403555214405060e-03 1.083220541477203369e-02 1.078041549772024155e-02 1.021089404821395874e-02 1.013022847473621368e-02 9.773791767656803131e-03 1.037751697003841400e-02 9.879651479423046112e-03
8.877755511022042967e+00 1.015449967235326767e-02 1.202755607664585114e-03 9.783511981368064880e-03 9.947742335498332977e-03 9.744039736688137054e-03 1.081890892237424850e-02 1.075916644185781479e-02 1.019333489239215851e-02 1.011319458484649658e-02 9.751597419381141663e-03 1.035981811583042145e-02 9.861411526799201965e-03
8.897795591182363850e+00 1.013550721108913422e-02 1.204254571348428726e-03 9.764761663973331451e-03 9.933886118233203888e-03 9.727914817631244659e-03 1.080624200403690338e-02 1.073819305747747421e-02 1.017458457499742508e-02 1.009590364992618561e-02 9.728880599141120911e-03 1.034364849328994751e-02 9.845642372965812683e-03
8.917835671342684734e+00 1.011710055172443390e-02 1.205535721965134144e-03 9.744636714458465576e-03 9.921812452375888824e-03 9.712846949696540833e-03 1.079324539750814438e-02 1.071785204112529755e-02 1.015504356473684311e-02 1.007828302681446075e-02 9.708095341920852661e-03 1.032850146293640137e-02 9.829099290072917938e-03
8.937875751503005617e+00 1.010068599134683609e-02 1.207523280754685402e-03 9.724668227136135101e-03 9.909670799970626831e-03 9.697165340185165405e-03 1.077984366565942764e-02 1.069859229028224945e-02 1.013460010290145874e-02 1.005981955677270889e-02 9.688012301921844482e-03 1.031460147351026535e-02 9.813105687499046326e-03
8.957915831663326500e+00 1.008491683751344681e-02 1.207624562084674835e-03 9.706013835966587067e-03 9.897809475660324097e-03 9.682721458375453949e-03 1.076591946184635162e-02 1.067916210740804672e-02 1.011440902948379517e-02 1.004131138324737549e-02 9.669302031397819519e-03 1.029878295958042145e-02 9.797159582376480103e-03
8.977955911823647384e+00 1.006995234638452530e-02 1.207145978696644306e-03 9.688228368759155273e-03 9.885052219033241272e-03 9.670329280197620392e-03 1.075138803571462631e-02 1.066073495894670486e-02 1.009604614228010178e-02 1.002225093543529510e-02 9.650062769651412964e-03 1.028233766555786133e-02 9.782250970602035522e-03
8.997995991983968267e+00 1.005581486970186234e-02 1.205987064167857170e-03 9.671351872384548187e-03 9.874055162072181702e-03 9.657272137701511383e-03 1.073571294546127319e-02 1.064219232648611069e-02 1.007895730435848236e-02 1.000393554568290710e-02 9.631180204451084137e-03 1.026472263038158417e-02 9.765382856130599976e-03
9.018036072144287374e+00 1.004098448902368546e-02 1.204048166982829571e-03 9.655586443841457367e-03 9.860182181000709534e-03 9.642545133829116821e-03 1.071771513670682907e-02 1.062442176043987274e-02 1.006319001317024231e-02 9.986606426537036896e-03 9.613086469471454620e-03 1.024501491338014603e-02 9.747516363859176636e-03
9.038076152304608257e+00 1.002614200115203857e-02 1.200410537421703339e-03 9.641554206609725952e-03 9.846526198089122772e-03 9.626301936805248260e-03 1.069724280387163162e-02 1.060662604868412018e-02 1.004870887845754623e-02 9.968779049813747406e-03 9.595269337296485901e-03 1.022425945848226547e-02 9.729845449328422546e-03
9.058116232464929141e+00 1.001281104981899261e-02 1.197710982523858547e-03 9.628443978726863861e-03 9.830666705965995789e-03 9.610308334231376648e-03 1.067756302654743195e-02 1.058946922421455383e-02 1.003246940672397614e-02 9.952331893146038055e-03 9.579113684594631195e-03 1.020323764532804489e-02 9.710100479423999786e-03
9.078156312625250024e+00 9.998868219554424286e-03 1.196676981635391712e-03 9.613778442144393921e-03 9.811496362090110779e-03 9.593329392373561859e-03 1.065775100141763687e-02 1.057375781238079071e-02 1.001480128616094589e-02 9.935997426509857178e-03 9.563951753079891205e-03 1.018345449119806290e-02 9.690670296549797058e-03
9.098196392785570907e+00 9.983768686652183533e-03 1.195178832858800888e-03 9.598616510629653931e-03 9.791393764317035675e-03 9.574436582624912262e-03 1.063707470893859863e-02 1.055714581161737442e-02 9.996571578085422516e-03 9.920672513544559479e-03 9.549006819725036621e-03 1.016453374177217484e-02 9.672315791249275208e-03
9.118236472945891791e+00 9.967099875211715698e-03 1.191897899843752384e-03 9.582833386957645416e-03 9.771664626896381378e-03 9.556438773870468140e-03 1.061524823307991028e-02 1.054124440997838974e-02 9.977556765079498291e-03 9.905504062771797180e-03 9.536574594676494598e-03 1.014659088104963303e-02 9.654436260461807251e-03
9.138276553106212674e+00 9.949400089681148529e-03 1.188103808090090752e-03 9.567433036863803864e-03 9.751864708960056305e-03 9.537350386381149292e-03 1.059283129870891571e-02 1.052510458976030350e-02 9.959138929843902588e-03 9.890222921967506409e-03 9.524129331111907959e-03 1.012807618826627731e-02 9.636512026190757751e-03
9.158316633266533557e+00 9.931280277669429779e-03 1.184214372187852859e-03 9.553018957376480103e-03 9.731955826282501221e-03 9.519285522401332855e-03 1.057115662842988968e-02 1.051048375666141510e-02 9.940369054675102234e-03 9.874893352389335632e-03 9.512439370155334473e-03 1.010938268154859543e-02 9.619360789656639099e-03
9.178356713426852664e+00 9.913798421621322632e-03 1.182247651740908623e-03 9.539613500237464905e-03 9.710919111967086792e-03 9.500853717327117920e-03 1.055191829800605774e-02 1.049480587244033813e-02 9.922688826918601990e-03 9.859953075647354126e-03 9.499884210526943207e-03 1.009157951921224594e-02 9.600530378520488739e-03
9.198396793587173548e+00 9.894996881484985352e-03 1.181187340989708900e-03 9.525050409138202667e-03 9.690886363387107849e-03 9.481449611485004425e-03 1.053399126976728439e-02 1.047835033386945724e-02 9.905513375997543335e-03 9.845428168773651123e-03 9.486251510679721832e-03 1.007417216897010803e-02 9.581792168319225311e-03
9.218436873747494431e+00 9.875302202999591827e-03 1.181799569167196751e-03 9.509713388979434967e-03 9.671269915997982025e-03 9.460820816457271576e-03 1.051637344062328339e-02 1.046323589980602264e-02 9.886910207569599152e-03 9.829962626099586487e-03 9.473087266087532043e-03 1.005837414413690567e-02 9.561855345964431763e-03
9.238476953907815314e+00 9.854668751358985901e-03 1.182183274067938328e-03 9.493655525147914886e-03 9.652398526668548584e-03 9.440894238650798798e-03 1.049947272986173630e-02 1.044813450425863266e-02 9.867217391729354858e-03 9.811853058636188507e-03 9.459686465561389923e-03 1.004071161150932312e-02 9.542711079120635986e-03
9.258517034068136198e+00 9.833187796175479889e-03 1.181769999675452709e-03 9.476163424551486969e-03 9.632154367864131927e-03 9.420730173587799072e-03 1.048243138939142227e-02 1.043136510998010635e-02 9.848423302173614502e-03 9.793127886950969696e-03 9.447460062801837921e-03 1.002469845116138458e-02 9.525381959974765778e-03
9.278557114228457081e+00 9.812687523663043976e-03 1.182139618322253227e-03 9.458787739276885986e-03 9.614623151719570160e-03 9.400341659784317017e-03 1.046687085181474686e-02 1.041412167251110077e-02 9.829299524426460266e-03 9.774730540812015533e-03 9.434338659048080444e-03 1.000799983739852905e-02 9.507629089057445526e-03
9.298597194388777964e+00 9.792840108275413513e-03 1.182290841825306416e-03 9.440666064620018005e-03 9.596421383321285248e-03 9.380438365042209625e-03 1.045242697000503540e-02 1.039543561637401581e-02 9.811141528189182281e-03 9.756152518093585968e-03 9.421982802450656891e-03 9.992213919758796692e-03 9.491528384387493134e-03
9.318637274549097071e+00 9.775592945516109467e-03 1.181433908641338348e-03 9.421919472515583038e-03 9.581155143678188324e-03 9.362304583191871643e-03 1.043703034520149231e-02 1.037720497697591782e-02 9.794299490749835968e-03 9.738109074532985687e-03 9.410318918526172638e-03 9.975446388125419617e-03 9.475048631429672241e-03
9.338677354709417955e+00 9.758906438946723938e-03 1.180581049993634224e-03 9.403845295310020447e-03 9.565021842718124390e-03 9.344427846372127533e-03 1.042049564421176910e-02 1.035947911441326141e-02 9.777544997632503510e-03 9.719347581267356873e-03 9.397999383509159088e-03 9.958246722817420959e-03 9.457539767026901245e-03
9.358717434869738838e+00 9.742079302668571472e-03 1.180047867819666862e-03 9.386873804032802582e-03 9.550087153911590576e-03 9.327226318418979645e-03 1.040465105324983597e-02 1.034210622310638428e-02 9.763023816049098969e-03 9.701228700578212738e-03 9.384169243276119232e-03 9.941657073795795441e-03 9.440257214009761810e-03
9.378757515030059722e+00 9.727190248668193817e-03 1.179342973046004772e-03 9.371075779199600220e-03 9.535030461847782135e-03 9.310962632298469543e-03 1.038969308137893677e-02 1.032345090061426163e-02 9.748483076691627502e-03 9.682693518698215485e-03 9.367951191961765289e-03 9.923926554620265961e-03 9.423840790987014771e-03
9.398797595190380605e+00 9.711583144962787628e-03 1.179501647129654884e-03 9.356289170682430267e-03 9.520389139652252197e-03 9.295558556914329529e-03 1.037501078099012375e-02 1.030678860843181610e-02 9.733831509947776794e-03 9.664443321526050568e-03 9.349551051855087280e-03 9.904898703098297119e-03 9.407304227352142334e-03
9.418837675350701488e+00 9.695016779005527496e-03 1.178445061668753624e-03 9.341917932033538818e-03 9.505463764071464539e-03 9.280768223106861115e-03 1.036014314740896225e-02 1.028860546648502350e-02 9.718858636915683746e-03 9.646485559642314911e-03 9.329370222985744476e-03 9.883697144687175751e-03 9.391137398779392242e-03
9.438877755511022372e+00 9.680066257715225220e-03 1.178109203465282917e-03 9.327182546257972717e-03 9.490235708653926849e-03 9.267737157642841339e-03 1.034459564834833145e-02 1.027095876634120941e-02 9.704830124974250793e-03 9.627979248762130737e-03 9.308272041380405426e-03 9.863981045782566071e-03 9.373456239700317383e-03
9.458917835671341479e+00 9.665465913712978363e-03 1.179323531687259674e-03 9.312502108514308929e-03 9.471833705902099609e-03 9.256009012460708618e-03 1.032957900315523148e-02 1.025501266121864319e-02 9.689915925264358521e-03 9.610627777874469757e-03 9.286380372941493988e-03 9.844616055488586426e-03 9.355882182717323303e-03
9.478957915831662362e+00 9.649572893977165222e-03 1.180679537355899811e-03 9.297477081418037415e-03 9.452604688704013824e-03 9.243655949831008911e-03 1.031429786235094070e-02 1.023979671299457550e-02 9.674708358943462372e-03 9.593552909791469574e-03 9.264260530471801758e-03 9.824580512940883636e-03 9.339452721178531647e-03
9.498997995991983245e+00 9.633957408368587494e-03 1.180983032099902630e-03 9.281644597649574280e-03 9.432864375412464142e-03 9.229981340467929840e-03 1.029752288013696671e-02 1.022300682961940765e-02 9.658666327595710754e-03 9.577109478414058685e-03 9.243852458894252777e-03 9.805287234485149384e-03 9.322380647063255310e-03
9.519038076152304129e+00 9.618182666599750519e-03 1.180995604954659939e-03 9.265371598303318024e-03 9.413753636181354523e-03 9.216320700943470001e-03 1.028055697679519653e-02 1.020557712763547897e-02 9.641708806157112122e-03 9.560342878103256226e-03 9.224593639373779297e-03 9.788119234144687653e-03 9.304615668952465057e-03
9.539078156312625012e+00 9.601857513189315796e-03 1.179354265332221985e-03 9.248938411474227905e-03 9.396635927259922028e-03 9.202783927321434021e-03 1.026272680610418320e-02 1.018871739506721497e-02 9.623623453080654144e-03 9.543617255985736847e-03 9.207778610289096832e-03 9.770189411938190460e-03 9.287081658840179443e-03
9.559118236472945895e+00 9.584724903106689453e-03 1.176252495497465134e-03 9.232872165739536285e-03 9.382383897900581360e-03 9.188697673380374908e-03 1.024513132870197296e-02 1.017148513346910477e-02 9.605995379388332367e-03 9.527229703962802887e-03 9.192642755806446075e-03 9.752069599926471710e-03 9.270324371755123138e-03
9.579158316633266779e+00 9.567193686962127686e-03 1.173550495877861977e-03 9.215324185788631439e-03 9.369750507175922394e-03 9.175153449177742004e-03 1.022845041006803513e-02 1.015492342412471771e-02 9.588737040758132935e-03 9.511095471680164337e-03 9.177230298519134521e-03 9.734694845974445343e-03 9.255643934011459351e-03
9.599198396793587662e+00 9.548682719469070435e-03 1.171891344711184502e-03 9.197274222970008850e-03 9.356329217553138733e-03 9.160332381725311279e-03 1.021184772253036499e-02 1.014073565602302551e-02 9.571794420480728149e-03 9.495486505329608917e-03 9.161806665360927582e-03 9.716870263218879700e-03 9.243495762348175049e-03
9.619238476953906769e+00 9.531060233712196350e-03 1.170416944660246372e-03 9.178986772894859314e-03 9.342304430902004242e-03 9.144596755504608154e-03 1.019465550780296326e-02 1.012753322720527649e-02 9.554011747241020203e-03 9.479762986302375793e-03 9.147509932518005371e-03 9.698987938463687897e-03 9.232605807483196259e-03
9.639278557114227652e+00 9.514471516013145447e-03 1.169985276646912098e-03 9.161793626844882965e-03 9.327381849288940430e-03 9.129343554377555847e-03 1.017890032380819321e-02 1.011415943503379822e-02 9.536767378449440002e-03 9.464204311370849609e-03 9.132764302194118500e-03 9.680709801614284515e-03 9.220447391271591187e-03
9.659318637274548536e+00 9.496129117906093597e-03 1.169486436992883682e-03 9.144574403762817383e-03 9.312807582318782806e-03 9.114695712924003601e-03 1.016239449381828308e-02 1.010110601782798767e-02 9.518983773887157440e-03 9.449478238821029663e-03 9.116084314882755280e-03 9.662988595664501190e-03 9.208259172737598419e-03
9.679358717434869419e+00 9.478416293859481812e-03 1.170050934888422489e-03 9.127966128289699554e-03 9.294985793530941010e-03 9.099406190216541290e-03 1.014634594321250916e-02 1.008708309382200241e-02 9.500787593424320221e-03 9.434982202947139740e-03 9.099138900637626648e-03 9.647952392697334290e-03 9.195457212626934052e-03
9.699398797595190302e+00 9.460839442908763885e-03 1.169822178781032562e-03 9.113480336964130402e-03 9.276935830712318420e-03 9.084538556635379791e-03 1.012988667935132980e-02 1.007354538887739182e-02 9.481727145612239838e-03 9.421101771295070648e-03 9.082880802452564240e-03 9.635127149522304535e-03 9.183588437736034393e-03
9.719438877755511186e+00 9.445240721106529236e-03 1.168178161606192589e-03 9.099138900637626648e-03 9.260737337172031403e-03 9.069513529539108276e-03 1.011178456246852875e-02 1.005872245877981186e-02 9.464568458497524261e-03 9.407831355929374695e-03 9.067977778613567352e-03 9.624190628528594971e-03 9.170264005661010742e-03
9.739478957915832069e+00 9.430172853171825409e-03 1.166152884252369404e-03 9.086280129849910736e-03 9.242658503353595734e-03 9.054531343281269073e-03 1.009391620755195618e-02 1.004277076572179794e-02 9.447290562093257904e-03 9.393919259309768677e-03 9.052966721355915070e-03 9.611023589968681335e-03 9.155077859759330750e-03
9.759519038076151176e+00 9.417475201189517975e-03 1.162697095423936844e-03 9.074533358216285706e-03 9.225302375853061676e-03 9.040637873113155365e-03 1.007667090743780136e-02 1.002477947622537613e-02 9.429994039237499237e-03 9.379370138049125671e-03 9.038835763931274414e-03 9.597410447895526886e-03 9.139415808022022247e-03
9.779559118236472059e+00 9.405850432813167572e-03 1.159959007054567337e-03 9.064085781574249268e-03 9.211000055074691772e-03 9.026863612234592438e-03 1.006163842976093292e-02 1.000748760998249054e-02 9.412667714059352875e-03 9.363950230181217194e-03 9.025381878018379211e-03 9.582364931702613831e-03 9.122902527451515198e-03
9.799599198396792943e+00 9.395158849656581879e-03 1.158774597570300102e-03 9.052997455000877380e-03 9.195728227496147156e-03 9.014562703669071198e-03 1.004780828952789307e-02 9.991621598601341248e-03 9.395741857588291168e-03 9.347581304609775543e-03 9.012465365231037140e-03 9.565517306327819824e-03 9.104832075536251068e-03
9.819639278557113826e+00 9.384437464177608490e-03 1.158250379376113415e-03 9.040441364049911499e-03 9.178367443382740021e-03 9.003241546452045441e-03 1.003362052142620087e-02 9.976292960345745087e-03 9.378693066537380219e-03 9.331443347036838531e-03 8.999507874250411987e-03 9.548977017402648926e-03 9.087272919714450836e-03
9.839679358717434710e+00 9.374750778079032898e-03 1.158920815214514732e-03 9.026839397847652435e-03 9.162466973066329956e-03 8.991764858365058899e-03 1.001912541687488556e-02 9.961100295186042786e-03 9.363567456603050232e-03 9.316635318100452423e-03 8.985292166471481323e-03 9.533902630209922791e-03 9.069022722542285919e-03
9.859719438877755593e+00 9.366786107420921326e-03 1.159708597697317600e-03 9.014181792736053467e-03 9.148612618446350098e-03 8.980355225503444672e-03 1.000539399683475494e-02 9.945671074092388153e-03 9.349143132567405701e-03 9.303559549152851105e-03 8.971543051302433014e-03 9.521666914224624634e-03 9.052271954715251923e-03
9.879759519038076476e+00 9.358750656247138977e-03 1.160460524260997772e-03 9.001505561172962189e-03 9.137359447777271271e-03 8.969438262283802032e-03 9.992271661758422852e-03 9.931802749633789062e-03 9.334897622466087341e-03 9.291508235037326813e-03 8.958511985838413239e-03 9.510097093880176544e-03 9.037440642714500427e-03
9.899799599198395583e+00 9.351943619549274445e-03 1.162970787845551968e-03 8.988202549517154694e-03 9.127225726842880249e-03 8.959162048995494843e-03 9.980225935578346252e-03 9.920479729771614075e-03 9.320414625108242035e-03 9.280424565076828003e-03 8.946340531110763550e-03 9.498681873083114624e-03 9.023307822644710541e-03
9.919839679358716467e+00 9.345297701656818390e-03 1.163715962320566177e-03 8.975547738373279572e-03 9.119638241827487946e-03 8.950700052082538605e-03 9.967233985662460327e-03 9.910342283546924591e-03 9.307286702096462250e-03 9.270968846976757050e-03 8.935906924307346344e-03 9.490123949944972992e-03 9.010665118694305420e-03
9.939879759519037350e+00 9.339267387986183167e-03 1.164371729828417301e-03 8.964867331087589264e-03 9.112983010709285736e-03 8.942803367972373962e-03 9.955099783837795258e-03 9.901073761284351349e-03 9.295981377363204956e-03 9.261845611035823822e-03 8.925371803343296051e-03 9.481885470449924469e-03 8.999383077025413513e-03
9.959919839679358233e+00 9.334268048405647278e-03 1.165827503427863121e-03 8.954013697803020477e-03 9.106319397687911987e-03 8.936925791203975677e-03 9.945082478225231171e-03 9.894160553812980652e-03 9.286891669034957886e-03 9.253601543605327606e-03 8.915166370570659637e-03 9.473969228565692902e-03 8.992281742393970490e-03
9.979959919839679117e+00 9.329692460596561432e-03 1.166620873846113682e-03 8.946587331593036652e-03 9.100425057113170624e-03 8.932900615036487579e-03 9.937804192304611206e-03 9.888659231364727020e-03 9.280353784561157227e-03 9.247994981706142426e-03 8.906749077141284943e-03 9.467856027185916901e-03 8.986717090010643005e-03
1.000000000000000000e+01 9.327244944870471954e-03 1.167578506283462048e-03 8.942259475588798523e-03 9.096861816942691803e-03 8.931093849241733551e-03 9.934592992067337036e-03 9.885586798191070557e-03 9.277666918933391571e-03 9.244751185178756714e-03 8.902631700038909912e-03 9.465353563427925110e-03 8.983014151453971863e-03
