# Omega RhoOverOmega_mean RhoOverOmega_error RhoOverOmega_sample_0 RhoOverOmega_sample_1 RhoOverOmega_sample_2 RhoOverOmega_sample_3 RhoOverOmega_sample_4 RhoOverOmega_sample_5 RhoOverOmega_sample_6 RhoOverOmega_sample_7 RhoOverOmega_sample_8 RhoOverOmega_sample_9
0.000000000000000000e+00 2.717772964388132095e-03 2.206048375228419900e-04 2.662387210875749588e-03 2.630148315802216530e-03 2.676051342859864235e-03 2.722880803048610687e-03 2.601561835035681725e-03 2.612520940601825714e-03 2.758119953796267509e-03 2.631155773997306824e-03 2.716215327382087708e-03 2.667417051270604134e-03
2.004008016032064049e-02 5.614417659671744332e-06 2.052864147117361426e-05 7.034729151200735942e-06 7.212792070276918821e-07 8.794452696747612208e-06 2.445767859171610326e-05 4.187159447610611096e-06 4.049887138535268605e-06 4.936247933073900640e-06 1.690744966253987513e-06 4.460384388949023560e-06 8.689598871569614857e-06
4.008016032064128098e-02 3.955079137085704133e-06 1.243919814442051575e-05 4.939648079016478732e-06 5.251958441476745065e-07 6.041147571522742510e-06 1.509886260464554653e-05 2.931762310254271142e-06 2.912397803811472841e-06 3.528782144712749869e-06 1.231907731380488258e-06 3.153533498334581964e-06 5.799104656034614891e-06
6.012024048096192147e-02 3.546775133145274594e-06 9.198598490911535919e-06 4.407040250953286886e-06 4.990388333681039512e-07 5.220761067903367803e-06 1.145027636084705591e-05 2.607394890219438821e-06 2.698811613299767487e-06 3.237134251321549527e-06 1.167058826467837207e-06 2.845754352165386081e-06 4.825691121368436143e-06
8.016032064128256196e-02 3.476973915894632228e-06 7.421975624311016873e-06 4.291649929655250162e-06 5.278466232994105667e-07 4.902727141598006710e-06 9.482560017204377800e-06 2.531974587327567860e-06 2.755680952759576030e-06 3.261201527493540198e-06 1.229167537530884147e-06 2.810029172906070016e-06 4.358979367680149153e-06
1.002004008016031955e-01 3.565458200682769530e-06 6.395324817276559770e-06 4.367938799987314269e-06 5.912176561650994699e-07 4.812083261640509591e-06 8.358046216017100960e-06 2.572080120444297791e-06 2.954049250547541305e-06 3.444563617449603043e-06 1.366822402815159876e-06 2.904562052208348177e-06 4.133849415666190907e-06
1.202404809619238429e-01 3.759665787583799101e-06 5.818839781568385661e-06 4.567888026940636337e-06 6.859559675831405912e-07 4.866360086452914402e-06 7.744052709313109517e-06 2.689661869226256385e-06 3.257813204982085153e-06 3.741181672012316994e-06 1.572827727613912430e-06 3.087590584982535802e-06 4.067351255798712373e-06
1.402805611222444904e-01 4.044899924338096753e-06 5.545648491533938795e-06 4.873298621532740071e-06 8.148701908794464543e-07 5.042898919782601297e-06 7.488263236155034974e-06 2.872812501664157026e-06 3.659333515315665863e-06 4.137766154599376023e-06 1.849519890129158739e-06 3.347797246533446014e-06 4.128813998249825090e-06
1.603206412825651239e-01 4.424905000632861629e-06 5.484431312652304769e-06 5.285315182845806703e-06 9.843615771387703717e-07 5.335034074960276484e-06 7.500463652831967920e-06 3.124766863038530573e-06 4.162875939073273912e-06 4.641423856810433790e-06 2.208602609243826009e-06 3.688635615617386065e-06 4.305575657781446353e-06
1.803607214428857575e-01 4.910330972052179277e-06 5.589446573139866814e-06 5.813634743390139192e-06 1.204356749440194108e-06 5.751545813836855814e-06 7.742236448393668979e-06 3.451913471508305520e-06 4.782323230756446719e-06 5.263198545435443521e-06 2.665282181624206714e-06 4.121697202208451927e-06 4.599005478667095304e-06
2.004008016032063910e-01 5.521979346667649224e-06 5.838096967636374757e-06 6.483318884420441464e-06 1.488061684540298302e-06 6.306668637989787385e-06 8.200107913580723107e-06 3.873089099215576425e-06 5.542021881410619244e-06 6.030613803886808455e-06 3.242674438297399320e-06 4.662279025069437921e-06 5.017363946535624564e-06
2.204408817635270523e-01 6.284699793468462303e-06 6.220945124368881807e-06 7.315482889680424705e-06 1.853480398494866677e-06 7.024726528470637277e-06 8.879944289219565690e-06 4.401945261633954942e-06 6.468651008617598563e-06 6.968199613766046241e-06 3.970888428739272058e-06 5.335797595762414858e-06 5.579966909863287583e-06
2.404809619238476859e-01 7.238671514642192051e-06 6.747091447323327884e-06 8.355870704690460116e-06 2.324749402760062367e-06 7.936335350677836686e-06 9.805218724068254232e-06 5.065302048024022952e-06 7.599146101711085066e-06 8.125975000439211726e-06 4.887974228040548041e-06 6.178590865602018312e-06 6.313751782727194950e-06
2.605210420841683194e-01 8.430155503447167575e-06 7.428985554724931717e-06 9.650028914620634168e-06 2.934973736046231352e-06 9.088391379918903112e-06 1.101867474062601104e-05 5.900783435208722949e-06 8.995925782073754817e-06 9.553543350193649530e-06 6.047701845091069117e-06 7.225346507766516879e-06 7.257915967784356326e-06
2.805611222444889807e-01 9.924007827066816390e-06 8.291724952869117260e-06 1.126817733165808022e-05 3.727207513293251395e-06 1.054193762684008107e-05 1.257849180547054857e-05 6.954616310395067558e-06 1.072582290362333879e-05 1.133147816290147603e-05 7.519794507970800623e-06 8.541673196305055171e-06 8.466960935038514435e-06
3.006012024048095865e-01 1.180802246381063014e-05 9.375612535222899169e-06 1.330322902504121885e-05 4.761679974762955680e-06 1.237905416928697377e-05 1.457478265365352854e-05 8.290355253848247230e-06 1.288402836507884786e-05 1.355672520730877295e-05 9.391169442096725106e-06 1.020394483930431306e-05 1.001730652205878869e-05
3.206412825651302478e-01 1.420211901859147474e-05 1.073657404049299657e-05 1.587694714544340968e-05 6.119871159171452746e-06 1.471574614697601646e-05 1.712534867692738771e-05 9.993461389967706054e-06 1.560456985316704959e-05 1.636928391235414892e-05 1.179247010441031307e-05 1.231279111379990354e-05 1.200760016217827797e-05
3.406813627254509091e-01 1.727097514958586544e-05 1.244633494934532791e-05 1.916006476676557213e-05 7.918532901385333389e-06 1.770161361491773278e-05 2.039781247731298208e-05 1.218216311826836318e-05 1.905913995869923383e-05 1.995259117393288761e-05 1.489553051214898005e-05 1.501911719969939440e-05 1.458320912206545472e-05
3.607214428857715149e-01 2.124119237123522907e-05 1.460850216972175986e-05 2.339694947295356542e-05 1.032071941153844818e-05 2.155929178115911782e-05 2.462656630086712539e-05 1.502370014350162819e-05 2.350346403545700014e-05 2.456452966725919396e-05 1.893933767860289663e-05 1.852367131505161524e-05 1.794468698790296912e-05
3.807615230460921762e-01 2.644154847075697035e-05 1.736867852741852403e-05 2.892451266234274954e-05 1.356210395897505805e-05 2.659439633134752512e-05 3.014298999914899468e-05 1.875698580988682806e-05 2.929422407760284841e-05 3.057946378248743713e-05 2.427855179121252149e-05 2.311903335794340819e-05 2.238247543573379517e-05
4.008016032064127820e-01 3.334897337481379509e-05 2.094111914630047977e-05 3.624206146923825145e-05 1.799271922209300101e-05 3.326282967464067042e-05 3.743354682228527963e-05 2.372376911807805300e-05 3.694670522236265242e-05 3.853511589113622904e-05 3.141708293696865439e-05 2.922435123764444143e-05 2.831860911101102829e-05
4.208416833667334433e-01 4.268508200766518712e-05 2.564361602708231658e-05 4.609881580108776689e-05 2.414587652310729027e-05 4.223352880217134953e-05 4.722860103356651962e-05 3.044808545382693410e-05 4.724062455352395773e-05 4.924996756017208099e-05 4.113177055842243135e-05 3.747705704881809652e-05 3.639392889454029500e-05
4.408817635270541047e-01 5.555856478167697787e-05 3.195994577254168689e-05 5.966141907265409827e-05 3.285275306552648544e-05 5.455418067867867649e-05 6.065057823434472084e-05 3.972895501647144556e-05 6.139194010756909847e-05 6.396608659997582436e-05 5.462414992507547140e-05 4.886321767116896808e-05 4.761071977554820478e-05
4.609218436873747105e-01 7.379665476037189364e-05 4.069610076840035617e-05 7.882429781602695584e-05 4.549472578219138086e-05 7.191226904978975654e-05 7.951367297209799290e-05 5.286860687192529440e-05 8.138305565807968378e-05 8.473524212604388595e-05 7.386460492853075266e-05 6.497727736132219434e-05 6.359840335790067911e-05
4.809619238476953718e-01 1.005173835437744856e-04 5.324699668562971056e-05 1.068744168151170015e-04 6.443567690439522266e-05 9.720582602312788367e-05 1.069235513568855822e-04 7.208117312984541059e-05 1.106241543311625719e-04 1.150499665527604520e-04 1.023077275021933019e-04 8.854097541188821197e-05 8.717508171685039997e-05
5.010020040080159776e-01 1.415152510162442923e-04 7.225067383842542768e-05 1.499280915595591068e-04 9.415060048922896385e-05 1.357515284325927496e-04 1.485581597080454230e-04 1.014141598716378212e-04 1.555509661557152867e-04 1.614599605090916157e-04 1.464506494812667370e-04 1.246112078661099076e-04 1.236094685737043619e-04
5.210420841683366389e-01 2.120899443980306387e-04 1.136673090513795614e-04 2.288404939463362098e-04 1.443602668587118387e-04 2.005485875997692347e-04 2.190711675211787224e-04 1.494922616984695196e-04 2.441976685076951981e-04 2.444019773975014687e-04 2.331790601601824164e-04 1.845941587816923857e-04 1.855926238931715488e-04
5.410821643286573002e-01 1.202771207317709923e-03 3.492153249680995941e-03 2.200295217335224152e-03 4.622460983227938414e-04 9.042588644661009312e-04 1.058821799233555794e-03 4.105446860194206238e-04 3.318018279969692230e-03 1.873829751275479794e-03 3.351342165842652321e-03 6.621963693760335445e-04 8.779329364188015461e-04
5.611222444889779615e-01 2.613770216703414917e-02 1.003850437700748444e-02 2.856212668120861053e-02 2.331006526947021484e-02 2.429789304733276367e-02 2.420615963637828827e-02 2.015785872936248779e-02 2.969121560454368591e-02 2.696158736944198608e-02 3.082264959812164307e-02 2.318608760833740234e-02 2.562892064452171326e-02
5.811623246492986228e-01 6.630912423133850098e-02 8.925493806600570679e-03 6.847450882196426392e-02 6.615996360778808594e-02 6.392249464988708496e-02 6.284700334072113037e-02 6.112569198012351990e-02 6.839200854301452637e-02 6.572573632001876831e-02 7.068524509668350220e-02 6.378499418497085571e-02 6.691101938486099243e-02
6.012024048096191731e-01 1.112712696194648743e-01 7.658319547772407532e-03 1.123948469758033752e-01 1.150529682636260986e-01 1.091024428606033325e-01 1.068754345178604126e-01 1.098327487707138062e-01 1.106241047382354736e-01 1.087784394621849060e-01 1.137267202138900757e-01 1.105771809816360474e-01 1.132620424032211304e-01
6.212424849699398344e-01 1.539487540721893311e-01 1.126635912805795670e-02 1.538278460502624512e-01 1.610465943813323975e-01 1.525009870529174805e-01 1.492997258901596069e-01 1.571653187274932861e-01 1.503964811563491821e-01 1.496832519769668579e-01 1.538186520338058472e-01 1.555028110742568970e-01 1.570293903350830078e-01
6.412825651302604957e-01 1.899020969867706299e-01 1.601175963878631592e-02 1.886625885963439941e-01 1.988925039768218994e-01 1.894506961107254028e-01 1.856226921081542969e-01 1.973997950553894043e-01 1.839260905981063843e-01 1.843714118003845215e-01 1.871801912784576416e-01 1.935081481933593750e-01 1.935187727212905884e-01
6.613226452905811570e-01 2.166899591684341431e-01 1.933224312961101532e-02 2.146404087543487549e-01 2.259774208068847656e-01 2.173232436180114746e-01 2.132648825645446777e-01 2.273696511983871460e-01 2.091069370508193970e-01 2.105506509542465210e-01 2.118010669946670532e-01 2.218055427074432373e-01 2.202361077070236206e-01
6.813627254509018183e-01 2.333333045244216919e-01 2.058928646147251129e-02 2.308514565229415894e-01 2.415054291486740112e-01 2.349990159273147583e-01 2.310981899499893188e-01 2.457788437604904175e-01 2.250809818506240845e-01 2.272738367319107056e-01 2.269596904516220093e-01 2.392542213201522827e-01 2.362769544124603271e-01
7.014028056112223686e-01 2.399172186851501465e-01 1.985503733158111572e-02 2.373726367950439453e-01 2.459202557802200317e-01 2.424556761980056763e-01 2.390358299016952515e-01 2.526614964008331299e-01 2.319086194038391113e-01 2.345509678125381470e-01 2.328285276889801025e-01 2.459124624729156494e-01 2.418503910303115845e-01
7.214428857715430299e-01 2.372440099716186523e-01 1.754422485828399658e-02 2.349550127983093262e-01 2.404285222291946411e-01 2.404253333806991577e-01 2.377301752567291260e-01 2.489454150199890137e-01 2.302565425634384155e-01 2.330539077520370483e-01 2.301988601684570312e-01 2.426561117172241211e-01 2.379143238067626953e-01
7.414829659318636912e-01 2.265748232603073120e-01 1.431482098996639252e-02 2.247875779867172241e-01 2.266822159290313721e-01 2.301320433616638184e-01 2.283219993114471436e-01 2.361460179090499878e-01 2.212141752243041992e-01 2.238997817039489746e-01 2.202448844909667969e-01 2.308617383241653442e-01 2.258917391300201416e-01
7.615230460921843525e-01 2.094305753707885742e-01 1.116741076111793518e-02 2.083182483911514282e-01 2.065453380346298218e-01 2.131103128194808960e-01 2.122452408075332642e-01 2.160983979701995850e-01 2.060988396406173706e-01 2.084605395793914795e-01 2.043552547693252563e-01 2.122112661600112915e-01 2.074446529150009155e-01
7.815631262525050138e-01 1.874609291553497314e-01 9.595804847776889801e-03 1.871125549077987671e-01 1.819177120923995972e-01 1.910183578729629517e-01 1.910758465528488159e-01 1.907669752836227417e-01 1.863498538732528687e-01 1.882268339395523071e-01 1.840018779039382935e-01 1.885109394788742065e-01 1.843186616897583008e-01
8.016032064128255641e-01 1.623146086931228638e-01 1.063751988112926483e-02 1.627371758222579956e-01 1.546358466148376465e-01 1.655432581901550293e-01 1.664368659257888794e-01 1.621377468109130859e-01 1.634264439344406128e-01 1.647130101919174194e-01 1.606655567884445190e-01 1.615759432315826416e-01 1.582477092742919922e-01
8.216432865731462254e-01 1.355679780244827271e-01 1.325766090303659439e-02 1.367074400186538696e-01 1.264059394598007202e-01 1.383109092712402344e-01 1.399035304784774780e-01 1.320963650941848755e-01 1.387218385934829712e-01 1.393842101097106934e-01 1.357552707195281982e-01 1.331437677145004272e-01 1.308688968420028687e-01
8.416833667334668867e-01 1.086766570806503296e-01 1.597939245402812958e-02 1.104254573583602905e-01 9.873756766319274902e-02 1.108338534832000732e-01 1.129499748349189758e-01 1.023841947317123413e-01 1.135487183928489685e-01 1.136000454425811768e-01 1.105640605092048645e-01 1.048166081309318542e-01 1.036706566810607910e-01
8.617234468937875480e-01 8.295118063688278198e-02 1.794490776956081390e-02 8.514498174190521240e-02 7.295378297567367554e-02 8.448189496994018555e-02 8.691029995679855347e-02 7.455784082412719727e-02 8.908192813396453857e-02 8.859197795391082764e-02 8.625355362892150879e-02 7.802715152502059937e-02 7.796298712491989136e-02
8.817635270541082093e-01 5.952029675245285034e-02 1.869956590235233307e-02 6.195852532982826233e-02 5.014687776565551758e-02 6.044241413474082947e-02 6.296235322952270508e-02 4.995489493012428284e-02 6.635947525501251221e-02 6.544654071331024170e-02 6.382147967815399170e-02 5.401873216032981873e-02 5.486074090003967285e-02
9.018036072144288706e-01 3.933876752853393555e-02 1.796791702508926392e-02 4.179101809859275818e-02 3.120344132184982300e-02 3.972401097416877747e-02 4.210858047008514404e-02 2.969353646039962769e-02 4.625545069575309753e-02 4.508283734321594238e-02 4.411743581295013428e-02 3.382530808448791504e-02 3.529198467731475830e-02
9.218436873747494209e-01 2.316254936158657074e-02 1.559104491025209427e-02 2.537921629846096039e-02 1.679326966404914856e-02 2.313408255577087402e-02 2.517455257475376129e-02 1.465213019400835037e-02 2.948158234357833862e-02 2.824724465608596802e-02 2.782110124826431274e-02 1.826612837612628937e-02 1.997681148350238800e-02
9.418837675350700822e-01 1.154016237705945969e-02 1.156838890165090561e-02 1.326198317110538483e-02 7.325699087232351303e-03 1.126724667847156525e-02 1.277401205152273178e-02 5.398836918175220490e-03 1.657954789698123932e-02 1.549542974680662155e-02 1.543611101806163788e-02 7.902214303612709045e-03 9.394454769790172577e-03
9.619238476953907435e-01 4.700196441262960434e-03 6.389020476490259171e-03 5.713526159524917603e-03 2.748249331489205360e-03 4.387888126075267792e-03 5.234375596046447754e-03 1.789898611605167389e-03 7.876617833971977234e-03 7.146520074456930161e-03 7.243313360959291458e-03 2.814469393342733383e-03 3.644655691459774971e-03
9.819639278557114048e-01 2.095691161230206490e-03 2.264539711177349091e-03 2.417742041870951653e-03 1.563394675031304359e-03 1.908462727442383766e-03 2.192456275224685669e-03 1.171795767731964588e-03 3.316562622785568237e-03 3.052080515772104263e-03 3.108219942077994347e-03 1.523173879832029343e-03 1.787207555025815964e-03
1.002004008016031955e+00 1.537160482257604599e-03 7.688839104957878590e-04 1.605920493602752686e-03 1.369159552268683910e-03 1.420410815626382828e-03 1.520505524240434170e-03 1.091924263164401054e-03 1.848674030043184757e-03 1.855382812209427357e-03 1.838232856243848801e-03 1.317261485382914543e-03 1.437333063222467899e-03
1.022044088176352616e+00 1.447439659386873245e-03 4.814244748558849096e-04 1.465211506001651287e-03 1.356409047730267048e-03 1.347840414382517338e-03 1.407849253155291080e-03 1.087032724171876907e-03 1.544785336591303349e-03 1.616524183191359043e-03 1.579069532454013824e-03 1.293067936785519123e-03 1.392410602420568466e-03
1.042084168336673278e+00 1.450516749173402786e-03 4.376920114737004042e-04 1.458867918699979782e-03 1.384204719215631485e-03 1.351970015093684196e-03 1.400875509716570377e-03 1.101135741919279099e-03 1.502815634012222290e-03 1.586992875672876835e-03 1.548018539324402809e-03 1.306588528677821159e-03 1.409705961123108864e-03
1.062124248496993939e+00 1.481520244851708412e-03 4.353593394625931978e-04 1.488513429649174213e-03 1.430433825589716434e-03 1.379362074658274651e-03 1.422264962457120419e-03 1.127972733229398727e-03 1.521660597063601017e-03 1.609566505067050457e-03 1.573439803905785084e-03 1.337336143478751183e-03 1.448806375265121460e-03
1.082164328657314600e+00 1.529725384898483753e-03 4.443877260200679302e-04 1.536701340228319168e-03 1.492312760092318058e-03 1.423046109266579151e-03 1.461021020077168941e-03 1.166028087027370930e-03 1.564550329931080341e-03 1.655144034884870052e-03 1.623085001483559608e-03 1.382155111059546471e-03 1.504911459051072598e-03
1.102204408817635262e+00 1.593770924955606461e-03 4.601092368829995394e-04 1.602412201464176178e-03 1.570865162648260593e-03 1.482566935010254383e-03 1.514379982836544514e-03 1.215519267134368420e-03 1.625893753953278065e-03 1.718890736810863018e-03 1.691404730081558228e-03 1.441151020117104053e-03 1.577345188707113266e-03
1.122244488977955923e+00 1.675377949140965939e-03 4.847696400247514248e-04 1.687254058197140694e-03 1.669996883720159531e-03 1.557169947773218155e-03 1.582871074788272381e-03 1.277053263038396835e-03 1.705409842543303967e-03 1.802413142286241055e-03 1.781444298103451729e-03 1.514796982519328594e-03 1.669619930908083916e-03
1.142284569138276584e+00 1.780458260327577591e-03 5.265575018711388111e-04 1.798019628040492535e-03 1.803876948542892933e-03 1.652924343943595886e-03 1.669093384407460690e-03 1.352917402982711792e-03 1.812401344068348408e-03 1.913251820951700211e-03 1.908481819555163383e-03 1.606314443051815033e-03 1.791980350390076637e-03
1.162324649298597246e+00 1.928315032273530960e-03 6.291882600635290146e-04 1.966415205970406532e-03 2.026351168751716614e-03 1.778997480869293213e-03 1.780193648301064968e-03 1.444378634914755821e-03 1.977062784135341644e-03 2.076374599710106850e-03 2.123455051332712173e-03 1.724553061649203300e-03 1.985602546483278275e-03
1.182364729458917685e+00 2.191834850236773491e-03 9.710632730275392532e-04 2.298536244779825211e-03 2.516371896490454674e-03 1.987086376175284386e-03 1.943534240126609802e-03 1.564689911901950836e-03 2.303588669747114182e-03 2.378646284341812134e-03 2.592115197330713272e-03 1.902446616441011429e-03 2.391587011516094208e-03
1.202404809619238346e+00 2.800415735691785812e-03 2.037254162132740021e-03 3.107703989371657372e-03 3.742022672668099403e-03 2.453538589179515839e-03 2.257583430036902428e-03 1.764221233315765858e-03 3.094151150435209274e-03 3.081897040829062462e-03 3.731088712811470032e-03 2.265716204419732094e-03 3.409854136407375336e-03
1.222444889779559007e+00 4.305046983063220978e-03 4.372166935354471207e-03 5.040528252720832825e-03 6.460592616349458694e-03 3.654710948467254639e-03 3.025696147233247757e-03 2.239776076748967171e-03 4.959647078067064285e-03 4.752409644424915314e-03 6.213314831256866455e-03 3.199815051630139351e-03 5.771390628069639206e-03
1.242484969939879669e+00 7.477936800569295883e-03 7.770664524286985397e-03 8.794292807579040527e-03 1.121216546744108200e-02 6.397774443030357361e-03 4.919160623103380203e-03 3.589155850932002068e-03 8.559944108128547668e-03 8.100672625005245209e-03 1.056808792054653168e-02 5.494419485330581665e-03 1.011391077190637589e-02
1.262525050100200330e+00 1.278056949377059937e-02 1.136170141398906708e-02 1.466770842671394348e-02 1.810005493462085724e-02 1.128904242068529129e-02 8.724001236259937286e-03 6.795504130423069000e-03 1.419562194496393204e-02 1.352016627788543701e-02 1.695194467902183533e-02 9.910262189805507660e-03 1.662750542163848877e-02
1.282565130260520991e+00 2.026764862239360809e-02 1.450952421873807907e-02 2.263171784579753876e-02 2.699760533869266510e-02 1.845089718699455261e-02 1.479129400104284286e-02 1.245208177715539932e-02 2.185845375061035156e-02 2.104795165359973907e-02 2.528811804950237274e-02 1.668716035783290863e-02 2.522026002407073975e-02
1.302605210420841653e+00 2.978907711803913116e-02 1.699571497738361359e-02 3.251231834292411804e-02 3.769239410758018494e-02 2.774723619222640991e-02 2.309264056384563446e-02 2.059050276875495911e-02 3.139588981866836548e-02 3.054234012961387634e-02 3.539811074733734131e-02 2.572826668620109558e-02 3.569067642092704773e-02
1.322645290581162314e+00 4.112138226628303528e-02 1.878982968628406525e-02 4.407884180545806885e-02 4.994450137019157410e-02 3.894335031509399414e-02 3.343645483255386353e-02 3.100970201194286346e-02 4.259824752807617188e-02 4.178945720195770264e-02 4.706532880663871765e-02 3.680394962430000305e-02 4.779408499598503113e-02
1.342685370741482975e+00 5.401283502578735352e-02 1.992544345557689667e-02 5.709058418869972229e-02 6.350228190422058105e-02 5.178309231996536255e-02 4.557839781045913696e-02 4.343259707093238831e-02 5.523694306612014771e-02 5.455258488655090332e-02 6.006427481770515442e-02 4.964631423354148865e-02 6.127697229385375977e-02
1.362725450901803637e+00 6.821106374263763428e-02 2.046416327357292175e-02 7.130029052495956421e-02 7.812654972076416016e-02 6.600309908390045166e-02 5.925874412059783936e-02 5.755969882011413574e-02 6.908222287893295288e-02 6.859014183282852173e-02 7.416949421167373657e-02 6.397657841444015503e-02 7.588920742273330688e-02
1.382765531062124298e+00 8.346873521804809570e-02 2.047502063214778900e-02 8.647354692220687866e-02 9.358306229114532471e-02 8.134108036756515503e-02 7.421428710222244263e-02 7.309892028570175171e-02 8.391028642654418945e-02 8.366602659225463867e-02 8.916046470403671265e-02 7.952111959457397461e-02 9.139464050531387329e-02
1.402805611222444737e+00 9.955409169197082520e-02 2.003096789121627808e-02 1.023865491151809692e-01 1.096576228737831116e-01 9.754969924688339233e-02 9.019517898559570312e-02 8.976520597934722900e-02 9.950634837150573730e-02 9.955342859029769897e-02 1.048262119293212891e-01 9.602020680904388428e-02 1.075681149959564209e-01
1.422845691382765398e+00 1.162428781390190125e-01 1.920657791197299957e-02 1.188286542892456055e-01 1.261490285396575928e-01 1.143981814384460449e-01 1.069637835025787354e-01 1.072909012436866760e-01 1.156685426831245422e-01 1.160369664430618286e-01 1.209750548005104065e-01 1.132269129157066345e-01 1.241996139287948608e-01
1.442885771543086060e+00 1.333290338516235352e-01 1.807488687336444855e-02 1.356027722358703613e-01 1.428703069686889648e-01 1.316692978143692017e-01 1.242930218577384949e-01 1.254291832447052002e-01 1.322078555822372437e-01 1.329172700643539429e-01 1.374204009771347046e-01 1.309180706739425659e-01 1.410982012748718262e-01
1.462925851703406721e+00 1.506231725215911865e-01 1.671600155532360077e-02 1.525300741195678711e-01 1.596544831991195679e-01 1.491636037826538086e-01 1.419747620820999146e-01 1.439481079578399658e-01 1.489453464746475220e-01 1.500104218721389771e-01 1.539940685033798218e-01 1.488803178071975708e-01 1.580871492624282837e-01
1.482965931863727382e+00 1.679503023624420166e-01 1.521003805100917816e-02 1.694442629814147949e-01 1.763493269681930542e-01 1.666966080665588379e-01 1.598194986581802368e-01 1.626390367746353149e-01 1.657198369503021240e-01 1.671462655067443848e-01 1.705434173345565796e-01 1.669229269027709961e-01 1.750030219554901123e-01
1.503006012024048044e+00 1.851494908332824707e-01 1.365171745419502258e-02 1.861995160579681396e-01 1.928132474422454834e-01 1.841065436601638794e-01 1.776489913463592529e-01 1.813042461872100830e-01 1.823852807283401489e-01 1.841676086187362671e-01 1.869262307882308960e-01 1.848684996366500854e-01 1.917019933462142944e-01
1.523046092184368705e+00 2.020799517631530762e-01 1.215223502367734909e-02 2.026599198579788208e-01 2.089250534772872925e-01 2.012429684400558472e-01 1.953016519546508789e-01 1.997723877429962158e-01 1.988049000501632690e-01 2.009313106536865234e-01 2.030166387557983398e-01 2.025579214096069336e-01 2.080514729022979736e-01
1.543086172344689366e+00 2.186141461133956909e-01 1.084389910101890564e-02 2.187031060457229614e-01 2.245710939168930054e-01 2.179728299379348755e-01 2.126351594924926758e-01 2.178845554590225220e-01 2.148604393005371094e-01 2.173121273517608643e-01 2.186973243951797485e-01 2.198521941900253296e-01 2.239353805780410767e-01
1.563126252505010028e+00 2.346358895301818848e-01 9.888356551527976990e-03 2.342264950275421143e-01 2.396531850099563599e-01 2.341749519109725952e-01 2.295179814100265503e-01 2.355032712221145630e-01 2.304445505142211914e-01 2.331999987363815308e-01 2.338692396879196167e-01 2.366196513175964355e-01 2.392537593841552734e-01
1.583166332665330689e+00 2.500474452972412109e-01 9.441109374165534973e-03 2.491350173950195312e-01 2.540835142135620117e-01 2.497491985559463501e-01 2.458357065916061401e-01 2.525025606155395508e-01 2.454614639282226562e-01 2.484955638647079468e-01 2.484437674283981323e-01 2.527538836002349854e-01 2.539203464984893799e-01
1.603206412825651128e+00 2.647599279880523682e-01 9.586484171450138092e-03 2.633488178253173828e-01 2.677907049655914307e-01 2.646055817604064941e-01 2.614886164665222168e-01 2.687761485576629639e-01 2.598252892494201660e-01 2.631126344203948975e-01 2.623415887355804443e-01 2.681589424610137939e-01 2.678561806678771973e-01
1.623246492985971789e+00 2.786988019943237305e-01 1.028032042086124420e-02 2.767992913722991943e-01 2.807184457778930664e-01 2.786668241024017334e-01 2.763882279396057129e-01 2.842298746109008789e-01 2.734688520431518555e-01 2.769746482372283936e-01 2.754994332790374756e-01 2.827532887458801270e-01 2.809960246086120605e-01
1.643286573146292451e+00 2.918011248111724854e-01 1.138425897806882858e-02 2.894269526004791260e-01 2.928149700164794922e-01 2.918671369552612305e-01 2.904554605484008789e-01 2.987844645977020264e-01 2.863292396068572998e-01 2.900144159793853760e-01 2.878609895706176758e-01 2.964653968811035156e-01 2.932844758033752441e-01
1.663326653306613112e+00 3.040116429328918457e-01 1.274052634835243225e-02 3.011846542358398438e-01 3.040366470813751221e-01 3.041540384292602539e-01 3.036278486251831055e-01 3.123718202114105225e-01 2.983514666557312012e-01 3.021810054779052734e-01 2.993801236152648926e-01 3.092373311519622803e-01 3.046795129776000977e-01
1.683366733466933773e+00 3.152889907360076904e-01 1.422061119228601456e-02 3.120347261428833008e-01 3.143518269062042236e-01 3.154834210872650146e-01 3.158551454544067383e-01 3.249384462833404541e-01 3.094971179962158203e-01 3.134283125400543213e-01 3.100182712078094482e-01 3.210234344005584717e-01 3.151477277278900146e-01
1.703406813627254435e+00 3.255996704101562500e-01 1.573638431727886200e-02 3.219420015811920166e-01 3.237356543540954590e-01 3.258243203163146973e-01 3.270953893661499023e-01 3.364446461200714111e-01 3.197315633296966553e-01 3.237217664718627930e-01 3.197441399097442627e-01 3.317834436893463135e-01 3.246571719646453857e-01
1.723446893787575096e+00 3.349187970161437988e-01 1.722160726785659790e-02 3.308880031108856201e-01 3.321685194969177246e-01 3.351511061191558838e-01 3.373145759105682373e-01 3.468527197837829590e-01 3.290267288684844971e-01 3.330385088920593262e-01 3.285382986068725586e-01 3.414932787418365479e-01 3.331960141658782959e-01
1.743486973947895757e+00 3.432282805442810059e-01 1.863517612218856812e-02 3.388571739196777344e-01 3.396410048007965088e-01 3.434510827064514160e-01 3.464902937412261963e-01 3.561442196369171143e-01 3.373663127422332764e-01 3.413597345352172852e-01 3.363857865333557129e-01 3.501331508159637451e-01 3.407528698444366455e-01
1.763527054108216419e+00 3.505202829837799072e-01 1.994570344686508179e-02 3.458462059497833252e-01 3.461492955684661865e-01 3.507148027420043945e-01 3.546043932437896729e-01 3.643067181110382080e-01 3.447411656379699707e-01 3.486770391464233398e-01 3.432759046554565430e-01 3.576898276805877686e-01 3.473244905471801758e-01
1.783567134268537080e+00 3.567889034748077393e-01 2.113336138427257538e-02 3.518494963645935059e-01 3.516917824745178223e-01 3.569436967372894287e-01 3.616503477096557617e-01 3.713293075561523438e-01 3.511417806148529053e-01 3.549848496913909912e-01 3.492080569267272949e-01 3.641660809516906738e-01 3.529135882854461670e-01
1.803607214428857741e+00 3.620391786098480225e-01 2.218198031187057495e-02 3.568754494190216064e-01 3.562784194946289062e-01 3.621423542499542236e-01 3.676263988018035889e-01 3.772171139717102051e-01 3.565707504749298096e-01 3.602861762046813965e-01 3.541874289512634277e-01 3.695604503154754639e-01 3.575245141983032227e-01
1.823647294589178181e+00 3.662821352481842041e-01 2.308045513927936554e-02 3.609344065189361572e-01 3.599215745925903320e-01 3.663210570812225342e-01 3.725367486476898193e-01 3.819777667522430420e-01 3.610350489616394043e-01 3.645901083946228027e-01 3.582235872745513916e-01 3.738840818405151367e-01 3.611712753772735596e-01
1.843687374749498842e+00 3.695283830165863037e-01 2.381897903978824615e-02 3.640414774417877197e-01 3.626328408718109131e-01 3.694963455200195312e-01 3.763903379440307617e-01 3.856198191642761230e-01 3.645440042018890381e-01 3.679076135158538818e-01 3.613290488719940186e-01 3.771506845951080322e-01 3.638710975646972656e-01
1.863727454909819503e+00 3.717992901802062988e-01 2.439764514565467834e-02 3.662136197090148926e-01 3.644362092018127441e-01 3.716871738433837891e-01 3.792052865028381348e-01 3.881675601005554199e-01 3.671138882637023926e-01 3.702558875083923340e-01 3.635205626487731934e-01 3.793820738792419434e-01 3.656453788280487061e-01
1.883767535070140164e+00 3.731175661087036133e-01 2.481354400515556335e-02 3.674723505973815918e-01 3.653552234172821045e-01 3.729183077812194824e-01 3.810019195079803467e-01 3.896416127681732178e-01 3.687624931335449219e-01 3.716523349285125732e-01 3.648189008235931396e-01 3.806031346321105957e-01 3.665174543857574463e-01
1.903807615230460826e+00 3.735075592994689941e-01 2.506466954946517944e-02 3.678425252437591553e-01 3.654161095619201660e-01 3.732188642024993896e-01 3.818044364452362061e-01 3.900684714317321777e-01 3.695133328437805176e-01 3.721268177032470703e-01 3.652452528476715088e-01 3.808409869670867920e-01 3.665188550949096680e-01
1.923847695390781487e+00 3.729970157146453857e-01 2.515247277915477753e-02 3.673543035984039307e-01 3.646442592144012451e-01 3.726137280464172363e-01 3.816380798816680908e-01 3.894793093204498291e-01 3.693889379501342773e-01 3.717083036899566650e-01 3.648288846015930176e-01 3.801285624504089355e-01 3.656779527664184570e-01
1.943887775551102148e+00 3.716172873973846436e-01 2.508433721959590912e-02 3.660387098789215088e-01 3.630734086036682129e-01 3.711415231227874756e-01 3.805374801158905029e-01 3.879135847091674805e-01 3.684210181236267090e-01 3.704238831996917725e-01 3.635998964309692383e-01 3.785010576248168945e-01 3.640215098857879639e-01
1.963927855711422810e+00 3.694029450416564941e-01 2.486404590308666229e-02 3.639250993728637695e-01 3.607353270053863525e-01 3.688369989395141602e-01 3.785350620746612549e-01 3.854100406169891357e-01 3.666383326053619385e-01 3.683105409145355225e-01 3.615891337394714355e-01 3.759928047657012939e-01 3.615885972976684570e-01
1.983967935871743471e+00 3.663879632949829102e-01 2.449626848101615906e-02 3.610494732856750488e-01 3.576633632183074951e-01 3.657349646091461182e-01 3.756667673587799072e-01 3.820051550865173340e-01 3.640756607055664062e-01 3.654028475284576416e-01 3.588283658027648926e-01 3.726452291011810303e-01 3.584121167659759521e-01
2.004008016032063910e+00 3.626117408275604248e-01 2.399046905338764191e-02 3.574466407299041748e-01 3.538939952850341797e-01 3.618800938129425049e-01 3.719711899757385254e-01 3.777441680431365967e-01 3.607652485370635986e-01 3.617359995841979980e-01 3.553510308265686035e-01 3.684993684291839600e-01 3.545287251472473145e-01
2.024048096192384794e+00 3.581138849258422852e-01 2.335415594279766083e-02 3.531588315963745117e-01 3.494657278060913086e-01 3.573094606399536133e-01 3.674901127815246582e-01 3.726733922958374023e-01 3.567429184913635254e-01 3.573493659496307373e-01 3.511926829814910889e-01 3.635971546173095703e-01 3.499779701232910156e-01
2.044088176352705233e+00 3.529353141784667969e-01 2.259632386267185211e-02 3.482208549976348877e-01 3.444145619869232178e-01 3.520669937133789062e-01 3.622681796550750732e-01 3.668369054794311523e-01 3.520456254482269287e-01 3.522820472717285156e-01 3.463920056819915771e-01 3.579799532890319824e-01 3.447992503643035889e-01
2.064128256513026116e+00 3.471150100231170654e-01 2.172385342419147491e-02 3.426731228828430176e-01 3.387777507305145264e-01 3.461941778659820557e-01 3.563438355922698975e-01 3.602803647518157959e-01 3.467102944850921631e-01 3.465766310691833496e-01 3.409868776798248291e-01 3.516964912414550781e-01 3.390349149703979492e-01
2.084168336673346555e+00 3.406964242458343506e-01 2.075321413576602936e-02 3.365528881549835205e-01 3.325919508934020996e-01 3.397346138954162598e-01 3.497658669948577881e-01 3.530544340610504150e-01 3.407778143882751465e-01 3.402702808380126953e-01 3.350152969360351562e-01 3.447905182838439941e-01 3.327225744724273682e-01
2.104208416833667439e+00 3.337229192256927490e-01 1.969452016055583954e-02 3.299024403095245361e-01 3.259007334709167480e-01 3.327275812625885010e-01 3.425784111022949219e-01 3.452073037624359131e-01 3.342866599559783936e-01 3.334095180034637451e-01 3.285160064697265625e-01 3.373076617717742920e-01 3.259005844593048096e-01
2.124248496993987878e+00 3.262395560741424561e-01 1.856040023267269135e-02 3.227590024471282959e-01 3.187417685985565186e-01 3.252218365669250488e-01 3.348229229450225830e-01 3.367901742458343506e-01 3.272762298583984375e-01 3.260346055030822754e-01 3.215294182300567627e-01 3.292946219444274902e-01 3.186115324497222900e-01
2.144288577154308317e+00 3.182844221591949463e-01 1.736556924879550934e-02 3.151659071445465088e-01 3.111526072025299072e-01 3.172561824321746826e-01 3.265479505062103271e-01 3.278509974479675293e-01 3.197866678237915039e-01 3.181861937046051025e-01 3.140974640846252441e-01 3.207979798316955566e-01 3.108951151371002197e-01
2.164328657314629201e+00 3.099020123481750488e-01 1.612847670912742615e-02 3.071647584438323975e-01 3.031723797321319580e-01 3.088744580745697021e-01 3.178002834320068359e-01 3.184403181076049805e-01 3.118573427200317383e-01 3.099045455455780029e-01 3.062551319599151611e-01 3.118609189987182617e-01 3.027909696102142334e-01
2.184368737474949640e+00 3.011349439620971680e-01 1.487077400088310242e-02 2.987944185733795166e-01 2.948389947414398193e-01 3.001185655593872070e-01 3.086259663105010986e-01 3.086081147193908691e-01 3.035298585891723633e-01 3.012326359748840332e-01 2.980413138866424561e-01 3.025321364402770996e-01 2.943377792835235596e-01
2.204408817635270523e+00 2.920247614383697510e-01 1.361460611224174500e-02 2.900914847850799561e-01 2.861895561218261719e-01 2.910335063934326172e-01 2.990698218345642090e-01 2.984015941619873047e-01 2.948412001132965088e-01 2.922112643718719482e-01 2.894918918609619141e-01 2.928558886051177979e-01 2.855758070945739746e-01
2.224448897795590963e+00 2.826124429702758789e-01 1.238812506198883057e-02 2.810935080051422119e-01 2.772621810436248779e-01 2.816579937934875488e-01 2.891758382320404053e-01 2.878715991973876953e-01 2.858328819274902344e-01 2.828868329524993896e-01 2.806498706340789795e-01 2.828786671161651611e-01 2.765441834926605225e-01
2.244488977955911846e+00 2.729409635066986084e-01 1.122652273625135422e-02 2.718415558338165283e-01 2.680945396423339844e-01 2.720338404178619385e-01 2.789895534515380859e-01 2.770642638206481934e-01 2.765438258647918701e-01 2.732962369918823242e-01 2.715504467487335205e-01 2.726457715034484863e-01 2.672793865203857422e-01
2.264529058116232285e+00 2.630494236946105957e-01 1.017451379448175430e-02 2.623733580112457275e-01 2.587231993675231934e-01 2.622007429599761963e-01 2.685537040233612061e-01 2.660279870033264160e-01 2.670124471187591553e-01 2.634817957878112793e-01 2.622313201427459717e-01 2.621992230415344238e-01 2.578167319297790527e-01
2.284569138276553169e+00 2.529769539833068848e-01 9.287476539611816406e-03 2.527303695678710938e-01 2.491828948259353638e-01 2.522005736827850342e-01 2.579157948493957520e-01 2.548090219497680664e-01 2.572786211967468262e-01 2.534813284873962402e-01 2.527275085449218750e-01 2.515817582607269287e-01 2.481962144374847412e-01
2.304609218436873608e+00 2.427629977464675903e-01 8.625760674476623535e-03 2.429443746805191040e-01 2.395106703042984009e-01 2.420696914196014404e-01 2.471186071634292603e-01 2.434545159339904785e-01 2.473777383565902710e-01 2.433341890573501587e-01 2.430768013000488281e-01 2.408356368541717529e-01 2.384529113769531250e-01
2.324649298597194491e+00 2.324446439743041992e-01 8.245452307164669037e-03 2.330531030893325806e-01 2.297411859035491943e-01 2.318490147590637207e-01 2.362014055252075195e-01 2.320069223642349243e-01 2.373468577861785889e-01 2.330797612667083740e-01 2.333139330148696899e-01 2.300003468990325928e-01 2.286210507154464722e-01
2.344689378757514930e+00 2.220602333545684814e-01 8.184792473912239075e-03 2.230894565582275391e-01 2.199077755212783813e-01 2.215686291456222534e-01 2.252093404531478882e-01 2.205121815204620361e-01 2.272214591503143311e-01 2.227534055709838867e-01 2.234738171100616455e-01 2.191135585308074951e-01 2.187318950891494751e-01
2.364729458917835370e+00 2.116463035345077515e-01 8.434032090008258820e-03 2.130859643220901489e-01 2.100432962179183960e-01 2.112677842378616333e-01 2.141813933849334717e-01 2.090113908052444458e-01 2.170371562242507935e-01 2.123932242393493652e-01 2.135892212390899658e-01 2.082195580005645752e-01 2.088207453489303589e-01
2.384769539078156253e+00 2.012357264757156372e-01 8.951422758400440216e-03 2.030764520168304443e-01 2.001770138740539551e-01 2.009818553924560547e-01 2.031556814908981323e-01 1.975445002317428589e-01 2.068299055099487305e-01 2.020349055528640747e-01 2.036915719509124756e-01 1.973532289266586304e-01 1.989194601774215698e-01
2.404809619238476692e+00 1.908624023199081421e-01 9.670814499258995056e-03 1.930935084819793701e-01 1.903422474861145020e-01 1.907381266355514526e-01 1.921714693307876587e-01 1.861523985862731934e-01 1.966324150562286377e-01 1.917109042406082153e-01 1.938123553991317749e-01 1.865515857934951782e-01 1.890590488910675049e-01
2.424849699398797576e+00 1.805597990751266479e-01 1.052749250084161758e-02 1.831694394350051880e-01 1.805683225393295288e-01 1.805717498064041138e-01 1.812660396099090576e-01 1.748738139867782593e-01 1.864791363477706909e-01 1.814541071653366089e-01 1.839828044176101685e-01 1.758494526147842407e-01 1.792683303356170654e-01
2.444889779559118015e+00 1.703609377145767212e-01 1.146045979112386703e-02 1.733321100473403931e-01 1.708845198154449463e-01 1.705143302679061890e-01 1.704751253128051758e-01 1.637476831674575806e-01 1.763996779918670654e-01 1.712971180677413940e-01 1.742306053638458252e-01 1.652817875146865845e-01 1.695756167173385620e-01
2.464929859719438898e+00 1.602964550256729126e-01 1.242286525666713715e-02 1.636106222867965698e-01 1.613151282072067261e-01 1.605949997901916504e-01 1.598334014415740967e-01 1.528104692697525024e-01 1.664228141307830811e-01 1.612693071365356445e-01 1.645836532115936279e-01 1.548807024955749512e-01 1.600087732076644897e-01
2.484969939879759337e+00 1.503957211971282959e-01 1.338224392384290695e-02 1.540324240922927856e-01 1.518885940313339233e-01 1.508400589227676392e-01 1.493747979402542114e-01 1.420958638191223145e-01 1.565814763307571411e-01 1.514007896184921265e-01 1.550713777542114258e-01 1.446784138679504395e-01 1.505922079086303711e-01
2.505010020040080221e+00 1.406895816326141357e-01 1.430808566510677338e-02 1.446231156587600708e-01 1.426307410001754761e-01 1.412782818078994751e-01 1.391317546367645264e-01 1.316399872303009033e-01 1.469018459320068359e-01 1.417213827371597290e-01 1.457204520702362061e-01 1.347050964832305908e-01 1.413541734218597412e-01
2.525050100200400660e+00 1.312046498060226440e-01 1.518185529857873917e-02 1.354082971811294556e-01 1.335680931806564331e-01 1.319376826286315918e-01 1.291362643241882324e-01 1.214713379740715027e-01 1.374123990535736084e-01 1.322579681873321533e-01 1.365546435117721558e-01 1.249890923500061035e-01 1.323181837797164917e-01
2.545090180360721543e+00 1.219648495316505432e-01 1.598278433084487915e-02 1.264094710350036621e-01 1.247197315096855164e-01 1.228386089205741882e-01 1.194163635373115540e-01 1.116225719451904297e-01 1.281367242336273193e-01 1.230350211262702942e-01 1.275979578495025635e-01 1.155575364828109741e-01 1.235054582357406616e-01
2.565130260521041983e+00 1.129959076642990112e-01 1.669795624911785126e-02 1.176538169384002686e-01 1.161071285605430603e-01 1.140071973204612732e-01 1.100015267729759216e-01 1.021232008934020996e-01 1.191015690565109253e-01 1.140770316123962402e-01 1.188750490546226501e-01 1.064378693699836731e-01 1.149400845170021057e-01
2.585170340681362422e+00 1.043232828378677368e-01 1.731507107615470886e-02 1.091618761420249939e-01 1.077551394701004028e-01 1.054651886224746704e-01 1.009183079004287720e-01 9.300054609775543213e-02 1.103312969207763672e-01 1.054074689745903015e-01 1.104049533605575562e-01 9.765303879976272583e-02 1.066406369209289551e-01
2.605210420841683305e+00 9.596686810255050659e-02 1.782533153891563416e-02 1.009546443819999695e-01 9.968136996030807495e-02 9.723189473152160645e-02 9.219140559434890747e-02 8.427901566028594971e-02 1.018493548035621643e-01 9.705050289630889893e-02 1.022099405527114868e-01 8.922766149044036865e-02 9.862632304430007935e-02
2.625250501002003745e+00 8.794837445020675659e-02 1.822000928223133087e-02 9.305123239755630493e-02 9.190671145915985107e-02 8.932447433471679688e-02 8.384324610233306885e-02 7.598528265953063965e-02 9.367797523736953735e-02 8.902801573276519775e-02 9.431028366088867188e-02 8.118221163749694824e-02 9.091760218143463135e-02
2.645290581162324628e+00 8.028605580329895020e-02 1.848940365016460419e-02 8.546781539916992188e-02 8.444696664810180664e-02 8.176264166831970215e-02 7.589802145957946777e-02 6.814093887805938721e-02 8.583631366491317749e-02 8.135797083377838135e-02 8.672132343053817749e-02 7.353726029396057129e-02 8.353059738874435425e-02
2.665330661322645067e+00 7.299785315990447998e-02 1.862848736345767975e-02 7.822141051292419434e-02 7.731902599334716797e-02 7.456265389919281006e-02 6.837535649538040161e-02 6.076622009277343750e-02 7.834263890981674194e-02 7.405917346477508545e-02 7.946269959211349487e-02 6.631105393171310425e-02 7.648042589426040649e-02
2.685370741482965951e+00 6.610062718391418457e-02 1.863165572285652161e-02 7.132683694362640381e-02 7.053724676370620728e-02 6.773743778467178345e-02 6.129430979490280151e-02 5.387685075402259827e-02 7.121294736862182617e-02 6.714626401662826538e-02 7.254775613546371460e-02 5.951951444149017334e-02 6.977909803390502930e-02
2.705410821643286390e+00 5.960824340581893921e-02 1.849503442645072937e-02 6.479770690202713013e-02 6.411521136760711670e-02 6.130164116621017456e-02 5.467219650745391846e-02 4.749171063303947449e-02 6.446463614702224731e-02 6.063462793827056885e-02 6.599073857069015503e-02 5.317443236708641052e-02 6.344201415777206421e-02
2.725450901803607273e+00 5.353389680385589600e-02 1.821534149348735809e-02 5.864778906106948853e-02 5.806389451026916504e-02 5.526725202798843384e-02 4.852280020713806152e-02 4.162413254380226135e-02 5.811033397912979126e-02 5.453660339117050171e-02 5.980442464351654053e-02 4.728858545422554016e-02 5.747852474451065063e-02
2.745490981963927712e+00 4.788799956440925598e-02 1.779359579086303711e-02 5.288645252585411072e-02 5.239504575729370117e-02 4.964410513639450073e-02 4.285565391182899475e-02 3.628156706690788269e-02 5.216269940137863159e-02 4.885984212160110474e-02 5.399957671761512756e-02 4.187262803316116333e-02 5.189764499664306641e-02
2.765531062124248596e+00 4.267656803131103516e-02 1.723345555365085602e-02 4.752097278833389282e-02 4.711528122425079346e-02 4.443905502557754517e-02 3.767821192741394043e-02 3.146697580814361572e-02 4.663125798106193542e-02 4.361383616924285889e-02 4.858523607254028320e-02 3.693166747689247131e-02 4.670614749193191528e-02
2.785571142284569035e+00 3.790377080440521240e-02 1.653892174363136292e-02 4.255878552794456482e-02 4.223057627677917480e-02 3.965357691049575806e-02 3.299563750624656677e-02 2.718164399266242981e-02 4.152324795722961426e-02 3.880335763096809387e-02 4.356631264090538025e-02 3.246641904115676880e-02 4.190864786505699158e-02
2.805611222444889474e+00 3.357166051864624023e-02 1.571784541010856628e-02 3.800338879227638245e-02 3.774334490299224854e-02 3.528907895088195801e-02 2.880823612213134766e-02 2.342001534998416901e-02 3.684316948056221008e-02 3.443034738302230835e-02 3.894727304577827454e-02 2.847440540790557861e-02 3.750709071755409241e-02
2.825651302605210358e+00 2.967804856598377228e-02 1.478317659348249435e-02 3.385522589087486267e-02 3.365542739629745483e-02 3.134687617421150208e-02 2.510992623865604401e-02 2.016925439238548279e-02 3.259304165840148926e-02 3.049201704561710358e-02 3.472852334380149841e-02 2.494893968105316162e-02 3.350042179226875305e-02
2.845691382765530797e+00 2.621569298207759857e-02 1.375330612063407898e-02 3.011142276227474213e-02 2.996459044516086578e-02 2.782084420323371887e-02 2.188899554312229156e-02 1.740817539393901825e-02 2.876904234290122986e-02 2.698221616446971893e-02 3.090927936136722565e-02 2.187704294919967651e-02 2.988605760037899017e-02
2.865731462925851680e+00 2.317317202687263489e-02 1.265174057334661484e-02 2.676573768258094788e-02 2.666518464684486389e-02 2.469909749925136566e-02 1.912758685648441315e-02 1.510719675570726395e-02 2.536802180111408234e-02 2.389062754809856415e-02 2.748444676399230957e-02 1.923960447311401367e-02 2.665732428431510925e-02
2.885771543086172120e+00 2.053406275808811188e-02 1.150656025856733322e-02 2.380820922553539276e-02 2.374656870961189270e-02 2.196677401661872864e-02 1.679926738142967224e-02 1.322686299681663513e-02 2.237735874950885773e-02 2.120154537260532379e-02 2.444409951567649841e-02 1.701011136174201965e-02 2.380202710628509521e-02
2.905811623246493003e+00 1.827579736709594727e-02 1.035003364086151123e-02 2.122371643781661987e-02 2.119405381381511688e-02 1.960770599544048309e-02 1.487066689878702164e-02 1.172184385359287262e-02 1.978173665702342987e-02 1.889342255890369415e-02 2.177575044333934784e-02 1.515619922429323196e-02 2.130521088838577271e-02
2.925851703406813442e+00 1.637184061110019684e-02 9.217257611453533173e-03 1.899278722703456879e-02 1.898888871073722839e-02 1.759669743478298187e-02 1.329918671399354935e-02 1.053967978805303574e-02 1.755893416702747345e-02 1.693861186504364014e-02 1.946235448122024536e-02 1.363963726907968521e-02 1.914809457957744598e-02
2.945891783567134325e+00 1.478857081383466721e-02 8.141706697642803192e-03 1.709170266985893250e-02 1.710746809840202332e-02 1.590641401708126068e-02 1.204001531004905701e-02 9.626433253288269043e-03 1.568325422704219818e-02 1.530742272734642029e-02 1.748213917016983032e-02 1.241803355515003204e-02 1.730696484446525574e-02
2.965931863727454765e+00 1.349001098424196243e-02 7.151303347200155258e-03 1.549380924552679062e-02 1.552378013730049133e-02 1.450265664607286453e-02 1.104572322219610214e-02 8.930610492825508118e-03 1.412359904497861862e-02 1.396435592323541641e-02 1.580826379358768463e-02 1.144749857485294342e-02 1.575529016554355621e-02
2.985971943887775648e+00 1.243910379707813263e-02 6.265575997531414032e-03 1.416700612753629684e-02 1.420727651566267014e-02 1.335141062736511230e-02 1.026913523674011230e-02 8.405723609030246735e-03 1.284388359636068344e-02 1.287210080772638321e-02 1.441133860498666763e-02 1.068451628088951111e-02 1.446276064962148666e-02
3.006012024048096087e+00 1.159740053117275238e-02 5.495238583534955978e-03 1.307828165590763092e-02 1.312552113085985184e-02 1.241779886186122894e-02 9.668339043855667114e-03 8.012209087610244751e-03 1.180825661867856979e-02 1.199313346296548843e-02 1.325984671711921692e-02 1.009008660912513733e-02 1.339886896312236786e-02
3.026052104208416527e+00 1.092880498617887497e-02 4.841791000217199326e-03 1.219504978507757187e-02 1.224492583423852921e-02 1.166804973036050797e-02 9.205969050526618958e-03 7.717691827565431595e-03 1.098028384149074554e-02 1.129155326634645462e-02 1.232128962874412537e-02 9.630042128264904022e-03 1.253143977373838425e-02
3.046092184368737410e+00 1.040129456669092178e-02 4.299356136471033096e-03 1.148528605699539185e-02 1.153460610657930374e-02 1.107026543468236923e-02 8.851728402078151703e-03 7.497317623347043991e-03 1.032361295074224472e-02 1.073541864752769470e-02 1.156372297555208206e-02 9.275253862142562866e-03 1.183078065514564514e-02
3.066132264529057849e+00 9.987625293433666229e-03 3.857778152450919151e-03 1.091868989169597626e-02 1.096531189978122711e-02 1.059674564749002457e-02 8.580321446061134338e-03 7.331520784646272659e-03 9.806873276829719543e-03 1.029715780168771744e-02 1.095764618366956711e-02 9.001387283205986023e-03 1.126864552497863770e-02
3.086172344689378733e+00 9.663131088018417358e-03 3.503988729789853096e-03 1.046894676983356476e-02 1.051140110939741135e-02 1.022347342222929001e-02 8.371804840862751007e-03 7.205815985798835754e-03 9.401963092386722565e-03 9.952762164175510406e-03 1.047561690211296082e-02 8.790356107056140900e-03 1.082061603665351868e-02
3.106212424849699172e+00 9.410050697624683380e-03 3.224232699722051620e-03 1.011348795145750046e-02 1.015064679086208344e-02 9.930441156029701233e-03 8.210721425712108612e-03 7.109312806278467178e-03 9.084841236472129822e-03 9.682589210569858551e-03 1.009352039545774460e-02 8.627376519143581390e-03 1.046402566134929657e-02
3.126252505010020055e+00 9.212044999003410339e-03 3.005351405590772629e-03 9.832906536757946014e-03 9.864849038422107697e-03 9.701228700578212738e-03 8.085424080491065979e-03 7.034614682197570801e-03 8.836596272885799408e-03 9.470157325267791748e-03 9.792040102183818817e-03 8.501213975250720978e-03 1.018136274069547653e-02
3.146292585170340494e+00 9.056686423718929291e-03 2.835940336808562279e-03 9.611672721803188324e-03 9.638823568820953369e-03 9.522668085992336273e-03 7.987082935869693756e-03 6.975926924496889114e-03 8.641963824629783630e-03 9.303133003413677216e-03 9.554324671626091003e-03 8.402657695114612579e-03 9.958297014236450195e-03
3.166332665330661378e+00 8.934358134865760803e-03 2.705084159970283508e-03 9.437537752091884613e-03 9.460340254008769989e-03 9.384308010339736938e-03 7.909574545919895172e-03 6.929831113666296005e-03 8.489169180393218994e-03 9.171240031719207764e-03 9.366656653583049774e-03 8.325094357132911682e-03 9.782380424439907074e-03
3.186372745490981817e+00 8.837758563458919525e-03 2.604218665510416031e-03 9.300487115979194641e-03 9.319164790213108063e-03 9.277282282710075378e-03 7.847831584513187408e-03 6.893374025821685791e-03 8.368500508368015289e-03 9.067081846296787262e-03 9.218999184668064117e-03 8.264559321105480194e-03 9.643496945500373840e-03
3.206412825651302256e+00 8.761684410274028778e-03 2.526819007471203804e-03 9.192433208227157593e-03 9.206512011587619781e-03 9.194944053888320923e-03 7.798948790878057480e-03 6.863685790449380875e-03 8.273493498563766479e-03 8.984093554317951202e-03 9.102969430387020111e-03 8.216996677219867706e-03 9.533866308629512787e-03
3.226452905811623140e+00 8.701335638761520386e-03 2.467085141688585281e-03 9.106595069169998169e-03 9.117452427744865417e-03 9.131687693297863007e-03 7.759625092148780823e-03 6.839809939265251160e-03 8.198159746825695038e-03 8.917934261262416840e-03 9.010539390146732330e-03 8.180014789104461670e-03 9.447348304092884064e-03
3.246492985971943579e+00 8.653352968394756317e-03 2.420766511932015419e-03 9.038444608449935913e-03 9.046835824847221375e-03 9.083167649805545807e-03 7.728021591901779175e-03 6.821151357144117355e-03 8.137835189700126648e-03 8.865640498697757721e-03 8.937670849263668060e-03 8.150224573910236359e-03 9.378603659570217133e-03
3.266533066132264462e+00 8.615396916866302490e-03 2.384295221418142319e-03 8.984469808638095856e-03 8.991053327918052673e-03 9.045947343111038208e-03 7.702961098402738571e-03 6.807104218751192093e-03 8.089650422334671021e-03 8.824040181934833527e-03 8.880390785634517670e-03 8.127696812152862549e-03 9.324673563241958618e-03
3.286573146292584902e+00 8.585415780544281006e-03 2.355671720579266548e-03 8.941722102463245392e-03 8.946792222559452057e-03 9.018037468194961548e-03 7.683202158659696579e-03 6.796534638851881027e-03 8.050782606005668640e-03 8.790778927505016327e-03 8.835165761411190033e-03 8.110911585390567780e-03 9.282538667321205139e-03
3.306613226452905785e+00 8.562053553760051727e-03 2.333147684112191200e-03 8.908103220164775848e-03 8.912268094718456268e-03 8.997806347906589508e-03 7.667543832212686539e-03 6.789329461753368378e-03 8.019413799047470093e-03 8.764346130192279816e-03 8.799949660897254944e-03 8.099195547401905060e-03 9.250017814338207245e-03
3.326653306613226224e+00 8.544314652681350708e-03 2.315403660759329796e-03 8.882486261427402496e-03 8.885391987860202789e-03 8.983163163065910339e-03 7.655943278223276138e-03 6.784549448639154434e-03 7.994669489562511444e-03 8.743603713810443878e-03 8.772397413849830627e-03 8.091693744063377380e-03 9.225390851497650146e-03
3.346693386773547108e+00 8.531354367733001709e-03 2.301311120390892029e-03 8.862858638167381287e-03 8.864278905093669891e-03 8.973245508968830109e-03 7.647874765098094940e-03 6.782035343348979950e-03 7.974990643560886383e-03 8.727208711206912994e-03 8.751627057790756226e-03 8.087664842605590820e-03 9.207158349454402924e-03
3.366733466933867547e+00 8.522158488631248474e-03 2.290281932801008224e-03 8.848450146615505219e-03 8.848522789776325226e-03 8.967770263552665710e-03 7.642492186278104782e-03 6.781661417335271835e-03 7.960060611367225647e-03 8.715103380382061005e-03 8.736526593565940857e-03 8.086849004030227661e-03 9.194899350404739380e-03
3.386773547094188430e+00 8.516500703990459442e-03 2.281302120536565781e-03 8.838795125484466553e-03 8.837112225592136383e-03 8.966404013335704803e-03 7.640094030648469925e-03 6.783653050661087036e-03 7.949176244437694550e-03 8.706703782081604004e-03 8.725823834538459778e-03 8.088759146630764008e-03 9.187341667711734772e-03
3.406813627254508869e+00 8.513642475008964539e-03 2.273291349411010742e-03 8.833122439682483673e-03 8.829462341964244843e-03 8.968212641775608063e-03 7.640431169420480728e-03 6.788019556552171707e-03 7.942283526062965393e-03 8.701560087502002716e-03 8.719547651708126068e-03 8.093558251857757568e-03 9.183614514768123627e-03
3.426853707414829309e+00 8.513468317687511444e-03 2.266986761242151260e-03 8.831077255308628082e-03 8.825204335153102875e-03 8.973208256065845490e-03 7.643178571015596390e-03 6.794157437980175018e-03 7.938172668218612671e-03 8.700064383447170258e-03 8.716902695596218109e-03 8.100579492747783661e-03 9.183567017316818237e-03
3.446893787575150192e+00 8.515724912285804749e-03 2.261586720123887062e-03 8.832640945911407471e-03 8.824098855257034302e-03 8.981326594948768616e-03 7.648216560482978821e-03 6.802538409829139709e-03 7.936763577163219452e-03 8.701600134372711182e-03 8.717108517885208130e-03 8.109672926366329193e-03 9.186509065330028534e-03
3.466933867735470631e+00 8.520638570189476013e-03 2.257396699860692024e-03 8.836936205625534058e-03 8.826206438243389130e-03 8.991950191557407379e-03 7.654855959117412567e-03 6.813236977905035019e-03 7.937383837997913361e-03 8.705893531441688538e-03 8.719610050320625305e-03 8.120214566588401794e-03 9.192402474582195282e-03
3.486973947895791515e+00 8.527657017111778259e-03 2.254091901704668999e-03 8.843256160616874695e-03 8.830619044601917267e-03 9.004845283925533295e-03 7.663053926080465317e-03 6.825769785791635513e-03 7.939989678561687469e-03 8.712873794138431549e-03 8.724542334675788879e-03 8.132608607411384583e-03 9.201133623719215393e-03
3.507014028056111954e+00 8.537125773727893829e-03 2.251720521599054337e-03 8.852181956171989441e-03 8.837509900331497192e-03 9.019629098474979401e-03 7.673008367419242859e-03 6.840118207037448883e-03 7.944107055664062500e-03 8.721962571144104004e-03 8.731507696211338043e-03 8.146867156028747559e-03 9.212144650518894196e-03
3.527054108216432837e+00 8.548063226044178009e-03 2.249281154945492744e-03 8.863308466970920563e-03 8.846191689372062683e-03 9.035657159984111786e-03 7.684125564992427826e-03 6.856448017060756683e-03 7.950213737785816193e-03 8.733137510716915131e-03 8.741018362343311310e-03 8.162920363247394562e-03 9.224969893693923950e-03
3.547094188376753277e+00 8.560610003769397736e-03 2.246761927381157875e-03 8.876202628016471863e-03 8.857131935656070709e-03 9.053161367774009705e-03 7.697401102632284164e-03 6.874235346913337708e-03 7.958958856761455536e-03 8.745966479182243347e-03 8.752142079174518585e-03 8.180904202163219452e-03 9.240119718015193939e-03
3.567134268537074160e+00 8.575581014156341553e-03 2.245270647108554840e-03 8.890535682439804077e-03 8.870358578860759735e-03 9.072346612811088562e-03 7.712047547101974487e-03 6.893141195178031921e-03 7.969932630658149719e-03 8.760495111346244812e-03 8.765080012381076813e-03 8.199826814234256744e-03 9.256813675165176392e-03
3.587174348697394599e+00 8.592340163886547089e-03 2.243382623419165611e-03 8.906555362045764923e-03 8.885472081601619720e-03 9.093141183257102966e-03 7.728581782430410385e-03 6.913763936609029770e-03 7.982960902154445648e-03 8.776262402534484863e-03 8.779596537351608276e-03 8.221169933676719666e-03 9.274756535887718201e-03
3.607214428857715482e+00 8.611009456217288971e-03 2.241608453914523125e-03 8.924092166125774384e-03 8.902153931558132172e-03 9.115366265177726746e-03 7.746805902570486069e-03 6.935664918273687363e-03 7.998062297701835632e-03 8.793269284069538116e-03 8.794865570962429047e-03 8.243978954851627350e-03 9.294128976762294769e-03
3.627254509018035922e+00 8.630843833088874817e-03 2.240020083263516426e-03 8.943122811615467072e-03 8.920984342694282532e-03 9.139020927250385284e-03 7.766305934637784958e-03 6.958738435059785843e-03 8.015071041882038116e-03 8.812152780592441559e-03 8.811706677079200745e-03 8.268226869404315948e-03 9.315086528658866882e-03
3.647294589178356361e+00 8.651935495436191559e-03 2.238622400909662247e-03 8.963403292000293732e-03 8.940945379436016083e-03 9.164586663246154785e-03 7.787121925503015518e-03 6.982851773500442505e-03 8.033843711018562317e-03 8.832453750073909760e-03 8.829860948026180267e-03 8.294016122817993164e-03 9.337495081126689911e-03
3.667334669338677244e+00 8.674766868352890015e-03 2.237949287518858910e-03 8.984704501926898956e-03 8.961905725300312042e-03 9.191675111651420593e-03 7.809196598827838898e-03 7.007854990661144257e-03 8.053689263761043549e-03 8.854169398546218872e-03 8.849551901221275330e-03 8.321177214384078979e-03 9.361384436488151550e-03
3.687374749498997684e+00 8.698618039488792419e-03 2.237101085484027863e-03 9.007366374135017395e-03 8.984214626252651215e-03 9.220106527209281921e-03 7.833187468349933624e-03 7.034160196781158447e-03 8.074523881077766418e-03 8.877020329236984253e-03 8.871129713952541351e-03 8.349318988621234894e-03 9.386606514453887939e-03
3.707414829659318567e+00 8.723954670131206512e-03 2.236230298876762390e-03 9.031029418110847473e-03 9.007160551846027374e-03 9.249693714082241058e-03 7.858606055378913879e-03 7.061936426907777786e-03 8.096230216324329376e-03 8.901282213628292084e-03 8.893892168998718262e-03 8.378274738788604736e-03 9.413052350282669067e-03
3.727454909819639006e+00 8.750352077186107635e-03 2.235377905890345573e-03 9.055727161467075348e-03 9.031137451529502869e-03 9.279987774789333344e-03 7.885167375206947327e-03 7.090839091688394547e-03 8.118743076920509338e-03 8.927189745008945465e-03 8.918252773582935333e-03 8.408222347497940063e-03 9.440531022846698761e-03
3.747494989979959890e+00 8.777916431427001953e-03 2.234627725556492805e-03 9.081019088625907898e-03 9.056341834366321564e-03 9.311918169260025024e-03 7.913013920187950134e-03 7.120621856302022934e-03 8.142610080540180206e-03 8.953630924224853516e-03 8.943984284996986389e-03 8.439240977168083191e-03 9.468979202210903168e-03
3.767535070140280329e+00 8.806309662759304047e-03 2.233210019767284393e-03 9.107694029808044434e-03 9.082152508199214935e-03 9.345328435301780701e-03 7.942034862935543060e-03 7.151897065341472626e-03 8.168216794729232788e-03 8.980657905340194702e-03 8.971022441983222961e-03 8.471113629639148712e-03 9.498162195086479187e-03
3.787575150300601212e+00 8.835933171212673187e-03 2.231986727565526962e-03 9.135403670370578766e-03 9.108939208090305328e-03 9.380063042044639587e-03 7.971981540322303772e-03 7.184047717601060867e-03 8.194769732654094696e-03 9.008136577904224396e-03 8.998691104352474213e-03 8.504370227456092834e-03 9.528139606118202209e-03
3.807615230460921651e+00 8.866128511726856232e-03 2.230685669928789139e-03 9.163747541606426239e-03 9.136918000876903534e-03 9.415009059011936188e-03 8.002454414963722229e-03 7.216831203550100327e-03 8.222594857215881348e-03 9.036527015268802643e-03 9.027511812746524811e-03 8.538163267076015472e-03 9.558850899338722229e-03
3.827655310621242535e+00 8.897447958588600159e-03 2.229199977591633797e-03 9.192730300128459930e-03 9.165713563561439514e-03 9.450348094105720520e-03 8.033545687794685364e-03 7.250798400491476059e-03 8.251811377704143524e-03 9.065889753401279449e-03 9.057674556970596313e-03 8.572536520659923553e-03 9.590407833456993103e-03
3.847695390781562974e+00 8.929631672799587250e-03 2.227704739198088646e-03 9.222659282386302948e-03 9.195736609399318695e-03 9.486709721386432648e-03 8.065952919423580170e-03 7.285693660378456116e-03 8.282003924250602722e-03 9.096093475818634033e-03 9.089072234928607941e-03 8.607443422079086304e-03 9.623007848858833313e-03
3.867735470941883413e+00 8.962681517004966736e-03 2.226322423666715622e-03 9.253853000700473785e-03 9.226035326719284058e-03 9.522926993668079376e-03 8.098875172436237335e-03 7.321192882955074310e-03 8.313040249049663544e-03 9.127541445195674896e-03 9.121336042881011963e-03 8.642923086881637573e-03 9.656337089836597443e-03
3.887775551102204297e+00 8.996927179396152496e-03 2.225322648882865906e-03 9.285784326493740082e-03 9.257102385163307190e-03 9.559790603816509247e-03 8.132329210638999939e-03 7.357534021139144897e-03 8.344387635588645935e-03 9.160240180790424347e-03 9.154165163636207581e-03 8.679516613483428955e-03 9.690431877970695496e-03
3.907815631262524736e+00 9.031669236719608307e-03 2.223813673481345177e-03 9.318297728896141052e-03 9.288809262216091156e-03 9.596871212124824524e-03 8.167084306478500366e-03 7.394379936158657074e-03 8.376718498766422272e-03 9.193576872348785400e-03 9.187472984194755554e-03 8.716779761016368866e-03 9.724994190037250519e-03
3.927855711422845619e+00 9.066698141396045685e-03 2.221907954663038254e-03 9.350998327136039734e-03 9.321150369942188263e-03 9.634579531848430634e-03 8.202896453440189362e-03 7.431844715029001236e-03 8.409570902585983276e-03 9.227783419191837311e-03 9.221799671649932861e-03 8.754943497478961945e-03 9.760092012584209442e-03
3.947895791583166059e+00 9.101929143071174622e-03 2.219843911007046700e-03 9.384285658597946167e-03 9.353803470730781555e-03 9.672362357378005981e-03 8.239429444074630737e-03 7.469441276043653488e-03 8.443032391369342804e-03 9.262188337743282318e-03 9.256914258003234863e-03 8.793834596872329712e-03 9.795707650482654572e-03
3.967935871743486942e+00 9.137489832937717438e-03 2.217577304691076279e-03 9.417998604476451874e-03 9.387701749801635742e-03 9.710846468806266785e-03 8.276347070932388306e-03 7.507887203246355057e-03 8.476722054183483124e-03 9.296678006649017334e-03 9.292393922805786133e-03 8.833105675876140594e-03 9.831538423895835876e-03
3.987975951903807381e+00 9.173742495477199554e-03 2.215355867519974709e-03 9.452735073864459991e-03 9.422748349606990814e-03 9.749422781169414520e-03 8.313850499689579010e-03 7.546721026301383972e-03 8.511310443282127380e-03 9.331336244940757751e-03 9.327989071607589722e-03 8.872781880199909210e-03 9.867827408015727997e-03
4.008016032064127820e+00 9.210737422108650208e-03 2.212512306869029999e-03 9.487994015216827393e-03 9.458087384700775146e-03 9.787887334823608398e-03 8.352015167474746704e-03 7.586807012557983398e-03 8.546635508537292480e-03 9.366927668452262878e-03 9.364420548081398010e-03 8.913021534681320190e-03 9.904733859002590179e-03
4.028056112224448704e+00 9.247819893062114716e-03 2.209027996286749840e-03 9.524088352918624878e-03 9.493854828178882599e-03 9.826288558542728424e-03 8.390828035771846771e-03 7.627427577972412109e-03 8.582477457821369171e-03 9.402681142091751099e-03 9.401145391166210175e-03 8.954145945608615875e-03 9.941778145730495453e-03
4.048096192384769587e+00 9.285760112106800079e-03 2.205348806455731392e-03 9.560553357005119324e-03 9.529840201139450073e-03 9.864276275038719177e-03 8.430373854935169220e-03 7.668686099350452423e-03 8.618484251201152802e-03 9.439421817660331726e-03 9.438175708055496216e-03 8.995969779789447784e-03 9.979194030165672302e-03
4.068136272545089582e+00 9.324331767857074738e-03 2.201171591877937317e-03 9.597550146281719208e-03 9.566730819642543793e-03 9.901393204927444458e-03 8.470615372061729431e-03 7.710718084126710892e-03 8.654965087771415710e-03 9.476223029196262360e-03 9.475806728005409241e-03 9.037951938807964325e-03 1.001700665801763535e-02
4.088176352705410466e+00 9.363447315990924835e-03 2.196415560320019722e-03 9.635318070650100708e-03 9.604093618690967560e-03 9.938580915331840515e-03 8.511363528668880463e-03 7.753756362944841385e-03 8.692207746207714081e-03 9.514205157756805420e-03 9.513817727565765381e-03 9.080496616661548615e-03 1.005496084690093994e-02
4.108216432865731349e+00 9.402547031641006470e-03 2.190336119383573532e-03 9.673914872109889984e-03 9.641919285058975220e-03 9.975615888833999634e-03 8.552451618015766144e-03 7.798188365995883942e-03 8.730696514248847961e-03 9.553042240440845490e-03 9.552424773573875427e-03 9.124197065830230713e-03 1.009337045252323151e-02
4.128256513026052232e+00 9.441894479095935822e-03 2.183485776185989380e-03 9.712980128824710846e-03 9.679717943072319031e-03 1.001290231943130493e-02 8.594074286520481110e-03 7.843422703444957733e-03 8.770173415541648865e-03 9.592765010893344879e-03 9.591609239578247070e-03 9.168509393930435181e-03 1.013184431940317154e-02
4.148296593186372228e+00 9.481768123805522919e-03 2.176682231947779655e-03 9.752559475600719452e-03 9.718027897179126740e-03 1.005060691386461258e-02 8.636442013084888458e-03 7.888898253440856934e-03 8.810270577669143677e-03 9.632836095988750458e-03 9.631422348320484161e-03 9.213252924382686615e-03 1.017073728144168854e-02
4.168336673346693111e+00 9.522434324026107788e-03 2.170208375900983810e-03 9.792253375053405762e-03 9.756720624864101410e-03 1.008904073387384415e-02 8.679612539708614349e-03 7.934579625725746155e-03 8.850686252117156982e-03 9.673495776951313019e-03 9.671323932707309723e-03 9.257818572223186493e-03 1.020990964025259018e-02
4.188376753507013994e+00 9.563852101564407349e-03 2.163863740861415863e-03 9.831734932959079742e-03 9.796203114092350006e-03 1.012807618826627731e-02 8.723204024136066437e-03 7.980739697813987732e-03 8.891618810594081879e-03 9.714201092720031738e-03 9.711601771414279938e-03 9.301995858550071716e-03 1.024924032390117645e-02
4.208416833667334878e+00 9.605379775166511536e-03 2.156445058062672615e-03 9.871375747025012970e-03 9.836060926318168640e-03 1.016767509281635284e-02 8.767609484493732452e-03 8.028270676732063293e-03 8.932980708777904510e-03 9.755150415003299713e-03 9.751680307090282440e-03 9.346104227006435394e-03 1.028884015977382660e-02
4.228456913827654873e+00 9.647237136960029602e-03 2.148889470845460892e-03 9.911551140248775482e-03 9.876434691250324249e-03 1.020779926329851151e-02 8.812778629362583160e-03 8.076230064034461975e-03 8.974502794444561005e-03 9.796520695090293884e-03 9.791700169444084167e-03 9.390558116137981415e-03 1.032867748290300369e-02
4.248496993987975756e+00 9.689055383205413818e-03 2.141165779903531075e-03 9.951907210052013397e-03 9.917925111949443817e-03 1.024846825748682022e-02 8.858568035066127777e-03 8.124655112624168396e-03 9.015961550176143646e-03 9.838012047111988068e-03 9.832365438342094421e-03 9.434928186237812042e-03 1.036872062832117081e-02
4.268537074148296639e+00 9.731769561767578125e-03 2.133668400347232819e-03 9.992285631597042084e-03 9.959681890904903412e-03 1.028986182063817978e-02 8.905151858925819397e-03 8.173308335244655609e-03 9.057699702680110931e-03 9.879886172711849213e-03 9.873155504465103149e-03 9.480058215558528900e-03 1.040899101644754410e-02
4.288577154308616635e+00 9.774798527359962463e-03 2.126879524439573288e-03 1.003220770508050919e-02 1.000196207314729691e-02 1.033208426088094711e-02 8.951400406658649445e-03 8.221414871513843536e-03 9.099825285375118256e-03 9.921468794345855713e-03 9.913997724652290344e-03 9.525256231427192688e-03 1.044897735118865967e-02
4.308617234468937518e+00 9.818230755627155304e-03 2.120073884725570679e-03 1.007245481014251709e-02 1.004368066787719727e-02 1.037457119673490524e-02 8.997584693133831024e-03 8.270056918263435364e-03 9.142202325165271759e-03 9.962816722691059113e-03 9.954939596354961395e-03 9.570502676069736481e-03 1.048940047621726990e-02
4.328657314629258401e+00 9.861707687377929688e-03 2.112997928634285927e-03 1.011245604604482651e-02 1.008508447557687759e-02 1.041751168668270111e-02 9.044250473380088806e-03 8.318827487528324127e-03 9.184430353343486786e-03 1.000392157584428787e-02 9.996250271797180176e-03 9.616424329578876495e-03 1.052961964160203934e-02
4.348697394789579285e+00 9.904950857162475586e-03 2.104966202750802040e-03 1.015227288007736206e-02 1.012621726840734482e-02 1.046012993901968002e-02 9.091022424399852753e-03 8.368524722754955292e-03 9.226810187101364136e-03 1.004523877054452896e-02 1.003811694681644440e-02 9.662594646215438843e-03 1.057000830769538879e-02
4.368737474949899280e+00 9.948484599590301514e-03 2.097333315759897232e-03 1.019200589507818222e-02 1.016755867749452591e-02 1.050343643873929977e-02 9.137533605098724365e-03 8.418412879109382629e-03 9.269462898373603821e-03 1.008696015924215317e-02 1.007995195686817169e-02 9.708901867270469666e-03 1.061080209910869598e-02
4.388777555110220163e+00 9.991275146603584290e-03 2.088746055960655212e-03 1.023177988827228546e-02 1.020873337984085083e-02 1.054760534316301346e-02 9.184163995087146759e-03 8.468683809041976929e-03 9.313279762864112854e-03 1.012887340039014816e-02 1.012216787785291672e-02 9.755549952387809753e-03 1.065153628587722778e-02
4.408817635270541047e+00 1.003427430987358093e-02 2.080723643302917480e-03 1.027153246104717255e-02 1.025022193789482117e-02 1.059275493025779724e-02 9.230510331690311432e-03 8.518818765878677368e-03 9.357363916933536530e-03 1.017143111675977707e-02 1.016428880393505096e-02 9.801903739571571350e-03 1.069207396358251572e-02
4.428857715430861930e+00 1.007711701095104218e-02 2.071755705401301384e-03 1.031112764030694962e-02 1.029136497527360916e-02 1.063790731132030487e-02 9.277028962969779968e-03 8.569336496293544769e-03 9.402213618159294128e-03 1.021426171064376831e-02 1.020646840333938599e-02 9.848806075751781464e-03 1.073203701525926590e-02
4.448897795591181925e+00 1.012031361460685730e-02 2.062691142782568932e-03 1.035103388130664825e-02 1.033200975507497787e-02 1.068249903619289398e-02 9.323592297732830048e-03 8.619921281933784485e-03 9.446913376450538635e-03 1.025687530636787415e-02 1.024856045842170715e-02 9.896052069962024689e-03 1.077171321958303452e-02
4.468937875751502808e+00 1.016340032219886780e-02 2.052542986348271370e-03 1.039052382111549377e-02 1.037316676229238510e-02 1.072641089558601379e-02 9.370603598654270172e-03 8.671036921441555023e-03 9.492123499512672424e-03 1.029974967241287231e-02 1.029000803828239441e-02 9.943502023816108704e-03 1.081112213432788849e-02
4.488977955911823692e+00 1.020636130124330521e-02 2.041379455476999283e-03 1.043026242405176163e-02 1.041407790035009384e-02 1.076959818601608276e-02 9.418043307960033417e-03 8.722847327589988708e-03 9.537414647638797760e-03 1.034264732152223587e-02 1.033158786594867706e-02 9.991226717829704285e-03 1.085039600729942322e-02
4.509018036072143687e+00 1.024960540235042572e-02 2.029957016929984093e-03 1.046990975737571716e-02 1.045476272702217102e-02 1.081191562116146088e-02 9.466175921261310577e-03 8.774571120738983154e-03 9.582459926605224609e-03 1.038544997572898865e-02 1.037311181426048279e-02 1.003904920071363449e-02 1.088957022875547409e-02
4.529058116232464570e+00 1.029282435774803162e-02 2.017823280766606331e-03 1.050952728837728500e-02 1.049477048218250275e-02 1.085316855460405350e-02 9.514128789305686951e-03 8.826881647109985352e-03 9.627332910895347595e-03 1.042825449258089066e-02 1.041465066373348236e-02 1.008736528456211090e-02 1.092875842005014420e-02
4.549098196392785454e+00 1.033579837530851364e-02 2.004905370995402336e-03 1.054884679615497589e-02 1.053456217050552368e-02 1.089386735111474991e-02 9.562608785927295685e-03 8.879454806447029114e-03 9.672273881733417511e-03 1.047052536159753799e-02 1.045660208910703659e-02 1.013552583754062653e-02 1.096784695982933044e-02
4.569138276553106337e+00 1.037895306944847107e-02 1.991595607250928879e-03 1.058830320835113525e-02 1.057320274412631989e-02 1.093354541808366776e-02 9.611558169126510620e-03 8.932010270655155182e-03 9.716930799186229706e-03 1.051277294754981995e-02 1.049752999097108841e-02 1.018309220671653748e-02 1.100674830377101898e-02
4.589178356713426332e+00 1.042158808559179306e-02 1.977664651349186897e-03 1.062773168087005615e-02 1.061206031590700150e-02 1.097256410866975784e-02 9.660320356488227844e-03 8.984566666185855865e-03 9.761790744960308075e-03 1.055499166250228882e-02 1.053816452622413635e-02 1.023052819073200226e-02 1.104517746716737747e-02
4.609218436873747216e+00 1.046440191566944122e-02 1.963642193004488945e-03 1.066710241138935089e-02 1.065068691968917847e-02 1.101099792867898941e-02 9.709247387945652008e-03 9.036934934556484222e-03 9.807055816054344177e-03 1.059667486697435379e-02 1.057839486747980118e-02 1.027704961597919464e-02 1.108363177627325058e-02
4.629258517034068099e+00 1.050659082829952240e-02 1.949309953488409519e-03 1.070634834468364716e-02 1.068943366408348083e-02 1.104950066655874252e-02 9.757979772984981537e-03 9.089524857699871063e-03 9.851974435150623322e-03 1.063783280551433563e-02 1.061845943331718445e-02 1.032276917248964310e-02 1.112205162644386292e-02
4.649298597194388982e+00 1.054846681654453278e-02 1.934442785568535328e-03 1.074561197310686111e-02 1.072834432125091553e-02 1.108705997467041016e-02 9.806161746382713318e-03 9.142600931227207184e-03 9.896277450025081635e-03 1.067861448973417282e-02 1.065734215080738068e-02 1.036840677261352539e-02 1.116020418703556061e-02
4.669338677354708977e+00 1.059012860059738159e-02 1.920083421282470226e-03 1.078456267714500427e-02 1.076740026473999023e-02 1.112430263310670853e-02 9.854013100266456604e-03 9.195226244628429413e-03 9.939907118678092957e-03 1.071908138692378998e-02 1.069628912955522537e-02 1.041345391422510147e-02 1.119841914623975754e-02
4.689378757515029861e+00 1.063194684684276581e-02 1.905543380416929722e-03 1.082307379692792892e-02 1.080619078129529953e-02 1.116169150918722153e-02 9.901920333504676819e-03 9.248108603060245514e-03 9.983673691749572754e-03 1.075925305485725403e-02 1.073465403169393539e-02 1.045801118016242981e-02 1.123662665486335754e-02
4.709418837675350744e+00 1.067333668470382690e-02 1.890354440547525883e-03 1.086167618632316589e-02 1.084533333778381348e-02 1.119826454669237137e-02 9.949649684131145477e-03 9.301140904426574707e-03 1.002761255949735641e-02 1.079911086708307266e-02 1.077299937605857849e-02 1.050226110965013504e-02 1.127448119223117828e-02
4.729458917835670739e+00 1.071370951831340790e-02 1.874258392490446568e-03 1.090005971491336823e-02 1.088438928127288818e-02 1.123434491455554962e-02 9.996919892728328705e-03 9.354162961244583130e-03 1.007197797298431396e-02 1.083857752382755280e-02 1.081107091158628464e-02 1.054693572223186493e-02 1.131212990731000900e-02
4.749498997995991623e+00 1.075351983308792114e-02 1.857366063632071018e-03 1.093768887221813202e-02 1.092341821640729904e-02 1.127031818032264709e-02 1.004430837929248810e-02 9.407161734998226166e-03 1.011620834469795227e-02 1.087770331650972366e-02 1.084869727492332458e-02 1.059149485081434250e-02 1.134874951094388962e-02
4.769539078156312506e+00 1.079361978918313980e-02 1.840266864746809006e-03 1.097486540675163269e-02 1.096232794225215912e-02 1.130633335560560226e-02 1.009187195450067520e-02 9.460233151912689209e-03 1.015998795628547668e-02 1.091624423861503601e-02 1.088652759790420532e-02 1.063611917197704315e-02 1.138425245881080627e-02
4.789579158316633389e+00 1.083406526595354080e-02 1.823203638195991516e-03 1.101148873567581177e-02 1.100098993629217148e-02 1.134211476892232895e-02 1.013952307403087616e-02 9.513111785054206848e-03 1.020399853587150574e-02 1.095419097691774368e-02 1.092413719743490219e-02 1.068079192191362381e-02 1.141968369483947754e-02
4.809619238476953385e+00 1.087471563369035721e-02 1.806516782380640507e-03 1.104765105992555618e-02 1.103939861059188843e-02 1.137856673449277878e-02 1.018704660236835480e-02 9.565916843712329865e-03 1.024758629500865936e-02 1.099232397973537445e-02 1.096088439226150513e-02 1.072551496326923370e-02 1.145480014383792877e-02
4.829659318637274268e+00 1.091500837355852127e-02 1.788912573829293251e-03 1.108341012150049210e-02 1.107742171734571457e-02 1.141485013067722321e-02 1.023454219102859497e-02 9.618607349693775177e-03 1.029185857623815536e-02 1.103004068136215210e-02 1.099746860563755035e-02 1.077113486826419830e-02 1.148885954171419144e-02
4.849699398797595151e+00 1.095518842339515686e-02 1.771476818248629570e-03 1.111869607120752335e-02 1.111507974565029144e-02 1.145096682012081146e-02 1.028162054717540741e-02 9.670856408774852753e-03 1.033587753772735596e-02 1.106763444840908051e-02 1.103443652391433716e-02 1.081627979874610901e-02 1.152206957340240479e-02
4.869739478957916035e+00 1.099510863423347473e-02 1.753121032379567623e-03 1.115318574011325836e-02 1.115222368389368057e-02 1.148639712482690811e-02 1.032872125506401062e-02 9.723453782498836517e-03 1.038008555769920349e-02 1.110462378710508347e-02 1.107204891741275787e-02 1.086084824055433273e-02 1.155473664402961731e-02
4.889779559118236030e+00 1.103454548865556717e-02 1.734795863740146160e-03 1.118734851479530334e-02 1.118886657059192657e-02 1.152159832417964935e-02 1.037525665014982224e-02 9.775551036000251770e-03 1.042433641850948334e-02 1.114193536341190338e-02 1.110980100929737091e-02 1.090504322201013565e-02 1.158691570162773132e-02
4.909819639278556913e+00 1.107370853424072266e-02 1.716426224447786808e-03 1.122133340686559677e-02 1.122479885816574097e-02 1.155608426779508591e-02 1.042135618627071381e-02 9.827373549342155457e-03 1.046831533312797546e-02 1.117978803813457489e-02 1.114774215966463089e-02 1.094928756356239319e-02 1.161876413971185684e-02
4.929859719438877796e+00 1.111192908138036728e-02 1.697196858003735542e-03 1.125528290867805481e-02 1.126013044267892838e-02 1.159007381647825241e-02 1.046765595674514771e-02 9.878979995846748352e-03 1.051249727606773376e-02 1.121759042143821716e-02 1.118481811136007309e-02 1.099277287721633911e-02 1.165032293647527695e-02
4.949899799599197792e+00 1.114997919648885727e-02 1.678145607002079487e-03 1.128925010561943054e-02 1.129477564245462418e-02 1.162310596555471420e-02 1.051387470215559006e-02 9.930168278515338898e-03 1.055600866675376892e-02 1.125542912632226944e-02 1.122174970805644989e-02 1.103535108268260956e-02 1.168179325759410858e-02
4.969939879759518675e+00 1.118723116815090179e-02 1.658248249441385269e-03 1.132292859256267548e-02 1.132895704358816147e-02 1.165532227605581284e-02 1.055936422199010849e-02 9.981960058212280273e-03 1.059851888567209244e-02 1.129250694066286087e-02 1.125790923833847046e-02 1.107623334974050522e-02 1.171240955591201782e-02
4.989979959919839558e+00 1.122418604791164398e-02 1.637638080865144730e-03 1.135650463402271271e-02 1.136281248182058334e-02 1.168664544820785522e-02 1.060469448566436768e-02 1.003395020961761475e-02 1.064078416675329208e-02 1.132847554981708527e-02 1.129331998527050018e-02 1.111656147986650467e-02 1.174246333539485931e-02
5.010020040080160442e+00 1.126116048544645309e-02 1.617143745534121990e-03 1.138965785503387451e-02 1.139606256037950516e-02 1.171744056046009064e-02 1.064957678318023682e-02 1.008540485054254532e-02 1.068291999399662018e-02 1.136381458491086960e-02 1.132863014936447144e-02 1.115646865218877792e-02 1.177169382572174072e-02
5.030060120240480437e+00 1.129820384085178375e-02 1.597612164914608002e-03 1.142211537808179855e-02 1.142919436097145081e-02 1.174766663461923599e-02 1.069397572427988052e-02 1.013553608208894730e-02 1.072440110146999359e-02 1.139799226075410843e-02 1.136344671249389648e-02 1.119635999202728271e-02 1.180042512714862823e-02
5.050100200400801320e+00 1.133466511964797974e-02 1.577431336045265198e-03 1.145411003381013870e-02 1.146228611469268799e-02 1.177679002285003662e-02 1.073828712105751038e-02 1.018515042960643768e-02 1.076609361916780472e-02 1.143146026879549026e-02 1.139778178185224533e-02 1.123592816293239594e-02 1.182844769209623337e-02
5.070140280561122204e+00 1.137105748057365417e-02 1.557426527142524719e-03 1.148598268628120422e-02 1.149494014680385590e-02 1.180517300963401794e-02 1.078207232058048248e-02 1.023463439196348190e-02 1.080694328993558884e-02 1.146393921226263046e-02 1.143162790685892105e-02 1.127546560019254684e-02 1.185624580830335617e-02
5.090180360721443087e+00 1.140691898763179779e-02 1.536604482680559158e-03 1.151772122830152512e-02 1.152730826288461685e-02 1.183282118290662766e-02 1.082590315490961075e-02 1.028402987867593765e-02 1.084783766418695450e-02 1.149581186473369598e-02 1.146494504064321518e-02 1.131495647132396698e-02 1.188332680612802505e-02
5.110220440881763082e+00 1.144168712198734283e-02 1.515388023108243942e-03 1.154863089323043823e-02 1.155940443277359009e-02 1.185975223779678345e-02 1.086904015392065048e-02 1.033299043774604797e-02 1.088843960314989090e-02 1.152781024575233459e-02 1.149754598736763000e-02 1.135356631129980087e-02 1.191010139882564545e-02
5.130260521042083965e+00 1.147590856999158859e-02 1.493224874138832092e-03 1.157903578132390976e-02 1.159182749688625336e-02 1.188559830188751221e-02 1.091243606060743332e-02 1.038202177733182907e-02 1.092861499637365341e-02 1.155926752835512161e-02 1.152908988296985626e-02 1.139131095260381699e-02 1.193603593856096268e-02
5.150300601202404849e+00 1.150989811867475510e-02 1.471078372560441494e-03 1.160896476358175278e-02 1.162386685609817505e-02 1.191140525043010712e-02 1.095523033291101456e-02 1.043121330440044403e-02 1.096789166331291199e-02 1.159024890512228012e-02 1.155972294509410858e-02 1.142930798232555389e-02 1.196153461933135986e-02
5.170340681362724844e+00 1.154338102787733078e-02 1.449099858291447163e-03 1.163857150822877884e-02 1.165596675127744675e-02 1.193670369684696198e-02 1.099759526550769806e-02 1.048007607460021973e-02 1.100651826709508896e-02 1.162145752459764481e-02 1.158935390412807465e-02 1.146700512617826462e-02 1.198710966855287552e-02
5.190380761523045727e+00 1.157615426927804947e-02 1.426829723641276360e-03 1.166811492294073105e-02 1.168741099536418915e-02 1.196138653904199600e-02 1.103952433913946152e-02 1.052877679467201233e-02 1.104431226849555969e-02 1.165276579558849335e-02 1.161826308816671371e-02 1.150410901755094528e-02 1.201207190752029419e-02
5.210420841683366611e+00 1.160824950784444809e-02 1.404062262736260891e-03 1.169719360768795013e-02 1.171798352152109146e-02 1.198567729443311691e-02 1.108125690370798111e-02 1.057773828506469727e-02 1.108093187212944031e-02 1.168350037187337875e-02 1.164645329117774963e-02 1.153999939560890198e-02 1.203652285039424896e-02
5.230460921843687494e+00 1.163971889764070511e-02 1.381339854560792446e-03 1.172650232911109924e-02 1.174837443977594376e-02 1.201017666608095169e-02 1.112235710024833679e-02 1.062655262649059296e-02 1.111700385808944702e-02 1.171370781958103180e-02 1.167441904544830322e-02 1.157583016902208328e-02 1.206065434962511063e-02
5.250501002004007489e+00 1.167052797973155975e-02 1.358280540443956852e-03 1.175537798553705215e-02 1.177839282900094986e-02 1.203492470085620880e-02 1.116314623504877090e-02 1.067510899156332016e-02 1.115295290946960449e-02 1.174314133822917938e-02 1.170156430453062057e-02 1.161111053079366684e-02 1.208411995321512222e-02
5.270541082164328373e+00 1.170085929334163666e-02 1.335103414021432400e-03 1.178405433893203735e-02 1.180777512490749359e-02 1.205917354673147202e-02 1.120386365801095963e-02 1.072381064295768738e-02 1.118758786469697952e-02 1.177184004336595535e-02 1.172826997935771942e-02 1.164496969431638718e-02 1.210748217999935150e-02
5.290581162324649256e+00 1.173104997724294662e-02 1.312110922299325466e-03 1.181236002594232559e-02 1.183677092194557190e-02 1.208320353180170059e-02 1.124395988881587982e-02 1.077193673700094223e-02 1.122231874614953995e-02 1.179968658834695816e-02 1.175471488386392593e-02 1.167892012745141983e-02 1.213021669536828995e-02
5.310621242484970139e+00 1.176108978688716888e-02 1.288860337808728218e-03 1.184005290269851685e-02 1.186511199921369553e-02 1.210648939013481140e-02 1.128369010984897614e-02 1.081976387649774551e-02 1.125732343643903732e-02 1.182679366320371628e-02 1.178069319576025009e-02 1.171217579394578934e-02 1.215256657451391220e-02
5.330661322645290134e+00 1.179042458534240723e-02 1.265744911506772041e-03 1.186706963926553726e-02 1.189311407506465912e-02 1.212959643453359604e-02 1.132287457585334778e-02 1.086666993796825409e-02 1.129224896430969238e-02 1.185329724103212357e-02 1.180566009134054184e-02 1.174482796341180801e-02 1.217447500675916672e-02
5.350701402805611018e+00 1.181987207382917404e-02 1.242832164280116558e-03 1.189262978732585907e-02 1.192103605717420578e-02 1.215235516428947449e-02 1.136131398379802704e-02 1.091393083333969116e-02 1.132655795663595200e-02 1.187980175018310547e-02 1.183025259524583817e-02 1.177711412310600281e-02 1.219638623297214508e-02
5.370741482965931901e+00 1.184852700680494308e-02 1.219980185851454735e-03 1.191702950745820999e-02 1.194802485406398773e-02 1.217504590749740601e-02 1.139929424971342087e-02 1.096056122332811356e-02 1.136007625609636307e-02 1.190546154975891113e-02 1.185459922999143600e-02 1.180859841406345367e-02 1.221781969070434570e-02
5.390781563126251896e+00 1.187595445662736893e-02 1.196112483739852905e-03 1.194021850824356079e-02 1.197491493076086044e-02 1.219716574996709824e-02 1.143681071698665619e-02 1.100662816315889359e-02 1.139361597597599030e-02 1.192997302860021591e-02 1.187808904796838760e-02 1.184020563960075378e-02 1.223792973905801773e-02
5.410821643286572780e+00 1.190229784697294235e-02 1.172036514617502689e-03 1.196289528161287308e-02 1.200042292475700378e-02 1.221874076873064041e-02 1.147385220974683762e-02 1.105184853076934814e-02 1.142642181366682053e-02 1.195409055799245834e-02 1.190086733549833298e-02 1.187214348465204239e-02 1.225740928202867508e-02
5.430861723446893663e+00 1.192841678857803345e-02 1.147970673628151417e-03 1.198504120111465454e-02 1.202450785785913467e-02 1.224058028310537338e-02 1.151040568947792053e-02 1.109664421528577805e-02 1.145919971168041229e-02 1.197788957506418228e-02 1.192313246428966522e-02 1.190314814448356628e-02 1.227588485926389694e-02
5.450901803607214546e+00 1.195418834686279297e-02 1.123469555750489235e-03 1.200685743242502213e-02 1.204726286232471466e-02 1.226108148694038391e-02 1.154648512601852417e-02 1.114132255315780640e-02 1.149142999202013016e-02 1.200079917907714844e-02 1.194511912763118744e-02 1.193309389054775238e-02 1.229371037334203720e-02
5.470941883767534542e+00 1.197935547679662704e-02 1.098563196137547493e-03 1.202757284045219421e-02 1.206895988434553146e-02 1.228066813200712204e-02 1.158177945762872696e-02 1.118548214435577393e-02 1.152370218187570572e-02 1.202353369444608688e-02 1.196734793484210968e-02 1.196211297065019608e-02 1.231071911752223969e-02
5.490981963927855425e+00 1.200365461409091949e-02 1.073062536306679249e-03 1.204765867441892624e-02 1.208958774805068970e-02 1.229981519281864166e-02 1.161671429872512817e-02 1.122929155826568604e-02 1.155540533363819122e-02 1.204627472907304764e-02 1.198981422930955887e-02 1.199037674814462662e-02 1.232655718922615051e-02
5.511022044088176308e+00 1.202771626412868500e-02 1.048317411914467812e-03 1.206695660948753357e-02 1.210881303995847702e-02 1.231871452182531357e-02 1.165074482560157776e-02 1.127233263105154037e-02 1.158620230853557587e-02 1.206858735531568527e-02 1.201161183416843414e-02 1.201834250241518021e-02 1.234189979732036591e-02
5.531062124248497192e+00 1.205075252801179886e-02 1.023280783556401730e-03 1.208604499697685242e-02 1.212639547884464264e-02 1.233625225722789764e-02 1.168358232825994492e-02 1.131477579474449158e-02 1.161632966250181198e-02 1.209051534533500671e-02 1.203284878283739090e-02 1.204603444784879684e-02 1.235669665038585663e-02
5.551102204408817187e+00 1.207326725125312805e-02 9.986531222239136696e-04 1.210489124059677124e-02 1.214243564754724503e-02 1.235177740454673767e-02 1.171545591205358505e-02 1.135565899312496185e-02 1.164631638675928116e-02 1.211191341280937195e-02 1.205259189009666443e-02 1.207243092358112335e-02 1.237118523567914963e-02
5.571142284569138070e+00 1.209507696330547333e-02 9.733934421092271805e-04 1.212353445589542389e-02 1.215725205838680267e-02 1.236633863300085068e-02 1.174734532833099365e-02 1.139559783041477203e-02 1.167686935514211655e-02 1.213231030851602554e-02 1.207156199961900711e-02 1.209821924567222595e-02 1.238507684320211411e-02
5.591182364729458953e+00 1.211650203913450241e-02 9.483334142714738846e-04 1.214219443500041962e-02 1.217118650674819946e-02 1.237971335649490356e-02 1.177843660116195679e-02 1.143471337854862213e-02 1.170700136572122574e-02 1.215217728167772293e-02 1.208999473601579666e-02 1.212308462709188461e-02 1.239823643118143082e-02
5.611222444889778949e+00 1.213710103183984756e-02 9.233031887561082840e-04 1.216051820665597916e-02 1.218574214726686478e-02 1.239072345197200775e-02 1.180867198854684830e-02 1.147315558046102524e-02 1.173577737063169479e-02 1.217159628868103027e-02 1.210879813879728317e-02 1.214616466313600540e-02 1.241120975464582443e-02
5.631262525050099832e+00 1.215787325054407120e-02 8.994032978080213070e-04 1.217797119170427322e-02 1.220116671174764633e-02 1.240149140357971191e-02 1.183866150677204132e-02 1.151120755821466446e-02 1.176295895129442215e-02 1.218982134014368057e-02 1.212753728032112122e-02 1.216923631727695465e-02 1.242399215698242188e-02
5.651302605210420715e+00 1.217840611934661865e-02 8.761400240473449230e-04 1.219527516514062881e-02 1.221663877367973328e-02 1.241082232445478439e-02 1.186789572238922119e-02 1.154868025332689285e-02 1.178918406367301941e-02 1.220796443521976471e-02 1.214515790343284607e-02 1.219157688319683075e-02 1.243682112544775009e-02
5.671342685370741599e+00 1.219838019460439682e-02 8.530330378562211990e-04 1.221132464706897736e-02 1.223216578364372253e-02 1.241895835846662521e-02 1.189726870507001877e-02 1.158558670431375504e-02 1.181423105299472809e-02 1.222503278404474258e-02 1.216298993676900864e-02 1.221355982124805450e-02 1.244980003684759140e-02
5.691382765531061594e+00 1.221813913434743881e-02 8.310946868732571602e-04 1.222622115164995193e-02 1.224767882376909256e-02 1.242634002119302750e-02 1.192592270672321320e-02 1.162147428840398788e-02 1.183814369142055511e-02 1.224105153232812881e-02 1.218082290142774582e-02 1.223471108824014664e-02 1.246273890137672424e-02
5.711422845691382477e+00 1.223783101886510849e-02 8.101309649646282196e-04 1.224053464829921722e-02 1.226323749870061874e-02 1.243359129875898361e-02 1.195411384105682373e-02 1.165662985295057297e-02 1.186151336878538132e-02 1.225620787590742111e-02 1.219743862748146057e-02 1.225585397332906723e-02 1.247543003410100937e-02
5.731462925851703361e+00 1.225646305829286575e-02 7.891520508565008640e-04 1.225345302373170853e-02 1.227832958102226257e-02 1.244106609374284744e-02 1.198139879852533340e-02 1.169130671769380569e-02 1.188418269157409668e-02 1.227105036377906799e-02 1.221360731869935989e-02 1.227697357535362244e-02 1.248737145215272903e-02
5.751503006012024244e+00 1.227458845824003220e-02 7.681601564399898052e-04 1.226572040468454361e-02 1.229374576359987259e-02 1.244798209518194199e-02 1.200832799077033997e-02 1.172564085572957993e-02 1.190633606165647507e-02 1.228615920990705490e-02 1.222960557788610458e-02 1.229755301028490067e-02 1.249866187572479248e-02
5.771543086172344239e+00 1.229191757738590240e-02 7.467536488547921181e-04 1.227684598416090012e-02 1.230748649686574936e-02 1.245528832077980042e-02 1.203507464379072189e-02 1.175990328192710876e-02 1.192848477512598038e-02 1.230095699429512024e-02 1.224436331540346146e-02 1.231735292822122574e-02 1.250990387052297592e-02
5.791583166332665122e+00 1.230780780315399170e-02 7.252580253407359123e-04 1.228775270283222198e-02 1.232048776000738144e-02 1.246253866702318192e-02 1.206109579652547836e-02 1.179362367838621140e-02 1.194928679615259171e-02 1.231554429978132248e-02 1.225754432380199432e-02 1.233703084290027618e-02 1.252069044858217239e-02
5.811623246492986006e+00 1.232258509844541550e-02 7.035584421828389168e-04 1.229860726743936539e-02 1.233255676925182343e-02 1.247002277523279190e-02 1.208680029958486557e-02 1.182567235082387924e-02 1.197019498795270920e-02 1.232957933098077774e-02 1.226981915533542633e-02 1.235597021877765656e-02 1.252978295087814331e-02
5.831663326653306001e+00 1.233628671616315842e-02 6.810429622419178486e-04 1.230940036475658417e-02 1.234384253621101379e-02 1.247781328856945038e-02 1.211216021329164505e-02 1.185829006135463715e-02 1.198964379727840424e-02 1.234308816492557526e-02 1.228156033903360367e-02 1.237481459975242615e-02 1.253762934356927872e-02
5.851703406813626884e+00 1.234969403594732285e-02 6.579446489922702312e-04 1.231948286294937134e-02 1.235455367714166641e-02 1.248602941632270813e-02 1.213760673999786377e-02 1.189092732965946198e-02 1.200970914214849472e-02 1.235605869442224503e-02 1.229316461831331253e-02 1.239268109202384949e-02 1.254492066800594330e-02
5.871743486973947768e+00 1.236207876354455948e-02 6.343628047034144402e-04 1.232921518385410309e-02 1.236535422503948212e-02 1.249445695430040359e-02 1.216235198080539703e-02 1.192326657474040985e-02 1.202934794127941132e-02 1.236797310411930084e-02 1.230423245579004288e-02 1.240929961204528809e-02 1.255139429122209549e-02
5.891783567134268651e+00 1.237469073385000229e-02 6.119165336713194847e-04 1.233853120356798172e-02 1.237501483410596848e-02 1.250272430479526520e-02 1.218655053526163101e-02 1.195462979376316071e-02 1.204865053296089172e-02 1.237864047288894653e-02 1.231464650481939316e-02 1.242509204894304276e-02 1.255684625357389450e-02
5.911823647294588646e+00 1.238602772355079651e-02 5.890073953196406364e-04 1.234726514667272568e-02 1.238514296710491180e-02 1.250926312059164047e-02 1.220946852117776871e-02 1.198514271527528763e-02 1.206756848841905594e-02 1.238767057657241821e-02 1.232484634965658188e-02 1.244076341390609741e-02 1.256179623305797577e-02
5.931863727454909530e+00 1.239717844873666763e-02 5.669260281138122082e-04 1.235632225871086121e-02 1.239480543881654739e-02 1.251560728996992111e-02 1.223184820264577866e-02 1.201531849801540375e-02 1.208529993891716003e-02 1.239589415490627289e-02 1.233484316617250443e-02 1.245623268187046051e-02 1.256616041064262390e-02
5.951903807615230413e+00 1.240805257111787796e-02 5.454847705550491810e-04 1.236497424542903900e-02 1.240405533462762833e-02 1.252111792564392090e-02 1.225379202514886856e-02 1.204433385282754898e-02 1.210277341306209564e-02 1.240336708724498749e-02 1.234443485736846924e-02 1.247089821845293045e-02 1.256989408284425735e-02
5.971943887775551296e+00 1.241799443960189819e-02 5.241495091468095779e-04 1.237274520099163055e-02 1.241321023553609848e-02 1.252579316496849060e-02 1.227399520576000214e-02 1.207294594496488571e-02 1.211980357766151428e-02 1.240996923297643661e-02 1.235368195921182632e-02 1.248565688729286194e-02 1.257324125617742538e-02
5.991983967935871291e+00 1.242776587605476379e-02 5.037414375692605972e-04 1.238052919507026672e-02 1.242180168628692627e-02 1.252889912575483322e-02 1.229311712086200714e-02 1.210143603384494781e-02 1.213586330413818359e-02 1.241552270948886871e-02 1.236275769770145416e-02 1.250053383409976959e-02 1.257699541747570038e-02
6.012024048096192175e+00 1.243730448186397552e-02 4.842330818064510822e-04 1.238752435892820358e-02 1.242929231375455856e-02 1.253103651106357574e-02 1.231115031987428665e-02 1.212940178811550140e-02 1.215103082358837128e-02 1.242075860500335693e-02 1.237127371132373810e-02 1.251481100916862488e-02 1.257982105016708374e-02
6.032064128256513058e+00 1.244621817022562027e-02 4.646936140488833189e-04 1.239404082298278809e-02 1.243623718619346619e-02 1.253269426524639130e-02 1.232798304408788681e-02 1.215718314051628113e-02 1.216658949851989746e-02 1.242674514651298523e-02 1.237861718982458115e-02 1.252874266356229782e-02 1.258260104805231094e-02
6.052104208416833053e+00 1.245426759123802185e-02 4.457517643459141254e-04 1.239990536123514175e-02 1.244271080940961838e-02 1.253456436097621918e-02 1.234434545040130615e-02 1.218415517359972000e-02 1.218145806342363358e-02 1.243232563138008118e-02 1.238600537180900574e-02 1.254237536340951920e-02 1.258535403758287430e-02
6.072144288577153937e+00 1.246164645999670029e-02 4.281790170352905989e-04 1.240534801036119461e-02 1.244841236621141434e-02 1.253702957183122635e-02 1.235964149236679077e-02 1.221024896949529648e-02 1.219515409320592880e-02 1.243840157985687256e-02 1.239307317882776260e-02 1.255570165812969208e-02 1.258799713104963303e-02
6.092184368737474820e+00 1.246820203959941864e-02 4.100876685697585344e-04 1.240992173552513123e-02 1.245313882827758789e-02 1.253803167492151260e-02 1.237440947443246841e-02 1.223656069487333298e-02 1.220874581485986710e-02 1.244498230516910553e-02 1.239964086562395096e-02 1.256888639181852341e-02 1.259010285139083862e-02
6.112224448897795703e+00 1.247342582792043686e-02 3.924045304302126169e-04 1.241364609450101852e-02 1.245688740164041519e-02 1.253937091678380966e-02 1.238963194191455841e-02 1.226137857884168625e-02 1.222163159400224686e-02 1.245210040360689163e-02 1.240538340061903000e-02 1.258096005767583847e-02 1.259200088679790497e-02
6.132264529058115698e+00 1.247860491275787354e-02 3.765845031011849642e-04 1.241664029657840729e-02 1.245965808629989624e-02 1.253996416926383972e-02 1.240501832216978073e-02 1.228564046323299408e-02 1.223340630531311035e-02 1.245902013033628464e-02 1.241091080009937286e-02 1.259350962936878204e-02 1.259347330778837204e-02
6.152304609218436582e+00 1.248332019895315170e-02 3.620290081016719341e-04 1.241937559098005295e-02 1.246214378625154495e-02 1.254093833267688751e-02 1.242054812610149384e-02 1.230839639902114868e-02 1.224486809223890305e-02 1.246699877083301544e-02 1.241576392203569412e-02 1.260535232722759247e-02 1.259445212781429291e-02
6.172344689378757465e+00 1.248678099364042282e-02 3.477339341770857573e-04 1.242188364267349243e-02 1.246501877903938293e-02 1.254175417125225067e-02 1.243510097265243530e-02 1.233020890504121780e-02 1.225663721561431885e-02 1.247463840991258621e-02 1.241975836455821991e-02 1.261673774570226669e-02 1.259528845548629761e-02
6.192384769539078349e+00 1.249030977487564087e-02 3.343764692544937134e-04 1.242433302104473114e-02 1.246820203959941864e-02 1.254216209053993225e-02 1.244962122291326523e-02 1.235088240355253220e-02 1.226809620857238770e-02 1.248255278915166855e-02 1.242369133979082108e-02 1.262668985873460770e-02 1.259485259652137756e-02
6.212424849699398344e+00 1.249343901872634888e-02 3.228488203603774309e-04 1.242655795067548752e-02 1.247056107968091965e-02 1.254121307283639908e-02 1.246335916221141815e-02 1.237051095813512802e-02 1.227848697453737259e-02 1.248924899846315384e-02 1.242701150476932526e-02 1.263592485338449478e-02 1.259447634220123291e-02
6.232464929859719227e+00 1.249541621655225754e-02 3.120758628938347101e-04 1.242789067327976227e-02 1.247327402234077454e-02 1.253943424671888351e-02 1.247703842818737030e-02 1.238943636417388916e-02 1.228825934231281281e-02 1.249534450471401215e-02 1.243021711707115173e-02 1.264444179832935333e-02 1.259368099272251129e-02
6.252505010020040110e+00 1.249776687473058701e-02 3.029048093594610691e-04 1.242955122143030167e-02 1.247637532651424408e-02 1.253702305257320404e-02 1.249021477997303009e-02 1.240792404860258102e-02 1.229729596525430679e-02 1.250021904706954956e-02 1.243218965828418732e-02 1.265163253992795944e-02 1.259255502372980118e-02
6.272545090180360106e+00 1.250081695616245270e-02 2.948848705273121595e-04 1.243049930781126022e-02 1.247879490256309509e-02 1.253413502126932144e-02 1.250376645475625992e-02 1.242678146809339523e-02 1.230609882622957230e-02 1.250429451465606689e-02 1.243426464498043060e-02 1.265781465917825699e-02 1.259080041199922562e-02
6.292585170340680989e+00 1.250406447798013687e-02 2.880890679080039263e-04 1.243111025542020798e-02 1.247989572584629059e-02 1.253000646829605103e-02 1.251640636473894119e-02 1.244680304080247879e-02 1.231416221708059311e-02 1.250756159424781799e-02 1.243655476719141006e-02 1.266346778720617294e-02 1.258837897330522537e-02
6.312625250501001872e+00 1.250689849257469177e-02 2.830105077009648085e-04 1.243158243596553802e-02 1.248045079410076141e-02 1.252502202987670898e-02 1.252818573266267776e-02 1.246680226176977158e-02 1.232117693871259689e-02 1.250973157584667206e-02 1.243811286985874176e-02 1.266863942146301270e-02 1.258501410484313965e-02
6.332665330661322756e+00 1.250964216887950897e-02 2.787958073895424604e-04 1.243136543780565262e-02 1.247994229197502136e-02 1.251989509910345078e-02 1.253923308104276657e-02 1.248649694025516510e-02 1.232846174389123917e-02 1.250993367284536362e-02 1.243967283517122269e-02 1.267274655401706696e-02 1.258057821542024612e-02
6.352705410821642751e+00 1.251104660332202911e-02 2.755293098744004965e-04 1.243168953806161880e-02 1.247816346585750580e-02 1.251395884901285172e-02 1.254944503307342529e-02 1.250667311251163483e-02 1.233597099781036377e-02 1.250902656465768814e-02 1.244064606726169586e-02 1.267663855105638504e-02 1.257550716400146484e-02
6.372745490981963634e+00 1.251226104795932770e-02 2.736706228461116552e-04 1.243103016167879105e-02 1.247605215758085251e-02 1.250850968062877655e-02 1.255839318037033081e-02 1.252566836774349213e-02 1.234307046979665756e-02 1.250699814409017563e-02 1.244172547012567520e-02 1.267920341342687607e-02 1.256984565407037735e-02
6.392785571142284518e+00 1.251215022057294846e-02 2.738644543569535017e-04 1.243011187762022018e-02 1.247324980795383453e-02 1.250405795872211456e-02 1.256773900240659714e-02 1.254383288323879242e-02 1.235009171068668365e-02 1.250497624278068542e-02 1.244127750396728516e-02 1.268169563263654709e-02 1.256378460675477982e-02
6.412825651302604513e+00 1.251124870032072067e-02 2.755640016403049231e-04 1.242821943014860153e-02 1.246966887265443802e-02 1.249891612678766251e-02 1.257624477148056030e-02 1.256132591515779495e-02 1.235748827457427979e-02 1.250318065285682678e-02 1.243978179991245270e-02 1.268353592604398727e-02 1.255688723176717758e-02
6.432865731462925396e+00 1.251040119677782059e-02 2.790252328850328922e-04 1.242513116449117661e-02 1.246503647416830063e-02 1.249416824430227280e-02 1.258540246635675430e-02 1.257749646902084351e-02 1.236558798700571060e-02 1.250085327774286270e-02 1.243848260492086411e-02 1.268520019948482513e-02 1.254916563630104065e-02
6.452905811623246279e+00 1.250914856791496277e-02 2.833996550180017948e-04 1.242166664451360703e-02 1.245986856520175934e-02 1.248846109956502914e-02 1.259433198720216751e-02 1.259298995137214661e-02 1.237446907907724380e-02 1.249751914292573929e-02 1.243619620800018311e-02 1.268540415912866592e-02 1.254107430577278137e-02
6.472945891783567163e+00 1.250818930566310883e-02 2.903027925640344620e-04 1.241821702569723129e-02 1.245358120650053024e-02 1.248256769031286240e-02 1.260279212146997452e-02 1.260930392891168594e-02 1.238306425511837006e-02 1.249339710921049118e-02 1.243356987833976746e-02 1.268560998141765594e-02 1.253300812095403671e-02
6.492985971943887158e+00 1.250736694782972336e-02 2.985352766700088978e-04 1.241401024162769318e-02 1.244679652154445648e-02 1.247553061693906784e-02 1.261064223945140839e-02 1.262353640049695969e-02 1.239103544503450394e-02 1.248928345739841461e-02 1.243021152913570404e-02 1.268526632338762283e-02 1.252415403723716736e-02
6.513026052104208041e+00 1.250609289854764938e-02 3.073783882427960634e-04 1.241020020097494125e-02 1.244123559445142746e-02 1.246946770697832108e-02 1.261798199266195297e-02 1.263739261776208878e-02 1.239886973053216934e-02 1.248427946120500565e-02 1.242629904299974442e-02 1.268430706113576889e-02 1.251438539475202560e-02
6.533066132264528925e+00 1.250500045716762543e-02 3.159900370519608259e-04 1.240491960197687149e-02 1.243662647902965546e-02 1.246353704482316971e-02 1.262368075549602509e-02 1.264895312488079071e-02 1.240648794919252396e-02 1.247950363904237747e-02 1.242225430905818939e-02 1.268284954130649567e-02 1.250503025949001312e-02
6.553106212424849808e+00 1.250368542969226837e-02 3.248592547606676817e-04 1.239922922104597092e-02 1.243273261934518814e-02 1.245668716728687286e-02 1.262830290943384171e-02 1.266028918325901031e-02 1.241398695856332779e-02 1.247444469481706619e-02 1.241825241595506668e-02 1.268051192164421082e-02 1.249536219984292984e-02
6.573146292585169803e+00 1.250302232801914215e-02 3.328211314510554075e-04 1.239335443824529648e-02 1.242929790169000626e-02 1.244974043220281601e-02 1.263191271573305130e-02 1.266921125352382660e-02 1.242100540548563004e-02 1.246984396129846573e-02 1.241356320679187775e-02 1.267714705318212509e-02 1.248543895781040192e-02
6.593186372745490686e+00 1.250189635902643204e-02 3.419631975702941418e-04 1.238647475838661194e-02 1.242560893297195435e-02 1.244103629142045975e-02 1.263444684445858002e-02 1.267677638679742813e-02 1.242700498551130295e-02 1.246568560600280762e-02 1.240840647369623184e-02 1.267463155090808868e-02 1.247587893158197403e-02
6.613226452905811570e+00 1.249937340617179871e-02 3.507718211039900780e-04 1.237981300801038742e-02 1.242276560515165329e-02 1.243160571902990341e-02 1.263587083667516708e-02 1.268366165459156036e-02 1.243221387267112732e-02 1.246067229658365250e-02 1.240267418324947357e-02 1.267111301422119141e-02 1.246644277125597000e-02
6.633266533066131565e+00 1.249636337161064148e-02 3.597872273530811071e-04 1.237284950911998749e-02 1.242017000913619995e-02 1.242260914295911789e-02 1.263646408915519714e-02 1.269032340496778488e-02 1.243774686008691788e-02 1.245521195232868195e-02 1.239656843245029449e-02 1.266747619956731796e-02 1.245650369673967361e-02
6.653306613226452448e+00 1.249239128082990646e-02 3.680684603750705719e-04 1.236592140048742294e-02 1.241764519363641739e-02 1.241242699325084686e-02 1.263714674860239029e-02 1.269559655338525772e-02 1.244371850043535233e-02 1.245051436126232147e-02 1.239063031971454620e-02 1.266264542937278748e-02 1.244701538234949112e-02
6.673346693386773332e+00 1.248665153980255127e-02 3.764975117519497871e-04 1.235765125602483749e-02 1.241543330252170563e-02 1.240200363099575043e-02 1.263602729886770248e-02 1.270026993006467819e-02 1.244937349110841751e-02 1.244467310607433319e-02 1.238412037491798401e-02 1.265723910182714462e-02 1.243719924241304398e-02
6.693386773547094215e+00 1.248085405677556992e-02 3.856558760162442923e-04 1.234853547066450119e-02 1.241234038025140762e-02 1.239232718944549561e-02 1.263433229178190231e-02 1.270512305200099945e-02 1.245320402085781097e-02 1.243830751627683640e-02 1.237713918089866638e-02 1.265105698257684708e-02 1.242759544402360916e-02
6.713426853707414210e+00 1.247412897646427155e-02 3.956487635150551796e-04 1.233987789601087570e-02 1.240918785333633423e-02 1.238172594457864761e-02 1.263186521828174591e-02 1.271025929600000381e-02 1.245481707155704498e-02 1.243165414780378342e-02 1.237059850245714188e-02 1.264554355293512344e-02 1.241795253008604050e-02
6.733466933867735094e+00 1.246800832450389862e-02 4.066664841957390308e-04 1.233026105910539627e-02 1.240533031523227692e-02 1.237021852284669876e-02 1.262947637587785721e-02 1.271572895348072052e-02 1.245522405952215195e-02 1.242409646511077881e-02 1.236358471214771271e-02 1.263906899839639664e-02 1.240844186395406723e-02
6.753507014028055977e+00 1.246238593012094498e-02 4.183247219771146774e-04 1.232027262449264526e-02 1.240056380629539490e-02 1.235762145370244980e-02 1.262610871344804764e-02 1.272072363644838333e-02 1.245398353785276413e-02 1.241678651422262192e-02 1.235533133149147034e-02 1.263319607824087143e-02 1.239896472543478012e-02
6.773547094188376860e+00 1.245594862848520279e-02 4.302821471355855465e-04 1.231021247804164886e-02 1.239524595439434052e-02 1.234450377523899078e-02 1.262238342314958572e-02 1.272516231983900070e-02 1.245090831071138382e-02 1.240951102226972580e-02 1.234706770628690720e-02 1.262753922492265701e-02 1.238876860588788986e-02
6.793587174348696855e+00 1.244903914630413055e-02 4.432907444424927235e-04 1.230011042207479477e-02 1.238835882395505905e-02 1.233087014406919479e-02 1.261811796575784683e-02 1.273005735129117966e-02 1.244707498699426651e-02 1.240229606628417969e-02 1.233858522027730942e-02 1.262247189879417419e-02 1.237798947840929031e-02
6.813627254509017739e+00 1.244196202605962753e-02 4.567498399410396814e-04 1.228954736143350601e-02 1.238029450178146362e-02 1.231711450964212418e-02 1.261428091675043106e-02 1.273385901004076004e-02 1.244287658482789993e-02 1.239586994051933289e-02 1.232896465808153152e-02 1.261768303811550140e-02 1.236613839864730835e-02
6.833667334669338622e+00 1.243506465107202530e-02 4.703866434283554554e-04 1.227904949337244034e-02 1.237215194851160049e-02 1.230362057685852051e-02 1.260984595865011215e-02 1.273795682936906815e-02 1.243855431675910950e-02 1.238945405930280685e-02 1.231898739933967590e-02 1.261281035840511322e-02 1.235334202647209167e-02
6.853707414829658617e+00 1.242687553167343140e-02 4.842742928303778172e-04 1.226894184947013855e-02 1.236378308385610580e-02 1.228963397443294525e-02 1.260501239448785782e-02 1.274283230304718018e-02 1.243438199162483215e-02 1.238336227834224701e-02 1.230966951698064804e-02 1.260715164244174957e-02 1.234036125242710114e-02
6.873747494989979501e+00 1.241738069802522659e-02 4.985850537195801735e-04 1.225818879902362823e-02 1.235382724553346634e-02 1.227548904716968536e-02 1.260054577142000198e-02 1.274718157947063446e-02 1.243082992732524872e-02 1.237568818032741547e-02 1.230009272694587708e-02 1.260018721222877502e-02 1.232705358415842056e-02
6.893787575150300384e+00 1.240820530802011490e-02 5.140229477547109127e-04 1.224802620708942413e-02 1.234311703592538834e-02 1.225986145436763763e-02 1.259640883654356003e-02 1.275127660483121872e-02 1.242711767554283142e-02 1.236756891012191772e-02 1.228919159621000290e-02 1.259433198720216751e-02 1.231378875672817230e-02
6.913827655310621267e+00 1.239894051104784012e-02 5.287874955683946609e-04 1.223822589963674545e-02 1.233227830380201340e-02 1.224295236170291901e-02 1.259170658886432648e-02 1.275426615029573441e-02 1.242273114621639252e-02 1.235838700085878372e-02 1.227839849889278412e-02 1.258816290646791458e-02 1.230090949684381485e-02
6.933867735470941263e+00 1.238894555717706680e-02 5.421809037216007710e-04 1.222869381308555603e-02 1.232149824500083923e-02 1.222753431648015976e-02 1.258591003715991974e-02 1.275648456066846848e-02 1.241675764322280884e-02 1.234826631844043732e-02 1.226665917783975601e-02 1.258123386651277542e-02 1.228880137205123901e-02
6.953907815631262146e+00 1.237917505204677582e-02 5.559673300012946129e-04 1.221917569637298584e-02 1.230859011411666870e-02 1.221256889402866364e-02 1.258137635886669159e-02 1.275830995291471481e-02 1.241042837500572205e-02 1.233715750277042389e-02 1.225444301962852478e-02 1.257424894720315933e-02 1.227721106261014938e-02
6.973947895791583029e+00 1.236922759562730789e-02 5.677564186044037342e-04 1.220893487334251404e-02 1.229663100093603134e-02 1.219892874360084534e-02 1.257599052041769028e-02 1.275891065597534180e-02 1.240287441760301590e-02 1.232546567916870117e-02 1.224252954125404358e-02 1.256566122174263000e-02 1.226560305804014206e-02
6.993987975951903913e+00 1.235865801572799683e-02 5.795189645141363144e-04 1.219815015792846680e-02 1.228334475308656693e-02 1.218555215746164322e-02 1.257119420915842056e-02 1.275843102484941483e-02 1.239345502108335495e-02 1.231295336037874222e-02 1.223083864897489548e-02 1.255737617611885071e-02 1.225378550589084625e-02
7.014028056112223908e+00 1.234745793044567108e-02 5.909255705773830414e-04 1.218706369400024414e-02 1.227041147649288177e-02 1.217242609709501266e-02 1.256627961993217468e-02 1.275713182985782623e-02 1.238348614424467087e-02 1.230013463646173477e-02 1.221837662160396576e-02 1.254908740520477295e-02 1.224245969206094742e-02
7.034068136272544791e+00 1.233588345348834991e-02 6.026170449331402779e-04 1.217544823884963989e-02 1.225735154002904892e-02 1.215948630124330521e-02 1.256197597831487656e-02 1.275600772351026535e-02 1.237339526414871216e-02 1.228688098490238190e-02 1.220605429261922836e-02 1.253955997526645660e-02 1.223061233758926392e-02
7.054108216432865675e+00 1.232476439327001572e-02 6.144256331026554108e-04 1.216316502541303635e-02 1.224352046847343445e-02 1.214672904461622238e-02 1.255844626575708389e-02 1.275490131229162216e-02 1.236292161047458649e-02 1.227329764515161514e-02 1.219432894140481949e-02 1.252927724272012711e-02 1.221848558634519577e-02
7.074148296593185670e+00 1.231351960450410843e-02 6.255322368815541267e-04 1.215097215026617050e-02 1.222980115562677383e-02 1.213316060602664948e-02 1.255372166633605957e-02 1.275288965553045273e-02 1.235213503241539001e-02 1.225837972015142441e-02 1.218343246728181839e-02 1.251919567584991455e-02 1.220574695616960526e-02
7.094188376753506553e+00 1.230260543525218964e-02 6.372311618179082870e-04 1.213891338557004929e-02 1.221509370952844620e-02 1.211745012551546097e-02 1.254876796156167984e-02 1.275033876299858093e-02 1.234197616577148438e-02 1.224332861602306366e-02 1.217183191329240799e-02 1.250923890620470047e-02 1.219207327812910080e-02
7.114228456913827436e+00 1.229223236441612244e-02 6.501077441498637199e-04 1.212685927748680115e-02 1.220013760030269623e-02 1.210022624582052231e-02 1.254372671246528625e-02 1.274836435914039612e-02 1.233316119760274887e-02 1.222903560847043991e-02 1.215960085391998291e-02 1.250010076910257339e-02 1.217814534902572632e-02
7.134268537074148320e+00 1.228302530944347382e-02 6.630340358242392540e-04 1.211393438279628754e-02 1.218684017658233643e-02 1.208209805190563202e-02 1.253821793943643570e-02 1.274611707776784897e-02 1.232444681227207184e-02 1.221542805433273315e-02 1.214668899774551392e-02 1.249173469841480255e-02 1.216356642544269562e-02
7.154308617234468315e+00 1.227293629199266434e-02 6.756235379725694656e-04 1.210074312984943390e-02 1.217263843864202499e-02 1.206361968070268631e-02 1.253270078450441360e-02 1.274274755269289017e-02 1.231668237596750259e-02 1.220320258289575577e-02 1.213442720472812653e-02 1.248333789408206940e-02 1.214872673153877258e-02
7.174348697394789198e+00 1.226262096315622330e-02 6.886634510010480881e-04 1.208799425512552261e-02 1.215824298560619354e-02 1.204578578472137451e-02 1.252584159374237061e-02 1.274009142071008682e-02 1.230956986546516418e-02 1.219147164374589920e-02 1.212094072252511978e-02 1.247545424848794937e-02 1.213262043893337250e-02
7.194388777555110082e+00 1.225260179489850998e-02 7.011742563918232918e-04 1.207530498504638672e-02 1.214398909360170364e-02 1.202882733196020126e-02 1.251875050365924835e-02 1.273736543953418732e-02 1.230230368673801422e-02 1.218059379607439041e-02 1.210707612335681915e-02 1.246727537363767624e-02 1.211630832403898239e-02
7.214428857715430965e+00 1.224226225167512894e-02 7.134525221772491932e-04 1.206290256232023239e-02 1.213107351213693619e-02 1.201212871819734573e-02 1.251068990677595139e-02 1.273549348115921021e-02 1.229418255388736725e-02 1.217056438326835632e-02 1.209286600351333618e-02 1.245848275721073151e-02 1.209977362304925919e-02
7.234468937875750960e+00 1.223104726523160934e-02 7.246640161611139774e-04 1.205119956284761429e-02 1.211798470467329025e-02 1.199626643210649490e-02 1.250223908573389053e-02 1.273277122527360916e-02 1.228572614490985870e-02 1.216015499085187912e-02 1.208014693111181259e-02 1.245002448558807373e-02 1.208295766264200211e-02
7.254509018036071843e+00 1.221988722681999207e-02 7.349332445301115513e-04 1.203942764550447464e-02 1.210518740117549896e-02 1.198071800172328949e-02 1.249345112591981888e-02 1.272911578416824341e-02 1.227636914700269699e-02 1.214982010424137115e-02 1.206772960722446442e-02 1.244169659912586212e-02 1.206599175930023193e-02
7.274549098196392727e+00 1.220760401338338852e-02 7.454598671756684780e-04 1.202629134058952332e-02 1.209335774183273315e-02 1.196493115276098251e-02 1.248369738459587097e-02 1.272618491202592850e-02 1.226723100990056992e-02 1.213888358324766159e-02 1.205569878220558167e-02 1.243206579238176346e-02 1.204911898821592331e-02
7.294589178356712722e+00 1.219494733959436417e-02 7.554080220870673656e-04 1.201255526393651962e-02 1.208193413913249969e-02 1.195060275495052338e-02 1.247285399585962296e-02 1.272397395223379135e-02 1.225814875215291977e-02 1.212705671787261963e-02 1.204341556876897812e-02 1.242141332477331161e-02 1.203342899680137634e-02
7.314629258517033605e+00 1.218176446855068207e-02 7.641469710506498814e-04 1.199850533157587051e-02 1.207129843533039093e-02 1.193749066442251205e-02 1.246140990406274796e-02 1.272079534828662872e-02 1.225023996084928513e-02 1.211494021117687225e-02 1.203081198036670685e-02 1.240985095500946045e-02 1.201770920306444168e-02
7.334669338677354489e+00 1.216799765825271606e-02 7.722748559899628162e-04 1.198467798531055450e-02 1.205970067530870438e-02 1.192323211580514908e-02 1.244975812733173370e-02 1.271619927138090134e-02 1.224361360073089600e-02 1.210225094109773636e-02 1.201820559799671173e-02 1.239722501486539841e-02 1.200240198522806168e-02
7.354709418837675372e+00 1.215377822518348694e-02 7.806794019415974617e-04 1.197069417685270309e-02 1.204848010092973709e-02 1.190827134996652603e-02 1.243796944618225098e-02 1.271155383437871933e-02 1.223731413483619690e-02 1.208795979619026184e-02 1.200512237846851349e-02 1.238314621150493622e-02 1.198673434555530548e-02
7.374749498997995367e+00 1.214012783020734787e-02 7.880160119384527206e-04 1.195696089416742325e-02 1.203801669180393219e-02 1.189460232853889465e-02 1.242590416222810745e-02 1.270614657551050186e-02 1.223155763000249863e-02 1.207296270877122879e-02 1.199261564761400223e-02 1.236990746110677719e-02 1.197136845439672470e-02
7.394789579158316251e+00 1.212683692574501038e-02 7.958197384141385555e-04 1.194241270422935486e-02 1.202666107565164566e-02 1.188100036233663559e-02 1.241422723978757858e-02 1.270091626793146133e-02 1.222506631165742874e-02 1.205661613494157791e-02 1.198018528521060944e-02 1.235624030232429504e-02 1.195583306252956390e-02
7.414829659318637134e+00 1.211217232048511505e-02 8.042178815230727196e-04 1.192811224609613419e-02 1.201479788869619370e-02 1.186646148562431335e-02 1.240278501063585281e-02 1.269531436264514923e-02 1.221733912825584412e-02 1.204041391611099243e-02 1.196668297052383423e-02 1.234229281544685364e-02 1.194045599550008774e-02
7.434869739478958017e+00 1.209919340908527374e-02 8.112814393825829029e-04 1.191350631415843964e-02 1.200291328132152557e-02 1.185383461415767670e-02 1.239201519638299942e-02 1.268916204571723938e-02 1.220895815640687943e-02 1.202460937201976776e-02 1.195295900106430054e-02 1.232772506773471832e-02 1.192450430244207382e-02
7.454909819639278012e+00 1.208662986755371094e-02 8.176140836440026760e-04 1.189801935106515884e-02 1.198951900005340576e-02 1.184160262346267700e-02 1.238137483596801758e-02 1.268181577324867249e-02 1.219983305782079697e-02 1.200927235186100006e-02 1.193937566131353378e-02 1.231294125318527222e-02 1.190783083438873291e-02
7.474949899799598896e+00 1.207369659096002579e-02 8.240020833909511566e-04 1.188229490071535110e-02 1.197571773082017899e-02 1.182913780212402344e-02 1.237107533961534500e-02 1.267351955175399780e-02 1.219026558101177216e-02 1.199443358927965164e-02 1.192411314696073532e-02 1.229794230312108994e-02 1.189055014401674271e-02
7.494989979959919779e+00 1.206036284565925598e-02 8.304682560265064240e-04 1.186596043407917023e-02 1.196125056594610214e-02 1.181568764150142670e-02 1.236138958483934402e-02 1.266385056078433990e-02 1.218079403042793274e-02 1.198003161698579788e-02 1.190753187984228134e-02 1.228324789553880692e-02 1.187389064580202103e-02
7.515030060120239774e+00 1.204630918800830841e-02 8.368464186787605286e-04 1.185014937072992325e-02 1.194629073143005371e-02 1.180179882794618607e-02 1.235086470842361450e-02 1.265425793826580048e-02 1.217018812894821167e-02 1.196585502475500107e-02 1.189082674682140350e-02 1.226806733757257462e-02 1.185677945613861084e-02
7.535070140280560658e+00 1.203261502087116241e-02 8.444358245469629765e-04 1.183292362838983536e-02 1.193003356456756592e-02 1.178753562271595001e-02 1.234036777168512344e-02 1.264510024338960648e-02 1.215988490730524063e-02 1.195128168910741806e-02 1.187401358038187027e-02 1.225365418940782547e-02 1.183932274580001831e-02
7.555110220440881541e+00 1.201732829213142395e-02 8.514515357092022896e-04 1.181587204337120056e-02 1.191457826644182205e-02 1.177346985787153244e-02 1.232992298901081085e-02 1.263467315584421158e-02 1.214898005127906799e-02 1.193617656826972961e-02 1.185647025704383850e-02 1.223882753401994705e-02 1.182206347584724426e-02
7.575150300601202424e+00 1.200212910771369934e-02 8.583281305618584156e-04 1.179952826350927353e-02 1.189735904335975647e-02 1.175802480429410934e-02 1.231818180531263351e-02 1.262439321726560593e-02 1.213836669921875000e-02 1.192063931375741959e-02 1.183935161679983139e-02 1.222371030598878860e-02 1.180541887879371643e-02
7.595190380761522420e+00 1.198598369956016541e-02 8.653306285850703716e-04 1.178327295929193497e-02 1.188067253679037094e-02 1.174311246722936630e-02 1.230643689632415771e-02 1.261471118777990341e-02 1.212619431316852570e-02 1.190505921840667725e-02 1.182256732136011124e-02 1.220814790576696396e-02 1.178882643580436707e-02
7.615230460921843303e+00 1.196959242224693298e-02 8.722694474272429943e-04 1.176807284355163574e-02 1.186329592019319534e-02 1.172917522490024567e-02 1.229407265782356262e-02 1.260561030358076096e-02 1.211249269545078278e-02 1.188799645751714706e-02 1.180545333772897720e-02 1.219278294593095779e-02 1.177203468978404999e-02
7.635270541082164186e+00 1.195359136909246445e-02 8.782937075011432171e-04 1.175289228558540344e-02 1.184708159416913986e-02 1.171332597732543945e-02 1.228210050612688065e-02 1.259475573897361755e-02 1.209748536348342896e-02 1.187095139175653458e-02 1.178872026503086090e-02 1.217758469283580780e-02 1.175435911864042282e-02
7.655310621242485070e+00 1.193690113723278046e-02 8.838923531584441662e-04 1.173746865242719650e-02 1.183053385466337204e-02 1.169549487531185150e-02 1.226956769824028015e-02 1.258257683366537094e-02 1.208085194230079651e-02 1.185333449393510818e-02 1.177219673991203308e-02 1.216227654367685318e-02 1.173621229827404022e-02
7.675350701402805065e+00 1.192067936062812805e-02 8.885538554750382900e-04 1.172221172600984573e-02 1.181251183152198792e-02 1.167824398726224899e-02 1.225715409964323044e-02 1.256990619003772736e-02 1.206331420689821243e-02 1.183571573346853256e-02 1.175519824028015137e-02 1.214596908539533615e-02 1.171861030161380768e-02
7.695390781563125948e+00 1.190386898815631866e-02 8.929178584367036819e-04 1.170681230723857880e-02 1.179306861013174057e-02 1.166086737066507339e-02 1.224432233721017838e-02 1.255659665912389755e-02 1.204451732337474823e-02 1.181879546493291855e-02 1.173883303999900818e-02 1.213033311069011688e-02 1.170079782605171204e-02
7.715430861723446831e+00 1.188700646162033081e-02 8.978868136182427406e-04 1.169117260724306107e-02 1.177301723510026932e-02 1.164251193404197693e-02 1.223062444478273392e-02 1.254345290362834930e-02 1.202739775180816650e-02 1.180131174623966217e-02 1.172288879752159119e-02 1.211580820381641388e-02 1.168363261967897415e-02
7.735470941883766827e+00 1.186921913176774979e-02 9.032268426381051540e-04 1.167535409331321716e-02 1.175209973007440567e-02 1.162434089928865433e-02 1.221628021448850632e-02 1.253029797226190567e-02 1.201079227030277252e-02 1.178462523967027664e-02 1.170707307755947113e-02 1.210206188261508942e-02 1.166672259569168091e-02
7.755511022044087710e+00 1.185088604688644409e-02 9.091045358218252659e-04 1.165944710373878479e-02 1.173187792301177979e-02 1.160609070211648941e-02 1.220231316983699799e-02 1.251773722469806671e-02 1.199366711080074310e-02 1.176805607974529266e-02 1.169180497527122498e-02 1.208832673728466034e-02 1.165021955966949463e-02
7.775551102204408593e+00 1.183182280510663986e-02 9.159955079667270184e-04 1.164364814758300781e-02 1.171299163252115250e-02 1.158651523292064667e-02 1.218774542212486267e-02 1.250591408461332321e-02 1.197597756981849670e-02 1.175154279917478561e-02 1.167668681591749191e-02 1.207563560456037521e-02 1.163381896913051605e-02
7.795591182364729477e+00 1.181277539581060410e-02 9.238279890269041061e-04 1.162763405591249466e-02 1.169396098703145981e-02 1.156766619533300400e-02 1.217336580157279968e-02 1.249527279287576675e-02 1.195813436061143875e-02 1.173530984669923782e-02 1.166107691824436188e-02 1.206265203654766083e-02 1.161710545420646667e-02
7.815631262525049472e+00 1.179406978189945221e-02 9.315529605373740196e-04 1.161191985011100769e-02 1.167571451514959335e-02 1.154941972345113754e-02 1.215938199311494827e-02 1.248392276465892792e-02 1.194202806800603867e-02 1.171871740370988846e-02 1.164505630731582642e-02 1.205062307417392731e-02 1.160030346363782883e-02
7.835671342685370355e+00 1.177474204450845718e-02 9.391210624016821384e-04 1.159628480672836304e-02 1.165786758065223694e-02 1.153094321489334106e-02 1.214523799717426300e-02 1.247158180922269821e-02 1.192636322230100632e-02 1.170201878994703293e-02 1.162746921181678772e-02 1.203806232661008835e-02 1.158339437097311020e-02
7.855711422845691239e+00 1.175595074892044067e-02 9.464198956266045570e-04 1.157951261848211288e-02 1.164215989410877228e-02 1.151163224130868912e-02 1.213157456368207932e-02 1.245889998972415924e-02 1.190994214266538620e-02 1.168485544621944427e-02 1.160936523228883743e-02 1.202483102679252625e-02 1.156633906066417694e-02
7.875751503006012122e+00 1.173872686922550201e-02 9.537579608149826527e-04 1.156279258430004120e-02 1.162608526647090912e-02 1.149198692291975021e-02 1.211755350232124329e-02 1.244697440415620804e-02 1.189429964870214462e-02 1.166737545281648636e-02 1.159001793712377548e-02 1.201105304062366486e-02 1.154830213636159897e-02
7.895791583166332117e+00 1.172266155481338501e-02 9.601797210052609444e-04 1.154555566608905792e-02 1.161033939570188522e-02 1.147267688065767288e-02 1.210338063538074493e-02 1.243483647704124451e-02 1.187825296074151993e-02 1.165103074163198471e-02 1.156958099454641342e-02 1.199718751013278961e-02 1.153020467609167099e-02
7.915831663326653000e+00 1.170837692916393280e-02 9.667023550719022751e-04 1.152745541185140610e-02 1.159506849944591522e-02 1.145392656326293945e-02 1.208994910120964050e-02 1.242351438850164413e-02 1.186278834939002991e-02 1.163430791348218918e-02 1.155015267431735992e-02 1.198378577828407288e-02 1.151130627840757370e-02
7.935871743486973884e+00 1.169424410909414291e-02 9.729395387694239616e-04 1.150812394917011261e-02 1.157936546951532364e-02 1.143548917025327682e-02 1.207537762820720673e-02 1.241263933479785919e-02 1.184754539281129837e-02 1.161691360175609589e-02 1.153027638792991638e-02 1.196872629225254059e-02 1.149261370301246643e-02
7.955911823647293879e+00 1.168052293360233307e-02 9.783304994925856590e-04 1.148767769336700439e-02 1.156283076852560043e-02 1.141629926860332489e-02 1.206035725772380829e-02 1.240062154829502106e-02 1.183086261153221130e-02 1.159845665097236633e-02 1.151015423238277435e-02 1.195332221686840057e-02 1.147413533180952072e-02
7.975951903807614762e+00 1.166751328855752945e-02 9.813731303438544273e-04 1.146753411740064621e-02 1.154588907957077026e-02 1.139913871884346008e-02 1.204427704215049744e-02 1.238794717937707901e-02 1.181297004222869873e-02 1.157998479902744293e-02 1.149062532931566238e-02 1.193731930106878281e-02 1.145695522427558899e-02
7.995991983967935646e+00 1.165349036455154419e-02 9.839677950367331505e-04 1.144890487194061279e-02 1.152762025594711304e-02 1.138095650821924210e-02 1.202894840389490128e-02 1.237363182008266449e-02 1.179386395961046219e-02 1.156039163470268250e-02 1.147186663001775742e-02 1.192074082791805267e-02 1.143946871161460876e-02
8.016032064128255641e+00 1.163885369896888733e-02 9.862624574452638626e-04 1.142985094338655472e-02 1.150911767035722733e-02 1.136300992220640182e-02 1.201342139393091202e-02 1.235924474895000458e-02 1.177267078310251236e-02 1.154066156595945358e-02 1.145320851355791092e-02 1.190312020480632782e-02 1.142218429595232010e-02
8.036072144288576524e+00 1.162219606339931488e-02 9.880870347842574120e-04 1.141149550676345825e-02 1.149034686386585236e-02 1.134468615055084229e-02 1.199730485677719116e-02 1.234377734363079071e-02 1.175244711339473724e-02 1.152086164802312851e-02 1.143656205385923386e-02 1.188518572598695755e-02 1.140485238283872604e-02
8.056112224448897408e+00 1.160456798970699310e-02 9.905466577038168907e-04 1.139355637133121490e-02 1.147039327770471573e-02 1.132538169622421265e-02 1.198092196136713028e-02 1.232863217592239380e-02 1.173307467252016068e-02 1.150165125727653503e-02 1.142081990838050842e-02 1.186606846749782562e-02 1.138659473508596420e-02
8.076152304609218291e+00 1.158692128956317902e-02 9.916535345837473869e-04 1.137561444193124771e-02 1.144971884787082672e-02 1.130666676908731461e-02 1.196465268731117249e-02 1.231163460761308670e-02 1.171434670686721802e-02 1.148308161646127701e-02 1.140569616109132767e-02 1.184728648513555527e-02 1.136831939220428467e-02
8.096192384769539174e+00 1.157007832080125809e-02 9.936196729540824890e-04 1.135777588933706284e-02 1.142923906445503235e-02 1.128600724041461945e-02 1.194854546338319778e-02 1.229573879390954971e-02 1.169584039598703384e-02 1.146424282342195511e-02 1.139033772051334381e-02 1.182784792035818100e-02 1.135084219276905060e-02
8.116232464929860058e+00 1.155294571071863174e-02 9.960088646039366722e-04 1.134067494422197342e-02 1.140976883471012115e-02 1.126478798687458038e-02 1.193264219909906387e-02 1.228033658117055893e-02 1.167798880487680435e-02 1.144571322947740555e-02 1.137419044971466064e-02 1.180763542652130127e-02 1.133338548243045807e-02
8.136272545090179165e+00 1.153580844402313232e-02 9.983904892578721046e-04 1.132425945252180099e-02 1.139102876186370850e-02 1.124369911849498749e-02 1.191662251949310303e-02 1.226546987891197205e-02 1.166155841201543808e-02 1.142765022814273834e-02 1.135811395943164825e-02 1.178721059113740921e-02 1.131666358560323715e-02
8.156312625250500048e+00 1.151881460100412369e-02 1.001243013888597488e-03 1.130754034966230392e-02 1.137254573404788971e-02 1.122252084314823151e-02 1.190203242003917694e-02 1.225026044994592667e-02 1.164586842060089111e-02 1.141048315912485123e-02 1.134153548628091812e-02 1.176629401743412018e-02 1.129914727061986923e-02
8.176352705410820931e+00 1.149976812303066254e-02 1.005136640742421150e-03 1.129130087792873383e-02 1.135470066219568253e-02 1.120138820260763168e-02 1.188831124454736710e-02 1.223513390868902206e-02 1.163266412913799286e-02 1.139434613287448883e-02 1.132557913661003113e-02 1.174536813050508499e-02 1.128153502941131592e-02
8.196392785571141815e+00 1.148046832531690598e-02 1.010669162496924400e-03 1.127547118812799454e-02 1.133680902421474457e-02 1.118096336722373962e-02 1.187541987746953964e-02 1.222116313874721527e-02 1.161983795464038849e-02 1.137886755168437958e-02 1.130936387926340103e-02 1.172579079866409302e-02 1.126295514404773712e-02
8.216432865731462698e+00 1.146030798554420471e-02 1.017531612887978554e-03 1.125983800739049911e-02 1.131996419280767441e-02 1.115961186587810516e-02 1.186227612197399139e-02 1.220777258276939392e-02 1.160739082843065262e-02 1.136354915797710419e-02 1.129311695694923401e-02 1.170666143298149109e-02 1.124300062656402588e-02
8.236472945891783581e+00 1.144038047641515732e-02 1.024870551191270351e-03 1.124282460659742355e-02 1.130361575633287430e-02 1.113853789865970612e-02 1.184881385415792465e-02 1.219480670988559723e-02 1.159488223493099213e-02 1.134717650711536407e-02 1.127649750560522079e-02 1.168662402778863907e-02 1.122221816331148148e-02
8.256513026052104465e+00 1.142145507037639618e-02 1.031886786222457886e-03 1.122535672038793564e-02 1.128713041543960571e-02 1.111942250281572342e-02 1.183569338172674179e-02 1.218195352703332901e-02 1.158158760517835617e-02 1.133104879409074783e-02 1.126023661345243454e-02 1.166804973036050797e-02 1.120092067867517471e-02
8.276553106212425348e+00 1.140269543975591660e-02 1.037498819641768932e-03 1.120722200721502304e-02 1.126993354409933090e-02 1.110120210796594620e-02 1.182239409536123276e-02 1.216819230467081070e-02 1.156750135123729706e-02 1.131573040038347244e-02 1.124449353665113449e-02 1.164791733026504517e-02 1.117951609194278717e-02
8.296593186372744455e+00 1.138381008058786392e-02 1.043508294969797134e-03 1.118783187121152878e-02 1.125177834182977676e-02 1.108366809785366058e-02 1.180729828774929047e-02 1.215552818030118942e-02 1.155261229723691940e-02 1.129990816116333008e-02 1.122893951833248138e-02 1.162829622626304626e-02 1.115801464766263962e-02
8.316633266533065338e+00 1.136610470712184906e-02 1.048179226927459240e-03 1.116776373237371445e-02 1.123437192291021347e-02 1.106697414070367813e-02 1.179169397801160812e-02 1.214227918535470963e-02 1.153512019664049149e-02 1.128301676362752914e-02 1.121335476636886597e-02 1.161043252795934677e-02 1.113667432218790054e-02
8.336673346693386222e+00 1.134800538420677185e-02 1.053157378919422626e-03 1.114788092672824860e-02 1.121704094111919403e-02 1.105098333209753036e-02 1.177607476711273193e-02 1.212976314127445221e-02 1.151769980788230896e-02 1.126601733267307281e-02 1.119754277169704437e-02 1.159234251827001572e-02 1.111628767102956772e-02
8.356713426853707105e+00 1.132988836616277695e-02 1.057830522768199444e-03 1.112744864076375961e-02 1.119973696768283844e-02 1.103460881859064102e-02 1.175919547677040100e-02 1.211786363273859024e-02 1.149865612387657166e-02 1.124926563352346420e-02 1.118306256830692291e-02 1.157414074987173080e-02 1.109594944864511490e-02
8.376753507014027988e+00 1.131319161504507065e-02 1.061245566233992577e-03 1.110614463686943054e-02 1.118158455938100815e-02 1.101856492459774017e-02 1.174203958362340927e-02 1.210513152182102203e-02 1.147818192839622498e-02 1.123213581740856171e-02 1.116723474115133286e-02 1.155666075646877289e-02 1.107643544673919678e-02
8.396793587174348872e+00 1.129793282598257065e-02 1.063645584508776665e-03 1.108515635132789612e-02 1.116315182298421860e-02 1.100046839565038681e-02 1.172420568764209747e-02 1.209206972271203995e-02 1.145779248327016830e-02 1.121521834284067154e-02 1.115068420767784119e-02 1.153788249939680099e-02 1.105779223144054413e-02
8.416833667334669755e+00 1.128308661282062531e-02 1.064892509020864964e-03 1.106485258787870407e-02 1.114546973258256912e-02 1.098308619111776352e-02 1.170656736940145493e-02 1.207811385393142700e-02 1.143753807991743088e-02 1.119700819253921509e-02 1.113554462790489197e-02 1.152024231851100922e-02 1.104013994336128235e-02
8.436873747494988862e+00 1.126717124134302139e-02 1.065224292688071728e-03 1.104502007365226746e-02 1.112781185656785965e-02 1.096773240715265274e-02 1.168812625110149384e-02 1.206338871270418167e-02 1.141703128814697266e-02 1.117803156375885010e-02 1.112063135951757431e-02 1.150358561426401138e-02 1.102302782237529755e-02
8.456913827655309746e+00 1.125184353440999985e-02 1.064248033799231052e-03 1.102545484900474548e-02 1.110891997814178467e-02 1.095478236675262451e-02 1.166797708719968796e-02 1.204873807728290558e-02 1.139722485095262527e-02 1.115875411778688431e-02 1.110575534403324127e-02 1.148778572678565979e-02 1.100699789822101593e-02
8.476953907815630629e+00 1.123638171702623367e-02 1.064790179952979088e-03 1.100664399564266205e-02 1.108949352055788040e-02 1.093950867652893066e-02 1.164840813726186752e-02 1.203483529388904572e-02 1.137935370206832886e-02 1.113976910710334778e-02 1.109042949974536896e-02 1.147130690515041351e-02 1.099143270403146744e-02
8.496993987975951512e+00 1.122044026851654053e-02 1.065300544723868370e-03 1.098937541246414185e-02 1.107059419155120850e-02 1.092278212308883667e-02 1.162917539477348328e-02 1.202022936195135117e-02 1.136196032166481018e-02 1.112220436334609985e-02 1.107486896216869354e-02 1.145506650209426880e-02 1.097539160400629044e-02
8.517034068136272396e+00 1.120434142649173737e-02 1.065230346284806728e-03 1.097230892628431320e-02 1.105049625039100647e-02 1.090876199305057526e-02 1.160949748009443283e-02 1.200525742024183273e-02 1.134637463837862015e-02 1.110492367297410965e-02 1.105850562453269958e-02 1.143969222903251648e-02 1.095983851701021194e-02
8.537074148296593279e+00 1.118890941143035889e-02 1.064954441972076893e-03 1.095498725771903992e-02 1.103100273758172989e-02 1.089568715542554855e-02 1.159058511257171631e-02 1.199043262749910355e-02 1.133102085441350937e-02 1.108884625136852264e-02 1.104172226041555405e-02 1.142401434481143951e-02 1.094429194927215576e-02
8.557114228456914162e+00 1.117337215691804886e-02 1.065754913724958897e-03 1.093793567270040512e-02 1.101038139313459396e-02 1.088106725364923477e-02 1.157245971262454987e-02 1.197509281337261200e-02 1.131804194301366806e-02 1.107226964086294174e-02 1.102477032691240311e-02 1.140865497291088104e-02 1.092831511050462723e-02
8.577154308617233269e+00 1.115665957331657410e-02 1.067333738319575787e-03 1.092099398374557495e-02 1.099127624183893204e-02 1.086347550153732300e-02 1.155411172658205032e-02 1.195964124053716660e-02 1.130557898432016373e-02 1.105543226003646851e-02 1.100764516741037369e-02 1.139233727008104324e-02 1.091228984296321869e-02
8.597194388777554153e+00 1.113984826952219009e-02 1.070108031854033470e-03 1.090339850634336472e-02 1.097316853702068329e-02 1.084380131214857101e-02 1.153589040040969849e-02 1.194455940276384354e-02 1.129240542650222778e-02 1.103875972330570221e-02 1.098958775401115417e-02 1.137623842805624008e-02 1.089544873684644699e-02
8.617234468937875036e+00 1.112298015505075455e-02 1.071188016794621944e-03 1.088587287813425064e-02 1.095597725361585617e-02 1.082433201372623444e-02 1.151643600314855576e-02 1.192873530089855194e-02 1.127910800278186798e-02 1.102198194712400436e-02 1.097086723893880844e-02 1.135734003037214279e-02 1.087853312492370605e-02
8.637274549098195919e+00 1.110506057739257812e-02 1.071421196684241295e-03 1.086830813437700272e-02 1.093959622085094452e-02 1.080652326345443726e-02 1.149552222341299057e-02 1.191284414380788803e-02 1.126603782176971436e-02 1.100450940430164337e-02 1.095290854573249817e-02 1.133872661739587784e-02 1.086228433996438980e-02
8.657314629258516803e+00 1.108744274824857712e-02 1.070735510438680649e-03 1.085199136286973953e-02 1.092214323580265045e-02 1.078771799802780151e-02 1.147502195090055466e-02 1.189546380192041397e-02 1.125231292098760605e-02 1.098766457289457321e-02 1.093429047614336014e-02 1.131994742900133133e-02 1.084576454013586044e-02
8.677354709418837686e+00 1.106950268149375916e-02 1.071154372766613960e-03 1.083560660481452942e-02 1.090465579181909561e-02 1.076814718544483185e-02 1.145476195961236954e-02 1.187883783131837845e-02 1.123713701963424683e-02 1.097148191183805466e-02 1.091574691236019135e-02 1.130314543843269348e-02 1.082952972501516342e-02
8.697394789579158569e+00 1.105090510100126266e-02 1.071533188223838806e-03 1.081930752843618393e-02 1.088694296777248383e-02 1.074778381735086441e-02 1.143385563045740128e-02 1.186156366020441055e-02 1.122122164815664291e-02 1.095512695610523224e-02 1.089660171419382095e-02 1.128634996712207794e-02 1.081249956041574478e-02
8.717434869739479453e+00 1.103252544999122620e-02 1.070096273906528950e-03 1.080304756760597229e-02 1.086891721934080124e-02 1.072802767157554626e-02 1.141375117003917694e-02 1.184220891445875168e-02 1.120330579578876495e-02 1.093848515301942825e-02 1.087741367518901825e-02 1.126915309578180313e-02 1.079530827701091766e-02
8.737474949899798560e+00 1.101459562778472900e-02 1.068287878297269344e-03 1.078806817531585693e-02 1.085030660033226013e-02 1.070851925760507584e-02 1.139503717422485352e-02 1.182254031300544739e-02 1.118373591452836990e-02 1.092141307890415192e-02 1.085782330483198166e-02 1.125102583318948746e-02 1.077740546315908432e-02
8.757515030060119443e+00 1.099703647196292877e-02 1.067045843228697777e-03 1.077263243496417999e-02 1.082968246191740036e-02 1.068825647234916687e-02 1.137700490653514862e-02 1.180295180529356003e-02 1.116358675062656403e-02 1.090500690042972565e-02 1.083818729966878891e-02 1.123276446014642715e-02 1.075981464236974716e-02
8.777555110220440326e+00 1.098044682294130325e-02 1.065137912519276142e-03 1.075691170990467072e-02 1.081054750829935074e-02 1.066834200173616409e-02 1.135827600955963135e-02 1.178284827619791031e-02 1.114415936172008514e-02 1.088767126202583313e-02 1.081750635057687759e-02 1.121515315026044846e-02 1.074190903455018997e-02
8.797595190380761210e+00 1.096432469785213470e-02 1.063252799212932587e-03 1.074085291475057602e-02 1.079348195344209671e-02 1.064973231405019760e-02 1.134023349732160568e-02 1.176370959728956223e-02 1.112386584281921387e-02 1.086982898414134979e-02 1.079677976667881012e-02 1.119768619537353516e-02 1.072465535253286362e-02
8.817635270541082093e+00 1.094776205718517303e-02 1.063331961631774902e-03 1.072385162115097046e-02 1.077756378799676895e-02 1.063052937388420105e-02 1.132335793226957321e-02 1.174546871334314346e-02 1.110483892261981964e-02 1.085051428526639938e-02 1.077605038881301880e-02 1.118119060993194580e-02 1.070757769048213959e-02
8.837675350701402976e+00 1.093109231442213058e-02 1.063946867361664772e-03 1.070544030517339706e-02 1.076166238635778427e-02 1.061293110251426697e-02 1.130701974034309387e-02 1.172816473990678787e-02 1.108691189438104630e-02 1.083099283277988434e-02 1.075691636651754379e-02 1.116333156824111938e-02 1.068988349288702011e-02
8.857715430861723860e+00 1.091544702649116516e-02 1.063326140865683556e-03 1.068591419607400894e-02 1.074691209942102432e-02 1.059640198945999146e-02 1.129051949828863144e-02 1.171054225414991379e-02 1.106867846101522446e-02 1.081204321235418320e-02 1.073858141899108887e-02 1.114487275481224060e-02 1.067233458161354065e-02
8.877755511022042967e+00 1.089838985353708267e-02 1.063010422512888908e-03 1.066561508923768997e-02 1.073344703763723373e-02 1.058167591691017151e-02 1.127406023442745209e-02 1.169321779161691666e-02 1.105056330561637878e-02 1.079292967915534973e-02 1.072035264223814011e-02 1.112723164260387421e-02 1.065480522811412811e-02
8.897795591182363850e+00 1.088054012507200241e-02 1.061103073880076408e-03 1.064672134816646576e-02 1.072135474532842636e-02 1.056941691786050797e-02 1.125836838036775589e-02 1.167540997266769409e-02 1.103293150663375854e-02 1.077336352318525314e-02 1.070418488234281540e-02 1.110927388072013855e-02 1.063829101622104645e-02
8.917835671342684734e+00 1.086044032126665115e-02 1.061562099494040012e-03 1.062835659831762314e-02 1.070783659815788269e-02 1.055846922099590302e-02 1.124412566423416138e-02 1.165875140577554703e-02 1.101572904735803604e-02 1.075384579598903656e-02 1.068696845322847366e-02 1.109127700328826904e-02 1.062072161585092545e-02
8.937875751503005617e+00 1.084017101675271988e-02 1.060087583027780056e-03 1.061038952320814133e-02 1.069319993257522583e-02 1.054773107171058655e-02 1.122995186597108841e-02 1.164006069302558899e-02 1.099827326834201813e-02 1.073525473475456238e-02 1.067085564136505127e-02 1.107192318886518478e-02 1.060356292873620987e-02
8.957915831663326500e+00 1.082197483628988266e-02 1.059083966538310051e-03 1.059168484061956406e-02 1.067721005529165268e-02 1.053634472191333771e-02 1.121758483350276947e-02 1.162045635282993317e-02 1.098192390054464340e-02 1.071700826287269592e-02 1.065455749630928040e-02 1.105387043207883835e-02 1.058565732091665268e-02
8.977955911823647384e+00 1.080305315554141998e-02 1.057148678228259087e-03 1.057296618819236755e-02 1.066211424767971039e-02 1.052305940538644791e-02 1.120494212955236435e-02 1.159876398742198944e-02 1.096570864319801331e-02 1.069897226989269257e-02 1.063815038651227951e-02 1.103606726974248886e-02 1.056820433586835861e-02
8.997995991983968267e+00 1.078411284834146500e-02 1.054935972206294537e-03 1.055491901934146881e-02 1.064578723162412643e-02 1.050833985209465027e-02 1.119178906083106995e-02 1.157662086188793182e-02 1.094920467585325241e-02 1.068196259438991547e-02 1.062199659645557404e-02 1.101848762482404709e-02 1.055123191326856613e-02
9.018036072144287374e+00 1.076511945575475693e-02 1.054796273820102215e-03 1.053585205227136612e-02 1.062855310738086700e-02 1.049232203513383865e-02 1.117829699069261551e-02 1.155596319586038589e-02 1.093267928808927536e-02 1.066478528082370758e-02 1.060509681701660156e-02 1.100134104490280151e-02 1.053383667021989822e-02
9.038076152304608257e+00 1.074622478336095810e-02 1.054415595717728138e-03 1.051734015345573425e-02 1.061160210520029068e-02 1.047696918249130249e-02 1.116341818124055862e-02 1.153694558888673782e-02 1.091448590159416199e-02 1.064797397702932358e-02 1.058769598603248596e-02 1.098234206438064575e-02 1.051628403365612030e-02
9.058116232464929141e+00 1.072687841951847076e-02 1.055132015608251095e-03 1.049838960170745850e-02 1.059393584728240967e-02 1.046141050755977631e-02 1.114765275269746780e-02 1.151951681822538376e-02 1.089572161436080933e-02 1.063121482729911804e-02 1.057071145623922348e-02 1.096322294324636459e-02 1.049895863980054855e-02
9.078156312625250024e+00 1.070715952664613724e-02 1.055120374076068401e-03 1.047841086983680725e-02 1.057688333094120026e-02 1.044432818889617920e-02 1.113079953938722610e-02 1.150112133473157883e-02 1.087609399110078812e-02 1.061507500708103180e-02 1.055472344160079956e-02 1.094330754131078720e-02 1.048074290156364441e-02
9.098196392785570907e+00 1.068774424493312836e-02 1.056399662047624588e-03 1.045859698206186295e-02 1.055909506976604462e-02 1.042701210826635361e-02 1.111311931163072586e-02 1.148489955812692642e-02 1.085657719522714615e-02 1.059933844953775406e-02 1.053858455270528793e-02 1.092295721173286438e-02 1.046217419207096100e-02
9.118236472945891791e+00 1.066967286169528961e-02 1.057298621162772179e-03 1.043960452079772949e-02 1.054043974727392197e-02 1.040885131806135178e-02 1.109561696648597717e-02 1.146863121539354324e-02 1.083798054605722427e-02 1.058377884328365326e-02 1.052285451442003250e-02 1.090202853083610535e-02 1.044285297393798828e-02
9.138276553106212674e+00 1.065162196755409241e-02 1.058264053426682949e-03 1.042112428694963455e-02 1.052316278219223022e-02 1.039110682904720306e-02 1.107791531831026077e-02 1.145275868475437164e-02 1.082138530910015106e-02 1.056796871125698090e-02 1.050784159451723099e-02 1.088161952793598175e-02 1.042417343705892563e-02
9.158316633266533557e+00 1.063336431980133057e-02 1.059140544384717941e-03 1.040278468281030655e-02 1.050488650798797607e-02 1.037290971726179123e-02 1.105982623994350433e-02 1.143583655357360840e-02 1.080552395433187485e-02 1.055373065173625946e-02 1.049184426665306091e-02 1.086346432566642761e-02 1.040592044591903687e-02
9.178356713426852664e+00 1.061654090881347656e-02 1.059465226717293262e-03 1.038473006337881088e-02 1.048774272203445435e-02 1.035377476364374161e-02 1.103993598371744156e-02 1.141977682709693909e-02 1.078900229185819626e-02 1.053924486041069031e-02 1.047663111239671707e-02 1.084690727293491364e-02 1.038734149187803268e-02
9.198396793587173548e+00 1.059952937066555023e-02 1.060803653672337532e-03 1.036799419671297073e-02 1.047070045024156570e-02 1.033327449113130569e-02 1.102069579064846039e-02 1.140334270894527435e-02 1.077400054782629013e-02 1.052376348525285721e-02 1.045961398631334305e-02 1.083169784396886826e-02 1.036864798516035080e-02
9.218436873747494431e+00 1.058201305568218231e-02 1.063051051460206509e-03 1.035122200846672058e-02 1.045292243361473083e-02 1.031066663563251495e-02 1.100328098982572556e-02 1.138650998473167419e-02 1.075700391083955765e-02 1.050810050219297409e-02 1.044186763465404510e-02 1.081633102148771286e-02 1.035077311098575592e-02
9.238476953907815314e+00 1.056299265474081039e-02 1.064825803041458130e-03 1.033461187034845352e-02 1.043567806482315063e-02 1.028957311064004898e-02 1.098423730581998825e-02 1.136907935142517090e-02 1.074080169200897217e-02 1.049181446433067322e-02 1.042309217154979706e-02 1.080102473497390747e-02 1.033306960016489029e-02
9.258517034068136198e+00 1.054371334612369537e-02 1.065866090357303619e-03 1.031738892197608948e-02 1.041927561163902283e-02 1.027044001966714859e-02 1.096428278833627701e-02 1.135240867733955383e-02 1.072487514466047287e-02 1.047713309526443481e-02 1.040470134466886520e-02 1.078380085527896881e-02 1.031595095992088318e-02
9.278557114228457081e+00 1.052591484040021896e-02 1.066262018866837025e-03 1.030207611620426178e-02 1.040279492735862732e-02 1.025116629898548126e-02 1.094498857855796814e-02 1.133636385202407837e-02 1.070848293602466583e-02 1.046246662735939026e-02 1.038522738963365555e-02 1.076519489288330078e-02 1.029878295958042145e-02
9.298597194388777964e+00 1.050955243408679962e-02 1.065733027644455433e-03 1.028685458004474640e-02 1.038641948252916336e-02 1.022993586957454681e-02 1.092668343335390091e-02 1.131936162710189819e-02 1.069228164851665497e-02 1.044719386845827103e-02 1.036660186946392059e-02 1.074607577174901962e-02 1.028222963213920593e-02
9.318637274549097071e+00 1.049316115677356720e-02 1.064129988662898540e-03 1.027195714414119720e-02 1.036801282316446304e-02 1.020960509777069092e-02 1.090866234153509140e-02 1.130117289721965790e-02 1.067655254155397415e-02 1.043157372623682022e-02 1.034893933683633804e-02 1.072648540139198303e-02 1.026632450520992279e-02
9.338677354709417955e+00 1.047688070684671402e-02 1.063063857145607471e-03 1.025663223117589951e-02 1.034787297248840332e-02 1.018909551203250885e-02 1.089024636894464493e-02 1.128355786204338074e-02 1.066163275390863419e-02 1.041595358401536942e-02 1.033248100429773331e-02 1.070652715861797333e-02 1.025024615228176117e-02
9.358717434869738838e+00 1.046101842075586319e-02 1.061557559296488762e-03 1.024171058088541031e-02 1.032575964927673340e-02 1.017033215612173080e-02 1.087238546460866928e-02 1.126515213400125504e-02 1.064678188413381577e-02 1.040016952902078629e-02 1.031650416553020477e-02 1.068844832479953766e-02 1.023386139422655106e-02
9.378757515030059722e+00 1.044466160237789154e-02 1.059285947121679783e-03 1.022711116820573807e-02 1.030484773218631744e-02 1.015306264162063599e-02 1.085452362895011902e-02 1.124615129083395004e-02 1.063129026442766190e-02 1.038395054638385773e-02 1.030194479972124100e-02 1.067095249891281128e-02 1.021670363843441010e-02
9.398797595190380605e+00 1.042952481657266617e-02 1.057662651874125004e-03 1.021210197359323502e-02 1.028287410736083984e-02 1.013666670769453049e-02 1.083765178918838501e-02 1.122785918414592743e-02 1.061616279184818268e-02 1.036689709872007370e-02 1.028732769191265106e-02 1.065381988883018494e-02 1.019896566867828369e-02
9.418837675350701488e+00 1.041428465396165848e-02 1.054486492648720741e-03 1.019768323749303818e-02 1.026192866265773773e-02 1.012184191495180130e-02 1.082128658890724182e-02 1.120830047875642776e-02 1.060285884886980057e-02 1.035084761679172516e-02 1.027386076748371124e-02 1.063581462949514389e-02 1.018184516578912735e-02
9.438877755511022372e+00 1.039925683289766312e-02 1.050592050887644291e-03 1.018266752362251282e-02 1.024241466075181961e-02 1.010824088007211685e-02 1.080386433750391006e-02 1.118837762624025345e-02 1.058987248688936234e-02 1.033588219434022903e-02 1.026014145463705063e-02 1.061937864869832993e-02 1.016435585916042328e-02
9.458917835671341479e+00 1.038354635238647461e-02 1.047086436301469803e-03 1.016718707978725433e-02 1.022502034902572632e-02 1.009367685765028000e-02 1.078733988106250763e-02 1.116797514259815216e-02 1.057595573365688324e-02 1.032197196036577225e-02 1.024618092924356461e-02 1.060328632593154907e-02 1.014632172882556915e-02
9.478957915831662362e+00 1.036793924868106842e-02 1.044626464135944843e-03 1.015221048146486282e-02 1.020783372223377228e-02 1.007772423326969147e-02 1.077090483158826828e-02 1.114933565258979797e-02 1.056094281375408173e-02 1.030706241726875305e-02 1.023216452449560165e-02 1.058690715581178665e-02 1.012974977493286133e-02
9.498997995991983245e+00 1.035291049629449844e-02 1.042773132212460041e-03 1.013516634702682495e-02 1.019199099391698837e-02 1.006188150495290756e-02 1.075500436127185822e-02 1.113156508654356003e-02 1.054468471556901932e-02 1.029004715383052826e-02 1.021731644868850708e-02 1.056993845850229263e-02 1.011343020945787430e-02
9.519038076152304129e+00 1.033862400799989700e-02 1.041095471009612083e-03 1.011718809604644775e-02 1.017661206424236298e-02 1.004416216164827347e-02 1.073837839066982269e-02 1.111425273120403290e-02 1.052695885300636292e-02 1.027141045778989792e-02 1.020255591720342636e-02 1.055320631712675095e-02 1.009756140410900116e-02
9.539078156312625012e+00 1.032412610948085785e-02 1.038924790918827057e-03 1.009885128587484360e-02 1.016109716147184372e-02 1.002745423465967178e-02 1.072202529758214951e-02 1.109685283154249191e-02 1.050678454339504242e-02 1.025184616446495056e-02 1.018780935555696487e-02 1.053535193204879761e-02 1.008129119873046875e-02
9.559118236472945895e+00 1.030970830470323563e-02 1.039148191921412945e-03 1.008015219122171402e-02 1.014536805450916290e-02 1.001099217683076859e-02 1.070817094296216965e-02 1.108086295425891876e-02 1.048635970801115036e-02 1.023142971098423004e-02 1.017168350517749786e-02 1.051746681332588196e-02 1.006464101374149323e-02
9.579158316633266779e+00 1.029479317367076874e-02 1.039235386997461319e-03 1.006297487765550613e-02 1.012929342687129974e-02 9.993859566748142242e-03 1.069438736885786057e-02 1.106431148946285248e-02 1.046624593436717987e-02 1.021057460457086563e-02 1.015443634241819382e-02 1.049915887415409088e-02 1.004842855036258698e-02
9.599198396793587662e+00 1.027867943048477173e-02 1.041691051796078682e-03 1.004577800631523132e-02 1.011347863823175430e-02 9.974769316613674164e-03 1.068145502358675003e-02 1.104888599365949631e-02 1.044781226664781570e-02 1.019070949405431747e-02 1.013586763292551041e-02 1.047961786389350891e-02 1.003202795982360840e-02
9.619238476953906769e+00 1.026169862598180771e-02 1.043925643898546696e-03 1.002958510071039200e-02 1.009946316480636597e-02 9.957980364561080933e-03 1.066868565976619720e-02 1.103407517075538635e-02 1.043076720088720322e-02 1.017191447317600250e-02 1.011684630066156387e-02 1.045989245176315308e-02 1.001591328531503677e-02
9.639278557114227652e+00 1.024481654167175293e-02 1.047010067850351334e-03 1.001363713294267654e-02 1.008415129035711288e-02 9.940840303897857666e-03 1.065478939563035965e-02 1.101990975439548492e-02 1.041588094085454941e-02 1.015460491180419922e-02 1.009661424905061722e-02 1.044072397053241730e-02 9.999508969485759735e-03
9.659318637274548536e+00 1.022954750806093216e-02 1.050211838446557522e-03 9.997228160500526428e-03 1.006764452904462814e-02 9.923501871526241302e-03 1.063875574618577957e-02 1.100698765367269516e-02 1.040207967162132263e-02 1.013821549713611603e-02 1.007650978863239288e-02 1.042240392416715622e-02 9.983135387301445007e-03
9.679358717434869419e+00 1.021340396255254745e-02 1.053473562933504581e-03 9.980738162994384766e-03 1.005094405263662338e-02 9.906698949635028839e-03 1.062165386974811554e-02 1.099469140172004700e-02 1.038767583668231964e-02 1.012265682220458984e-02 1.005684118717908859e-02 1.040437538176774979e-02 9.966887533664703369e-03
9.699398797595190302e+00 1.019712258130311966e-02 1.056276494637131691e-03 9.964731521904468536e-03 1.003399770706892014e-02 9.888889268040657043e-03 1.060446258634328842e-02 1.098142098635435104e-02 1.037477329373359680e-02 1.010920014232397079e-02 1.003699749708175659e-02 1.038698665797710419e-02 9.951553307473659515e-03
9.719438877755511186e+00 1.018178835511207581e-02 1.057600602507591248e-03 9.950183331966400146e-03 1.001679804176092148e-02 9.872030466794967651e-03 1.058784779161214828e-02 1.096644718199968338e-02 1.036450732499361038e-02 1.009534858167171478e-02 1.001603249460458755e-02 1.036923751235008240e-02 9.937035851180553436e-03
9.739478957915832069e+00 1.016513258218765259e-02 1.058682799339294434e-03 9.935672394931316376e-03 9.999224916100502014e-03 9.855845943093299866e-03 1.057079993188381195e-02 1.095117256045341492e-02 1.035339664667844772e-02 1.008073985576629639e-02 9.996743872761726379e-03 1.035288255661725998e-02 9.923007339239120483e-03
9.759519038076151176e+00 1.014886982738971710e-02 1.057440415024757385e-03 9.920940734446048737e-03 9.983101859688758850e-03 9.839595295488834381e-03 1.055244449526071548e-02 1.093458104878664017e-02 1.034210622310638428e-02 1.006646547466516495e-02 9.979189373552799225e-03 1.033616159111261368e-02 9.909862652420997620e-03
9.779559118236472059e+00 1.013291068375110626e-02 1.056841923855245113e-03 9.905997663736343384e-03 9.966891258955001831e-03 9.825006127357482910e-03 1.053386088460683823e-02 1.091910433024168015e-02 1.033222023397684097e-02 1.005292497575283051e-02 9.960896335542201996e-03 1.031996123492717743e-02 9.896826930344104767e-03
9.799599198396792943e+00 1.011456269770860672e-02 1.056723645888268948e-03 9.893731214106082916e-03 9.951529093086719513e-03 9.811085648834705353e-03 1.051450148224830627e-02 1.090470049530267715e-02 1.032153610140085220e-02 1.004005968570709229e-02 9.941425174474716187e-03 1.030360534787178040e-02 9.884157218039035797e-03
9.819639278557113826e+00 1.009508501738309860e-02 1.056586974300444126e-03 9.881784208118915558e-03 9.936690330505371094e-03 9.799227118492126465e-03 1.049551274627447128e-02 1.089014392346143723e-02 1.031111273914575577e-02 1.002638880163431168e-02 9.922260418534278870e-03 1.028782501816749573e-02 9.872307069599628448e-03
9.839679358717434710e+00 1.007570046931505203e-02 1.056682551279664040e-03 9.870667941868305206e-03 9.921760298311710358e-03 9.787431918084621429e-03 1.047816127538681030e-02 1.087531913071870804e-02 1.030056644231081009e-02 1.001301500946283340e-02 9.903948754072189331e-03 1.027180626988410950e-02 9.860837832093238831e-03
9.859719438877755593e+00 1.005648169666528702e-02 1.057551009580492973e-03 9.860228747129440308e-03 9.906740859150886536e-03 9.775920771062374115e-03 1.046183705329895020e-02 1.086046639829874039e-02 1.029009558260440826e-02 1.000076066702604294e-02 9.886900894343852997e-03 1.025826018303632736e-02 9.848764166235923767e-03
9.879759519038076476e+00 1.003735512495040894e-02 1.060344860889017582e-03 9.851282462477684021e-03 9.890460409224033356e-03 9.762412868440151215e-03 1.044637523591518402e-02 1.084586326032876968e-02 1.028144452720880508e-02 9.988266974687576294e-03 9.871296584606170654e-03 1.024727988988161087e-02 9.836920537054538727e-03
9.899799599198395583e+00 1.001916825771331787e-02 1.064230571500957012e-03 9.843317791819572449e-03 9.874481707811355591e-03 9.748002514243125916e-03 1.043188013136386871e-02 1.083207037299871445e-02 1.027258019894361496e-02 9.974759072065353394e-03 9.856907650828361511e-03 1.023869775235652924e-02 9.825221262872219086e-03
9.919839679358716467e+00 1.000276021659374237e-02 1.069497433491051197e-03 9.837456047534942627e-03 9.859504178166389465e-03 9.732772596180438995e-03 1.042068935930728912e-02 1.082033943384885788e-02 1.026326324790716171e-02 9.964358061552047729e-03 9.843071922659873962e-03 1.023027021437883377e-02 9.813874959945678711e-03
9.939879759519037350e+00 9.990569204092025757e-03 1.072579412721097469e-03 9.831408038735389709e-03 9.845479391515254974e-03 9.720897302031517029e-03 1.041129045188426971e-02 1.080860849469900131e-02 1.025580987334251404e-02 9.954655542969703674e-03 9.829911403357982635e-03 1.022489368915557861e-02 9.803299792110919952e-03
9.959919839679358233e+00 9.980652481317520142e-03 1.075198641046881676e-03 9.826106019318103790e-03 9.833993390202522278e-03 9.709114208817481995e-03 1.040423568338155746e-02 1.079754158854484558e-02 1.025032903999090195e-02 9.945552796125411987e-03 9.818150661885738373e-03 1.021982077509164810e-02 9.793713688850402832e-03
9.979959919839679117e+00 9.973590262234210968e-03 1.076509477570652962e-03 9.822096675634384155e-03 9.824768640100955963e-03 9.700488299131393433e-03 1.039997674524784088e-02 1.078848168253898621e-02 1.024587545543909073e-02 9.937185794115066528e-03 9.809647686779499054e-03 1.021506171673536301e-02 9.786484763026237488e-03
1.000000000000000000e+01 9.970367886126041412e-03 1.076745800673961639e-03 9.819282218813896179e-03 9.820768609642982483e-03 9.695163927972316742e-03 1.039757952094078064e-02 1.078334543853998184e-02 1.024307589977979660e-02 9.932349435985088348e-03 9.804458357393741608e-03 1.021247822791337967e-02 9.782324545085430145e-03
