# Omega RhoOverOmega_mean RhoOverOmega_error RhoOverOmega_sample_0 RhoOverOmega_sample_1 RhoOverOmega_sample_2 RhoOverOmega_sample_3 RhoOverOmega_sample_4 RhoOverOmega_sample_5 RhoOverOmega_sample_6 RhoOverOmega_sample_7 RhoOverOmega_sample_8 RhoOverOmega_sample_9
0.000000000000000000e+00 2.500303555279970169e-03 1.939800567924976349e-04 2.489250618964433670e-03 2.535594860091805458e-03 2.569620963186025620e-03 2.628524322062730789e-03 2.533195307478308678e-03 2.577872015535831451e-03 2.515495987609028816e-03 2.523150760680437088e-03 2.549650846049189568e-03 2.569613512605428696e-03
2.004008016032064049e-02 7.181948546985950088e-08 3.574712437171001511e-08 6.803949048617141671e-08 6.999753310310552479e-08 7.128015511170815444e-08 9.133806599948002258e-08 8.096643000499170739e-08 9.509437859378522262e-08 6.704176769289915683e-08 5.996520968665208784e-08 8.127324235829291865e-08 6.996670265380089404e-08
4.008016032064128098e-02 5.253714263631081849e-08 2.612084415432036621e-08 4.976365630682266783e-08 5.119556334420849453e-08 5.212739750959372032e-08 6.681555930754257133e-08 5.921235413097747369e-08 6.953154496613933588e-08 4.904178751985455165e-08 4.387256780091774999e-08 5.943673642150315573e-08 5.117047408020880539e-08
6.012024048096192147e-02 5.051011697787544108e-08 2.507160345999182027e-08 4.783351315040818008e-08 4.922236840343430231e-08 5.011742842953026411e-08 6.424450305075879442e-08 5.690607096653366170e-08 6.680357955701765604e-08 4.717895052408493939e-08 4.220141391897413996e-08 5.714339934570489277e-08 4.919937168779142667e-08
8.016032064128256196e-02 5.435838801304271328e-08 2.691940004240223061e-08 5.146843307102244580e-08 5.298829464095433650e-08 5.395100899363569624e-08 6.915525574413550203e-08 6.121081241872161627e-08 7.182113392900646431e-08 5.079977327682172472e-08 4.545349341356086370e-08 6.149529241383788758e-08 5.295677141248233966e-08
1.002004008016031955e-01 6.227633519984010491e-08 3.073127530228703108e-08 5.896879429201362655e-08 6.071894631531904452e-08 6.184216516658125329e-08 7.924909795065104845e-08 7.006860158753625001e-08 8.216557745299724047e-08 5.826278126619399700e-08 5.213217235677802819e-08 7.044891248142448603e-08 6.067310209800780285e-08
1.202404809619238429e-01 7.427672699122922495e-08 3.648033697345454129e-08 7.029857584939236403e-08 7.243083643970749108e-08 7.379322397582654958e-08 9.454656435536890058e-08 8.346172819528874243e-08 9.779314069646716234e-08 6.953074915827528457e-08 6.223857695886181318e-08 8.400473205938396859e-08 7.235654919668377261e-08
1.402805611222444904e-01 9.110144105761719402e-08 4.454206958826034679e-08 8.621478997383746901e-08 8.884674684850324411e-08 9.055072069941161317e-08 1.160163307645234454e-07 1.022504676484459196e-07 1.197155228283008910e-07 8.538818008219095645e-08 7.644808874829323031e-08 1.030213780950361979e-07 8.876899926235637395e-08
1.603206412825651239e-01 1.141289232009512489e-07 5.547497394786660152e-08 1.079630038702816819e-07 1.113145060571696376e-07 1.135202722934991471e-07 1.454183120586094446e-07 1.279046699664831976e-07 1.495990318289841525e-07 1.071379500672264840e-07 9.592762495458373451e-08 1.290187725544456043e-07 1.112073420017622993e-07
1.803607214428857575e-01 1.454048543791941484e-07 7.022174486337462440e-08 1.374887688143644482e-07 1.418485311432959861e-07 1.447380100216832943e-07 1.853410793728471617e-07 1.626943628707522294e-07 1.900805841614783276e-07 1.367023401144251693e-07 1.224382657483147341e-07 1.643362566028372385e-07 1.416802177800491336e-07
2.004008016032063910e-01 1.877926365523308050e-07 9.007485601841835887e-08 1.775612759047362488e-07 1.832810454516220489e-07 1.870703130180118023e-07 2.394747866674151737e-07 2.097819304935910623e-07 2.448189775350329001e-07 1.768702162507906905e-07 1.584669888643475133e-07 2.121987137115866062e-07 1.830328244523116155e-07
2.204408817635270523e-01 2.454969774134951876e-07 1.167952632386004552e-07 2.319429484032298205e-07 2.396635068180330563e-07 2.447220879275846528e-07 3.132384449600067455e-07 2.736351518706214847e-07 3.189237247624987504e-07 2.316140381708464702e-07 2.075917393540294142e-07 2.772805487438745331e-07 2.393131524058844661e-07
2.404809619238476859e-01 3.243073933845153078e-07 1.529752040596576990e-07 3.062301061618200038e-07 3.165483803968527354e-07 3.235903420772956451e-07 4.139734528507688083e-07 3.606927521104807965e-07 4.198354304207896348e-07 3.066342912916297792e-07 2.748955978404410416e-07 3.661457981252169702e-07 3.161227084547135746e-07
2.605210420841683194e-01 4.324570284097717376e-07 2.022888168085046345e-07 4.082470184130215785e-07 4.223501548494823510e-07 4.319726940593682230e-07 5.524767630049609579e-07 4.799653652298729867e-07 5.578622790380904917e-07 4.098608883396082092e-07 3.676451001410896424e-07 4.881382551502611022e-07 4.217596654143562773e-07
2.805611222444889807e-01 5.821960371577006299e-07 2.697475167678931030e-07 5.493590720107022207e-07 5.687604698323411867e-07 5.820139108436706010e-07 7.442211540364951361e-07 6.446043698815628886e-07 7.480451245100994129e-07 5.530213229576474987e-07 4.963130777468904853e-07 6.568148478436341975e-07 5.679533501279365737e-07
3.006012024048095865e-01 7.908635097919614054e-07 3.627638136549649062e-07 7.457721267201122828e-07 7.729662456767982803e-07 7.914950970189238433e-07 1.011575818665733095e-06 8.734272682886512484e-07 1.011854578791826498e-06 7.533320740549243055e-07 6.762105613233870827e-07 8.919499236981209833e-07 7.717000585216737818e-07
3.206412825651302478e-01 1.084367340808967128e-06 4.923371648146712687e-07 1.021724756355979480e-06 1.060222189153137151e-06 1.086403358385723550e-06 1.388077976116619539e-06 1.194327069242717698e-06 1.381434003633330576e-06 1.035725404108234216e-06 9.303931278736854438e-07 1.222336095452192239e-06 1.058270527209970169e-06
3.406813627254509091e-01 1.501360998190648388e-06 6.745093514837208204e-07 1.413705604136339389e-06 1.468457639930420555e-06 1.505711452409741469e-06 1.923280933624482714e-06 1.649073396947642323e-06 1.904154373733035754e-06 1.438129515918262769e-06 1.292474394176679198e-06 1.691357738309307024e-06 1.465567152081348468e-06
3.607214428857715149e-01 2.100931396853411570e-06 9.328489340987289324e-07 1.976914518309058622e-06 2.055565801128977910e-06 2.109202569045010023e-06 2.692941961868200451e-06 2.300851519976276904e-06 2.651804152264958248e-06 2.019010935327969491e-06 1.815519112824404147e-06 2.365431782891391777e-06 2.051866204055841081e-06
3.807615230460921762e-01 2.974958988488651812e-06 1.305955947827897035e-06 2.797235083562554792e-06 2.911623141699237749e-06 2.990130724356276914e-06 3.816211119556101039e-06 3.248016355428262614e-06 3.736688995559234172e-06 2.867918055926566012e-06 2.580103910077014007e-06 3.347136498632607982e-06 2.906191184592898935e-06
4.008016032064127820e-01 4.270875706424703822e-06 1.852053742368298117e-06 4.012010322185233235e-06 4.181030817562714219e-06 4.296932729630498216e-06 5.482524557010037825e-06 4.647500645660329610e-06 5.337019047146895900e-06 4.131543846597196534e-06 3.719147571246139705e-06 4.801443537871818990e-06 4.174468813289422542e-06
4.208416833667334433e-01 6.231518000276992097e-06 2.671750507943215780e-06 5.848702585353748873e-06 6.103458417783258483e-06 6.277050488279201090e-06 8.006983989616855979e-06 6.759809821232920513e-06 7.748352800263091922e-06 6.051100172044243664e-06 5.449382115330081433e-06 7.001171070442069322e-06 6.094687250879360363e-06
4.408817635270541047e-01 9.278988727601245046e-06 3.931623268726980314e-06 8.699888894625473768e-06 9.089665581996086985e-06 9.356073860544711351e-06 1.193429852719418705e-05 1.003106262942310423e-05 1.147673356172163039e-05 9.044390026247128844e-06 8.151278052537236363e-06 1.041844370774924755e-05 9.078983566723763943e-06
4.609218436873747105e-01 1.418270949216093868e-05 5.942044026596704498e-06 1.328066628047963604e-05 1.389644785376731306e-05 1.431692180631216615e-05 1.826384868763852865e-05 1.527977292425930500e-05 1.744788278301712126e-05 1.388268628943478689e-05 1.251682897418504581e-05 1.591220461705233902e-05 1.388594318996183574e-05
4.809619238476953718e-01 2.246384428872261196e-05 9.316747309640049934e-06 2.100001438520848751e-05 2.200867129431571811e-05 2.269688411615788937e-05 2.897437298088334501e-05 2.411193599982652813e-05 2.748538099694997072e-05 2.208809019066393375e-05 1.991819772229064256e-05 2.518821202102117240e-05 2.200697053922340274e-05
5.010020040080159776e-01 3.748838935280218720e-05 1.544463702884968370e-05 3.496569479466415942e-05 3.671376907732337713e-05 3.790283517446368933e-05 4.848527896683663130e-05 4.008869291283190250e-05 4.562406684271991253e-05 3.704259506775997579e-05 3.340120383654721081e-05 4.202016134513542056e-05 3.674280742416158319e-05
5.210420841683366389e-01 7.128070865292102098e-05 3.777560777962207794e-05 6.455543189076706767e-05 6.851936632301658392e-05 7.091498264344409108e-05 9.908883657772094011e-05 7.696639659116044641e-05 8.999614510685205460e-05 7.050977001199498773e-05 6.181144271977245808e-05 8.231485844589769840e-05 6.828609912190586329e-05
5.410821643286573002e-01 7.318269461393356323e-03 1.238004211336374283e-02 3.438446903601288795e-03 4.825803451240062714e-03 5.026735831052064896e-03 1.472151838243007660e-02 9.089563973248004913e-03 1.195913087576627731e-02 6.705245468765497208e-03 2.527717035263776779e-03 1.096140779554843903e-02 4.005381371825933456e-03
5.611222444889779615e-01 7.712698727846145630e-02 6.746899336576461792e-03 7.400933653116226196e-02 7.572118937969207764e-02 7.573992758989334106e-02 8.118057996034622192e-02 7.865927368402481079e-02 7.840690761804580688e-02 7.671201229095458984e-02 7.530532777309417725e-02 7.951549440622329712e-02 7.558471709489822388e-02
5.811623246492986228e-01 1.603737473487854004e-01 6.391925737261772156e-03 1.600509136915206909e-01 1.613674312829971313e-01 1.609943807125091553e-01 1.576247960329055786e-01 1.612960249185562134e-01 1.563523113727569580e-01 1.599888503551483154e-01 1.637342870235443115e-01 1.600288301706314087e-01 1.621964275836944580e-01
6.012024048096191731e-01 2.305240631103515625e-01 1.586770080029964447e-02 2.330740243196487427e-01 2.337917983531951904e-01 2.329880297183990479e-01 2.216177880764007568e-01 2.311857342720031738e-01 2.223500609397888184e-01 2.297043949365615845e-01 2.378172725439071655e-01 2.278408110141754150e-01 2.351501286029815674e-01
6.212424849699398344e-01 2.758159339427947998e-01 2.105232141911983490e-02 2.803604304790496826e-01 2.805717587471008301e-01 2.793821394443511963e-01 2.632542550563812256e-01 2.767117619514465332e-01 2.658027708530426025e-01 2.741815447807312012e-01 2.845333516597747803e-01 2.719549238681793213e-01 2.817880809307098389e-01
6.412825651302604957e-01 2.935645580291748047e-01 2.117910236120223999e-02 2.988774478435516357e-01 2.988251447677612305e-01 2.973659634590148926e-01 2.803158462047576904e-01 2.950856089591979980e-01 2.840876877307891846e-01 2.909388244152069092e-01 3.011841177940368652e-01 2.898138165473937988e-01 2.992591857910156250e-01
6.613226452905811570e-01 2.863121926784515381e-01 1.725854910910129547e-02 2.912248075008392334e-01 2.912008464336395264e-01 2.895794510841369629e-01 2.750169634819030762e-01 2.886292040348052979e-01 2.792512774467468262e-01 2.827643752098083496e-01 2.909119129180908203e-01 2.837359905242919922e-01 2.903813719749450684e-01
6.813627254509018183e-01 2.592839300632476807e-01 1.141443010419607162e-02 2.628899514675140381e-01 2.631454765796661377e-01 2.614625096321105957e-01 2.518479526042938232e-01 2.623584568500518799e-01 2.558127939701080322e-01 2.550598680973052979e-01 2.597948610782623291e-01 2.585655152797698975e-01 2.608568370342254639e-01
7.014028056112223686e-01 2.187826782464981079e-01 8.244482800364494324e-03 2.205381095409393311e-01 2.212328016757965088e-01 2.195841521024703979e-01 2.162037491798400879e-01 2.223906368017196655e-01 2.193038910627365112e-01 2.142399847507476807e-01 2.150017023086547852e-01 2.201730906963348389e-01 2.175274044275283813e-01
7.214428857715430299e-01 1.711683720350265503e-01 1.189150195568799973e-02 1.709407120943069458e-01 1.721170246601104736e-01 1.705875247716903687e-01 1.735572814941406250e-01 1.749986857175827026e-01 1.754037290811538696e-01 1.667117625474929810e-01 1.636870652437210083e-01 1.745244115591049194e-01 1.672965139150619507e-01
7.414829659318636912e-01 1.223124042153358459e-01 1.693208515644073486e-02 1.203410774469375610e-01 1.219207867980003357e-01 1.205858886241912842e-01 1.289395987987518311e-01 1.260052472352981567e-01 1.294005215167999268e-01 1.183304712176322937e-01 1.123453378677368164e-01 1.271448135375976562e-01 1.164899393916130066e-01
7.615230460921843525e-01 7.727503776550292969e-02 1.982045546174049377e-02 7.415293157100677490e-02 7.592879980802536011e-02 7.485758513212203979e-02 8.671282976865768433e-02 8.048345148563385010e-02 8.592337369918823242e-02 7.408171147108078003e-02 6.650891155004501343e-02 8.282354474067687988e-02 7.055332511663436890e-02
7.815631262525050138e-01 4.020273685455322266e-02 1.921167783439159393e-02 3.679583966732025146e-02 3.846115246415138245e-02 3.770276159048080444e-02 5.045216530561447144e-02 4.262694716453552246e-02 4.880185052752494812e-02 3.799555078148841858e-02 3.062944300472736359e-02 4.550863429903984070e-02 3.392629325389862061e-02
8.016032064128255641e-01 1.428830996155738831e-02 1.446423400193452835e-02 1.167958881705999374e-02 1.285002008080482483e-02 1.244058180600404739e-02 2.295242436230182648e-02 1.572125032544136047e-02 2.104639261960983276e-02 1.314169727265834808e-02 8.048493415117263794e-03 1.827613450586795807e-02 9.998731315135955811e-03
8.216432865731462254e-01 1.713103265501558781e-03 5.887272767722606659e-03 1.079438254237174988e-03 1.324378652498126030e-03 1.291418797336518764e-03 6.200686562806367874e-03 2.073037903755903244e-03 4.817595705389976501e-03 1.539244083687663078e-03 7.464067311957478523e-04 3.301773918792605400e-03 9.355769725516438484e-04
8.416833667334668867e-01 5.320859490893781185e-04 5.395182524807751179e-04 4.740561125800013542e-04 5.105305463075637817e-04 5.242464249022305012e-04 9.844643063843250275e-04 5.539994454011321068e-04 7.791836396791040897e-04 5.446079885587096214e-04 4.609938769135624170e-04 6.534964777529239655e-04 4.916554898954927921e-04
8.617234468937875480e-01 4.879389598499983549e-04 2.081521524814888835e-04 4.501006042119115591e-04 4.791666870005428791e-04 4.931874573230743408e-04 6.555056315846741199e-04 4.960182704962790012e-04 5.807344568893313408e-04 5.068090395070612431e-04 4.487417754717171192e-04 5.425571580417454243e-04 4.722104058600962162e-04
8.817635270541082093e-01 4.873233556281775236e-04 1.904068340081721544e-04 4.503042728174477816e-04 4.792507679667323828e-04 4.931954317726194859e-04 6.402995204553008080e-04 4.924981039948761463e-04 5.712762358598411083e-04 5.088456673547625542e-04 4.524235846474766731e-04 5.374658503569662571e-04 4.737104463856667280e-04
9.018036072144288706e-01 4.966864944435656071e-04 1.893028966151177883e-04 4.592401382979005575e-04 4.886500537395477295e-04 5.028571467846632004e-04 6.498065195046365261e-04 4.994000191800296307e-04 5.789650022052228451e-04 5.212413379922509193e-04 4.644308064598590136e-04 5.454528727568686008e-04 4.841117770411074162e-04
9.218436873747494209e-01 5.139139248058199883e-04 1.920697541208937764e-04 4.754543479066342115e-04 5.057257949374616146e-04 5.205304478295147419e-04 6.702269893139600754e-04 5.140964640304446220e-04 5.961392307654023170e-04 5.419479566626250744e-04 4.836967273149639368e-04 5.623222095891833305e-04 5.021836841478943825e-04
9.418837675350700822e-01 5.384706309996545315e-04 1.977044448722153902e-04 4.986176500096917152e-04 5.300040938891470432e-04 5.455174250528216362e-04 7.002247730270028114e-04 5.360403447411954403e-04 6.220140494406223297e-04 5.706211668439209461e-04 5.100553389638662338e-04 5.868791486136615276e-04 5.274480790831148624e-04
9.619238476953907435e-01 5.703867063857614994e-04 2.061404666164889932e-04 5.284616490826010704e-04 5.614956025965511799e-04 5.780131323263049126e-04 7.397048175334930420e-04 5.650003440678119659e-04 6.563305505551397800e-04 6.073751719668507576e-04 5.435505299828946590e-04 6.194341694936156273e-04 5.600829608738422394e-04
9.819639278557114048e-01 6.100383470766246319e-04 2.171496162191033363e-04 5.656689754687249660e-04 6.004846072755753994e-04 6.182278739288449287e-04 7.889914559200406075e-04 6.011092336848378181e-04 6.993222050368785858e-04 6.527169607579708099e-04 5.847674328833818436e-04 6.599575281143188477e-04 6.003477610647678375e-04
1.002004008016031955e+00 6.583041977137327194e-04 2.309308329131454229e-04 6.108039524406194687e-04 6.476922426372766495e-04 6.670798175036907196e-04 8.490345207974314690e-04 6.450362852774560452e-04 7.519169594161212444e-04 7.076743058860301971e-04 6.344125140458345413e-04 7.090873550623655319e-04 6.490614032372832298e-04
1.022044088176352616e+00 7.157977670431137085e-04 2.478645474184304476e-04 6.648186245001852512e-04 7.041764329187572002e-04 7.255214150063693523e-04 9.206636459566652775e-04 6.977921002544462681e-04 8.150468929670751095e-04 7.733242819085717201e-04 6.937938742339611053e-04 7.680071284994482994e-04 7.075777393765747547e-04
1.042084168336673278e+00 7.844013744033873081e-04 2.683417405933141708e-04 7.291208603419363499e-04 7.714015664532780647e-04 7.951433653943240643e-04 1.006155274808406830e-03 7.602777914144098759e-04 8.902098634280264378e-04 8.518418180756270885e-04 7.646225858479738235e-04 8.379447390325367451e-04 7.771361852064728737e-04
1.062124248496993939e+00 8.659058366902172565e-04 2.935965021606534719e-04 8.058845414780080318e-04 8.514646906405687332e-04 8.779136696830391884e-04 1.108185853809118271e-03 8.341475622728466988e-04 9.797390084713697433e-04 9.458396234549582005e-04 8.491541957482695580e-04 9.210924035869538784e-04 8.600243018008768559e-04
1.082164328657314600e+00 9.634657180868089199e-04 3.266364219598472118e-04 8.977823890745639801e-04 9.463292662985622883e-04 9.770991746336221695e-04 1.232127659022808075e-03 9.218508494086563587e-04 1.087337499484419823e-03 1.060855807736515999e-03 9.509501396678388119e-04 1.020027790218591690e-03 9.595502633601427078e-04
1.102204408817635262e+00 1.085503376089036465e-03 3.848271735478192568e-04 1.011059852316975594e-03 1.062820432707667351e-03 1.099755987524986267e-03 1.399196451529860497e-03 1.027522841468453407e-03 1.223719445988535881e-03 1.219938858412206173e-03 1.079371431842446327e-03 1.141582033596932888e-03 1.083233626559376717e-03
1.122244488977955923e+00 1.273369533009827137e-03 5.697405431419610977e-04 1.174232340417802334e-03 1.226997119374573231e-03 1.280193682760000229e-03 1.711315591819584370e-03 1.163233304396271706e-03 1.442063134163618088e-03 1.553911133669316769e-03 1.289356267079710960e-03 1.316473353654146194e-03 1.268053543753921986e-03
1.142284569138276584e+00 1.763589330948889256e-03 1.332072191871702671e-03 1.564288744702935219e-03 1.590880332514643669e-03 1.715771737508475780e-03 2.591384341940283775e-03 1.400475972332060337e-03 2.006265334784984589e-03 2.663370687514543533e-03 1.892763539217412472e-03 1.708966679871082306e-03 1.734043820761144161e-03
1.162324649298597246e+00 3.484353888779878616e-03 3.429705975577235222e-03 2.998879877850413322e-03 2.844995819032192230e-03 3.240604186430573463e-03 5.102408584207296371e-03 2.113839844241738319e-03 3.821214661002159119e-03 5.920164287090301514e-03 4.033011384308338165e-03 3.003097604960203171e-03 3.401360707357525826e-03
1.182364729458917685e+00 7.846092805266380310e-03 6.421358324587345123e-03 7.049789652228355408e-03 6.445208098739385605e-03 7.360051386058330536e-03 1.020298618823289871e-02 4.501356277614831924e-03 8.143556304275989532e-03 1.213676668703556061e-02 9.097500704228878021e-03 6.551799364387989044e-03 7.802905049175024033e-03
1.202404809619238346e+00 1.524107716977596283e-02 9.334403090178966522e-03 1.429988443851470947e-02 1.311690080910921097e-02 1.462359353899955750e-02 1.799063198268413544e-02 9.802448563277721405e-03 1.532402634620666504e-02 2.118656039237976074e-02 1.727323234081268311e-02 1.303244102746248245e-02 1.539707649499177933e-02
1.222444889779559007e+00 2.538489550352096558e-02 1.180431246757507324e-02 2.447398193180561066e-02 2.267821878194808960e-02 2.477317117154598236e-02 2.817438729107379913e-02 1.813222467899322510e-02 2.511696144938468933e-02 3.266288340091705322e-02 2.819066122174263000e-02 2.229415439069271088e-02 2.587739937007427216e-02
1.242484969939879669e+00 3.783823177218437195e-02 1.377913914620876312e-02 3.710360452532768250e-02 3.470036387443542480e-02 3.734906762838363647e-02 4.037570580840110779e-02 2.914108335971832275e-02 3.712354227900505066e-02 4.611954465508460999e-02 4.136728122830390930e-02 3.394890576601028442e-02 3.877036273479461670e-02
1.262525050100200330e+00 5.215100198984146118e-02 1.528699044138193130e-02 5.169709771871566772e-02 4.872066900134086609e-02 5.187771841883659363e-02 5.420431122183799744e-02 4.237977415323257446e-02 5.092222616076469421e-02 6.111710518598556519e-02 5.632832273840904236e-02 4.756781458854675293e-02 5.358732491731643677e-02
1.282565130260520991e+00 6.789335608482360840e-02 1.638084277510643005e-02 6.779780238866806030e-02 6.429835408926010132e-02 6.791012734174728394e-02 6.929805129766464233e-02 5.740437656641006470e-02 6.611818820238113403e-02 7.726548612117767334e-02 7.263293117284774780e-02 6.273739039897918701e-02 6.987043470144271851e-02
1.302605210420841653e+00 8.467980474233627319e-02 1.711309142410755157e-02 8.498949557542800903e-02 8.103126287460327148e-02 8.503385633230209351e-02 8.532337099313735962e-02 7.379736751317977905e-02 8.234814554452896118e-02 9.420795738697052002e-02 8.988333493471145630e-02 7.907821238040924072e-02 8.720827102661132812e-02
1.322645290581162314e+00 1.021697297692298889e-01 1.753454841673374176e-02 1.029001548886299133e-01 9.855607897043228149e-02 1.028861328959465027e-01 1.019772365689277649e-01 9.118251502513885498e-02 9.928637742996215820e-02 1.116294264793395996e-01 1.077302619814872742e-01 9.624409675598144531e-02 1.052329167723655701e-01
1.342685370741482975e+00 1.200542002916336060e-01 1.768888346850872040e-02 1.212070584297180176e-01 1.165520921349525452e-01 1.211473867297172546e-01 1.189951822161674500e-01 1.092249974608421326e-01 1.166401952505111694e-01 1.292569488286972046e-01 1.258645653724670410e-01 1.139307692646980286e-01 1.236233487725257874e-01
1.362725450901803637e+00 1.380663961172103882e-01 1.761636137962341309e-02 1.396263092756271362e-01 1.347415745258331299e-01 1.395366936922073364e-01 1.361404806375503540e-01 1.276253014802932739e-01 1.341576129198074341e-01 1.468490213155746460e-01 1.440221965312957764e-01 1.318644136190414429e-01 1.420955061912536621e-01
1.382765531062124298e+00 1.559717506170272827e-01 1.735023036599159241e-02 1.579117625951766968e-01 1.528804749250411987e-01 1.578043252229690552e-01 1.532085239887237549e-01 1.461226791143417358e-01 1.516186594963073730e-01 1.642010807991027832e-01 1.619736701250076294e-01 1.498112976551055908e-01 1.604069173336029053e-01
1.402805611222444737e+00 1.735770404338836670e-01 1.692936196923255920e-02 1.758517920970916748e-01 1.707570254802703857e-01 1.757470369338989258e-01 1.700223982334136963e-01 1.644903272390365601e-01 1.688240915536880493e-01 1.811383962631225586e-01 1.795256584882736206e-01 1.675631403923034668e-01 1.783540993928909302e-01
1.422845691382765398e+00 1.907126456499099731e-01 1.638352312147617340e-02 1.932754218578338623e-01 1.881962865591049194e-01 1.931858658790588379e-01 1.864326149225234985e-01 1.825272291898727417e-01 1.856177151203155518e-01 1.975125670433044434e-01 1.965145319700241089e-01 1.849425435066223145e-01 1.957592368125915527e-01
1.442885771543086060e+00 2.072367817163467407e-01 1.574056968092918396e-02 2.100300490856170654e-01 2.050491869449615479e-01 2.099728435277938843e-01 2.023079991340637207e-01 2.000743150711059570e-01 2.018603831529617310e-01 2.132048755884170532e-01 2.128064334392547607e-01 2.018009424209594727e-01 2.124809324741363525e-01
1.462925851703406721e+00 2.230318635702133179e-01 1.503178104758262634e-02 2.259981036186218262e-01 2.211910486221313477e-01 2.259845882654190063e-01 2.175371646881103516e-01 2.169884443283081055e-01 2.174398303031921387e-01 2.281155139207839966e-01 2.282911241054534912e-01 2.180117070674896240e-01 2.283994257450103760e-01
1.482965931863727382e+00 2.380014806985855103e-01 1.429054886102676392e-02 2.410823851823806763e-01 2.365199774503707886e-01 2.411229312419891357e-01 2.320339679718017578e-01 2.331531494855880737e-01 2.322597354650497437e-01 2.421679049730300903e-01 2.428829818964004517e-01 2.334697097539901733e-01 2.434225976467132568e-01
1.503006012024048044e+00 2.520713806152343750e-01 1.354906801134347916e-02 2.552025318145751953e-01 2.509537935256958008e-01 2.553098201751708984e-01 2.457263767719268799e-01 2.484717667102813721e-01 2.462455630302429199e-01 2.552989125251770020e-01 2.565169632434844971e-01 2.480884045362472534e-01 2.574754357337951660e-01
1.523046092184368705e+00 2.651844620704650879e-01 1.284279301762580872e-02 2.683098316192626953e-01 2.644301056861877441e-01 2.684879004955291748e-01 2.585600912570953369e-01 2.628670930862426758e-01 2.593379318714141846e-01 2.674636542797088623e-01 2.691417634487152100e-01 2.618001997470855713e-01 2.705019414424896240e-01
1.543086172344689366e+00 2.772987782955169678e-01 1.221077796071767807e-02 2.803638577461242676e-01 2.769032418727874756e-01 2.806167602539062500e-01 2.704904079437255859e-01 2.762797474861145020e-01 2.714926302433013916e-01 2.786337733268737793e-01 2.807239890098571777e-01 2.745537757873535156e-01 2.824648916721343994e-01
1.563126252505010028e+00 2.883834540843963623e-01 1.168893277645111084e-02 2.913392782211303711e-01 2.883441746234893799e-01 2.916691005229949951e-01 2.814849019050598145e-01 2.886690199375152588e-01 2.826795876026153564e-01 2.887922823429107666e-01 2.912417352199554443e-01 2.863114178180694580e-01 2.933367490768432617e-01
1.583166332665330689e+00 2.984241545200347900e-01 1.130948029458522797e-02 3.012197613716125488e-01 2.987347543239593506e-01 3.016283512115478516e-01 2.915267646312713623e-01 3.000029027462005615e-01 2.928793430328369141e-01 2.979282736778259277e-01 3.006875813007354736e-01 2.970496416091918945e-01 3.031052052974700928e-01
1.603206412825651128e+00 3.074135482311248779e-01 1.110418606549501419e-02 3.100077509880065918e-01 3.080615997314453125e-01 3.104909360408782959e-01 3.006049394607543945e-01 3.102613985538482666e-01 3.020806312561035156e-01 3.060461878776550293e-01 3.090617954730987549e-01 3.067525327205657959e-01 3.117723464965820312e-01
1.623246492985971789e+00 3.153564333915710449e-01 1.108880341053009033e-02 3.177036046981811523e-01 3.163271248340606689e-01 3.182644844055175781e-01 3.087151944637298584e-01 3.194385170936584473e-01 3.102843761444091797e-01 3.131553232669830322e-01 3.163780868053436279e-01 3.154107332229614258e-01 3.193455338478088379e-01
1.643286573146292451e+00 3.222608566284179688e-01 1.126365549862384796e-02 3.243275284767150879e-01 3.235423266887664795e-01 3.249596655368804932e-01 3.158641159534454346e-01 3.275355398654937744e-01 3.174962401390075684e-01 3.192736208438873291e-01 3.226538300514221191e-01 3.230315446853637695e-01 3.258404135704040527e-01
1.663326653306613112e+00 3.281477987766265869e-01 1.161662023514509201e-02 3.299007415771484375e-01 3.297240734100341797e-01 3.305975496768951416e-01 3.220605254173278809e-01 3.345596492290496826e-01 3.237318694591522217e-01 3.244173824787139893e-01 3.279146850109100342e-01 3.296301960945129395e-01 3.312819004058837891e-01
1.683366733466933773e+00 3.330430090427398682e-01 1.212232373654842377e-02 3.344548344612121582e-01 3.348916172981262207e-01 3.352052569389343262e-01 3.273225426673889160e-01 3.405295610427856445e-01 3.290060758590698242e-01 3.286208808422088623e-01 3.321874737739562988e-01 3.352204561233520508e-01 3.357004225254058838e-01
1.703406813627254435e+00 3.369720578193664551e-01 1.275027822703123093e-02 3.380217552185058594e-01 3.390736579895019531e-01 3.388141393661499023e-01 3.316725790500640869e-01 3.454686105251312256e-01 3.333447575569152832e-01 3.319077193737030029e-01 3.355061411857604980e-01 3.398218452930450439e-01 3.391244113445281982e-01
1.723446893787575096e+00 3.399652838706970215e-01 1.346978265792131424e-02 3.406386375427246094e-01 3.423030972480773926e-01 3.414615690708160400e-01 3.351354897022247314e-01 3.494029045104980469e-01 3.367750048637390137e-01 3.343157470226287842e-01 3.379043340682983398e-01 3.434648215770721436e-01 3.415949940681457520e-01
1.743486973947895757e+00 3.420603573322296143e-01 1.424906495958566666e-02 3.423434793949127197e-01 3.446142971515655518e-01 3.431858718395233154e-01 3.377388715744018555e-01 3.523630797863006592e-01 3.393274843692779541e-01 3.358820974826812744e-01 3.394224345684051514e-01 3.461784720420837402e-01 3.431534469127655029e-01
1.763527054108216419e+00 3.432928919792175293e-01 1.506160758435726166e-02 3.431792259216308594e-01 3.460439443588256836e-01 3.440315425395965576e-01 3.395140469074249268e-01 3.543842732906341553e-01 3.410368859767913818e-01 3.366430103778839111e-01 3.401038646697998047e-01 3.479937016963958740e-01 3.438437283039093018e-01
1.783567134268537080e+00 3.437039852142333984e-01 1.588140055537223816e-02 3.431915938854217529e-01 3.466238379478454590e-01 3.440392911434173584e-01 3.404952883720397949e-01 3.555030822753906250e-01 3.419400155544281006e-01 3.366377055644989014e-01 3.399941027164459229e-01 3.489482402801513672e-01 3.437084555625915527e-01
1.803607214428857741e+00 3.433371782302856445e-01 1.669180393218994141e-02 3.424252569675445557e-01 3.464010357856750488e-01 3.432542085647583008e-01 3.407151699066162109e-01 3.557592630386352539e-01 3.420740365982055664e-01 3.359070718288421631e-01 3.391352593898773193e-01 3.490829467773437500e-01 3.427951037883758545e-01
1.823647294589178181e+00 3.422341048717498779e-01 1.747684553265571594e-02 3.409261405467987061e-01 3.454205691814422607e-01 3.417224884033203125e-01 3.402130305767059326e-01 3.551924228668212891e-01 3.414749801158905029e-01 3.344933390617370605e-01 3.375672996044158936e-01 3.484365940093994141e-01 3.411488533020019531e-01
1.843687374749498842e+00 3.404377996921539307e-01 1.822084747254848480e-02 3.387412428855895996e-01 3.437250256538391113e-01 3.394914269447326660e-01 3.390264213085174561e-01 3.538422584533691406e-01 3.401843309402465820e-01 3.324384093284606934e-01 3.353390991687774658e-01 3.470504879951477051e-01 3.388147056102752686e-01
1.863727454909819503e+00 3.379885256290435791e-01 1.891336031258106232e-02 3.359189629554748535e-01 3.413572311401367188e-01 3.366110324859619141e-01 3.371911346912384033e-01 3.517531156539916992e-01 3.382402062416076660e-01 3.297850787639617920e-01 3.324951827526092529e-01 3.449637591838836670e-01 3.358407616615295410e-01
1.883767535070140164e+00 3.349277675151824951e-01 1.954804733395576477e-02 3.325011432170867920e-01 3.383601903915405273e-01 3.331260085105895996e-01 3.347453474998474121e-01 3.489717543125152588e-01 3.356832265853881836e-01 3.265784680843353271e-01 3.290800452232360840e-01 3.422198593616485596e-01 3.322713077068328857e-01
1.903807615230460826e+00 3.312993943691253662e-01 2.011941187083721161e-02 3.285315334796905518e-01 3.347767293453216553e-01 3.290814161300659180e-01 3.317252695560455322e-01 3.455409407615661621e-01 3.325521349906921387e-01 3.228559792041778564e-01 3.251378238201141357e-01 3.388634622097015381e-01 3.281552195549011230e-01
1.923847695390781487e+00 3.271417021751403809e-01 2.062255889177322388e-02 3.240559995174407959e-01 3.306512236595153809e-01 3.245207369327545166e-01 3.281683623790740967e-01 3.415050506591796875e-01 3.288877308368682861e-01 3.186576664447784424e-01 3.207104504108428955e-01 3.349315226078033447e-01 3.235354721546173096e-01
1.943887775551102148e+00 3.225045800209045410e-01 2.104790881276130676e-02 3.191205263137817383e-01 3.260254263877868652e-01 3.194929063320159912e-01 3.241136372089385986e-01 3.369054496288299561e-01 3.247292339801788330e-01 3.140241801738739014e-01 3.158419728279113770e-01 3.304656445980072021e-01 3.184580206871032715e-01
1.963927855711422810e+00 3.174291849136352539e-01 2.139602974057197571e-02 3.137672245502471924e-01 3.209400177001953125e-01 3.140378594398498535e-01 3.195979595184326172e-01 3.317863643169403076e-01 3.201144635677337646e-01 3.089928328990936279e-01 3.105716407299041748e-01 3.255092501640319824e-01 3.129635155200958252e-01
1.983967935871743471e+00 3.119508922100067139e-01 2.166556008160114288e-02 3.080348670482635498e-01 3.154345452785491943e-01 3.081995248794555664e-01 3.146589398384094238e-01 3.261918723583221436e-01 3.150788843631744385e-01 3.036016821861267090e-01 3.049390316009521484e-01 3.201001286506652832e-01 3.070945143699645996e-01
2.004008016032063910e+00 3.061082959175109863e-01 2.185621485114097595e-02 3.019636869430541992e-01 3.095487058162689209e-01 3.020190596580505371e-01 3.093300759792327881e-01 3.201634287834167480e-01 3.096572756767272949e-01 2.978877425193786621e-01 2.989799082279205322e-01 3.142800331115722656e-01 3.008905649185180664e-01
2.024048096192384794e+00 2.999377548694610596e-01 2.196884155273437500e-02 2.955914139747619629e-01 3.033226430416107178e-01 2.955345511436462402e-01 3.036423623561859131e-01 3.137391209602355957e-01 3.038873076438903809e-01 2.918829023838043213e-01 2.927281856536865234e-01 3.080867230892181396e-01 2.943883538246154785e-01
2.044088176352705233e+00 2.934749126434326172e-01 2.200203016400337219e-02 2.889567017555236816e-01 2.967912256717681885e-01 2.887828946113586426e-01 2.976326048374176025e-01 3.069587051868438721e-01 2.978023290634155273e-01 2.856216430664062500e-01 2.862219512462615967e-01 3.015588223934173584e-01 2.876287400722503662e-01
2.064128256513026116e+00 2.867558002471923828e-01 2.195597812533378601e-02 2.820949256420135498e-01 2.899898886680603027e-01 2.818012833595275879e-01 2.913347780704498291e-01 2.998600900173187256e-01 2.914370894432067871e-01 2.791355550289154053e-01 2.794972956180572510e-01 2.947314679622650146e-01 2.806458473205566406e-01
2.084168336673346555e+00 2.798146605491638184e-01 2.183425240218639374e-02 2.750390768051147461e-01 2.829521000385284424e-01 2.746227383613586426e-01 2.847803235054016113e-01 2.924818992614746094e-01 2.848209440708160400e-01 2.724561393260955811e-01 2.725867927074432373e-01 2.876421213150024414e-01 2.734707295894622803e-01
2.104208416833667439e+00 2.726846933364868164e-01 2.163812890648841858e-02 2.678191959857940674e-01 2.757088541984558105e-01 2.672807276248931885e-01 2.779993116855621338e-01 2.848595678806304932e-01 2.779857516288757324e-01 2.656111121177673340e-01 2.655203640460968018e-01 2.803228497505187988e-01 2.661389410495758057e-01
2.124248496993987878e+00 2.653942406177520752e-01 2.137029543519020081e-02 2.604670524597167969e-01 2.682922780513763428e-01 2.598077058792114258e-01 2.710173428058624268e-01 2.770279645919799805e-01 2.709610760211944580e-01 2.586288750171661377e-01 2.583262622356414795e-01 2.728055417537689209e-01 2.586776018142700195e-01
2.144288577154308317e+00 2.579745650291442871e-01 2.103608101606369019e-02 2.530092597007751465e-01 2.607359290122985840e-01 2.522350847721099854e-01 2.638677060604095459e-01 2.690207362174987793e-01 2.637763023376464844e-01 2.515380382537841797e-01 2.510301172733306885e-01 2.651226520538330078e-01 2.511170208454132080e-01
2.164328657314629201e+00 2.504533827304840088e-01 2.063694037497043610e-02 2.454758435487747192e-01 2.530654668807983398e-01 2.445855587720870972e-01 2.565768659114837646e-01 2.608690261840820312e-01 2.564562261104583740e-01 2.443659156560897827e-01 2.436594516038894653e-01 2.573036849498748779e-01 2.434857189655303955e-01
2.184368737474949640e+00 2.428559958934783936e-01 2.017850242555141449e-02 2.378936558961868286e-01 2.453095614910125732e-01 2.368853986263275146e-01 2.491682469844818115e-01 2.526026368141174316e-01 2.490303814411163330e-01 2.371340841054916382e-01 2.362392842769622803e-01 2.493784874677658081e-01 2.358085513114929199e-01
2.204408817635270523e+00 2.352078109979629517e-01 1.966498792171478271e-02 2.302842289209365845e-01 2.374925315380096436e-01 2.291634380817413330e-01 2.416694760322570801e-01 2.442506402730941772e-01 2.415219545364379883e-01 2.298637330532073975e-01 2.287919372320175171e-01 2.413729578256607056e-01 2.281109988689422607e-01
2.224448897795590963e+00 2.275291979312896729e-01 1.910035684704780579e-02 2.226694673299789429e-01 2.296410351991653442e-01 2.214423269033432007e-01 2.341030985116958618e-01 2.358381748199462891e-01 2.339542806148529053e-01 2.225760668516159058e-01 2.213401198387145996e-01 2.333132177591323853e-01 2.204159796237945557e-01
2.244488977955911846e+00 2.198412418365478516e-01 1.849292591214179993e-02 2.150699943304061890e-01 2.217777669429779053e-01 2.137400805950164795e-01 2.264928817749023438e-01 2.273917794227600098e-01 2.263499349355697632e-01 2.152889966964721680e-01 2.139012962579727173e-01 2.252227365970611572e-01 2.127454578876495361e-01
2.264529058116232285e+00 2.121659070253372192e-01 1.784691773355007172e-02 2.075074464082717896e-01 2.139209955930709839e-01 2.060812711715698242e-01 2.188578695058822632e-01 2.189395427703857422e-01 2.187295407056808472e-01 2.080232799053192139e-01 2.064962387084960938e-01 2.171284258365631104e-01 2.051183879375457764e-01
2.284569138276553169e+00 2.045244723558425903e-01 1.716725528240203857e-02 2.000008225440979004e-01 2.060950398445129395e-01 1.984843015670776367e-01 2.112215012311935425e-01 2.105012834072113037e-01 2.111136317253112793e-01 2.007977962493896484e-01 1.991426199674606323e-01 2.090448588132858276e-01 1.975519806146621704e-01
2.304609218436873608e+00 1.969339102506637573e-01 1.646416075527667999e-02 1.925652623176574707e-01 1.983180493116378784e-01 1.909636259078979492e-01 2.036022841930389404e-01 2.021010369062423706e-01 2.035205960273742676e-01 1.936283856630325317e-01 1.918580234050750732e-01 2.009968459606170654e-01 1.900624334812164307e-01
2.324649298597194491e+00 1.894079297780990601e-01 1.573996432125568390e-02 1.852184087038040161e-01 1.906053572893142700e-01 1.835391819477081299e-01 1.960200816392898560e-01 1.937581449747085571e-01 1.959659010171890259e-01 1.865293383598327637e-01 1.846600323915481567e-01 1.930033117532730103e-01 1.826694309711456299e-01
2.344689378757514930e+00 1.819664835929870605e-01 1.500768586993217468e-02 1.779743283987045288e-01 1.829746961593627930e-01 1.762240976095199585e-01 1.884899884462356567e-01 1.854931414127349854e-01 1.884684711694717407e-01 1.795146167278289795e-01 1.775586903095245361e-01 1.850838363170623779e-01 1.753842532634735107e-01
2.364729458917835370e+00 1.746212691068649292e-01 1.427613105624914169e-02 1.708452254533767700e-01 1.754414886236190796e-01 1.690324097871780396e-01 1.810287684202194214e-01 1.773250102996826172e-01 1.810443848371505737e-01 1.725969910621643066e-01 1.705671399831771851e-01 1.772551536560058594e-01 1.682215780019760132e-01
2.384769539078156253e+00 1.673887372016906738e-01 1.355587784200906754e-02 1.638447046279907227e-01 1.680207699537277222e-01 1.619768142700195312e-01 1.736514121294021606e-01 1.692719608545303345e-01 1.737086325883865356e-01 1.657893657684326172e-01 1.636973917484283447e-01 1.695325821638107300e-01 1.611925512552261353e-01
2.404809619238476692e+00 1.602802574634552002e-01 1.285968348383903503e-02 1.569830328226089478e-01 1.607261300086975098e-01 1.550689488649368286e-01 1.663734018802642822e-01 1.613500416278839111e-01 1.664750128984451294e-01 1.591017544269561768e-01 1.569597125053405762e-01 1.619318574666976929e-01 1.543064713478088379e-01
2.424849699398797576e+00 1.533060222864151001e-01 1.219807937741279602e-02 1.502686291933059692e-01 1.535684764385223389e-01 1.483199745416641235e-01 1.592079699039459229e-01 1.535733640193939209e-01 1.593550294637680054e-01 1.525407731533050537e-01 1.503635644912719727e-01 1.544687002897262573e-01 1.475749164819717407e-01
2.444889779559118015e+00 1.464785784482955933e-01 1.158259250223636627e-02 1.437096595764160156e-01 1.465556770563125610e-01 1.417363733053207397e-01 1.521648019552230835e-01 1.459561437368392944e-01 1.523596197366714478e-01 1.461192816495895386e-01 1.439175158739089966e-01 1.471534073352813721e-01 1.410079598426818848e-01
2.464929859719438898e+00 1.398082971572875977e-01 1.102655474096536636e-02 1.373159438371658325e-01 1.397014260292053223e-01 1.353272646665573120e-01 1.452551037073135376e-01 1.385113298892974854e-01 1.455005109310150146e-01 1.398444622755050659e-01 1.376276165246963501e-01 1.399983465671539307e-01 1.346139013767242432e-01
2.484969939879759337e+00 1.333013623952865601e-01 1.054398994892835617e-02 1.310938596725463867e-01 1.330147534608840942e-01 1.290994137525558472e-01 1.384907960891723633e-01 1.312521845102310181e-01 1.387888789176940918e-01 1.337233036756515503e-01 1.315026581287384033e-01 1.330145150423049927e-01 1.283973753452301025e-01
2.505010020040080221e+00 1.269655823707580566e-01 1.014435477554798126e-02 1.250484287738800049e-01 1.265054345130920410e-01 1.230607703328132629e-01 1.318805962800979614e-01 1.241879314184188843e-01 1.322330385446548462e-01 1.277634203433990479e-01 1.255487203598022461e-01 1.262113153934478760e-01 1.223669275641441345e-01
2.525050100200400660e+00 1.208092868328094482e-01 9.841411374509334564e-03 1.191857904195785522e-01 1.201810091733932495e-01 1.172139942646026611e-01 1.254336833953857422e-01 1.173274964094161987e-01 1.258430331945419312e-01 1.219702661037445068e-01 1.197691634297370911e-01 1.195997744798660278e-01 1.165253967046737671e-01
2.545090180360721543e+00 1.148377656936645508e-01 9.637758135795593262e-03 1.135117635130882263e-01 1.140484511852264404e-01 1.115645766258239746e-01 1.191597953438758850e-01 1.106812506914138794e-01 1.196237206459045410e-01 1.163481101393699646e-01 1.141710951924324036e-01 1.131884232163429260e-01 1.108792796730995178e-01
2.565130260521041983e+00 1.090569496154785156e-01 9.538636542856693268e-03 1.080290526151657104e-01 1.081125140190124512e-01 1.061129570007324219e-01 1.130652278661727905e-01 1.042554080486297607e-01 1.135826110839843750e-01 1.109009310603141785e-01 1.087570339441299438e-01 1.069802567362785339e-01 1.054311096668243408e-01
2.585170340681362422e+00 1.034697741270065308e-01 9.537665173411369324e-03 1.027395203709602356e-01 1.023778393864631653e-01 1.008618026971817017e-01 1.071562319993972778e-01 9.805941581726074219e-02 1.077262088656425476e-01 1.056319326162338257e-01 1.035303622484207153e-01 1.009837538003921509e-01 1.001858487725257874e-01
2.605210420841683305e+00 9.807995706796646118e-02 9.626690298318862915e-03 9.764801710844039917e-02 9.684821218252182007e-02 9.581609070301055908e-02 1.014392897486686707e-01 9.209949523210525513e-02 1.020608544349670410e-01 1.005434766411781311e-01 9.849248826503753662e-02 9.520517289638519287e-02 9.514261782169342041e-02
2.625250501002003745e+00 9.289248287677764893e-02 9.793580509722232819e-03 9.275360405445098877e-02 9.152875840663909912e-02 9.097770601511001587e-02 9.591916203498840332e-02 8.638100326061248779e-02 9.659014642238616943e-02 9.563831239938735962e-02 9.364504367113113403e-02 8.964931964874267578e-02 9.030324965715408325e-02
2.645290581162324628e+00 8.790902048349380493e-02 1.002798695117235184e-02 8.805816620588302612e-02 8.642192929983139038e-02 8.634302765130996704e-02 9.060009568929672241e-02 8.090446144342422485e-02 9.131953865289688110e-02 9.091839939355850220e-02 8.898945897817611694e-02 8.431854844093322754e-02 8.566771447658538818e-02
2.665330661322645067e+00 8.313190937042236328e-02 1.031266804784536362e-02 8.356191217899322510e-02 8.152975142002105713e-02 8.191256970167160034e-02 8.548668771982192993e-02 7.567549496889114380e-02 8.625176548957824707e-02 8.638559281826019287e-02 8.452699333429336548e-02 7.921727001667022705e-02 8.123666793107986450e-02
2.685370741482965951e+00 7.856244593858718872e-02 1.063222624361515045e-02 7.926424592733383179e-02 7.685468345880508423e-02 7.768587768077850342e-02 8.058193325996398926e-02 7.069595903158187866e-02 8.138841390609741211e-02 8.204048871994018555e-02 8.025697618722915649e-02 7.434767484664916992e-02 7.700845599174499512e-02
2.705410821643286390e+00 7.420205324888229370e-02 1.097131054848432541e-02 7.516442984342575073e-02 7.239532470703125000e-02 7.366510480642318726e-02 7.588807493448257446e-02 6.596770137548446655e-02 7.673234492540359497e-02 7.788119465112686157e-02 7.617854326963424683e-02 6.971281766891479492e-02 7.298275083303451538e-02
2.725450901803607273e+00 7.004953920841217041e-02 1.131664495915174484e-02 7.126027345657348633e-02 6.815472245216369629e-02 6.984721124172210693e-02 7.140680402517318726e-02 6.149178743362426758e-02 7.228513807058334351e-02 7.390809804201126099e-02 7.229012995958328247e-02 6.531149148941040039e-02 6.915906816720962524e-02
2.745490981963927712e+00 6.610217690467834473e-02 1.165661681443452835e-02 6.755256652832031250e-02 6.413105130195617676e-02 6.623110175132751465e-02 6.714010983705520630e-02 5.726807191967964172e-02 6.804717332124710083e-02 7.012110203504562378e-02 6.859182566404342651e-02 6.114540994167327881e-02 6.553468108177185059e-02
2.765531062124248596e+00 6.236023455858230591e-02 1.198175549507141113e-02 6.403845548629760742e-02 6.032237410545349121e-02 6.281381845474243164e-02 6.308872997760772705e-02 5.329751968383789062e-02 6.401702761650085449e-02 6.651775538921356201e-02 6.508295983076095581e-02 5.721199885010719299e-02 6.210703775286674500e-02
2.785571142284569035e+00 5.882209539413452148e-02 1.228346768766641617e-02 6.071416288614273071e-02 5.672703310847282410e-02 5.958788469433784485e-02 5.925081670284271240e-02 4.957803338766098022e-02 6.019719690084457397e-02 6.309589743614196777e-02 6.175931543111801147e-02 5.351101607084274292e-02 5.887429416179656982e-02
2.805611222444889474e+00 5.548435077071189880e-02 1.255590282380580902e-02 5.757622420787811279e-02 5.334372818470001221e-02 5.654999986290931702e-02 5.562553554773330688e-02 4.610632359981536865e-02 5.658533796668052673e-02 5.985467508435249329e-02 5.861901119351387024e-02 5.003935843706130981e-02 5.583009496331214905e-02
2.825651302605210358e+00 5.234340950846672058e-02 1.279398147016763687e-02 5.462028458714485168e-02 5.016798898577690125e-02 5.369929596781730652e-02 5.221279338002204895e-02 4.287822544574737549e-02 5.317956954240798950e-02 5.679121986031532288e-02 5.565789714455604553e-02 4.679463058710098267e-02 5.297207459807395935e-02
2.845691382765530797e+00 4.939582198858261108e-02 1.299278717488050461e-02 5.184223502874374390e-02 4.719737172126770020e-02 5.102822557091712952e-02 4.900985211133956909e-02 3.988918289542198181e-02 4.997740313410758972e-02 5.390255525708198547e-02 5.287191644310951233e-02 4.377431422472000122e-02 5.029545724391937256e-02
2.865731462925851680e+00 4.663842916488647461e-02 1.315054204314947128e-02 4.923886805772781372e-02 4.442730545997619629e-02 4.853332787752151489e-02 4.601322486996650696e-02 3.713377937674522400e-02 4.697762802243232727e-02 5.118394270539283752e-02 5.025601759552955627e-02 4.097198322415351868e-02 4.779592528939247131e-02
2.885771543086172120e+00 4.406480863690376282e-02 1.326513011008501053e-02 4.680519551038742065e-02 4.185210913419723511e-02 4.620957002043724060e-02 4.321813583374023438e-02 3.460554406046867371e-02 4.417615383863449097e-02 4.863128066062927246e-02 4.780644923448562622e-02 3.838282078504562378e-02 4.546697437763214111e-02
2.905811623246493003e+00 4.167125746607780457e-02 1.333667524158954620e-02 4.453522339463233948e-02 3.946611285209655762e-02 4.405065253376960754e-02 4.062274843454360962e-02 3.229736909270286560e-02 4.156751185655593872e-02 4.624106734991073608e-02 4.551946744322776794e-02 3.600005805492401123e-02 4.330299422144889832e-02
2.925851703406813442e+00 3.945203870534896851e-02 1.336508709937334061e-02 4.242423921823501587e-02 3.726354613900184631e-02 4.204999655485153198e-02 3.822074830532073975e-02 3.020159155130386353e-02 3.914709761738777161e-02 4.400886222720146179e-02 4.339016973972320557e-02 3.381715342402458191e-02 4.129740223288536072e-02
2.945891783567134325e+00 3.740279749035835266e-02 1.335154660046100616e-02 4.046525061130523682e-02 3.523837774991989136e-02 4.019974544644355774e-02 3.600696474313735962e-02 2.830761298537254333e-02 3.690915182232856750e-02 4.192885011434555054e-02 4.141273349523544312e-02 3.182694688439369202e-02 3.944376111030578613e-02
2.965931863727454765e+00 3.551506996154785156e-02 1.329791639000177383e-02 3.865332901477813721e-02 3.338289633393287659e-02 3.849457576870918274e-02 3.397536650300025940e-02 2.660599350929260254e-02 3.484788909554481506e-02 3.999505564570426941e-02 3.958007320761680603e-02 3.001890517771244049e-02 3.773471713066101074e-02
2.985971943887775648e+00 3.378248214721679688e-02 1.320889219641685486e-02 3.698221966624259949e-02 3.168969973921775818e-02 3.692664951086044312e-02 3.211675584316253662e-02 2.508456073701381683e-02 3.295717760920524597e-02 3.820371255278587341e-02 3.788645565509796143e-02 2.838430181145668030e-02 3.616592288017272949e-02
3.006012024048096087e+00 3.219693899154663086e-02 1.308696996420621872e-02 3.544431179761886597e-02 3.014989756047725677e-02 3.549187257885932922e-02 3.042431175708770752e-02 2.373271808028221130e-02 3.122878819704055786e-02 3.654778003692626953e-02 3.632512316107749939e-02 2.691368944942951202e-02 3.472924977540969849e-02
3.026052104208416527e+00 3.075223229825496674e-02 1.293676812201738358e-02 3.403344377875328064e-02 2.875535935163497925e-02 3.418121114373207092e-02 2.888922020792961121e-02 2.253733016550540924e-02 2.965491451323032379e-02 3.502200916409492493e-02 3.488895669579505920e-02 2.559718489646911621e-02 3.341795876622200012e-02
3.046092184368737410e+00 2.944029122591018677e-02 1.276366598904132843e-02 3.274311125278472900e-02 2.749717980623245239e-02 3.298896178603172302e-02 2.750386483967304230e-02 2.148528210818767548e-02 2.822683379054069519e-02 3.361909836530685425e-02 3.357265889644622803e-02 2.442390285432338715e-02 3.222468495368957520e-02
3.066132264529057849e+00 2.825147844851016998e-02 1.257074810564517975e-02 3.156641870737075806e-02 2.636618167161941528e-02 3.190726786851882935e-02 2.625798434019088745e-02 2.056556008756160736e-02 2.693689242005348206e-02 3.233256936073303223e-02 3.236901387572288513e-02 2.338399179279804230e-02 3.114199638366699219e-02
3.086172344689378733e+00 2.717858552932739258e-02 1.236299984157085419e-02 3.049501217901706696e-02 2.535395510494709015e-02 3.092839568853378296e-02 2.514193952083587646e-02 1.976479776203632355e-02 2.577566727995872498e-02 3.115660138428211212e-02 3.126989305019378662e-02 2.246561460196971893e-02 3.016273677349090576e-02
3.106212424849699172e+00 2.621318586170673370e-02 1.214432902634143829e-02 2.952349558472633362e-02 2.445116266608238220e-02 3.004514984786510468e-02 2.414550818502902985e-02 1.907172240316867828e-02 2.473470568656921387e-02 3.008313290774822235e-02 3.026948682963848114e-02 2.165848203003406525e-02 2.927853725850582123e-02
3.126252505010020055e+00 2.534813620150089264e-02 1.191940251737833023e-02 2.864495106041431427e-02 2.364938333630561829e-02 2.925094217061996460e-02 2.325889095664024353e-02 1.847542263567447662e-02 2.380409836769104004e-02 2.910682000219821930e-02 2.936205454170703888e-02 2.095248922705650330e-02 2.848279476165771484e-02
3.146292585170340494e+00 2.457438223063945770e-02 1.169223710894584656e-02 2.785198949277400970e-02 2.293889783322811127e-02 2.853670530021190643e-02 2.247306704521179199e-02 1.796411536633968353e-02 2.297499403357505798e-02 2.822127752006053925e-02 2.854097820818424225e-02 2.033650688827037811e-02 2.776849083602428436e-02
3.166332665330661378e+00 2.388515323400497437e-02 1.146493293344974518e-02 2.713854052126407623e-02 2.231138199567794800e-02 2.789627574384212494e-02 2.177890948951244354e-02 1.752841845154762268e-02 2.223894372582435608e-02 2.741962485015392303e-02 2.779911644756793976e-02 1.980188675224781036e-02 2.712840773165225983e-02
3.186372745490981817e+00 2.327341958880424500e-02 1.124139409512281418e-02 2.649835869669914246e-02 2.175894938409328461e-02 2.732473611831665039e-02 2.116724289953708649e-02 1.715832017362117767e-02 2.158788964152336121e-02 2.669546008110046387e-02 2.713167853653430939e-02 1.934097521007061005e-02 2.655718103051185608e-02
3.206412825651302256e+00 2.273128181695938110e-02 1.102283410727977753e-02 2.592506259679794312e-02 2.127523161470890045e-02 2.681632898747920990e-02 2.063147723674774170e-02 1.684596203267574310e-02 2.101354300975799561e-02 2.604267559945583344e-02 2.653083391487598419e-02 1.894465647637844086e-02 2.604808472096920013e-02
3.226452905811623140e+00 2.225239761173725128e-02 1.081007439643144608e-02 2.541268989443778992e-02 2.085237763822078705e-02 2.636347711086273193e-02 2.016215026378631592e-02 1.658424176275730133e-02 2.050828933715820312e-02 2.545493282377719879e-02 2.599097229540348053e-02 1.860587857663631439e-02 2.559516578912734985e-02
3.246492985971943579e+00 2.183116786181926727e-02 1.060544885694980621e-02 2.495628781616687775e-02 2.048342116177082062e-02 2.596214413642883301e-02 1.975240372121334076e-02 1.636635884642601013e-02 2.006417140364646912e-02 2.492742240428924561e-02 2.550627849996089935e-02 1.831710524857044220e-02 2.519325539469718933e-02
3.266533066132264462e+00 2.146234363317489624e-02 1.041008438915014267e-02 2.455101907253265381e-02 2.016287669539451599e-02 2.560756169259548187e-02 1.939493604004383087e-02 1.618604734539985657e-02 1.967472024261951447e-02 2.445482090115547180e-02 2.507281303405761719e-02 1.807274855673313141e-02 2.483678236603736877e-02
3.286573146292584902e+00 2.114030532538890839e-02 1.022380590438842773e-02 2.419137395918369293e-02 1.988505944609642029e-02 2.529336139559745789e-02 1.908414252102375031e-02 1.603844389319419861e-02 1.933427341282367706e-02 2.403233014047145844e-02 2.468548528850078583e-02 1.786717958748340607e-02 2.452248334884643555e-02
3.306613226452905785e+00 2.085960470139980316e-02 1.004638895392417908e-02 2.387326210737228394e-02 1.964481920003890991e-02 2.501365542411804199e-02 1.881451345980167389e-02 1.591891050338745117e-02 1.903780363500118256e-02 2.365526184439659119e-02 2.433970756828784943e-02 1.769429259002208710e-02 2.424492314457893372e-02
3.326653306613226224e+00 2.061663568019866943e-02 9.877528995275497437e-03 2.359241060912609100e-02 1.943894661962985992e-02 2.476629242300987244e-02 1.858083344995975494e-02 1.582314632833003998e-02 1.877951435744762421e-02 2.331801876425743103e-02 2.403054200112819672e-02 1.754987426102161407e-02 2.399967610836029053e-02
3.346693386773547108e+00 2.040555328130722046e-02 9.718540124595165253e-03 2.334437146782875061e-02 1.926121301949024200e-02 2.454865165054798126e-02 1.837821118533611298e-02 1.574783772230148315e-02 1.855482906103134155e-02 2.301715686917304993e-02 2.375461906194686890e-02 1.742997951805591583e-02 2.378305234014987946e-02
3.366733466933867547e+00 2.022272534668445587e-02 9.568219073116779327e-03 2.312567085027694702e-02 1.910851337015628815e-02 2.435533329844474792e-02 1.820228435099124908e-02 1.568996533751487732e-02 1.835854537785053253e-02 2.274818532168865204e-02 2.350836619734764099e-02 1.733168959617614746e-02 2.359207719564437866e-02
3.386773547094188430e+00 2.006564289331436157e-02 9.425605647265911102e-03 2.293262630701065063e-02 1.897757872939109802e-02 2.418342418968677521e-02 1.804987527430057526e-02 1.564715430140495300e-02 1.818811520934104919e-02 2.250853367149829865e-02 2.328866720199584961e-02 1.725160144269466400e-02 2.342340536415576935e-02
3.406813627254508869e+00 1.993107050657272339e-02 9.290765039622783661e-03 2.276210114359855652e-02 1.886540465056896210e-02 2.403173409402370453e-02 1.791780628263950348e-02 1.561733335256576538e-02 1.804009079933166504e-02 2.229526825249195099e-02 2.309170924127101898e-02 1.718667894601821899e-02 2.327432483434677124e-02
3.426853707414829309e+00 1.981429383158683777e-02 9.163680486381053925e-03 2.261080034077167511e-02 1.876970753073692322e-02 2.389797940850257874e-02 1.780411042273044586e-02 1.559802237898111343e-02 1.791157387197017670e-02 2.210515923798084259e-02 2.291505225002765656e-02 1.713581569492816925e-02 2.314266934990882874e-02
3.446893787575150192e+00 1.971463114023208618e-02 9.042470715939998627e-03 2.247698605060577393e-02 1.868889294564723969e-02 2.377876825630664825e-02 1.770624145865440369e-02 1.558806840330362320e-02 1.780025102198123932e-02 2.193555980920791626e-02 2.275608852505683899e-02 1.709607616066932678e-02 2.302572689950466156e-02
3.466933867735470631e+00 1.963049545884132385e-02 8.926512673497200012e-03 2.235812693834304810e-02 1.862060464918613434e-02 2.367276325821876526e-02 1.762120984494686127e-02 1.558623556047677994e-02 1.770341396331787109e-02 2.178286761045455933e-02 2.261266671121120453e-02 1.706582494080066681e-02 2.292170189321041107e-02
3.486973947895791515e+00 1.955871842801570892e-02 8.815455250442028046e-03 2.225243672728538513e-02 1.856328547000885010e-02 2.357715927064418793e-02 1.754721812903881073e-02 1.559085771441459656e-02 1.761970855295658112e-02 2.164593711495399475e-02 2.248289249837398529e-02 1.704417541623115540e-02 2.282874844968318939e-02
3.507014028056111954e+00 1.949767395853996277e-02 8.708207868039608002e-03 2.215806022286415100e-02 1.851486787199974060e-02 2.348998002707958221e-02 1.748430915176868439e-02 1.560044661164283752e-02 1.754666306078433990e-02 2.152252011001110077e-02 2.236508391797542572e-02 1.703027822077274323e-02 2.274486236274242401e-02
3.527054108216432837e+00 1.944620348513126373e-02 8.603692054748535156e-03 2.207275852560997009e-02 1.847385987639427185e-02 2.340918406844139099e-02 1.742988266050815582e-02 1.561440527439117432e-02 1.748291589319705963e-02 2.141028828918933868e-02 2.225859090685844421e-02 1.702256500720977783e-02 2.266777120530605316e-02
3.547094188376753277e+00 1.940177567303180695e-02 8.504208177328109741e-03 2.199494652450084686e-02 1.843922771513462067e-02 2.333633415400981903e-02 1.738177984952926636e-02 1.563087664544582367e-02 1.742738485336303711e-02 2.130803652107715607e-02 2.216107398271560669e-02 1.701844483613967896e-02 2.259686402976512909e-02
3.567134268537074160e+00 1.936325617134571075e-02 8.408143185079097748e-03 2.192423306405544281e-02 1.840950176119804382e-02 2.326794341206550598e-02 1.733914576470851898e-02 1.564938947558403015e-02 1.737906411290168762e-02 2.121398970484733582e-02 2.207046002149581909e-02 1.701753959059715271e-02 2.253190241754055023e-02
3.587174348697394599e+00 1.932979188859462738e-02 8.314372971653938293e-03 2.185833640396595001e-02 1.838386245071887970e-02 2.320380508899688721e-02 1.730107329785823822e-02 1.567020826041698456e-02 1.733674667775630951e-02 2.112706005573272705e-02 2.198626101016998291e-02 1.701986975967884064e-02 2.247109822928905487e-02
3.607214428857715482e+00 1.930022612214088440e-02 8.222722448408603668e-03 2.179572358727455139e-02 1.836143061518669128e-02 2.314337529242038727e-02 1.726814545691013336e-02 1.569248177111148834e-02 1.729921065270900726e-02 2.104589156806468964e-02 2.190815657377243042e-02 1.702430099248886108e-02 2.241347171366214752e-02
3.627254509018035922e+00 1.927448995411396027e-02 8.131812326610088348e-03 2.173691056668758392e-02 1.834172569215297699e-02 2.308427169919013977e-02 1.723909191787242889e-02 1.571569219231605530e-02 1.726592518389225006e-02 2.096867933869361877e-02 2.183428220450878143e-02 1.703020557761192322e-02 2.235816419124603271e-02
3.647294589178356361e+00 1.925098709762096405e-02 8.041256107389926910e-03 2.167992293834686279e-02 1.832346059381961823e-02 2.302537858486175537e-02 1.721217855811119080e-02 1.573994196951389313e-02 1.723628677427768707e-02 2.089530415832996368e-02 2.176355011761188507e-02 1.703790389001369476e-02 2.230510488152503967e-02
3.667334669338677244e+00 1.922923512756824493e-02 7.951521314680576324e-03 2.162451297044754028e-02 1.830630190670490265e-02 2.296833507716655731e-02 1.718771085143089294e-02 1.576444506645202637e-02 1.720896176993846893e-02 2.082465402781963348e-02 2.169558033347129822e-02 1.704737357795238495e-02 2.225256524980068207e-02
3.687374749498997684e+00 1.920771971344947815e-02 7.863096892833709717e-03 2.157017588615417480e-02 1.828990876674652100e-02 2.291089110076427460e-02 1.716359518468379974e-02 1.578867994248867035e-02 1.718387566506862640e-02 2.075622789561748505e-02 2.162950485944747925e-02 1.705667935311794281e-02 2.220121584832668304e-02
3.707414829659318567e+00 1.918607391417026520e-02 7.774692028760910034e-03 2.151511050760746002e-02 1.827372796833515167e-02 2.285325713455677032e-02 1.714152097702026367e-02 1.581235975027084351e-02 1.716136373579502106e-02 2.068973332643508911e-02 2.156473509967327118e-02 1.706564053893089294e-02 2.215003967285156250e-02
3.727454909819639006e+00 1.916421391069889069e-02 7.684933021664619446e-03 2.145866304636001587e-02 1.825776882469654083e-02 2.279479242861270905e-02 1.712039858102798462e-02 1.583532057702541351e-02 1.714028045535087585e-02 2.062399126589298248e-02 2.149936743080615997e-02 1.707509718835353851e-02 2.209781110286712646e-02
3.747494989979959890e+00 1.914197020232677460e-02 7.594705559313297272e-03 2.140200696885585785e-02 1.824174448847770691e-02 2.273487299680709839e-02 1.709984429180622101e-02 1.585736684501171112e-02 1.711983233690261841e-02 2.055950649082660675e-02 2.143378555774688721e-02 1.708434522151947021e-02 2.204445749521255493e-02
3.767535070140280329e+00 1.911882869899272919e-02 7.502523716539144516e-03 2.134460210800170898e-02 1.822605170309543610e-02 2.267182432115077972e-02 1.708009466528892517e-02 1.587880775332450867e-02 1.709995046257972717e-02 2.049508504569530487e-02 2.136728167533874512e-02 1.709294691681861877e-02 2.198970131576061249e-02
3.787575150300601212e+00 1.909418776631355286e-02 7.409912999719381332e-03 2.128577977418899536e-02 1.821100898087024689e-02 2.260779589414596558e-02 1.705965958535671234e-02 1.589960418641567230e-02 1.707955263555049896e-02 2.043087780475616455e-02 2.129965834319591522e-02 1.710045710206031799e-02 2.193304151296615601e-02
3.807615230460921651e+00 1.906870119273662567e-02 7.315837778151035309e-03 2.122508175671100616e-02 1.819545216858386993e-02 2.254115790128707886e-02 1.703966967761516571e-02 1.591949723660945892e-02 1.705836877226829529e-02 2.036701329052448273e-02 2.123139426112174988e-02 1.710661128163337708e-02 2.187399938702583313e-02
3.827655310621242535e+00 1.904186978936195374e-02 7.219778839498758316e-03 2.116269990801811218e-02 1.817963272333145142e-02 2.247047424316406250e-02 1.701923459768295288e-02 1.593807898461818695e-02 1.703677885234355927e-02 2.030288055539131165e-02 2.116191014647483826e-02 1.711195893585681915e-02 2.181292138993740082e-02
3.847695390781562974e+00 1.901271753013134003e-02 7.122382055968046188e-03 2.109745144844055176e-02 1.816250197589397430e-02 2.239687368273735046e-02 1.699806749820709229e-02 1.595541462302207947e-02 1.701497845351696014e-02 2.023803815245628357e-02 2.109132893383502960e-02 1.711633428931236267e-02 2.175010927021503448e-02
3.867735470941883413e+00 1.898216269910335541e-02 7.022960111498832703e-03 2.103034965693950653e-02 1.814396679401397705e-02 2.232015132904052734e-02 1.697607897222042084e-02 1.597190089523792267e-02 1.699252612888813019e-02 2.017225883901119232e-02 2.101957611739635468e-02 1.711942814290523529e-02 2.168385311961174011e-02
3.887775551102204297e+00 1.894973404705524445e-02 6.921987514942884445e-03 2.096087299287319183e-02 1.812393404543399811e-02 2.224090136587619781e-02 1.695385947823524475e-02 1.598675362765789032e-02 1.696917042136192322e-02 2.010544575750827789e-02 2.094682306051254272e-02 1.712093316018581390e-02 2.161386050283908844e-02
3.907815631262524736e+00 1.891543902456760406e-02 6.819149013608694077e-03 2.088962867856025696e-02 1.810269057750701904e-02 2.215839736163616180e-02 1.693110167980194092e-02 1.600061543285846710e-02 1.694510504603385925e-02 2.003789693117141724e-02 2.087282016873359680e-02 1.712152548134326935e-02 2.154104970395565033e-02
3.927855711422845619e+00 1.887933909893035889e-02 6.714404094964265823e-03 2.081553637981414795e-02 1.807956397533416748e-02 2.207336761057376862e-02 1.690862700343132019e-02 1.601272262632846832e-02 1.691981777548789978e-02 1.996955648064613342e-02 2.079644054174423218e-02 1.712143607437610626e-02 2.146550454199314117e-02
3.947895791583166059e+00 1.884186454117298126e-02 6.607515271753072739e-03 2.073940634727478027e-02 1.805483922362327576e-02 2.198440954089164734e-02 1.688512414693832397e-02 1.602348312735557556e-02 1.689339801669120789e-02 1.990013010799884796e-02 2.071671001613140106e-02 1.711877249181270599e-02 2.138714306056499481e-02
3.967935871743486942e+00 1.880203187465667725e-02 6.498921662569046021e-03 2.066130004823207855e-02 1.802782155573368073e-02 2.189201675355434418e-02 1.686155609786510468e-02 1.603182218968868256e-02 1.686650887131690979e-02 1.982956938445568085e-02 2.063477784395217896e-02 1.711524836719036102e-02 2.130613848567008972e-02
3.987975951903807381e+00 1.876016147434711456e-02 6.388375535607337952e-03 2.058122679591178894e-02 1.799864135682582855e-02 2.179619856178760529e-02 1.683715544641017914e-02 1.603898778557777405e-02 1.683833077549934387e-02 1.975763402879238129e-02 2.055081166326999664e-02 1.711030676960945129e-02 2.122183702886104584e-02
4.008016032064127820e+00 1.871520280838012695e-02 6.276227533817291260e-03 2.049907483160495758e-02 1.796729862689971924e-02 2.169706299901008606e-02 1.681161485612392426e-02 1.604456827044487000e-02 1.680891215801239014e-02 1.968456991016864777e-02 2.046430110931396484e-02 1.710384525358676910e-02 2.113420143723487854e-02
4.028056112224448704e+00 1.866791024804115295e-02 6.162024568766355515e-03 2.041464298963546753e-02 1.793366298079490662e-02 2.159396745264530182e-02 1.678503863513469696e-02 1.604922115802764893e-02 1.677901484072208405e-02 1.961029320955276489e-02 2.037595771253108978e-02 1.709507964551448822e-02 2.104376070201396942e-02
4.048096192384769587e+00 1.861906796693801880e-02 6.046620197594165802e-03 2.032846026122570038e-02 1.789864525198936462e-02 2.148816548287868500e-02 1.675763167440891266e-02 1.605189964175224304e-02 1.674803532660007477e-02 1.953455619513988495e-02 2.028619311749935150e-02 1.708423718810081482e-02 2.094993554055690765e-02
4.068136272545089582e+00 1.856832206249237061e-02 5.928948987275362015e-03 2.024056389927864075e-02 1.786198653280735016e-02 2.137918770313262939e-02 1.672923192381858826e-02 1.605370081961154938e-02 1.671656221151351929e-02 1.945762895047664642e-02 2.019379474222660065e-02 1.707145757973194122e-02 2.085270173847675323e-02
4.088176352705410466e+00 1.851491257548332214e-02 5.810551345348358154e-03 2.015136182308197021e-02 1.782291755080223083e-02 2.126773633062839508e-02 1.669969223439693451e-02 1.605387590825557709e-02 1.668475195765495300e-02 1.937955804169178009e-02 2.010013721883296967e-02 1.705742813646793365e-02 2.075305394828319550e-02
4.108216432865731349e+00 1.846010796725749969e-02 5.690961144864559174e-03 2.006055228412151337e-02 1.778235845267772675e-02 2.115342393517494202e-02 1.666922308504581451e-02 1.605301536619663239e-02 1.665195450186729431e-02 1.929997839033603668e-02 2.000468783080577850e-02 1.704015210270881653e-02 2.065078355371952057e-02
4.128256513026052232e+00 1.840408332645893097e-02 5.570428445935249329e-03 1.996782235801219940e-02 1.773951947689056396e-02 2.103617414832115173e-02 1.663806848227977753e-02 1.604986563324928284e-02 1.661826670169830322e-02 1.921906694769859314e-02 1.990761607885360718e-02 1.702066697180271149e-02 2.054606564342975616e-02
4.148296593186372228e+00 1.834695599973201752e-02 5.449867341667413712e-03 1.987354271113872528e-02 1.769472844898700714e-02 2.091665379703044891e-02 1.660580001771450043e-02 1.604466512799263000e-02 1.658313721418380737e-02 1.913715153932571411e-02 1.980898901820182800e-02 1.699944399297237396e-02 2.043989673256874084e-02
4.168336673346693111e+00 1.828878186643123627e-02 5.328428000211715698e-03 1.977776363492012024e-02 1.764867268502712250e-02 2.079482749104499817e-02 1.657213270664215088e-02 1.603791303932666779e-02 1.654786244034767151e-02 1.905458047986030579e-02 1.970914192497730255e-02 1.697652786970138550e-02 2.033132873475551605e-02
4.188376753507013994e+00 1.822811737656593323e-02 5.206657107919454575e-03 1.968049257993698120e-02 1.760136522352695465e-02 2.067117206752300262e-02 1.653800345957279205e-02 1.602947339415550232e-02 1.651200465857982635e-02 1.897098124027252197e-02 1.960846595466136932e-02 1.695196889340877533e-02 2.022099122405052185e-02
4.208416833667334878e+00 1.816617324948310852e-02 5.085209850221872330e-03 1.958202198147773743e-02 1.755295880138874054e-02 2.054686844348907471e-02 1.650257408618927002e-02 1.602010056376457214e-02 1.647529564797878265e-02 1.888608187437057495e-02 1.950640603899955750e-02 1.692583225667476654e-02 2.010978199541568756e-02
4.228456913827654873e+00 1.810238324105739594e-02 4.962880164384841919e-03 1.948220096528530121e-02 1.750319637358188629e-02 2.041972056031227112e-02 1.646684855222702026e-02 1.600932329893112183e-02 1.643810980021953583e-02 1.879999414086341858e-02 1.940258406102657318e-02 1.689706556499004364e-02 1.999735273420810699e-02
4.248496993987975756e+00 1.803727261722087860e-02 4.841150250285863876e-03 1.938067376613616943e-02 1.745199225842952728e-02 2.029208652675151825e-02 1.643013395369052887e-02 1.599680818617343903e-02 1.640005968511104584e-02 1.871260255575180054e-02 1.929729245603084564e-02 1.686596684157848358e-02 1.988381147384643555e-02
4.268537074148296639e+00 1.797020249068737030e-02 4.719878081232309341e-03 1.927803456783294678e-02 1.739993505179882050e-02 2.016365341842174530e-02 1.639247499406337738e-02 1.598280668258666992e-02 1.636108942329883575e-02 1.862378418445587158e-02 1.919166930019855499e-02 1.683355309069156647e-02 1.976900920271873474e-02
4.288577154308616635e+00 1.790145412087440491e-02 4.599127918481826782e-03 1.917322725057601929e-02 1.734674908220767975e-02 2.003389783203601837e-02 1.635353825986385345e-02 1.596711389720439911e-02 1.632087863981723785e-02 1.853449083864688873e-02 1.908581517636775970e-02 1.679998263716697693e-02 1.965340226888656616e-02
4.308617234468937518e+00 1.783168129622936249e-02 4.478174727410078049e-03 1.906737312674522400e-02 1.729217916727066040e-02 1.990433409810066223e-02 1.631474867463111877e-02 1.595105417072772980e-02 1.628081128001213074e-02 1.844395324587821960e-02 1.897995173931121826e-02 1.676554791629314423e-02 1.953675225377082825e-02
4.328657314629258401e+00 1.776138320565223694e-02 4.358245059847831726e-03 1.896026730537414551e-02 1.723645068705081940e-02 1.977456919848918915e-02 1.627524942159652710e-02 1.593358628451824188e-02 1.624048687517642975e-02 1.835300400853157043e-02 1.887325383722782135e-02 1.672904938459396362e-02 1.942030526697635651e-02
4.348697394789579285e+00 1.769022084772586823e-02 4.239662550389766693e-03 1.885247789323329926e-02 1.717979647219181061e-02 1.964581012725830078e-02 1.623552478849887848e-02 1.591465063393115997e-02 1.619951613247394562e-02 1.826087944209575653e-02 1.876656524837017059e-02 1.669113710522651672e-02 1.930320821702480316e-02
4.368737474949899280e+00 1.761800236999988556e-02 4.122168291360139847e-03 1.874476671218872070e-02 1.712188124656677246e-02 1.951639167964458466e-02 1.619513519108295441e-02 1.589423604309558868e-02 1.615784876048564911e-02 1.816842891275882721e-02 1.865988783538341522e-02 1.665217615664005280e-02 1.918561942875385284e-02
4.388777555110220163e+00 1.754518970847129822e-02 4.005734808743000031e-03 1.863677613437175751e-02 1.706323586404323578e-02 1.938656158745288849e-02 1.615422591567039490e-02 1.587233319878578186e-02 1.611576974391937256e-02 1.807493343949317932e-02 1.855368167161941528e-02 1.661199890077114105e-02 1.906787790358066559e-02
4.408817635270541047e+00 1.747212558984756470e-02 3.890300868079066277e-03 1.852863840758800507e-02 1.700369454920291901e-02 1.925646327435970306e-02 1.611323840916156769e-02 1.584872044622898102e-02 1.607389934360980988e-02 1.798031292855739594e-02 1.844746060669422150e-02 1.657039858400821686e-02 1.895049028098583221e-02
4.428857715430861930e+00 1.739915274083614349e-02 3.775811986997723579e-03 1.842033863067626953e-02 1.694317534565925598e-02 1.912599429488182068e-02 1.607123762369155884e-02 1.582479849457740784e-02 1.603100821375846863e-02 1.788491941988468170e-02 1.834156550467014313e-02 1.652858965098857880e-02 1.883332431316375732e-02
4.448897795591181925e+00 1.732514798641204834e-02 3.662342438474297523e-03 1.831208541989326477e-02 1.688169129192829132e-02 1.899443566799163818e-02 1.602892577648162842e-02 1.579919271171092987e-02 1.598704978823661804e-02 1.778921298682689667e-02 1.823444291949272156e-02 1.648502051830291748e-02 1.871625706553459167e-02
4.468937875751502808e+00 1.725047081708908081e-02 3.549737390130758286e-03 1.820430159568786621e-02 1.681960746645927429e-02 1.886269450187683105e-02 1.598620228469371796e-02 1.577342115342617035e-02 1.594250090420246124e-02 1.769343949854373932e-02 1.812726445496082306e-02 1.644035428762435913e-02 1.859920099377632141e-02
4.488977955911823692e+00 1.717517711222171783e-02 3.438053419813513756e-03 1.809637993574142456e-02 1.675694063305854797e-02 1.872996985912322998e-02 1.594240218400955200e-02 1.574624516069889069e-02 1.589821279048919678e-02 1.759798079729080200e-02 1.802061311900615692e-02 1.639511622488498688e-02 1.848236657679080963e-02
4.509018036072143687e+00 1.710032671689987183e-02 3.327823011204600334e-03 1.798888109624385834e-02 1.669367775321006775e-02 1.859793998301029205e-02 1.589772105216979980e-02 1.571882143616676331e-02 1.585346832871437073e-02 1.750258542597293854e-02 1.791403628885746002e-02 1.634943298995494843e-02 1.836587488651275635e-02
4.529058116232464570e+00 1.702590845525264740e-02 3.218875266611576080e-03 1.788111776113510132e-02 1.662965305149555206e-02 1.846673525869846344e-02 1.585248671472072601e-02 1.569015160202980042e-02 1.580835320055484772e-02 1.740657910704612732e-02 1.780731417238712311e-02 1.630369573831558228e-02 1.824936084449291229e-02
4.549098196392785454e+00 1.695083826780319214e-02 3.112137783318758011e-03 1.777373440563678741e-02 1.656527630984783173e-02 1.833635196089744568e-02 1.580618508160114288e-02 1.566069386899471283e-02 1.576245389878749847e-02 1.731072925031185150e-02 1.770121976733207703e-02 1.625686138868331909e-02 1.813328824937343597e-02
4.569138276553106337e+00 1.687498949468135834e-02 3.006524872034788132e-03 1.766676828265190125e-02 1.650087162852287292e-02 1.820600964128971100e-02 1.575900800526142120e-02 1.563109084963798523e-02 1.571596786379814148e-02 1.721529476344585419e-02 1.759525015950202942e-02 1.620991155505180359e-02 1.801773719489574432e-02
4.589178356713426332e+00 1.679865270853042603e-02 2.902641659602522850e-03 1.755993813276290894e-02 1.643649116158485413e-02 1.807789131999015808e-02 1.571190170943737030e-02 1.560096070170402527e-02 1.566874980926513672e-02 1.712078042328357697e-02 1.748910546302795410e-02 1.616277359426021576e-02 1.790229976177215576e-02
4.609218436873747216e+00 1.672188937664031982e-02 2.800828777253627777e-03 1.745332218706607819e-02 1.637265458703041077e-02 1.795110665261745453e-02 1.566462777554988861e-02 1.557028293609619141e-02 1.562102138996124268e-02 1.702680252492427826e-02 1.738418266177177429e-02 1.611529849469661713e-02 1.778817363083362579e-02
4.629258517034068099e+00 1.664454489946365356e-02 2.701229648664593697e-03 1.734774932265281677e-02 1.630879938602447510e-02 1.782549731433391571e-02 1.561665348708629608e-02 1.553936116397380829e-02 1.557270716875791550e-02 1.693293452262878418e-02 1.728062331676483154e-02 1.606775633990764618e-02 1.767513528466224670e-02
4.649298597194388982e+00 1.656786911189556122e-02 2.603687113150954247e-03 1.724208332598209381e-02 1.624515652656555176e-02 1.770179532468318939e-02 1.556849479675292969e-02 1.550795789808034897e-02 1.552410144358873367e-02 1.683929376304149628e-02 1.717739365994930267e-02 1.601934246718883514e-02 1.756315305829048157e-02
4.669338677354708977e+00 1.649207808077335358e-02 2.508553210645914078e-03 1.713716052472591400e-02 1.618205942213535309e-02 1.757983118295669556e-02 1.552036590874195099e-02 1.547537371516227722e-02 1.547519862651824951e-02 1.674610376358032227e-02 1.707426644861698151e-02 1.597000472247600555e-02 1.745229214429855347e-02
4.689378757515029861e+00 1.641640998423099518e-02 2.415498252958059311e-03 1.703306473791599274e-02 1.611929945647716522e-02 1.745969988405704498e-02 1.547228451818227768e-02 1.544186193495988846e-02 1.542615704238414764e-02 1.665300875902175903e-02 1.697156950831413269e-02 1.592047140002250671e-02 1.734241098165512085e-02
4.709418837675350744e+00 1.634064316749572754e-02 2.325094537809491158e-03 1.693007349967956543e-02 1.605688966810703278e-02 1.734228804707527161e-02 1.542412396520376205e-02 1.540722977370023727e-02 1.537770219147205353e-02 1.656015031039714813e-02 1.686986722052097321e-02 1.587057113647460938e-02 1.723390072584152222e-02
4.729458917835670739e+00 1.626519113779067993e-02 2.237362088635563850e-03 1.682759448885917664e-02 1.599430479109287262e-02 1.722636632621288300e-02 1.537511218339204788e-02 1.537178643047809601e-02 1.532802358269691467e-02 1.646787114441394806e-02 1.676871255040168762e-02 1.582062803208827972e-02 1.712620258331298828e-02
4.749498997995991623e+00 1.619060151278972626e-02 2.151063643395900726e-03 1.672649383544921875e-02 1.593182422220706940e-02 1.711108349263668060e-02 1.532653626054525375e-02 1.533631794154644012e-02 1.527833845466375351e-02 1.637606136500835419e-02 1.666855998337268829e-02 1.577062159776687622e-02 1.701949164271354675e-02
4.769539078156312506e+00 1.611630432307720184e-02 2.067692345008254051e-03 1.662597991526126862e-02 1.586924120783805847e-02 1.699829287827014923e-02 1.527705322951078415e-02 1.530000008642673492e-02 1.522885728627443314e-02 1.628462225198745728e-02 1.656965538859367371e-02 1.571995951235294342e-02 1.691380143165588379e-02
4.789579158316633389e+00 1.604223065078258514e-02 1.986969495192170143e-03 1.652683876454830170e-02 1.580614596605300903e-02 1.688672043383121490e-02 1.522715017199516296e-02 1.526282262057065964e-02 1.517880335450172424e-02 1.619488373398780823e-02 1.647090166807174683e-02 1.566855609416961670e-02 1.680915988981723785e-02
4.809619238476953385e+00 1.596841216087341309e-02 1.908483216539025307e-03 1.642884314060211182e-02 1.574279554188251495e-02 1.677727140486240387e-02 1.517727971076965332e-02 1.522507425397634506e-02 1.512885466217994690e-02 1.610522344708442688e-02 1.637299545109272003e-02 1.561674196273088455e-02 1.670535095036029816e-02
4.829659318637274268e+00 1.589441671967506409e-02 1.831990899518132210e-03 1.633138582110404968e-02 1.567910052835941315e-02 1.666830852627754211e-02 1.512698549777269363e-02 1.518651284277439117e-02 1.507892552763223648e-02 1.601680554449558258e-02 1.627597399055957794e-02 1.556399371474981308e-02 1.660283468663692474e-02
4.849699398797595151e+00 1.582115329802036285e-02 1.757476828061044216e-03 1.623566821217536926e-02 1.561491750180721283e-02 1.655956730246543884e-02 1.507726032286882401e-02 1.514729484915733337e-02 1.502827927470207214e-02 1.592965982854366302e-02 1.618041843175888062e-02 1.551112066954374313e-02 1.650102622807025909e-02
4.869739478957916035e+00 1.574789732694625854e-02 1.684970338828861713e-03 1.614116504788398743e-02 1.555064693093299866e-02 1.645226217806339264e-02 1.502746064215898514e-02 1.510769687592983246e-02 1.497744675725698471e-02 1.584357768297195435e-02 1.608585566282272339e-02 1.545806135982275009e-02 1.640001870691776276e-02
4.889779559118236030e+00 1.567464321851730347e-02 1.613926840946078300e-03 1.604749821126461029e-02 1.548650208860635757e-02 1.634529605507850647e-02 1.497773732990026474e-02 1.506693381816148758e-02 1.492656487971544266e-02 1.575826480984687805e-02 1.599177531898021698e-02 1.540388818830251694e-02 1.629938557744026184e-02
4.909819639278556913e+00 1.560261473059654236e-02 1.544389524497091770e-03 1.595463044941425323e-02 1.542219799011945724e-02 1.623878069221973419e-02 1.492854300886392593e-02 1.502569671720266342e-02 1.487539801746606827e-02 1.567366346716880798e-02 1.589855924248695374e-02 1.535000652074813843e-02 1.619948446750640869e-02
4.929859719438877796e+00 1.553095690906047821e-02 1.475797966122627258e-03 1.586253009736537933e-02 1.535836327821016312e-02 1.613256521522998810e-02 1.487945951521396637e-02 1.498461328446865082e-02 1.482420880347490311e-02 1.559021696448326111e-02 1.580625213682651520e-02 1.529668644070625305e-02 1.610022597014904022e-02
4.949899799599197792e+00 1.546078920364379883e-02 1.409212942235171795e-03 1.577098853886127472e-02 1.529420912265777588e-02 1.602737791836261749e-02 1.483007613569498062e-02 1.494316756725311279e-02 1.477326359599828720e-02 1.550758257508277893e-02 1.571476273238658905e-02 1.524267997592687607e-02 1.600132510066032410e-02
4.969939879759518675e+00 1.539130602031946182e-02 1.344292657449841499e-03 1.567989215254783630e-02 1.523006800562143326e-02 1.592459902167320251e-02 1.478169206529855728e-02 1.490147784352302551e-02 1.472245808690786362e-02 1.542607601732015610e-02 1.562386751174926758e-02 1.518838945776224136e-02 1.590284891426563263e-02
4.989979959919839558e+00 1.532241795212030411e-02 1.280602184124290943e-03 1.558976527303457260e-02 1.516592968255281448e-02 1.582228951156139374e-02 1.473400276154279709e-02 1.485996507108211517e-02 1.467243023216724396e-02 1.534591149538755417e-02 1.553474087268114090e-02 1.513335853815078735e-02 1.580557227134704590e-02
5.010020040080160442e+00 1.525294687598943710e-02 1.218717428855597973e-03 1.550004258751869202e-02 1.510245911777019501e-02 1.572084985673427582e-02 1.468600612133741379e-02 1.481806952506303787e-02 1.462205033749341965e-02 1.526638586074113846e-02 1.544683706015348434e-02 1.507804729044437408e-02 1.570975966751575470e-02
5.030060120240480437e+00 1.518291328102350235e-02 1.157999620772898197e-03 1.541056111454963684e-02 1.503870915621519089e-02 1.562040112912654877e-02 1.463825814425945282e-02 1.477643847465515137e-02 1.457163691520690918e-02 1.518797967582941055e-02 1.535995025187730789e-02 1.502219773828983307e-02 1.561524346470832825e-02
5.050100200400801320e+00 1.511309482157230377e-02 1.099041895940899849e-03 1.532122213393449783e-02 1.497539877891540527e-02 1.552253123372793198e-02 1.459039375185966492e-02 1.473519392311573029e-02 1.452160440385341644e-02 1.510986499488353729e-02 1.527390256524085999e-02 1.496617123484611511e-02 1.552181970328092575e-02
5.070140280561122204e+00 1.504377089440822601e-02 1.040993607603013515e-03 1.523223984986543655e-02 1.491228584200143814e-02 1.542580965906381607e-02 1.454301923513412476e-02 1.469399780035018921e-02 1.447251252830028534e-02 1.503243856132030487e-02 1.518849749118089676e-02 1.491038873791694641e-02 1.542949397116899490e-02
5.090180360721443087e+00 1.497459039092063904e-02 9.848448680713772774e-04 1.514410600066184998e-02 1.484951190650463104e-02 1.532976422458887100e-02 1.449492014944553375e-02 1.465261448174715042e-02 1.442371122539043427e-02 1.495558675378561020e-02 1.510436646640300751e-02 1.485473383218050003e-02 1.533865928649902344e-02
5.110220440881763082e+00 1.490510907024145126e-02 9.299768717028200626e-04 1.505713257938623428e-02 1.478722039610147476e-02 1.523516699671745300e-02 1.444667205214500427e-02 1.461164560168981552e-02 1.437543798238039017e-02 1.487958710640668869e-02 1.502173114567995071e-02 1.480013784021139145e-02 1.524939853698015213e-02
5.130260521042083965e+00 1.483649201691150665e-02 8.765155798755586147e-04 1.497178245335817337e-02 1.472566369920969009e-02 1.514193974435329437e-02 1.439900603145360947e-02 1.457172725349664688e-02 1.432780921459197998e-02 1.480414625257253647e-02 1.493995916098356247e-02 1.474675908684730530e-02 1.516188122332096100e-02
5.150300601202404849e+00 1.476722303777933121e-02 8.245694334618747234e-04 1.488777529448270798e-02 1.466452144086360931e-02 1.505094114691019058e-02 1.435158401727676392e-02 1.453136838972568512e-02 1.428095996379852295e-02 1.472893357276916504e-02 1.485976297408342361e-02 1.469331607222557068e-02 1.507604960352182388e-02
5.170340681362724844e+00 1.469770725816488266e-02 7.736631669104099274e-04 1.480474323034286499e-02 1.460421830415725708e-02 1.496083941310644150e-02 1.430406142026185989e-02 1.449116691946983337e-02 1.423496939241886139e-02 1.465433463454246521e-02 1.478004921227693558e-02 1.463950332254171371e-02 1.499186269938945770e-02
5.190380761523045727e+00 1.462800707668066025e-02 7.238066173158586025e-04 1.472237426787614822e-02 1.454490516334772110e-02 1.487159729003906250e-02 1.425618026405572891e-02 1.445172913372516632e-02 1.418966148048639297e-02 1.458010263741016388e-02 1.470180321484804153e-02 1.458788570016622543e-02 1.490902714431285858e-02
5.210420841683366611e+00 1.455928105860948563e-02 6.762418779544532299e-04 1.464105676859617233e-02 1.448636688292026520e-02 1.478340011090040207e-02 1.420849934220314026e-02 1.441245526075363159e-02 1.414484623819589615e-02 1.450645923614501953e-02 1.462466828525066376e-02 1.453792490065097809e-02 1.482780091464519501e-02
5.230460921843687494e+00 1.449105795472860336e-02 6.310790777206420898e-04 1.456102635711431503e-02 1.442849170416593552e-02 1.469583436846733093e-02 1.416116300970315933e-02 1.437245309352874756e-02 1.410009246319532394e-02 1.443293970078229904e-02 1.454856246709823608e-02 1.448930148035287857e-02 1.474772114306688309e-02
5.250501002004007489e+00 1.442401111125946045e-02 5.886240396648645401e-04 1.448217127472162247e-02 1.437100954353809357e-02 1.460912823677062988e-02 1.411370374262332916e-02 1.433237548917531967e-02 1.405587047338485718e-02 1.436078734695911407e-02 1.447280030697584152e-02 1.444064918905496597e-02 1.466863881796598434e-02
5.270541082164328373e+00 1.435855682939291000e-02 5.494212964549660683e-04 1.440430898219347000e-02 1.431421469897031784e-02 1.452260836958885193e-02 1.406702119857072830e-02 1.429205201566219330e-02 1.401093322783708572e-02 1.428984664380550385e-02 1.439840625971555710e-02 1.439227256923913956e-02 1.459048874676227570e-02
5.290581162324649256e+00 1.429421734064817429e-02 5.139037384651601315e-04 1.432719267904758453e-02 1.425843685865402222e-02 1.443667802959680557e-02 1.402014866471290588e-02 1.425222028046846390e-02 1.396575104445219040e-02 1.421904377639293671e-02 1.432426925748586655e-02 1.434454601258039474e-02 1.451355498284101486e-02
5.310621242484970139e+00 1.423082500696182251e-02 4.818893794436007738e-04 1.425104960799217224e-02 1.420289557427167892e-02 1.435212232172489166e-02 1.397387962788343430e-02 1.421268470585346222e-02 1.392056420445442200e-02 1.414914708584547043e-02 1.425142958760261536e-02 1.429661456495523453e-02 1.443757303059101105e-02
5.330661322645290134e+00 1.416848693042993546e-02 4.540328518487513065e-04 1.417579408735036850e-02 1.414778642356395721e-02 1.426871865987777710e-02 1.392792165279388428e-02 1.417225133627653122e-02 1.387475896626710892e-02 1.408038381487131119e-02 1.417936757206916809e-02 1.424897834658622742e-02 1.436216011643409729e-02
5.350701402805611018e+00 1.410688925534486771e-02 4.285473551135510206e-04 1.410160586237907410e-02 1.409270986914634705e-02 1.418537739664316177e-02 1.388351898640394211e-02 1.413207408040761948e-02 1.382992882281541824e-02 1.401286106556653976e-02 1.410883385688066483e-02 1.420093979686498642e-02 1.428773533552885056e-02
5.370741482965931901e+00 1.404699496924877167e-02 4.077189078088849783e-04 1.402863021939992905e-02 1.403777208179235458e-02 1.410397049039602280e-02 1.383946742862462997e-02 1.409135386347770691e-02 1.378524303436279297e-02 1.394641958177089691e-02 1.403912901878356934e-02 1.415307819843292236e-02 1.421408448368310928e-02
5.390781563126251896e+00 1.398827321827411652e-02 3.916057466994971037e-04 1.395632233470678329e-02 1.398365944623947144e-02 1.402369979768991470e-02 1.379550993442535400e-02 1.405021455138921738e-02 1.374039612710475922e-02 1.388085726648569107e-02 1.396980509161949158e-02 1.410529948770999908e-02 1.414109114557504654e-02
5.410821643286572780e+00 1.393067743629217148e-02 3.807329630944877863e-04 1.388518884778022766e-02 1.393003854900598526e-02 1.394496858119964600e-02 1.375187374651432037e-02 1.401026733219623566e-02 1.369531732052564621e-02 1.381566002964973450e-02 1.390169747173786163e-02 1.405732147395610809e-02 1.406912226229906082e-02
5.430861723446893663e+00 1.387415546923875809e-02 3.746136790141463280e-04 1.381567120552062988e-02 1.387747935950756073e-02 1.386754773557186127e-02 1.370782218873500824e-02 1.397020090371370316e-02 1.365036424249410629e-02 1.375107932835817337e-02 1.383379381150007248e-02 1.400862168520689011e-02 1.399788726121187210e-02
5.450901803607214546e+00 1.381762791424989700e-02 3.724529815372079611e-04 1.374719571322202682e-02 1.382526755332946777e-02 1.379155833274126053e-02 1.366344280540943146e-02 1.393111888319253922e-02 1.360533386468887329e-02 1.368757523596286774e-02 1.376606430858373642e-02 1.395974680781364441e-02 1.392629370093345642e-02
5.470941883767534542e+00 1.376281771808862686e-02 3.750839969143271446e-04 1.367906667292118073e-02 1.377414353191852570e-02 1.371715869754552841e-02 1.361834350973367691e-02 1.389093231409788132e-02 1.356084737926721573e-02 1.362405903637409210e-02 1.369925402104854584e-02 1.391066517680883408e-02 1.385507453233003616e-02
5.490981963927855425e+00 1.370884664356708527e-02 3.811198403127491474e-04 1.361163146793842316e-02 1.372242718935012817e-02 1.364407595247030258e-02 1.357442047446966171e-02 1.385078672319650650e-02 1.351679209619760513e-02 1.356172934174537659e-02 1.363215316087007523e-02 1.386163104325532913e-02 1.378462370485067368e-02
5.511022044088176308e+00 1.365517079830169678e-02 3.900035226251929998e-04 1.354476343840360641e-02 1.367046684026718140e-02 1.357245910912752151e-02 1.353079080581665039e-02 1.381073240190744400e-02 1.347339618951082230e-02 1.350030209869146347e-02 1.356572564691305161e-02 1.381293218582868576e-02 1.371481455862522125e-02
5.531062124248497192e+00 1.360217016190290451e-02 4.011830897070467472e-04 1.347939670085906982e-02 1.361865922808647156e-02 1.350196544080972672e-02 1.348701398819684982e-02 1.376983802765607834e-02 1.342993881553411484e-02 1.343995425850152969e-02 1.350015029311180115e-02 1.376418676227331161e-02 1.364547945559024811e-02
5.551102204408817187e+00 1.354984380304813385e-02 4.157119547016918659e-04 1.341471169143915176e-02 1.356772333383560181e-02 1.343260239809751511e-02 1.344351936131715775e-02 1.372974086552858353e-02 1.338701043277978897e-02 1.338026113808155060e-02 1.343390159308910370e-02 1.371630840003490448e-02 1.357710082083940506e-02
5.571142284569138070e+00 1.349781546741724014e-02 4.316393751651048660e-04 1.335112005472183228e-02 1.351669430732727051e-02 1.336418651044368744e-02 1.340053137391805649e-02 1.368935126811265945e-02 1.334422640502452850e-02 1.332097407430410385e-02 1.336829364299774170e-02 1.366820000112056732e-02 1.350938435643911362e-02
5.591182364729458953e+00 1.344594080001115799e-02 4.487852856982499361e-04 1.328809652477502823e-02 1.346633397042751312e-02 1.329560205340385437e-02 1.335827261209487915e-02 1.364862639456987381e-02 1.330180745571851730e-02 1.326239015907049179e-02 1.330350805073976517e-02 1.362014934420585632e-02 1.344258151948451996e-02
5.611222444889778949e+00 1.339410804212093353e-02 4.657126555684953928e-04 1.322568301111459732e-02 1.341608166694641113e-02 1.322881132364273071e-02 1.331704948097467422e-02 1.360825262963771820e-02 1.325984671711921692e-02 1.320489402860403061e-02 1.323988195508718491e-02 1.357145514339208603e-02 1.337712444365024567e-02
5.631262525050099832e+00 1.334196608513593674e-02 4.833750717807561159e-04 1.316455285996198654e-02 1.336630526930093765e-02 1.316275727003812790e-02 1.327521167695522308e-02 1.356821693480014801e-02 1.321802474558353424e-02 1.314780022948980331e-02 1.317698042839765549e-02 1.352398097515106201e-02 1.331231929361820221e-02
5.651302605210420715e+00 1.328983437269926071e-02 5.013112095184624195e-04 1.310396380722522736e-02 1.331746112555265427e-02 1.309743989259004593e-02 1.323410589247941971e-02 1.352784503251314163e-02 1.317664328962564468e-02 1.309163402765989304e-02 1.311440300196409225e-02 1.347728352993726730e-02 1.324828807264566422e-02
5.671342685370741599e+00 1.323694083839654922e-02 5.189182702451944351e-04 1.304445322602987289e-02 1.326931547373533249e-02 1.303275674581527710e-02 1.319396402686834335e-02 1.348771713674068451e-02 1.313557382673025131e-02 1.303574442863464355e-02 1.305377669632434845e-02 1.343251485377550125e-02 1.318463683128356934e-02
5.691382765531061594e+00 1.318301260471343994e-02 5.359858041629195213e-04 1.298596616834402084e-02 1.322230044752359390e-02 1.296831015497446060e-02 1.315436791628599167e-02 1.344856340438127518e-02 1.309406664222478867e-02 1.298049651086330414e-02 1.299465447664260864e-02 1.338775921612977982e-02 1.312196627259254456e-02
5.711422845691382477e+00 1.312833186239004135e-02 5.526927998289465904e-04 1.292755734175443649e-02 1.317589450627565384e-02 1.290521491318941116e-02 1.311520393937826157e-02 1.340906415134668350e-02 1.305228564888238907e-02 1.292633172124624252e-02 1.293613575398921967e-02 1.334402523934841156e-02 1.305981446057558060e-02
5.731462925851703361e+00 1.307400129735469818e-02 5.697623128071427345e-04 1.286935806274414062e-02 1.312980521470308304e-02 1.284230686724185944e-02 1.307610142976045609e-02 1.336908433586359024e-02 1.301079336553812027e-02 1.287321746349334717e-02 1.287848688662052155e-02 1.330035831779241562e-02 1.299815159291028976e-02
5.751503006012024244e+00 1.302029099315404892e-02 5.870553432032465935e-04 1.281199976801872253e-02 1.308377273380756378e-02 1.278038043528795242e-02 1.303650531917810440e-02 1.332868728786706924e-02 1.296987477689981461e-02 1.282098051160573959e-02 1.282128505408763885e-02 1.325735356658697128e-02 1.293714810162782669e-02
5.771543086172344239e+00 1.296642888337373734e-02 6.046044290997087955e-04 1.275558955967426300e-02 1.303874049335718155e-02 1.271959021687507629e-02 1.299751643091440201e-02 1.328870002180337906e-02 1.292921788990497589e-02 1.276983786374330521e-02 1.276464853435754776e-02 1.321539469063282013e-02 1.287637092173099518e-02
5.791583166332665122e+00 1.291316747665405273e-02 6.225206889212131500e-04 1.270028203725814819e-02 1.299402117729187012e-02 1.265967451035976410e-02 1.295853685587644577e-02 1.324877142906188965e-02 1.288925576955080032e-02 1.271901279687881470e-02 1.270914636552333832e-02 1.317459717392921448e-02 1.281690690666437149e-02
5.811623246492986006e+00 1.285968534648418427e-02 6.403617444448173046e-04 1.264523901045322418e-02 1.294960733503103256e-02 1.260164473205804825e-02 1.291905343532562256e-02 1.320916041731834412e-02 1.284896582365036011e-02 1.266898214817047119e-02 1.265380345284938812e-02 1.313435938209295273e-02 1.275842543691396713e-02
5.831663326653306001e+00 1.280673034489154816e-02 6.588515825569629669e-04 1.259108074009418488e-02 1.290498301386833191e-02 1.254276931285858154e-02 1.287920121103525162e-02 1.317017339169979095e-02 1.280941534787416458e-02 1.261911075562238693e-02 1.260019280016422272e-02 1.309468131512403488e-02 1.270186435431241989e-02
5.851703406813626884e+00 1.275467127561569214e-02 6.770122563466429710e-04 1.253839489072561264e-02 1.286029908806085587e-02 1.248550135642290115e-02 1.283977180719375610e-02 1.313116773962974548e-02 1.276953611522912979e-02 1.256912481039762497e-02 1.254720240831375122e-02 1.305554434657096863e-02 1.264663971960544586e-02
5.871743486973947768e+00 1.270361803472042084e-02 6.943751941435039043e-04 1.248673908412456512e-02 1.281508896499872208e-02 1.242860220372676849e-02 1.280068978667259216e-02 1.309180259704589844e-02 1.272940449416637421e-02 1.252002455294132233e-02 1.249498408287763596e-02 1.301592402160167694e-02 1.259189378470182419e-02
5.891783567134268651e+00 1.265377923846244812e-02 7.102451054379343987e-04 1.243591029196977615e-02 1.276956591755151749e-02 1.237382367253303528e-02 1.276236772537231445e-02 1.305246446281671524e-02 1.268898788839578629e-02 1.247172895818948746e-02 1.244345400482416153e-02 1.297551672905683517e-02 1.253829989582300186e-02
5.911823647294588646e+00 1.260519865900278091e-02 7.263260777108371258e-04 1.238564588129520416e-02 1.272414717823266983e-02 1.231989916414022446e-02 1.272481773048639297e-02 1.301353704184293747e-02 1.264942158013582230e-02 1.242352090775966644e-02 1.239253859966993332e-02 1.293568871915340424e-02 1.248520147055387497e-02
5.931863727454909530e+00 1.255741156637668610e-02 7.428058888763189316e-04 1.233607064932584763e-02 1.267891377210617065e-02 1.226562075316905975e-02 1.268788799643516541e-02 1.297560334205627441e-02 1.261024829000234604e-02 1.237530075013637543e-02 1.234194636344909668e-02 1.289533264935016632e-02 1.243295520544052124e-02
5.951903807615230413e+00 1.251066103577613831e-02 7.591181783936917782e-04 1.228671614080667496e-02 1.263414788991212845e-02 1.221212372183799744e-02 1.265070959925651550e-02 1.293787732720375061e-02 1.257096137851476669e-02 1.232737582176923752e-02 1.229145005345344543e-02 1.285538915544748306e-02 1.238165516406297684e-02
5.971943887775551296e+00 1.246436871588230133e-02 7.741946610622107983e-04 1.223799865692853928e-02 1.258927863091230392e-02 1.215952727943658829e-02 1.261343900114297867e-02 1.290055084973573685e-02 1.253188494592905045e-02 1.228004600852727890e-02 1.224240195006132126e-02 1.281493157148361206e-02 1.233158819377422333e-02
5.991983967935871291e+00 1.241862215101718903e-02 7.888221880421042442e-04 1.218949630856513977e-02 1.254454534500837326e-02 1.210756413638591766e-02 1.257712021470069885e-02 1.286390237510204315e-02 1.249318476766347885e-02 1.223355624824762344e-02 1.219485420733690262e-02 1.277410890907049179e-02 1.228177547454833984e-02
6.012024048096192175e+00 1.237379945814609528e-02 8.030628669075667858e-04 1.214108243584632874e-02 1.249943021684885025e-02 1.205616164952516556e-02 1.254102215170860291e-02 1.282727438956499100e-02 1.245519984513521194e-02 1.218835264444351196e-02 1.214745361357927322e-02 1.273363642394542694e-02 1.223225891590118408e-02
6.032064128256513058e+00 1.233015116304159164e-02 8.170341025106608868e-04 1.209292840212583542e-02 1.245484128594398499e-02 1.200544554740190506e-02 1.250466890633106232e-02 1.279117818921804428e-02 1.241731736809015274e-02 1.214352995157241821e-02 1.210015080869197845e-02 1.269293110817670822e-02 1.218287833034992218e-02
6.052104208416833053e+00 1.228817179799079895e-02 8.303575450554490089e-04 1.204499695450067520e-02 1.241062767803668976e-02 1.195548102259635925e-02 1.246821973472833633e-02 1.275549456477165222e-02 1.237921416759490967e-02 1.209896430373191833e-02 1.205334067344665527e-02 1.265203487128019333e-02 1.213446818292140961e-02
6.072144288577153937e+00 1.224707439541816711e-02 8.431423921138048172e-04 1.199780032038688660e-02 1.236748136579990387e-02 1.190723944455385208e-02 1.243146695196628571e-02 1.272017508745193481e-02 1.234134007245302200e-02 1.205429341644048691e-02 1.200692541897296906e-02 1.261178404092788696e-02 1.208697911351919174e-02
6.092184368737474820e+00 1.220682356506586075e-02 8.563740993849933147e-04 1.195099204778671265e-02 1.232491154223680496e-02 1.185882557183504105e-02 1.239442359656095505e-02 1.268488913774490356e-02 1.230490300804376602e-02 1.200941298156976700e-02 1.196053065359592438e-02 1.257196813821792603e-02 1.203940995037555695e-02
6.112224448897795703e+00 1.216672267764806747e-02 8.696226286701858044e-04 1.190423686057329178e-02 1.228328794240951538e-02 1.181160565465688705e-02 1.235744636505842209e-02 1.265033241361379623e-02 1.226862054318189621e-02 1.196481194347143173e-02 1.191430166363716125e-02 1.253226026892662048e-02 1.199229341000318527e-02
6.132264529058115698e+00 1.212714146822690964e-02 8.832905441522598267e-04 1.185834128409624100e-02 1.224240195006132126e-02 1.176392659544944763e-02 1.231936831027269363e-02 1.261589489877223969e-02 1.223296578973531723e-02 1.192063931375741959e-02 1.186800748109817505e-02 1.249361597001552582e-02 1.194500084966421127e-02
6.152304609218436582e+00 1.208780333399772644e-02 8.963281288743019104e-04 1.181317120790481567e-02 1.220205053687095642e-02 1.171664614230394363e-02 1.228108815848827362e-02 1.258070953190326691e-02 1.219820789992809296e-02 1.187719311565160751e-02 1.182176638394594193e-02 1.245524734258651733e-02 1.189772691577672958e-02
6.172344689378757465e+00 1.204831991344690323e-02 9.088439401239156723e-04 1.176863722503185272e-02 1.216274779289960861e-02 1.167040690779685974e-02 1.224235538393259048e-02 1.254570577293634415e-02 1.216323859989643097e-02 1.183372922241687775e-02 1.177586894482374191e-02 1.241703424602746964e-02 1.185073330998420715e-02
6.192384769539078349e+00 1.200958527624607086e-02 9.213400771841406822e-04 1.172530744224786758e-02 1.212431024760007858e-02 1.162503473460674286e-02 1.220386754721403122e-02 1.251083333045244217e-02 1.212864834815263748e-02 1.179048046469688416e-02 1.172963250428438187e-02 1.237962581217288971e-02 1.180408056825399399e-02
6.212424849699398344e+00 1.197090931236743927e-02 9.344177669845521450e-04 1.168257370591163635e-02 1.208694465458393097e-02 1.157970540225505829e-02 1.216699741780757904e-02 1.247636415064334869e-02 1.209442503750324249e-02 1.174718327820301056e-02 1.168326660990715027e-02 1.234226953238248825e-02 1.175794750452041626e-02
6.232464929859719227e+00 1.193239912390708923e-02 9.464964387007057667e-04 1.164090540260076523e-02 1.204993017017841339e-02 1.153529528528451920e-02 1.213068980723619461e-02 1.244217995554208755e-02 1.206059753894805908e-02 1.170484349131584167e-02 1.163810398429632187e-02 1.230493281036615372e-02 1.171245798468589783e-02
6.252505010020040110e+00 1.189371757209300995e-02 9.587554377503693104e-04 1.159961149096488953e-02 1.201337110251188278e-02 1.149075943976640701e-02 1.209542155265808105e-02 1.240764651447534561e-02 1.202691253274679184e-02 1.166359800845384598e-02 1.159377768635749817e-02 1.226890645921230316e-02 1.166649628430604935e-02
6.272545090180360106e+00 1.185530703514814377e-02 9.704247349873185158e-04 1.155871991068124771e-02 1.197697594761848450e-02 1.144655980169773102e-02 1.206125505268573761e-02 1.237349491566419601e-02 1.199211645871400833e-02 1.162226870656013489e-02 1.155075989663600922e-02 1.223224774003028870e-02 1.162082981318235397e-02
6.292585170340680989e+00 1.181631907820701599e-02 9.805659065023064613e-04 1.151800435036420822e-02 1.194024085998535156e-02 1.140387356281280518e-02 1.202775631099939346e-02 1.233962457627058029e-02 1.195702701807022095e-02 1.158183533698320389e-02 1.150883827358484268e-02 1.219475548714399338e-02 1.157573144882917404e-02
6.312625250501001872e+00 1.177801843732595444e-02 9.894151007756590843e-04 1.147735025733709335e-02 1.190313603729009628e-02 1.136159524321556091e-02 1.199408806860446930e-02 1.230606995522975922e-02 1.192231290042400360e-02 1.154277194291353226e-02 1.146825682371854782e-02 1.215622574090957642e-02 1.153152156621217728e-02
6.332665330661322756e+00 1.173962466418743134e-02 9.979149326682090759e-04 1.143647544085979462e-02 1.186640374362468719e-02 1.132054813206195831e-02 1.196109317243099213e-02 1.227325107902288437e-02 1.188743207603693008e-02 1.150372810661792755e-02 1.142888516187667847e-02 1.211843267083168030e-02 1.148886978626251221e-02
6.352705410821642751e+00 1.170150190591812134e-02 1.006292644888162613e-03 1.139563135802745819e-02 1.183000020682811737e-02 1.127950660884380341e-02 1.192798186093568802e-02 1.224062032997608185e-02 1.185299362987279892e-02 1.146473921835422516e-02 1.138971187174320221e-02 1.208089571446180344e-02 1.144772116094827652e-02
6.372745490981963634e+00 1.166341081261634827e-02 1.014656736515462399e-03 1.135529950261116028e-02 1.179415453225374222e-02 1.123923901468515396e-02 1.189510431140661240e-02 1.220856420695781708e-02 1.181967649608850479e-02 1.142628490924835205e-02 1.135072950273752213e-02 1.204418670386075974e-02 1.140775159001350403e-02
6.392785571142284518e+00 1.162578351795673370e-02 1.022614771500229836e-03 1.131499465554952621e-02 1.175855938345193863e-02 1.119906175881624222e-02 1.186315435916185379e-02 1.217568106949329376e-02 1.178699918091297150e-02 1.138869579881429672e-02 1.131245214492082596e-02 1.200846303254365921e-02 1.136893220245838165e-02
6.412825651302604513e+00 1.158790849149227142e-02 1.030363026075065136e-03 1.127472706139087677e-02 1.172232721000909805e-02 1.115890871733427048e-02 1.183184050023555756e-02 1.214309595525264740e-02 1.175552699714899063e-02 1.135173998773097992e-02 1.127483509480953217e-02 1.197281014174222946e-02 1.133137010037899017e-02
6.432865731462925396e+00 1.155107840895652771e-02 1.037137582898139954e-03 1.123522501438856125e-02 1.168613601475954056e-02 1.112021598964929581e-02 1.179976947605609894e-02 1.211117301136255264e-02 1.172505691647529602e-02 1.131488196551799774e-02 1.123861875385046005e-02 1.193686760962009430e-02 1.129400078207254410e-02
6.452905811623246279e+00 1.151371747255325317e-02 1.044263248331844807e-03 1.119666174054145813e-02 1.164931897073984146e-02 1.108096726238727570e-02 1.176888309419155121e-02 1.207940280437469482e-02 1.169573888182640076e-02 1.127895805984735489e-02 1.120317354798316956e-02 1.190216094255447388e-02 1.125718839466571808e-02
6.472945891783567163e+00 1.147714816033840179e-02 1.051877159625291824e-03 1.115923561155796051e-02 1.161282230168581009e-02 1.104089990258216858e-02 1.173834875226020813e-02 1.204821188002824783e-02 1.166661176830530167e-02 1.124344859272241592e-02 1.116849575191736221e-02 1.186835672706365585e-02 1.122080348432064056e-02
6.492985971943887158e+00 1.144123170524835587e-02 1.059957314282655716e-03 1.112191472202539444e-02 1.157624740153551102e-02 1.100104302167892456e-02 1.170790567994117737e-02 1.201733481138944626e-02 1.163723878562450409e-02 1.120787020772695541e-02 1.113371737301349640e-02 1.183540839701890945e-02 1.118437387049198151e-02
6.513026052104208041e+00 1.140576694160699844e-02 1.067714765667915344e-03 1.108512934297323227e-02 1.154016237705945969e-02 1.096138078719377518e-02 1.167758367955684662e-02 1.198622956871986389e-02 1.160839106887578964e-02 1.117338333278894424e-02 1.109878439456224442e-02 1.180227566510438919e-02 1.114767324179410934e-02
6.533066132264528925e+00 1.137092150747776031e-02 1.075204578228294849e-03 1.104922685772180557e-02 1.150466781109571457e-02 1.092134043574333191e-02 1.164728123694658279e-02 1.195553783327341080e-02 1.157894264906644821e-02 1.113933045417070389e-02 1.106477063149213791e-02 1.176889985799789429e-02 1.111071091145277023e-02
6.553106212424849808e+00 1.133644394576549530e-02 1.082692877389490604e-03 1.101412530988454819e-02 1.147001329809427261e-02 1.088149473071098328e-02 1.161698531359434128e-02 1.192515622824430466e-02 1.154942531138658524e-02 1.110585033893585205e-02 1.103063113987445831e-02 1.173615083098411560e-02 1.107422821223735809e-02
6.573146292585169803e+00 1.130295731127262115e-02 1.088430872187018394e-03 1.098020747303962708e-02 1.143562328070402145e-02 1.084209885448217392e-02 1.158560346812009811e-02 1.189409941434860229e-02 1.151929888874292374e-02 1.107176020741462708e-02 1.099727209657430649e-02 1.170300506055355072e-02 1.103871781378984451e-02
6.593186372745490686e+00 1.127069815993309021e-02 1.093772123567759991e-03 1.094676554203033447e-02 1.140184048563241959e-02 1.080445758998394012e-02 1.155439857393503189e-02 1.186377461999654770e-02 1.148870680481195450e-02 1.103755459189414978e-02 1.096356660127639771e-02 1.167004089802503586e-02 1.100365817546844482e-02
6.613226452905811570e+00 1.123846508562564850e-02 1.098915585316717625e-03 1.091347075998783112e-02 1.136807538568973541e-02 1.076798792928457260e-02 1.152342837303876877e-02 1.183384191244840622e-02 1.145815569907426834e-02 1.100339647382497787e-02 1.092991046607494354e-02 1.163739711046218872e-02 1.096880808472633362e-02
6.633266533066131565e+00 1.120536122471094131e-02 1.103239948861300945e-03 1.088065933436155319e-02 1.133517548441886902e-02 1.073248963803052902e-02 1.149241719394922256e-02 1.180335599929094315e-02 1.142709795385599136e-02 1.096870750188827515e-02 1.089619193226099014e-02 1.160430908203125000e-02 1.093375310301780701e-02
6.653306613226452448e+00 1.117314957082271576e-02 1.107921823859214783e-03 1.084805093705654144e-02 1.130327302962541580e-02 1.069717667996883392e-02 1.146116107702255249e-02 1.177270989865064621e-02 1.139579340815544128e-02 1.093387696892023087e-02 1.086163986474275589e-02 1.157199312001466751e-02 1.089852303266525269e-02
6.673346693386773332e+00 1.114095747470855713e-02 1.112888101488351822e-03 1.081579178571701050e-02 1.127212401479482651e-02 1.066224090754985809e-02 1.142987236380577087e-02 1.174314692616462708e-02 1.136482600122690201e-02 1.089892722666263580e-02 1.082807686179876328e-02 1.153989043086767197e-02 1.086337212473154068e-02
6.693386773547094215e+00 1.110872998833656311e-02 1.117690582759678364e-03 1.078353077173233032e-02 1.124177873134613037e-02 1.062810886651277542e-02 1.139933243393898010e-02 1.171386335045099258e-02 1.133412681519985199e-02 1.086432393640279770e-02 1.079497206956148148e-02 1.150827202945947647e-02 1.082939095795154572e-02
6.713426853707414210e+00 1.107491645961999893e-02 1.122365123592317104e-03 1.075156126171350479e-02 1.121078245341777802e-02 1.059414166957139969e-02 1.136958599090576172e-02 1.168413739651441574e-02 1.130345184355974197e-02 1.083064824342727661e-02 1.076170336455106735e-02 1.147787645459175110e-02 1.079615019261837006e-02
6.733466933867735094e+00 1.104195322841405869e-02 1.126183546148240566e-03 1.071974355727434158e-02 1.117983087897300720e-02 1.056050695478916168e-02 1.133929286152124405e-02 1.165355555713176727e-02 1.127304974943399429e-02 1.079793181270360947e-02 1.072862278670072556e-02 1.144829019904136658e-02 1.076355576515197754e-02
6.753507014028055977e+00 1.100898720324039459e-02 1.129083568230271339e-03 1.068720687180757523e-02 1.114829350262880325e-02 1.052819285541772842e-02 1.130985189229249954e-02 1.162294577807188034e-02 1.124255917966365814e-02 1.076569501310586929e-02 1.069633569568395615e-02 1.141831278800964355e-02 1.073192711919546127e-02
6.773547094188376860e+00 1.097764633595943451e-02 1.130859018303453922e-03 1.065466273576021194e-02 1.111745741218328476e-02 1.049625501036643982e-02 1.127977017313241959e-02 1.159216742962598801e-02 1.121186278760433197e-02 1.073375344276428223e-02 1.066482532769441605e-02 1.138727646321058273e-02 1.070035248994827271e-02
6.793587174348696855e+00 1.094539370387792587e-02 1.132755074650049210e-03 1.062244549393653870e-02 1.108732726424932480e-02 1.046387664973735809e-02 1.124964375048875809e-02 1.156114321202039719e-02 1.118193939328193665e-02 1.070197205990552902e-02 1.063379552215337753e-02 1.135660614818334579e-02 1.066918112337589264e-02
6.813627254509017739e+00 1.091311406344175339e-02 1.134676625952124596e-03 1.059012394398450851e-02 1.105755660682916641e-02 1.043263264000415802e-02 1.122029777616262436e-02 1.152963656932115555e-02 1.115228515118360519e-02 1.067017856985330582e-02 1.060183160006999969e-02 1.132627855986356735e-02 1.063790731132030487e-02
6.833667334669338622e+00 1.088011171668767929e-02 1.137113780714571476e-03 1.055885013192892075e-02 1.102783810347318649e-02 1.040076743811368942e-02 1.119165122509002686e-02 1.149859651923179626e-02 1.112281065434217453e-02 1.063919998705387115e-02 1.057035848498344421e-02 1.129692886024713516e-02 1.060696225613355637e-02
6.853707414829658617e+00 1.084735989570617676e-02 1.139551168307662010e-03 1.052912231534719467e-02 1.099774613976478577e-02 1.036968454718589783e-02 1.116381492465734482e-02 1.146798487752676010e-02 1.109390612691640854e-02 1.060868334025144577e-02 1.053882949054241180e-02 1.126818545162677765e-02 1.057577505707740784e-02
6.873747494989979501e+00 1.081588026136159897e-02 1.142438384704291821e-03 1.049920823425054550e-02 1.096792798489332199e-02 1.033873204141855240e-02 1.113748271018266678e-02 1.143752224743366241e-02 1.106568798422813416e-02 1.057830452919006348e-02 1.050806511193513870e-02 1.123982947319746017e-02 1.054474432021379471e-02
6.893787575150300384e+00 1.078580040484666824e-02 1.144666224718093872e-03 1.046928018331527710e-02 1.093819644302129745e-02 1.030976790934801102e-02 1.111108623445034027e-02 1.140759512782096863e-02 1.103763934224843979e-02 1.054858136922121048e-02 1.047665160149335861e-02 1.121164020150899887e-02 1.051409821957349777e-02
6.913827655310621267e+00 1.075585652142763138e-02 1.148006180301308632e-03 1.043976750224828720e-02 1.090907678008079529e-02 1.028002612292766571e-02 1.108355820178985596e-02 1.137926802039146423e-02 1.101087220013141632e-02 1.051945611834526062e-02 1.044511701911687851e-02 1.118379458785057068e-02 1.048361137509346008e-02
6.933867735470941263e+00 1.072631310671567917e-02 1.151158474385738373e-03 1.041008625179529190e-02 1.087940949946641922e-02 1.025059167295694351e-02 1.105616148561239243e-02 1.135145220905542374e-02 1.098390761762857437e-02 1.049104332923889160e-02 1.041342969983816147e-02 1.115525793284177780e-02 1.045267563313245773e-02
6.953907815631262146e+00 1.069723255932331085e-02 1.155115198343992233e-03 1.037973631173372269e-02 1.085005048662424088e-02 1.022156700491905212e-02 1.102937199175357819e-02 1.132376026362180710e-02 1.095717772841453552e-02 1.046259514987468719e-02 1.038155891001224518e-02 1.112780068069696426e-02 1.042149402201175690e-02
6.973947895791583029e+00 1.066917646676301956e-02 1.158855971880257130e-03 1.034907996654510498e-02 1.082138065248727798e-02 1.019251346588134766e-02 1.100273989140987396e-02 1.129617542028427124e-02 1.092934608459472656e-02 1.043435931205749512e-02 1.034985575824975967e-02 1.110034901648759842e-02 1.039041578769683838e-02
6.993987975951903913e+00 1.064202189445495605e-02 1.162696862593293190e-03 1.031891629099845886e-02 1.079319044947624207e-02 1.016410999000072479e-02 1.097595319151878357e-02 1.126821245998144150e-02 1.090261247009038925e-02 1.040534209460020065e-02 1.031805574893951416e-02 1.107339281588792801e-02 1.035857945680618286e-02
7.014028056112223908e+00 1.061544194817543030e-02 1.167098293080925941e-03 1.028910465538501740e-02 1.076519489288330078e-02 1.013494003564119339e-02 1.094941794872283936e-02 1.124202460050582886e-02 1.087571214884519577e-02 1.037659589201211929e-02 1.028651278465986252e-02 1.104559749364852905e-02 1.032754965126514435e-02
7.034068136272544791e+00 1.059020310640335083e-02 1.172396005131304264e-03 1.025844365358352661e-02 1.073680352419614792e-02 1.010559871792793274e-02 1.092252228409051895e-02 1.121688261628150940e-02 1.084912382066249847e-02 1.034764666110277176e-02 1.025522593408823013e-02 1.101777609437704086e-02 1.029557734727859497e-02
7.054108216432865675e+00 1.056506577879190445e-02 1.179247163236141205e-03 1.022781059145927429e-02 1.070822216570377350e-02 1.007418241351842880e-02 1.089531928300857544e-02 1.119221467524766922e-02 1.082375831902027130e-02 1.031815446913242340e-02 1.022390089929103851e-02 1.099037006497383118e-02 1.026396453380584717e-02
7.074148296593185670e+00 1.054057944566011429e-02 1.185644301585853100e-03 1.019740663468837738e-02 1.067996118217706680e-02 1.004275586456060410e-02 1.086721476167440414e-02 1.116740331053733826e-02 1.079837791621685028e-02 1.028946600854396820e-02 1.019336842000484467e-02 1.096325460821390152e-02 1.023200247436761856e-02
7.094188376753506553e+00 1.051578950136899948e-02 1.191118499264121056e-03 1.016677822917699814e-02 1.065187342464923859e-02 1.001080684363842010e-02 1.083811465650796890e-02 1.114214025437831879e-02 1.077243313193321228e-02 1.026118453592061996e-02 1.016505435109138489e-02 1.093610189855098724e-02 1.020004414021968842e-02
7.114228456913827436e+00 1.048968452960252762e-02 1.197326928377151489e-03 1.013612840324640274e-02 1.062439102679491043e-02 9.977401234209537506e-03 1.080905459821224213e-02 1.111647114157676697e-02 1.074618846178054810e-02 1.023265905678272247e-02 1.013732887804508209e-02 1.091036014258861542e-02 1.016867812722921371e-02
7.134268537074148320e+00 1.046281866729259491e-02 1.202546060085296631e-03 1.010578498244285583e-02 1.059779524803161621e-02 9.944099932909011841e-03 1.078048627823591232e-02 1.109055057168006897e-02 1.071951352059841156e-02 1.020467188209295273e-02 1.011067628860473633e-02 1.088375505059957504e-02 1.013790257275104523e-02
7.154308617234468315e+00 1.043643895536661148e-02 1.207168563269078732e-03 1.007603574544191360e-02 1.057167258113622665e-02 9.911761619150638580e-03 1.075299456715583801e-02 1.106430310755968094e-02 1.069291681051254272e-02 1.017731148749589920e-02 1.008393522351980209e-02 1.085664425045251846e-02 1.010699849575757980e-02
7.174348697394789198e+00 1.040815468877553940e-02 1.212502946145832539e-03 1.004631631076335907e-02 1.054600160568952560e-02 9.879241697490215302e-03 1.072571240365505219e-02 1.103854458779096603e-02 1.066621672362089157e-02 1.014920696616172791e-02 1.005661208182573318e-02 1.083043217658996582e-02 1.007702481001615524e-02
7.194388777555110082e+00 1.037919428199529648e-02 1.217369339428842068e-03 1.001707278192043304e-02 1.052067801356315613e-02 9.848553687334060669e-03 1.069963257759809494e-02 1.101305335760116577e-02 1.064001675695180893e-02 1.012138463556766510e-02 1.002878509461879730e-02 1.080458145588636398e-02 1.004823204129934311e-02
7.214428857715430965e+00 1.035050023347139359e-02 1.221296959556639194e-03 9.988303296267986298e-03 1.049535255879163742e-02 9.819990023970603943e-03 1.067432388663291931e-02 1.098783686757087708e-02 1.061381306499242783e-02 1.009385008364915848e-02 1.000152528285980225e-02 1.077877357602119446e-02 1.001962088048458099e-02
7.234468937875750960e+00 1.032142341136932373e-02 1.223663566634058952e-03 9.960499592125415802e-03 1.046961639076471329e-02 9.791951626539230347e-03 1.064917631447315216e-02 1.096152793616056442e-02 1.058816350996494293e-02 1.006711460649967194e-02 9.975431486964225769e-03 1.075256057083606720e-02 9.990943595767021179e-03
7.254509018036071843e+00 1.029284391552209854e-02 1.225806190632283688e-03 9.933169931173324585e-03 1.044385880231857300e-02 9.765015915036201477e-03 1.062478311359882355e-02 1.093596033751964569e-02 1.056214515119791031e-02 1.004058308899402618e-02 9.948446415364742279e-03 1.072592660784721375e-02 9.963105432689189911e-03
7.274549098196392727e+00 1.026468258351087570e-02 1.226927153766155243e-03 9.906351566314697266e-03 1.041762903332710266e-02 9.738682769238948822e-03 1.060013659298419952e-02 1.091058179736137390e-02 1.053755450993776321e-02 1.001468766480684280e-02 9.922184981405735016e-03 1.069804467260837555e-02 9.935868903994560242e-03
7.294589178356712722e+00 1.023755688220262527e-02 1.226743333972990513e-03 9.880175814032554626e-03 1.039039716124534607e-02 9.714169427752494812e-03 1.057445537298917770e-02 1.088540628552436829e-02 1.051333639770746231e-02 9.989754296839237213e-03 9.896832518279552460e-03 1.067174784839153290e-02 9.909510612487792969e-03
7.314629258517033605e+00 1.021047681570053101e-02 1.225479296408593655e-03 9.854896925389766693e-03 1.036294922232627869e-02 9.690679609775543213e-03 1.054826471954584122e-02 1.085997093468904495e-02 1.048964913934469223e-02 9.964508935809135437e-03 9.871399030089378357e-03 1.064516603946685791e-02 9.883940219879150391e-03
7.334669338677354489e+00 1.018419302999973297e-02 1.224054605700075626e-03 9.830106049776077271e-03 1.033662725239992142e-02 9.667778387665748596e-03 1.052196137607097626e-02 1.083456724882125854e-02 1.046622078865766525e-02 9.939346462488174438e-03 9.845471009612083435e-03 1.061923149973154068e-02 9.859447367489337921e-03
7.354709418837675372e+00 1.015843730419874191e-02 1.222866587340831757e-03 9.805445559322834015e-03 1.031107828021049500e-02 9.645373560488224030e-03 1.049612369388341904e-02 1.080849673599004745e-02 1.044379360973834991e-02 9.913803078234195709e-03 9.819432161748409271e-03 1.059443317353725433e-02 9.835385717451572418e-03
7.374749498997995367e+00 1.013328600674867630e-02 1.222112448886036873e-03 9.780625812709331512e-03 1.028599683195352554e-02 9.622648358345031738e-03 1.047130115330219269e-02 1.078369840979576111e-02 1.042047608643770218e-02 9.888950735330581665e-03 9.794493205845355988e-03 1.056996732950210571e-02 9.812082163989543915e-03
7.394789579158316251e+00 1.010873913764953613e-02 1.220926526002585888e-03 9.756336919963359833e-03 1.026078872382640839e-02 9.599911049008369446e-03 1.044647954404354095e-02 1.075872778892517090e-02 1.039727870374917984e-02 9.864965453743934631e-03 9.770170785486698151e-03 1.054582931101322174e-02 9.788542985916137695e-03
7.414829659318637134e+00 1.008504536002874374e-02 1.219940022565424442e-03 9.731396101415157318e-03 1.023573242127895355e-02 9.576940909028053284e-03 1.042183581739664078e-02 1.073338743299245834e-02 1.037352997809648514e-02 9.840479120612144470e-03 9.745672345161437988e-03 1.052162609994411469e-02 9.764571674168109894e-03
7.434869739478958017e+00 1.006170921027660370e-02 1.219291356392204762e-03 9.706511162221431732e-03 1.021189708262681961e-02 9.553926065564155579e-03 1.039811223745346069e-02 1.070810947567224503e-02 1.034907530993223190e-02 9.815434925258159637e-03 9.720828384160995483e-03 1.049679890275001526e-02 9.740225970745086670e-03
7.454909819639278012e+00 1.003685966134071350e-02 1.218840014189481735e-03 9.681707248091697693e-03 1.018876582384109497e-02 9.530677460134029388e-03 1.037508901208639145e-02 1.068285852670669556e-02 1.032521948218345642e-02 9.790590964257717133e-03 9.695758111774921417e-03 1.047048252075910568e-02 9.715571068227291107e-03
7.474949899799598896e+00 1.001172885298728943e-02 1.219117315486073494e-03 9.657103568315505981e-03 1.016596145927906036e-02 9.506694972515106201e-03 1.035179570317268372e-02 1.065844297409057617e-02 1.030119694769382477e-02 9.765387512743473053e-03 9.670788422226905823e-03 1.044404599815607071e-02 9.690605103969573975e-03
7.494989979959919779e+00 9.986768476665019989e-03 1.220428035594522953e-03 9.632363915443420410e-03 1.014323253184556961e-02 9.482550434768199921e-03 1.032880041748285294e-02 1.063498202711343765e-02 1.027707383036613464e-02 9.740230627357959747e-03 9.644778445363044739e-03 1.041810866445302963e-02 9.666029363870620728e-03
7.515030060120239774e+00 9.960546158254146576e-03 1.223008497618138790e-03 9.607814252376556396e-03 1.012011989951133728e-02 9.456942789256572723e-03 1.030663307756185532e-02 1.061250828206539154e-02 1.025281567126512527e-02 9.715127758681774139e-03 9.618355892598628998e-03 1.039192918688058853e-02 9.641830809414386749e-03
7.535070140280560658e+00 9.933787398040294647e-03 1.226437743753194809e-03 9.583382867276668549e-03 1.009635441005229950e-02 9.430745616555213928e-03 1.028431300073862076e-02 1.059100683778524399e-02 1.022877078503370285e-02 9.690017439424991608e-03 9.592068381607532501e-03 1.036607101559638977e-02 9.617534466087818146e-03
7.555110220440881541e+00 9.907414205372333527e-03 1.229424495249986649e-03 9.559151716530323029e-03 1.007265225052833557e-02 9.405082091689109802e-03 1.026224438101053238e-02 1.056951098144054413e-02 1.020454615354537964e-02 9.665053337812423706e-03 9.566970169544219971e-03 1.034061517566442490e-02 9.593220427632331848e-03
7.575150300601202424e+00 9.880535304546356201e-03 1.230654655955731869e-03 9.534237906336784363e-03 1.004886999726295471e-02 9.381600655615329742e-03 1.024008914828300476e-02 1.054680626839399338e-02 1.017974503338336945e-02 9.640702046453952789e-03 9.543756954371929169e-03 1.031628996133804321e-02 9.569396264851093292e-03
7.595190380761522420e+00 9.854367934167385101e-03 1.231148722581565380e-03 9.510056115686893463e-03 1.002491172403097153e-02 9.358276613056659698e-03 1.021849364042282104e-02 1.052415277808904648e-02 1.015380676835775375e-02 9.616238065063953400e-03 9.521813131868839264e-03 1.029225811362266541e-02 9.545964188873767853e-03
7.615230460921843303e+00 9.829421527683734894e-03 1.232064445503056049e-03 9.486232884228229523e-03 1.000204402953386307e-02 9.333506226539611816e-03 1.019640080630779266e-02 1.050179731100797653e-02 1.012756209820508957e-02 9.591307491064071655e-03 9.500007145106792450e-03 1.026831287890672684e-02 9.522782638669013977e-03
7.635270541082164186e+00 9.805245324969291687e-03 1.232925103977322578e-03 9.462446905672550201e-03 9.979312308132648468e-03 9.308577515184879303e-03 1.017385069280862808e-02 1.048001646995544434e-02 1.010162942111492157e-02 9.567352943122386932e-03 9.479455649852752686e-03 1.024537440389394760e-02 9.499980136752128601e-03
7.655310621242485070e+00 9.783159941434860229e-03 1.234498224221169949e-03 9.439157322049140930e-03 9.956676512956619263e-03 9.283646941184997559e-03 1.015167031437158585e-02 1.045876555144786835e-02 1.007632166147232056e-02 9.542942978441715240e-03 9.457539767026901245e-03 1.022349204868078232e-02 9.477759711444377899e-03
7.675350701402805065e+00 9.760744869709014893e-03 1.234299619682133198e-03 9.415473788976669312e-03 9.933739900588989258e-03 9.260205551981925964e-03 1.012949924916028976e-02 1.043523848056793213e-02 1.005229447036981583e-02 9.518712759017944336e-03 9.435282088816165924e-03 1.020025275647640228e-02 9.455336257815361023e-03
7.695390781563125948e+00 9.738303720951080322e-03 1.234102644957602024e-03 9.391102939844131470e-03 9.909932501614093781e-03 9.236539714038372040e-03 1.010771840810775757e-02 1.041153259575366974e-02 1.002928987145423889e-02 9.494843892753124237e-03 9.412521496415138245e-03 1.017580367624759674e-02 9.433181956410408020e-03
7.715430861723446831e+00 9.717654436826705933e-03 1.233276096172630787e-03 9.366620332002639771e-03 9.885642677545547485e-03 9.213190525770187378e-03 1.008583046495914459e-02 1.038779038935899734e-02 1.000694558024406433e-02 9.471932426095008850e-03 9.389328770339488983e-03 1.015069242566823959e-02 9.410954080522060394e-03
7.735470941883766827e+00 9.697578847408294678e-03 1.232474809512495995e-03 9.343266487121582031e-03 9.860676713287830353e-03 9.190945886075496674e-03 1.006395835429430008e-02 1.036493014544248581e-02 9.985516779124736786e-03 9.450010955333709717e-03 9.365729056298732758e-03 1.012562960386276245e-02 9.387608617544174194e-03
7.755511022044087710e+00 9.677121415734291077e-03 1.231341273523867130e-03 9.320862591266632080e-03 9.835002012550830841e-03 9.170094504952430725e-03 1.004240009933710098e-02 1.034310460090637207e-02 9.963482618331909180e-03 9.428723715245723724e-03 9.342130273580551147e-03 1.010074280202388763e-02 9.364109486341476440e-03
7.775551102204408593e+00 9.657048620283603668e-03 1.230051391758024693e-03 9.298513643443584442e-03 9.808795526623725891e-03 9.148664772510528564e-03 1.002249680459499359e-02 1.032050326466560364e-02 9.940711781382560730e-03 9.408446960151195526e-03 9.319059550762176514e-03 1.007512770593166351e-02 9.339226409792900085e-03
7.795591182364729477e+00 9.637875482439994812e-03 1.229009707458317280e-03 9.276812896132469177e-03 9.782980196177959442e-03 9.127372875809669495e-03 1.000250875949859619e-02 1.029750797897577286e-02 9.919083677232265472e-03 9.389247745275497437e-03 9.296294301748275757e-03 1.005094405263662338e-02 9.313548915088176727e-03
7.815631262525049472e+00 9.618223644793033600e-03 1.228207838721573353e-03 9.255947545170783997e-03 9.757328778505325317e-03 9.105540812015533447e-03 9.981974028050899506e-03 1.027457881718873978e-02 9.897433221340179443e-03 9.370639920234680176e-03 9.273114614188671112e-03 1.002771500498056412e-02 9.288187138736248016e-03
7.835671342685370355e+00 9.598398581147193909e-03 1.227247179485857487e-03 9.235400706529617310e-03 9.732550941407680511e-03 9.084628894925117493e-03 9.960526600480079651e-03 1.025191042572259903e-02 9.876932017505168915e-03 9.351624175906181335e-03 9.251088835299015045e-03 1.000498514622449875e-02 9.262540377676486969e-03
7.855711422845691239e+00 9.578559547662734985e-03 1.225712941959500313e-03 9.215770289301872253e-03 9.708929806947708130e-03 9.064581245183944702e-03 9.939563460648059845e-03 1.022948790341615677e-02 9.856784716248512268e-03 9.332324378192424774e-03 9.229236282408237457e-03 9.981897659599781036e-03 9.238242171704769135e-03
7.875751503006012122e+00 9.559417143464088440e-03 1.224144361913204193e-03 9.195421822369098663e-03 9.686233475804328918e-03 9.045637212693691254e-03 9.919416159391403198e-03 1.020756084471940994e-02 9.836373850703239441e-03 9.311595000326633453e-03 9.207564406096935272e-03 9.957971051335334778e-03 9.215132333338260651e-03
7.895791583166332117e+00 9.540416300296783447e-03 1.223752624355256557e-03 9.175541810691356659e-03 9.663910605013370514e-03 9.026088751852512360e-03 9.899210184812545776e-03 1.018586196005344391e-02 9.816119447350502014e-03 9.291105903685092926e-03 9.184564463794231415e-03 9.935348294675350189e-03 9.191773831844329834e-03
7.915831663326653000e+00 9.521545842289924622e-03 1.224951236508786678e-03 9.155337698757648468e-03 9.641355834901332855e-03 9.005147032439708710e-03 9.878754615783691406e-03 1.016500685364007950e-02 9.796830825507640839e-03 9.270236827433109283e-03 9.162349626421928406e-03 9.914287365972995758e-03 9.168649092316627502e-03
7.935871743486973884e+00 9.503501467406749725e-03 1.226241933181881905e-03 9.134732186794281006e-03 9.619077667593955994e-03 8.984670042991638184e-03 9.857470169663429260e-03 1.014510076493024826e-02 9.776918217539787292e-03 9.248982183635234833e-03 9.140565991401672363e-03 9.894038550555706024e-03 9.146532975137233734e-03
7.955911823647293879e+00 9.487025439739227295e-03 1.226822030730545521e-03 9.114517830312252045e-03 9.596829302608966827e-03 8.964634500443935394e-03 9.836183860898017883e-03 1.012438721954822540e-02 9.756225161254405975e-03 9.227020666003227234e-03 9.119049645960330963e-03 9.874289855360984802e-03 9.125355631113052368e-03
7.975951903807614762e+00 9.471155703067779541e-03 1.229076879099011421e-03 9.094595909118652344e-03 9.574778378009796143e-03 8.941925130784511566e-03 9.815221652388572693e-03 1.010392233729362488e-02 9.735946543514728546e-03 9.205209091305732727e-03 9.097172878682613373e-03 9.853999130427837372e-03 9.103748016059398651e-03
7.995991983967935646e+00 9.455910883843898773e-03 1.230474561452865601e-03 9.074095636606216431e-03 9.552991017699241638e-03 8.920060470700263977e-03 9.793498553335666656e-03 1.008320320397615433e-02 9.715741500258445740e-03 9.184243157505989075e-03 9.074897505342960358e-03 9.832481853663921356e-03 9.083076380193233490e-03
8.016032064128255641e+00 9.439981542527675629e-03 1.231757225468754768e-03 9.053985588252544403e-03 9.531423449516296387e-03 8.897683583199977875e-03 9.772460907697677612e-03 1.006217207759618759e-02 9.695609100162982941e-03 9.162807837128639221e-03 9.053001180291175842e-03 9.810816496610641479e-03 9.063526988029479980e-03
8.036072144288576524e+00 9.423251263797283173e-03 1.232710899785161018e-03 9.035181254148483276e-03 9.510274045169353485e-03 8.874673396348953247e-03 9.751935489475727081e-03 1.004096027463674545e-02 9.676848538219928741e-03 9.141837246716022491e-03 9.032238274812698364e-03 9.790141135454177856e-03 9.045217186212539673e-03
8.056112224448897408e+00 9.405636228621006012e-03 1.232756418175995350e-03 9.015802294015884399e-03 9.488331153988838196e-03 8.851639926433563232e-03 9.730487130582332611e-03 1.002015825361013412e-02 9.656269103288650513e-03 9.121833369135856628e-03 9.012294933199882507e-03 9.770014323294162750e-03 9.027485735714435577e-03
8.076152304609218291e+00 9.386101737618446350e-03 1.230364316143095493e-03 8.996466174721717834e-03 9.466697461903095245e-03 8.829764090478420258e-03 9.708165191113948822e-03 9.998043067753314972e-03 9.636000730097293854e-03 9.102197363972663879e-03 8.992162533104419708e-03 9.749219752848148346e-03 9.010980837047100067e-03
8.096192384769539174e+00 9.364887140691280365e-03 1.227145898155868053e-03 8.976561017334461212e-03 9.445827454328536987e-03 8.808810263872146606e-03 9.686907753348350525e-03 9.975292719900608063e-03 9.616380557417869568e-03 9.082872420549392700e-03 8.972663432359695435e-03 9.728312492370605469e-03 8.994287811219692230e-03
8.116232464929860058e+00 9.343000128865242004e-03 1.223935396410524845e-03 8.955233730375766754e-03 9.425677359104156494e-03 8.788984268903732300e-03 9.666843339800834656e-03 9.952686727046966553e-03 9.595824405550956726e-03 9.062125347554683685e-03 8.953580632805824280e-03 9.707357734441757202e-03 8.978197351098060608e-03
8.136272545090179165e+00 9.320355020463466644e-03 1.219783443957567215e-03 8.933662436902523041e-03 9.406161494553089142e-03 8.771402761340141296e-03 9.645410813391208649e-03 9.929602034389972687e-03 9.575428441166877747e-03 9.041542187333106995e-03 8.933205157518386841e-03 9.685841389000415802e-03 8.960489183664321899e-03
8.156312625250500048e+00 9.296789765357971191e-03 1.215897733345627785e-03 8.912500925362110138e-03 9.387386031448841095e-03 8.752908557653427124e-03 9.623885154724121094e-03 9.906924329698085785e-03 9.554378688335418701e-03 9.020853787660598755e-03 8.912540040910243988e-03 9.663901291787624359e-03 8.942514657974243164e-03
8.176352705410820931e+00 9.272771887481212616e-03 1.212412025779485703e-03 8.892759680747985840e-03 9.369181469082832336e-03 8.732503280043601990e-03 9.602754376828670502e-03 9.883644990622997284e-03 9.533359669148921967e-03 8.999916724860668182e-03 8.891941048204898834e-03 9.641741402447223663e-03 8.923897519707679749e-03
8.196392785571141815e+00 9.250255301594734192e-03 1.211096532642841339e-03 8.873500861227512360e-03 9.351882152259349823e-03 8.710597641766071320e-03 9.582350961863994598e-03 9.861726313829421997e-03 9.512236341834068298e-03 8.979515172541141510e-03 8.870056830346584320e-03 9.619610384106636047e-03 8.905148133635520935e-03
8.216432865731462698e+00 9.227816946804523468e-03 1.209819456562399864e-03 8.854934945702552795e-03 9.335354901850223541e-03 8.689500391483306885e-03 9.562285616993904114e-03 9.840757586061954498e-03 9.491266682744026184e-03 8.959476836025714874e-03 8.849141187965869904e-03 9.598421864211559296e-03 8.886517956852912903e-03
8.236472945891783581e+00 9.205305017530918121e-03 1.208480913192033768e-03 8.836831897497177124e-03 9.318829514086246490e-03 8.668818511068820953e-03 9.543335996568202972e-03 9.819455444812774658e-03 9.471289813518524170e-03 8.940438739955425262e-03 8.828226476907730103e-03 9.577559307217597961e-03 8.868013508617877960e-03
8.256513026052104465e+00 9.182773530483245850e-03 1.206149696372449398e-03 8.819098584353923798e-03 9.302152320742607117e-03 8.648026734590530396e-03 9.523031301796436310e-03 9.798379614949226379e-03 9.450338780879974365e-03 8.921450935304164886e-03 8.808658458292484283e-03 9.556260891258716583e-03 8.849358186125755310e-03
8.276553106212425348e+00 9.161372669041156769e-03 1.203115796670317650e-03 8.800215087831020355e-03 9.284992702305316925e-03 8.629838936030864716e-03 9.502756409347057343e-03 9.776120074093341827e-03 9.430262260138988495e-03 8.902339264750480652e-03 8.788826875388622284e-03 9.535210207104682922e-03 8.830100297927856445e-03
8.296593186372744455e+00 9.140483103692531586e-03 1.199349295347929001e-03 8.782232180237770081e-03 9.266361594200134277e-03 8.613408543169498444e-03 9.483365342020988464e-03 9.753473103046417236e-03 9.410131722688674927e-03 8.882693946361541748e-03 8.769407868385314941e-03 9.516016580164432526e-03 8.811679668724536896e-03
8.316633266533065338e+00 9.120522066950798035e-03 1.196096651256084442e-03 8.764197118580341339e-03 9.247437119483947754e-03 8.597374893724918365e-03 9.464665316045284271e-03 9.732300415635108948e-03 9.389917366206645966e-03 8.863653056323528290e-03 8.750849403440952301e-03 9.496921673417091370e-03 8.793170563876628876e-03
8.336673346693386222e+00 9.099907241761684418e-03 1.194045646116137505e-03 8.745820261538028717e-03 9.228553622961044312e-03 8.580244146287441254e-03 9.446684271097183228e-03 9.711312130093574524e-03 9.370733983814716339e-03 8.845186792314052582e-03 8.732415735721588135e-03 9.478466585278511047e-03 8.774380199611186981e-03
8.356713426853707105e+00 9.079304523766040802e-03 1.192200579680502415e-03 8.727388456463813782e-03 9.209753014147281647e-03 8.563268929719924927e-03 9.428951889276504517e-03 9.690535254776477814e-03 9.352265857160091400e-03 8.826876990497112274e-03 8.714567869901657104e-03 9.461157955229282379e-03 8.756647817790508270e-03
8.376753507014027988e+00 9.059706702828407288e-03 1.191184273920953274e-03 8.708142675459384918e-03 9.191303513944149017e-03 8.547974750399589539e-03 9.411368519067764282e-03 9.670516476035118103e-03 9.334008209407329559e-03 8.809541352093219757e-03 8.697342127561569214e-03 9.446796961128711700e-03 8.738376200199127197e-03
8.396793587174348872e+00 9.040942415595054626e-03 1.191382063552737236e-03 8.688321337103843689e-03 9.172792546451091766e-03 8.532630279660224915e-03 9.393932297825813293e-03 9.651334956288337708e-03 9.316785261034965515e-03 8.792852982878684998e-03 8.680353872478008270e-03 9.432474151253700256e-03 8.718470111489295959e-03
8.416833667334669755e+00 9.023389779031276703e-03 1.192405470646917820e-03 8.668269962072372437e-03 9.155482053756713867e-03 8.516254834830760956e-03 9.375827386975288391e-03 9.633920155465602875e-03 9.300725534558296204e-03 8.777333423495292664e-03 8.663296699523925781e-03 9.415938518941402435e-03 8.698188699781894684e-03
8.436873747494988862e+00 9.006792679429054260e-03 1.193655654788017273e-03 8.648453280329704285e-03 9.138365276157855988e-03 8.498010225594043732e-03 9.357430972158908844e-03 9.618028067052364349e-03 9.283947758376598358e-03 8.762341924011707306e-03 8.647677488625049591e-03 9.398379363119602203e-03 8.678676560521125793e-03
8.456913827655309746e+00 8.990442380309104919e-03 1.193635747767984867e-03 8.628454059362411499e-03 9.122200310230255127e-03 8.479907177388668060e-03 9.339168667793273926e-03 9.601824916899204254e-03 9.266084991395473480e-03 8.747790008783340454e-03 8.633125573396682739e-03 9.379539638757705688e-03 8.659912273287773132e-03
8.476953907815630629e+00 8.975857868790626526e-03 1.191883347928524017e-03 8.608803153038024902e-03 9.106923826038837433e-03 8.461679331958293915e-03 9.320558048784732819e-03 9.584242478013038635e-03 9.248134680092334747e-03 8.732013404369354248e-03 8.619496598839759827e-03 9.358554147183895111e-03 8.642464876174926758e-03
8.496993987975951512e+00 8.961657993495464325e-03 1.189624890685081482e-03 8.588457480072975159e-03 9.090356528759002686e-03 8.444150909781455994e-03 9.302619844675064087e-03 9.567138738930225372e-03 9.229095652699470520e-03 8.715405128896236420e-03 8.607970550656318665e-03 9.337871335446834564e-03 8.625903166830539703e-03
8.517034068136272396e+00 8.947487920522689819e-03 1.187992398627102375e-03 8.567929267883300781e-03 9.073474444448947906e-03 8.424695581197738647e-03 9.284010156989097595e-03 9.549560956656932831e-03 9.209312498569488525e-03 8.696974255144596100e-03 8.594730868935585022e-03 9.316501207649707794e-03 8.610963821411132812e-03
8.537074148296593279e+00 8.933247998356819153e-03 1.188074122183024883e-03 8.547418750822544098e-03 9.056380949914455414e-03 8.403519168496131897e-03 9.264875203371047974e-03 9.531875140964984894e-03 9.191098622977733612e-03 8.678680285811424255e-03 8.581825532019138336e-03 9.296947158873081207e-03 8.595146238803863525e-03
8.557114228456914162e+00 8.917973376810550690e-03 1.186881563626229763e-03 8.527033030986785889e-03 9.038809686899185181e-03 8.384651504456996918e-03 9.245770052075386047e-03 9.512720629572868347e-03 9.171962738037109375e-03 8.659924380481243134e-03 8.568092249333858490e-03 9.277894161641597748e-03 8.578255772590637207e-03
8.577154308617233269e+00 8.902136236429214478e-03 1.184501801617443562e-03 8.507383987307548523e-03 9.021136909723281860e-03 8.366491645574569702e-03 9.227080270648002625e-03 9.492384269833564758e-03 9.153446182608604431e-03 8.641684427857398987e-03 8.554316125810146332e-03 9.258567355573177338e-03 8.561613969504833221e-03
8.597194388777554153e+00 8.885480463504791260e-03 1.181696658022701740e-03 8.488119579851627350e-03 9.004078805446624756e-03 8.350782096385955811e-03 9.207809343934059143e-03 9.472389705479145050e-03 9.135000407695770264e-03 8.623563684523105621e-03 8.538714610040187836e-03 9.240219369530677795e-03 8.544838987290859222e-03
8.617234468937875036e+00 8.868284523487091064e-03 1.179679878987371922e-03 8.469055406749248505e-03 8.987260051071643829e-03 8.334416896104812622e-03 9.188476018607616425e-03 9.452708065509796143e-03 9.116569533944129944e-03 8.604738861322402954e-03 8.522154763340950012e-03 9.221332147717475891e-03 8.527320809662342072e-03
8.637274549098195919e+00 8.850311860442161560e-03 1.176723395474255085e-03 8.450170978903770447e-03 8.970670402050018311e-03 8.318440057337284088e-03 9.168075397610664368e-03 9.432081133127212524e-03 9.097428061068058014e-03 8.585876785218715668e-03 8.503857068717479706e-03 9.201696142554283142e-03 8.509661071002483368e-03
8.657314629258516803e+00 8.832293562591075897e-03 1.174642588011920452e-03 8.431486785411834717e-03 8.955433033406734467e-03 8.301938883960247040e-03 9.149723686277866364e-03 9.410653263330459595e-03 9.079820476472377777e-03 8.567673154175281525e-03 8.484723977744579315e-03 9.182271547615528107e-03 8.492263965308666229e-03
8.677354709418837686e+00 8.813248015940189362e-03 1.173876808024942875e-03 8.413407951593399048e-03 8.940321393311023712e-03 8.283765986561775208e-03 9.130441583693027496e-03 9.390505030751228333e-03 9.062826633453369141e-03 8.549521677196025848e-03 8.465874008834362030e-03 9.163937531411647797e-03 8.474062196910381317e-03
8.697394789579158569e+00 8.793679997324943542e-03 1.174060977064073086e-03 8.396463468670845032e-03 8.925317786633968353e-03 8.262774907052516937e-03 9.113107807934284210e-03 9.370027109980583191e-03 9.047256782650947571e-03 8.530836552381515503e-03 8.446938358247280121e-03 9.144050069153308868e-03 8.456597104668617249e-03
8.717434869739479453e+00 8.773739449679851532e-03 1.175101613625884056e-03 8.379694074392318726e-03 8.909286931157112122e-03 8.240318857133388519e-03 9.096766822040081024e-03 9.349490515887737274e-03 9.032135829329490662e-03 8.513602428138256073e-03 8.428308181464672089e-03 9.125201962888240814e-03 8.438591845333576202e-03
8.737474949899798560e+00 8.752595633268356323e-03 1.176282181404531002e-03 8.363039232790470123e-03 8.893887512385845184e-03 8.218592964112758636e-03 9.079669602215290070e-03 9.329963475465774536e-03 9.017788805067539215e-03 8.497291244566440582e-03 8.410070091485977173e-03 9.108509868383407593e-03 8.421387523412704468e-03
8.757515030060119443e+00 8.730421774089336395e-03 1.176204532384872437e-03 8.347094990313053131e-03 8.877630345523357391e-03 8.198171854019165039e-03 9.060920216143131256e-03 9.311136789619922638e-03 9.002989158034324646e-03 8.481288328766822815e-03 8.390840142965316772e-03 9.091224521398544312e-03 8.404821157455444336e-03
8.777555110220440326e+00 8.708787150681018829e-03 1.176612684503197670e-03 8.331452496349811554e-03 8.860438130795955658e-03 8.177377283573150635e-03 9.042517282068729401e-03 9.292053990066051483e-03 8.988560177385807037e-03 8.465758524835109711e-03 8.372726850211620331e-03 9.075025096535682678e-03 8.387170732021331787e-03
8.797595190380761210e+00 8.689871057868003845e-03 1.176407793536782265e-03 8.315945975482463837e-03 8.842119015753269196e-03 8.157154545187950134e-03 9.024216793477535248e-03 9.273651055991649628e-03 8.972871117293834686e-03 8.450093679130077362e-03 8.355482481420040131e-03 9.057734161615371704e-03 8.369535207748413086e-03
8.817635270541082093e+00 8.671748451888561249e-03 1.175892306491732597e-03 8.300930261611938477e-03 8.822628296911716461e-03 8.137610740959644318e-03 9.006464853882789612e-03 9.255494922399520874e-03 8.956637233495712280e-03 8.434825576841831207e-03 8.338405750691890717e-03 9.039788506925106049e-03 8.350407704710960388e-03
8.837675350701402976e+00 8.655062876641750336e-03 1.175084151327610016e-03 8.286728523671627045e-03 8.803091011941432953e-03 8.119229227304458618e-03 8.989640511572360992e-03 9.237992577254772186e-03 8.939653635025024414e-03 8.419498801231384277e-03 8.321452885866165161e-03 9.021542966365814209e-03 8.330941200256347656e-03
8.857715430861723860e+00 8.639525622129440308e-03 1.174994627945125103e-03 8.272350765764713287e-03 8.783532306551933289e-03 8.102218620479106903e-03 8.975146338343620300e-03 9.221659973263740540e-03 8.921645581722259521e-03 8.404509164392948151e-03 8.304527029395103455e-03 9.003857150673866272e-03 8.311170153319835663e-03
8.877755511022042967e+00 8.622454479336738586e-03 1.173476455733180046e-03 8.259424008429050446e-03 8.763190358877182007e-03 8.088181726634502411e-03 8.960396982729434967e-03 9.205631911754608154e-03 8.905223570764064789e-03 8.390058763325214386e-03 8.286772295832633972e-03 8.986487053334712982e-03 8.291861042380332947e-03
8.897795591182363850e+00 8.606070652604103088e-03 1.170630333945155144e-03 8.246456272900104523e-03 8.743023499846458435e-03 8.076429367065429688e-03 8.944973349571228027e-03 9.189978241920471191e-03 8.889826014637947083e-03 8.374988101422786713e-03 8.271078579127788544e-03 8.969166316092014313e-03 8.273285813629627228e-03
8.917835671342684734e+00 8.586888201534748077e-03 1.167120179161429405e-03 8.232695981860160828e-03 8.722935803234577179e-03 8.064601570367813110e-03 8.927906863391399384e-03 9.174256585538387299e-03 8.873241022229194641e-03 8.359633386135101318e-03 8.255084045231342316e-03 8.951772935688495636e-03 8.255252614617347717e-03
8.937875751503005617e+00 8.567998185753822327e-03 1.163224340416491032e-03 8.219350129365921021e-03 8.703146129846572876e-03 8.052905090153217316e-03 8.911300450563430786e-03 9.157920256257057190e-03 8.855090476572513580e-03 8.344918489456176758e-03 8.239230141043663025e-03 8.935975842177867889e-03 8.237673901021480560e-03
8.957915831663326500e+00 8.548239246010780334e-03 1.159391715191304684e-03 8.205622434616088867e-03 8.682928979396820068e-03 8.040798828005790710e-03 8.894333615899085999e-03 9.141420014202594757e-03 8.836336433887481689e-03 8.330554701387882233e-03 8.224039338529109955e-03 8.920772001147270203e-03 8.219693787395954132e-03
8.977955911823647384e+00 8.528198115527629852e-03 1.156031037680804729e-03 8.191540837287902832e-03 8.662368170917034149e-03 8.026611991226673126e-03 8.877213113009929657e-03 9.124600328505039215e-03 8.818118833005428314e-03 8.316334336996078491e-03 8.209368214011192322e-03 8.903895504772663116e-03 8.201228454709053040e-03
8.997995991983968267e+00 8.507879450917243958e-03 1.152625889517366886e-03 8.176727220416069031e-03 8.642526343464851379e-03 8.013283833861351013e-03 8.860211819410324097e-03 9.107684716582298279e-03 8.798683993518352509e-03 8.302791044116020203e-03 8.193373680114746094e-03 8.887105621397495270e-03 8.183021098375320435e-03
9.018036072144287374e+00 8.488861843943595886e-03 1.149369752965867519e-03 8.161692880094051361e-03 8.622982539236545563e-03 7.999983616173267365e-03 8.844343945384025574e-03 9.089762344956398010e-03 8.780063129961490631e-03 8.289023302495479584e-03 8.177571929991245270e-03 8.870764635503292084e-03 8.165234699845314026e-03
9.038076152304608257e+00 8.471881970763206482e-03 1.146604656241834164e-03 8.146457374095916748e-03 8.603912778198719025e-03 7.985917851328849792e-03 8.829335682094097137e-03 9.072238579392433167e-03 8.760820142924785614e-03 8.273553103208541870e-03 8.161661215126514435e-03 8.853955194354057312e-03 8.148455061018466949e-03
9.058116232464929141e+00 8.455364964902400970e-03 1.145165064372122288e-03 8.131437934935092926e-03 8.586096577346324921e-03 7.970795035362243652e-03 8.815708570182323456e-03 9.054418653249740601e-03 8.742370642721652985e-03 8.258263580501079559e-03 8.144543506205081940e-03 8.837210014462471008e-03 8.131553418934345245e-03
9.078156312625250024e+00 8.438872173428535461e-03 1.142839668318629265e-03 8.115265518426895142e-03 8.569866418838500977e-03 7.956453599035739899e-03 8.800500072538852692e-03 9.036011993885040283e-03 8.725266903638839722e-03 8.241857402026653290e-03 8.128225803375244141e-03 8.820346556603908539e-03 8.116567507386207581e-03
9.098196392785570907e+00 8.421988226473331451e-03 1.141994027420878410e-03 8.099918253719806671e-03 8.554458618164062500e-03 7.940642535686492920e-03 8.784874342381954193e-03 9.018823504447937012e-03 8.708965964615345001e-03 8.224657736718654633e-03 8.112278766930103302e-03 8.804461918771266937e-03 8.101999759674072266e-03
9.118236472945891791e+00 8.406332693994045258e-03 1.140892156399786472e-03 8.085436187684535980e-03 8.539536036550998688e-03 7.924774661660194397e-03 8.768300525844097137e-03 9.002587758004665375e-03 8.694893680512905121e-03 8.208117447793483734e-03 8.097059093415737152e-03 8.788236416876316071e-03 8.088481612503528595e-03
9.138276553106212674e+00 8.392207324504852295e-03 1.139593194238841534e-03 8.071077056229114532e-03 8.525146171450614929e-03 7.909345440566539764e-03 8.750002831220626831e-03 8.987890556454658508e-03 8.681043051183223724e-03 8.190509863197803497e-03 8.083594031631946564e-03 8.772363886237144470e-03 8.075037039816379547e-03
9.158316633266533557e+00 8.379208855330944061e-03 1.138150459155440331e-03 8.056891150772571564e-03 8.510894142091274261e-03 7.894442416727542877e-03 8.731254376471042633e-03 8.974420838057994843e-03 8.666065521538257599e-03 8.172395639121532440e-03 8.068914525210857391e-03 8.755188435316085815e-03 8.061656728386878967e-03
9.178356713426852664e+00 8.366269059479236603e-03 1.137066865339875221e-03 8.042696863412857056e-03 8.496459573507308960e-03 7.879481650888919830e-03 8.712686598300933838e-03 8.962395600974559784e-03 8.650749921798706055e-03 8.154276758432388306e-03 8.054890669882297516e-03 8.737752214074134827e-03 8.048931136727333069e-03
9.198396793587173548e+00 8.353189565241336823e-03 1.135983737185597420e-03 8.028904907405376434e-03 8.481964468955993652e-03 7.865938358008861542e-03 8.694922551512718201e-03 8.949806913733482361e-03 8.636763319373130798e-03 8.137502707540988922e-03 8.039557375013828278e-03 8.720421232283115387e-03 8.035392500460147858e-03
9.218436873747494431e+00 8.339036256074905396e-03 1.133781159296631813e-03 8.015191182494163513e-03 8.467739447951316833e-03 7.852766662836074829e-03 8.679225109517574310e-03 8.935194462537765503e-03 8.620678447186946869e-03 8.121426217257976532e-03 8.024309761822223663e-03 8.702789433300495148e-03 8.021296001970767975e-03
9.238476953907815314e+00 8.324306458234786987e-03 1.131163560785353184e-03 8.000419475138187408e-03 8.453461341559886932e-03 7.840724661946296692e-03 8.663560263812541962e-03 8.919488638639450073e-03 8.605183102190494537e-03 8.106222376227378845e-03 8.009020239114761353e-03 8.686040528118610382e-03 8.007106371223926544e-03
9.258517034068136198e+00 8.308967575430870056e-03 1.127672498114407063e-03 7.984810508787631989e-03 8.438879624009132385e-03 7.828486151993274689e-03 8.647312410175800323e-03 8.902149274945259094e-03 8.588331751525402069e-03 8.091866970062255859e-03 7.994065992534160614e-03 8.670107461512088776e-03 7.992309518158435822e-03
9.278557114228457081e+00 8.294381201267242432e-03 1.122338580898940563e-03 7.969236932694911957e-03 8.423639461398124695e-03 7.816700264811515808e-03 8.630847558379173279e-03 8.882558904588222504e-03 8.569833822548389435e-03 8.077868260443210602e-03 7.980109192430973053e-03 8.654927834868431091e-03 7.976753637194633484e-03
9.298597194388777964e+00 8.280218578875064850e-03 1.117710955440998077e-03 7.952060550451278687e-03 8.408241905272006989e-03 7.805074099451303482e-03 8.615330792963504791e-03 8.862024173140525818e-03 8.551693521440029144e-03 8.063470944762229919e-03 7.965627126395702362e-03 8.639643900096416473e-03 7.960357703268527985e-03
9.318637274549097071e+00 8.266715332865715027e-03 1.114134676754474640e-03 7.934670895338058472e-03 8.392680436372756958e-03 7.793481461703777313e-03 8.599339053034782410e-03 8.841984905302524567e-03 8.534729480743408203e-03 8.048302493989467621e-03 7.949372753500938416e-03 8.624821901321411133e-03 7.944758050143718719e-03
9.338677354709417955e+00 8.252979256212711334e-03 1.110922195948660374e-03 7.917386479675769806e-03 8.377065882086753845e-03 7.779977750033140182e-03 8.582909591495990753e-03 8.821929804980754852e-03 8.517215959727764130e-03 8.032547309994697571e-03 7.934083230793476105e-03 8.609875105321407318e-03 7.929202169179916382e-03
9.358717434869738838e+00 8.239344693720340729e-03 1.110207173041999340e-03 7.900619879364967346e-03 8.361726067960262299e-03 7.765000686049461365e-03 8.566506206989288330e-03 8.803475648164749146e-03 8.501132950186729431e-03 8.016546256840229034e-03 7.918576709926128387e-03 8.595947176218032837e-03 7.912529632449150085e-03
9.378757515030059722e+00 8.225828409194946289e-03 1.108244876377284527e-03 7.883585989475250244e-03 8.345883339643478394e-03 7.750570774078369141e-03 8.550353348255157471e-03 8.785417303442955017e-03 8.486342616379261017e-03 8.001454174518585205e-03 7.903832942247390747e-03 8.578675799071788788e-03 7.896578870713710785e-03
9.398797595190380605e+00 8.210584521293640137e-03 1.106678624637424946e-03 7.866228930652141571e-03 8.329917676746845245e-03 7.736204192042350769e-03 8.534095250070095062e-03 8.767999708652496338e-03 8.471451699733734131e-03 7.985072210431098938e-03 7.889172062277793884e-03 8.560972288250923157e-03 7.880466058850288391e-03
9.418837675350701488e+00 8.194718509912490845e-03 1.105075119994580746e-03 7.849176414310932159e-03 8.314034901559352875e-03 7.720789406448602676e-03 8.517075330018997192e-03 8.750970475375652313e-03 8.455492556095123291e-03 7.968085817992687225e-03 7.875429466366767883e-03 8.542924188077449799e-03 7.863802835345268250e-03
9.438877755511022372e+00 8.178582414984703064e-03 1.103822141885757446e-03 7.831703871488571167e-03 8.299279026687145233e-03 7.704732008278369904e-03 8.500959724187850952e-03 8.734430186450481415e-03 8.438010700047016144e-03 7.951281964778900146e-03 7.862268947064876556e-03 8.525284007191658020e-03 7.847947068512439728e-03
9.458917835671341479e+00 8.164044469594955444e-03 1.103183254599571228e-03 7.815308868885040283e-03 8.284717798233032227e-03 7.689134217798709869e-03 8.484720252454280853e-03 8.719522505998611450e-03 8.422651328146457672e-03 7.935486733913421631e-03 7.849005050957202911e-03 8.507329970598220825e-03 7.832179777324199677e-03
9.478957915831662362e+00 8.147743530571460724e-03 1.104026217944920063e-03 7.798897102475166321e-03 8.270807564258575439e-03 7.670945487916469574e-03 8.470277301967144012e-03 8.705521002411842346e-03 8.406174369156360626e-03 7.920455187559127808e-03 7.836105301976203918e-03 8.490392938256263733e-03 7.817555218935012817e-03
9.498997995991983245e+00 8.130650036036968231e-03 1.103521208278834820e-03 7.782257627695798874e-03 8.257726207375526428e-03 7.654784247279167175e-03 8.454577997326850891e-03 8.691295050084590912e-03 8.389861322939395905e-03 7.906029000878334045e-03 7.823006249964237213e-03 8.474340662360191345e-03 7.804214023053646088e-03
9.519038076152304129e+00 8.113871328532695770e-03 1.103091170080006123e-03 7.765055168420076370e-03 8.244905620813369751e-03 7.640401832759380341e-03 8.438591845333576202e-03 8.678020909428596497e-03 8.374504745006561279e-03 7.890892215073108673e-03 7.808461785316467285e-03 8.457299321889877319e-03 7.791913114488124847e-03
9.539078156312625012e+00 8.098570629954338074e-03 1.103530521504580975e-03 7.748472969979047775e-03 8.232416585087776184e-03 7.624528836458921432e-03 8.423187769949436188e-03 8.664938621222972870e-03 8.360669016838073730e-03 7.876158691942691803e-03 7.794817909598350525e-03 8.440471254289150238e-03 7.779904641211032867e-03
9.559118236472945895e+00 8.083693683147430420e-03 1.104455790482461452e-03 7.732397876679897308e-03 8.220490999519824982e-03 7.610416039824485779e-03 8.408632129430770874e-03 8.652637712657451630e-03 8.347784169018268585e-03 7.861525751650333405e-03 7.781353313475847244e-03 8.425519801676273346e-03 7.768236100673675537e-03
9.579158316633266779e+00 8.068684488534927368e-03 1.106206211261451244e-03 7.717302534729242325e-03 8.208616636693477631e-03 7.595306262373924255e-03 8.393231779336929321e-03 8.638919331133365631e-03 8.336599916219711304e-03 7.847143337130546570e-03 7.766486145555973053e-03 8.413197472691535950e-03 7.756216451525688171e-03
9.599198396793587662e+00 8.054642006754875183e-03 1.107571762986481190e-03 7.703367155045270920e-03 8.195238187909126282e-03 7.583070546388626099e-03 8.378799073398113251e-03 8.627302944660186768e-03 8.324583992362022400e-03 7.832719013094902039e-03 7.752816658467054367e-03 8.402326144278049469e-03 7.743976544588804245e-03
9.619238476953906769e+00 8.041531778872013092e-03 1.108255819417536259e-03 7.690365426242351532e-03 8.180988952517509460e-03 7.571173831820487976e-03 8.365945890545845032e-03 8.614426478743553162e-03 8.311267942190170288e-03 7.817583158612251282e-03 7.738824002444744110e-03 8.391440846025943756e-03 7.731277495622634888e-03
9.639278557114227652e+00 8.027912117540836334e-03 1.108776428736746311e-03 7.678550202399492264e-03 8.165533654391765594e-03 7.559135090559720993e-03 8.352161385118961334e-03 8.602197282016277313e-03 8.297545835375785828e-03 7.803098764270544052e-03 7.726395037025213242e-03 8.382202126085758209e-03 7.717291358858346939e-03
9.659318637274548536e+00 8.013771846890449524e-03 1.109161064960062504e-03 7.666189223527908325e-03 8.148969151079654694e-03 7.548238150775432587e-03 8.339685387909412384e-03 8.590578101575374603e-03 8.283463306725025177e-03 7.789385970681905746e-03 7.713165134191513062e-03 8.372184820473194122e-03 7.703839335590600967e-03
9.679358717434869419e+00 7.999186404049396515e-03 1.108900643885135651e-03 7.653678301721811295e-03 8.132959716022014618e-03 7.538334000855684280e-03 8.327268064022064209e-03 8.579885587096214294e-03 8.267591707408428192e-03 7.775065023452043533e-03 7.700491230934858322e-03 8.361442945897579193e-03 7.691129110753536224e-03
9.699398797595190302e+00 7.985705509781837463e-03 1.107961172237992287e-03 7.641755975782871246e-03 8.118296973407268524e-03 7.527092937380075455e-03 8.314186707139015198e-03 8.568677119910717010e-03 8.251708932220935822e-03 7.760781794786453247e-03 7.687663193792104721e-03 8.348728530108928680e-03 7.678929716348648071e-03
9.719438877755511186e+00 7.974385283887386322e-03 1.106403418816626072e-03 7.630590815097093582e-03 8.103945292532444000e-03 7.515002973377704620e-03 8.302128873765468597e-03 8.557561784982681274e-03 8.235624060034751892e-03 7.748292293399572372e-03 7.674415130168199539e-03 8.334076032042503357e-03 7.667244877666234970e-03
9.739478957915832069e+00 7.964381948113441467e-03 1.104918657802045345e-03 7.620134390890598297e-03 8.088950999081134796e-03 7.500975392758846283e-03 8.289073593914508820e-03 8.544435724616050720e-03 8.219983428716659546e-03 7.734719198197126389e-03 7.660469505935907364e-03 8.320248685777187347e-03 7.655263412743806839e-03
9.759519038076151176e+00 7.955958135426044464e-03 1.103620976209640503e-03 7.609726395457983017e-03 8.073288016021251678e-03 7.486317772418260574e-03 8.274476043879985809e-03 8.529863320291042328e-03 8.206397294998168945e-03 7.720983587205410004e-03 7.644162978976964951e-03 8.305920287966728210e-03 7.643273100256919861e-03
9.779559118236472059e+00 7.948623970150947571e-03 1.101675326935946941e-03 7.599532138556241989e-03 8.057468570768833160e-03 7.471635006368160248e-03 8.260193280875682831e-03 8.514641784131526947e-03 8.193279616534709930e-03 7.708488032221794128e-03 7.628445513546466827e-03 8.289845660328865051e-03 7.630865555256605148e-03
9.799599198396792943e+00 7.940046489238739014e-03 1.099461573176085949e-03 7.589302025735378265e-03 8.041802793741226196e-03 7.459449116140604019e-03 8.245113305747509003e-03 8.499970659613609314e-03 8.180076256394386292e-03 7.694896776229143143e-03 7.611077744513750076e-03 8.273400366306304932e-03 7.618721574544906616e-03
9.819639278557113826e+00 7.930851541459560394e-03 1.099060289561748505e-03 7.578666787594556808e-03 8.026859723031520844e-03 7.446009665727615356e-03 8.228782564401626587e-03 8.486003614962100983e-03 8.167701773345470428e-03 7.679957896471023560e-03 7.592936046421527863e-03 8.257534354925155640e-03 7.606629282236099243e-03
9.839679358717434710e+00 7.923031225800514221e-03 1.100255292840301991e-03 7.568994536995887756e-03 8.010711520910263062e-03 7.430011872202157974e-03 8.213584311306476593e-03 8.473358117043972015e-03 8.153901435434818268e-03 7.665973622351884842e-03 7.576935458928346634e-03 8.243688382208347321e-03 7.594967260956764221e-03
9.859719438877755593e+00 7.912572473287582397e-03 1.100735971704125404e-03 7.558976300060749054e-03 7.994211278855800629e-03 7.415769621729850769e-03 8.198759518563747406e-03 8.461416698992252350e-03 8.141161873936653137e-03 7.652362342923879623e-03 7.562299259006977081e-03 8.232011459767818451e-03 7.584378123283386230e-03
9.879759519038076476e+00 7.900484837591648102e-03 1.099832588806748390e-03 7.548850495368242264e-03 7.977677509188652039e-03 7.401651702821254730e-03 8.183650672435760498e-03 8.448730222880840302e-03 8.127986453473567963e-03 7.638782262802124023e-03 7.549789734184741974e-03 8.221712894737720490e-03 7.574233226478099823e-03
9.899799599198395583e+00 7.887796498835086823e-03 1.097642118111252785e-03 7.539339363574981689e-03 7.961533963680267334e-03 7.388697471469640732e-03 8.168232627213001251e-03 8.437237702310085297e-03 8.115493692457675934e-03 7.627090904861688614e-03 7.537818048149347305e-03 8.209590800106525421e-03 7.563923951238393784e-03
9.919839679358716467e+00 7.873913273215293884e-03 1.094867940992116928e-03 7.530795410275459290e-03 7.945214398205280304e-03 7.376636844128370285e-03 8.153293281793594360e-03 8.426503278315067291e-03 8.103749714791774750e-03 7.616971619427204132e-03 7.526256144046783447e-03 8.199037052690982819e-03 7.554199546575546265e-03
9.939879759519037350e+00 7.861447520554065704e-03 1.092716585844755173e-03 7.523614913225173950e-03 7.931601256132125854e-03 7.366763893514871597e-03 8.138464763760566711e-03 8.417728357017040253e-03 8.094042539596557617e-03 7.607510779052972794e-03 7.515609730035066605e-03 8.189591579139232635e-03 7.544265594333410263e-03
9.959919839679358233e+00 7.851312868297100067e-03 1.091716461814939976e-03 7.517809048295021057e-03 7.920371368527412415e-03 7.358673028647899628e-03 8.127341046929359436e-03 8.410298265516757965e-03 8.087548427283763885e-03 7.598347961902618408e-03 7.506179623305797577e-03 8.180752396583557129e-03 7.535966578871011734e-03
9.979959919839679117e+00 7.843899540603160858e-03 1.091735786758363247e-03 7.513981778174638748e-03 7.913174107670783997e-03 7.349505089223384857e-03 8.118619211018085480e-03 8.404376916587352753e-03 8.083162829279899597e-03 7.591132540255784988e-03 7.498958613723516464e-03 8.173025213181972504e-03 7.530605420470237732e-03
1.000000000000000000e+01 7.837928831577301025e-03 1.092732301913201809e-03 7.510987576097249985e-03 7.909506559371948242e-03 7.344227749854326248e-03 8.112537674605846405e-03 8.402566425502300262e-03 8.080526255071163177e-03 7.586662657558917999e-03 7.493510376662015915e-03 8.167747408151626587e-03 7.526346016675233841e-03
