Start 2026-09-08 18:40:55 | 48129 supervised_spec_rec | v19.clusternet | /work/home/candratschke/spectral_reconstruction_methods 

****************************************
Calling program for method:
KadesFC
Launching supervisedml.py from /work/home/candratschke/spectral_reconstruction_methods/supervised_ml/
Python executable: /work/home/candratschke/.venv/bin/python
Working directory exists: True
Script exists: True
Starting supervisedml.py
2.21.0
Finished imports
****************************************
Running fits with the following parameters:
{'FiniteT_kernel': False,
 'Nt': 36,
 'batch_size': 128,
 'correlatorCols': '3:',
 'correlatorFile': '/work/data/candratschke/mock-data-main/zero_T/uncorrelated_data/BW/mock_corr_BW_Nt36_noise3.dat',
 'data_noise': 0.001,
 'epochs': [80],
 'errorCol': 2,
 'errorWeighting': True,
 'errormethod': 'jackknife',
 'eval_model': False,
 'extractedQuantity': 'Rho',
 'lambda_l2': [0.0001, 6.66754659e-08, 6.66754659e-08],
 'lambda_s': [1e-06, 3.55323189e-05, 3.55323189e-05],
 'learning_rate': [1e-05],
 'meanCol': 1,
 'model_file': '',
 'networkStructure': 'KadesFC',
 'omega_max': 10,
 'omega_min': 0,
 'omega_points': 500,
 'outputDir': './outputs/',
 'outputFile': '',
 'saveLossHistory': True,
 'saveParams': True,
 'verbose': True,
 'xCol': 0}
Created FitRunner
========================================
Fitting mean correlator
========================================
Loaded the dataset
Training for 80 epochs

Start of epoch 0
Batch 0/3125, Loss: 0.4622681140899658
Batch 50/3125, Loss: 0.2799578309059143
Batch 100/3125, Loss: 0.2601582109928131
Batch 150/3125, Loss: 0.1336669772863388
Batch 200/3125, Loss: 0.12341141700744629
Batch 250/3125, Loss: 0.11919017136096954
Batch 300/3125, Loss: 0.0860804095864296
Batch 350/3125, Loss: 0.10115744918584824
Batch 400/3125, Loss: 0.07547929137945175
Batch 450/3125, Loss: 0.10022411495447159
Batch 500/3125, Loss: 0.10161270201206207
Batch 550/3125, Loss: 0.08117540925741196
Batch 600/3125, Loss: 0.07213792204856873
Batch 650/3125, Loss: 0.0722503513097763
Batch 700/3125, Loss: 0.07127943634986877
Batch 750/3125, Loss: 0.07722744345664978
Batch 800/3125, Loss: 0.06741295009851456
Batch 850/3125, Loss: 0.08411799371242523
Batch 900/3125, Loss: 0.0694207102060318
Batch 950/3125, Loss: 0.06363743543624878
Batch 1000/3125, Loss: 0.06600026041269302
Batch 1050/3125, Loss: 0.060436517000198364
Batch 1100/3125, Loss: 0.07049022614955902
Batch 1150/3125, Loss: 0.0698501318693161
Batch 1200/3125, Loss: 0.07460345327854156
Batch 1250/3125, Loss: 0.07194928824901581
Batch 1300/3125, Loss: 0.06478946655988693
Batch 1350/3125, Loss: 0.07507408410310745
Batch 1400/3125, Loss: 0.07384055852890015
Batch 1450/3125, Loss: 0.06496188044548035
Batch 1500/3125, Loss: 0.06269866973161697
Batch 1550/3125, Loss: 0.06774444133043289
Batch 1600/3125, Loss: 0.07309611141681671
Batch 1650/3125, Loss: 0.05494438111782074
Batch 1700/3125, Loss: 0.06703998893499374
Batch 1750/3125, Loss: 0.059210821986198425
Batch 1800/3125, Loss: 0.05736643448472023
Batch 1850/3125, Loss: 0.058736979961395264
Batch 1900/3125, Loss: 0.07296986132860184
Batch 1950/3125, Loss: 0.05862512066960335
Batch 2000/3125, Loss: 0.05004788935184479
Batch 2050/3125, Loss: 0.06366641074419022
Batch 2100/3125, Loss: 0.056469958275556564
Batch 2150/3125, Loss: 0.04813781753182411
Batch 2200/3125, Loss: 0.06460803002119064
Batch 2250/3125, Loss: 0.049956999719142914
Batch 2300/3125, Loss: 0.050075240433216095
Batch 2350/3125, Loss: 0.058864519000053406
Batch 2400/3125, Loss: 0.046601250767707825
Batch 2450/3125, Loss: 0.05872059985995293
Batch 2500/3125, Loss: 0.05246813967823982
Batch 2550/3125, Loss: 0.05304387956857681
Batch 2600/3125, Loss: 0.0469990111887455
Batch 2650/3125, Loss: 0.058170050382614136
Batch 2700/3125, Loss: 0.045542921870946884
Batch 2750/3125, Loss: 0.046297743916511536
Batch 2800/3125, Loss: 0.050384074449539185
Batch 2850/3125, Loss: 0.052555229514837265
Batch 2900/3125, Loss: 0.0479021891951561
Batch 2950/3125, Loss: 0.05230734124779701
Batch 3000/3125, Loss: 0.05795563757419586
Batch 3050/3125, Loss: 0.05264365300536156
Batch 3100/3125, Loss: 0.05833021551370621

Start of epoch 1
Batch 0/3125, Loss: 0.05136910080909729
Batch 50/3125, Loss: 0.05126630887389183
Batch 100/3125, Loss: 0.052902571856975555
Batch 150/3125, Loss: 0.05288645252585411
Batch 200/3125, Loss: 0.04697269946336746
Batch 250/3125, Loss: 0.05436578392982483
Batch 300/3125, Loss: 0.05013751611113548
Batch 350/3125, Loss: 0.06410186737775803
Batch 400/3125, Loss: 0.03843453899025917
Batch 450/3125, Loss: 0.046840913593769073
Batch 500/3125, Loss: 0.04640555754303932
Batch 550/3125, Loss: 0.05026031658053398
Batch 600/3125, Loss: 0.056435130536556244
Batch 650/3125, Loss: 0.05162173882126808
Batch 700/3125, Loss: 0.04367085546255112
Batch 750/3125, Loss: 0.04970603063702583
Batch 800/3125, Loss: 0.04901547357439995
Batch 850/3125, Loss: 0.05054979398846626
Batch 900/3125, Loss: 0.04583704099059105
Batch 950/3125, Loss: 0.03898137807846069
Batch 1000/3125, Loss: 0.04431220516562462
Batch 1050/3125, Loss: 0.05207337066531181
Batch 1100/3125, Loss: 0.047244444489479065
Batch 1150/3125, Loss: 0.050883084535598755
Batch 1200/3125, Loss: 0.04040747508406639
Batch 1250/3125, Loss: 0.05032811313867569
Batch 1300/3125, Loss: 0.04562101885676384
Batch 1350/3125, Loss: 0.04747015982866287
Batch 1400/3125, Loss: 0.04977932944893837
Batch 1450/3125, Loss: 0.05669569596648216
Batch 1500/3125, Loss: 0.047218888998031616
Batch 1550/3125, Loss: 0.048413924872875214
Batch 1600/3125, Loss: 0.04244514927268028
Batch 1650/3125, Loss: 0.04300907626748085
Batch 1700/3125, Loss: 0.035898275673389435
Batch 1750/3125, Loss: 0.043725475668907166
Batch 1800/3125, Loss: 0.03859809786081314
Batch 1850/3125, Loss: 0.047793976962566376
Batch 1900/3125, Loss: 0.0376867912709713
Batch 1950/3125, Loss: 0.04423986002802849
Batch 2000/3125, Loss: 0.05700007453560829
Batch 2050/3125, Loss: 0.0355687253177166
Batch 2100/3125, Loss: 0.03913433849811554
Batch 2150/3125, Loss: 0.0443386472761631
Batch 2200/3125, Loss: 0.03767497092485428
Batch 2250/3125, Loss: 0.040635865181684494
Batch 2300/3125, Loss: 0.03481550142168999
Batch 2350/3125, Loss: 0.045063454657793045
Batch 2400/3125, Loss: 0.034562092274427414
Batch 2450/3125, Loss: 0.029955683276057243
Batch 2500/3125, Loss: 0.04907400533556938
Batch 2550/3125, Loss: 0.04677640646696091
Batch 2600/3125, Loss: 0.04649505764245987
Batch 2650/3125, Loss: 0.04222560301423073
Batch 2700/3125, Loss: 0.04339592158794403
Batch 2750/3125, Loss: 0.035458870232105255
Batch 2800/3125, Loss: 0.041667792946100235
Batch 2850/3125, Loss: 0.047905609011650085
Batch 2900/3125, Loss: 0.040000591427087784
Batch 2950/3125, Loss: 0.04570256173610687
Batch 3000/3125, Loss: 0.044529128819704056
Batch 3050/3125, Loss: 0.03752706199884415
Batch 3100/3125, Loss: 0.03707247972488403

Start of epoch 2
Batch 0/3125, Loss: 0.039148904383182526
Batch 50/3125, Loss: 0.03228012099862099
Batch 100/3125, Loss: 0.04065045341849327
Batch 150/3125, Loss: 0.038912199437618256
Batch 200/3125, Loss: 0.047614362090826035
Batch 250/3125, Loss: 0.036089569330215454
Batch 300/3125, Loss: 0.03671795502305031
Batch 350/3125, Loss: 0.04017072170972824
Batch 400/3125, Loss: 0.03689293935894966
Batch 450/3125, Loss: 0.04975101724267006
Batch 500/3125, Loss: 0.04516888037323952
Batch 550/3125, Loss: 0.055942706763744354
Batch 600/3125, Loss: 0.04189610108733177
Batch 650/3125, Loss: 0.04010707139968872
Batch 700/3125, Loss: 0.03623839467763901
Batch 750/3125, Loss: 0.04032118618488312
Batch 800/3125, Loss: 0.03730570152401924
Batch 850/3125, Loss: 0.038730598986148834
Batch 900/3125, Loss: 0.03941476345062256
Batch 950/3125, Loss: 0.04746457561850548
Batch 1000/3125, Loss: 0.04973530396819115
Batch 1050/3125, Loss: 0.04008782282471657
Batch 1100/3125, Loss: 0.037430290132761
Batch 1150/3125, Loss: 0.05211493745446205
Batch 1200/3125, Loss: 0.04061619192361832
Batch 1250/3125, Loss: 0.032542675733566284
Batch 1300/3125, Loss: 0.04084955155849457
Batch 1350/3125, Loss: 0.03810228034853935
Batch 1400/3125, Loss: 0.034674081951379776
Batch 1450/3125, Loss: 0.038924723863601685
Batch 1500/3125, Loss: 0.038957055658102036
Batch 1550/3125, Loss: 0.03950683772563934
Batch 1600/3125, Loss: 0.035357825458049774
Batch 1650/3125, Loss: 0.03791898488998413
Batch 1700/3125, Loss: 0.045116495341062546
Batch 1750/3125, Loss: 0.04543213173747063
Batch 1800/3125, Loss: 0.04227093607187271
Batch 1850/3125, Loss: 0.04382865130901337
Batch 1900/3125, Loss: 0.035023801028728485
Batch 1950/3125, Loss: 0.04550843685865402
Batch 2000/3125, Loss: 0.044676635414361954
Batch 2050/3125, Loss: 0.04297662153840065
Batch 2100/3125, Loss: 0.030587321147322655
Batch 2150/3125, Loss: 0.03493686392903328
Batch 2200/3125, Loss: 0.04233409836888313
Batch 2250/3125, Loss: 0.048688605427742004
Batch 2300/3125, Loss: 0.03809422254562378
Batch 2350/3125, Loss: 0.03807361423969269
Batch 2400/3125, Loss: 0.03528636693954468
Batch 2450/3125, Loss: 0.03403037413954735
Batch 2500/3125, Loss: 0.034303076565265656
Batch 2550/3125, Loss: 0.036633457988500595
Batch 2600/3125, Loss: 0.04221003130078316
Batch 2650/3125, Loss: 0.04693726822733879
Batch 2700/3125, Loss: 0.02938038296997547
Batch 2750/3125, Loss: 0.0316627100110054
Batch 2800/3125, Loss: 0.035417091101408005
Batch 2850/3125, Loss: 0.03723260760307312
Batch 2900/3125, Loss: 0.03529541939496994
Batch 2950/3125, Loss: 0.03290082514286041
Batch 3000/3125, Loss: 0.03512405976653099
Batch 3050/3125, Loss: 0.038142383098602295
Batch 3100/3125, Loss: 0.03679581359028816

Start of epoch 3
Batch 0/3125, Loss: 0.0379331074655056
Batch 50/3125, Loss: 0.026882225647568703
Batch 100/3125, Loss: 0.03894154354929924
Batch 150/3125, Loss: 0.03238803893327713
Batch 200/3125, Loss: 0.03868021443486214
Batch 250/3125, Loss: 0.03787342831492424
Batch 300/3125, Loss: 0.033746387809515
Batch 350/3125, Loss: 0.038369182497262955
Batch 400/3125, Loss: 0.034765470772981644
Batch 450/3125, Loss: 0.03436993807554245
Batch 500/3125, Loss: 0.04115261137485504
Batch 550/3125, Loss: 0.033235061913728714
Batch 600/3125, Loss: 0.029133601114153862
Batch 650/3125, Loss: 0.0416007861495018
Batch 700/3125, Loss: 0.039665792137384415
Batch 750/3125, Loss: 0.03658946231007576
Batch 800/3125, Loss: 0.0278342142701149
Batch 850/3125, Loss: 0.04037658870220184
Batch 900/3125, Loss: 0.035585902631282806
Batch 950/3125, Loss: 0.03027506172657013
Batch 1000/3125, Loss: 0.029022982344031334
Batch 1050/3125, Loss: 0.028722072020173073
Batch 1100/3125, Loss: 0.038982369005680084
Batch 1150/3125, Loss: 0.037836700677871704
Batch 1200/3125, Loss: 0.03188887983560562
Batch 1250/3125, Loss: 0.031929269433021545
Batch 1300/3125, Loss: 0.039241742342710495
Batch 1350/3125, Loss: 0.042214877903461456
Batch 1400/3125, Loss: 0.03697182610630989
Batch 1450/3125, Loss: 0.03782857581973076
Batch 1500/3125, Loss: 0.0361015722155571
Batch 1550/3125, Loss: 0.028918052092194557
Batch 1600/3125, Loss: 0.027753930538892746
Batch 1650/3125, Loss: 0.037420131266117096
Batch 1700/3125, Loss: 0.037136420607566833
Batch 1750/3125, Loss: 0.03265942260622978
Batch 1800/3125, Loss: 0.03368005529046059
Batch 1850/3125, Loss: 0.029916059225797653
Batch 1900/3125, Loss: 0.03346247225999832
Batch 1950/3125, Loss: 0.033060651272535324
Batch 2000/3125, Loss: 0.0348912738263607
Batch 2050/3125, Loss: 0.03829214721918106
Batch 2100/3125, Loss: 0.03145509958267212
Batch 2150/3125, Loss: 0.03552518039941788
Batch 2200/3125, Loss: 0.03289041295647621
Batch 2250/3125, Loss: 0.032529767602682114
Batch 2300/3125, Loss: 0.03524109348654747
Batch 2350/3125, Loss: 0.0303909033536911
Batch 2400/3125, Loss: 0.031789861619472504
Batch 2450/3125, Loss: 0.03336138650774956
Batch 2500/3125, Loss: 0.04215681552886963
Batch 2550/3125, Loss: 0.030719880014657974
Batch 2600/3125, Loss: 0.040043510496616364
Batch 2650/3125, Loss: 0.027078712359070778
Batch 2700/3125, Loss: 0.03398926183581352
Batch 2750/3125, Loss: 0.030619611963629723
Batch 2800/3125, Loss: 0.026608841493725777
Batch 2850/3125, Loss: 0.03897742182016373
Batch 2900/3125, Loss: 0.03438278287649155
Batch 2950/3125, Loss: 0.04233880713582039
Batch 3000/3125, Loss: 0.04026266932487488
Batch 3050/3125, Loss: 0.02938680350780487
Batch 3100/3125, Loss: 0.036447152495384216

Start of epoch 4
Batch 0/3125, Loss: 0.025994056835770607
Batch 50/3125, Loss: 0.037844497710466385
Batch 100/3125, Loss: 0.03598153591156006
Batch 150/3125, Loss: 0.04386906325817108
Batch 200/3125, Loss: 0.03204081580042839
Batch 250/3125, Loss: 0.026956448331475258
Batch 300/3125, Loss: 0.03820234537124634
Batch 350/3125, Loss: 0.02504599839448929
Batch 400/3125, Loss: 0.03187865391373634
Batch 450/3125, Loss: 0.033547498285770416
Batch 500/3125, Loss: 0.03698192536830902
Batch 550/3125, Loss: 0.02853209897875786
Batch 600/3125, Loss: 0.037252914160490036
Batch 650/3125, Loss: 0.0347951203584671
Batch 700/3125, Loss: 0.04056902602314949
Batch 750/3125, Loss: 0.027284210547804832
Batch 800/3125, Loss: 0.03204255551099777
Batch 850/3125, Loss: 0.030076274648308754
Batch 900/3125, Loss: 0.04170707240700722
Batch 950/3125, Loss: 0.03466598689556122
Batch 1000/3125, Loss: 0.03723611682653427
Batch 1050/3125, Loss: 0.0338948629796505
Batch 1100/3125, Loss: 0.035561464726924896
Batch 1150/3125, Loss: 0.032118361443281174
Batch 1200/3125, Loss: 0.03674178197979927
Batch 1250/3125, Loss: 0.03871883451938629
Batch 1300/3125, Loss: 0.03371221199631691
Batch 1350/3125, Loss: 0.025979088619351387
Batch 1400/3125, Loss: 0.04290011525154114
Batch 1450/3125, Loss: 0.027838299050927162
Batch 1500/3125, Loss: 0.03492749109864235
Batch 1550/3125, Loss: 0.03345989063382149
Batch 1600/3125, Loss: 0.02437903918325901
Batch 1650/3125, Loss: 0.029523976147174835
Batch 1700/3125, Loss: 0.034744225442409515
Batch 1750/3125, Loss: 0.03743450343608856
Batch 1800/3125, Loss: 0.02813686989247799
Batch 1850/3125, Loss: 0.0339788943529129
Batch 1900/3125, Loss: 0.02894212305545807
Batch 1950/3125, Loss: 0.024214062839746475
Batch 2000/3125, Loss: 0.03344116732478142
Batch 2050/3125, Loss: 0.034384988248348236
Batch 2100/3125, Loss: 0.034615784883499146
Batch 2150/3125, Loss: 0.04232855886220932
Batch 2200/3125, Loss: 0.03869561851024628
Batch 2250/3125, Loss: 0.032289132475852966
Batch 2300/3125, Loss: 0.04621833935379982
Batch 2350/3125, Loss: 0.03342394530773163
Batch 2400/3125, Loss: 0.03178241476416588
Batch 2450/3125, Loss: 0.02587432786822319
Batch 2500/3125, Loss: 0.031679946929216385
Batch 2550/3125, Loss: 0.036749038845300674
Batch 2600/3125, Loss: 0.03426729887723923
Batch 2650/3125, Loss: 0.038119617849588394
Batch 2700/3125, Loss: 0.04053999483585358
Batch 2750/3125, Loss: 0.032000426203012466
Batch 2800/3125, Loss: 0.02871791459619999
Batch 2850/3125, Loss: 0.03236154466867447
Batch 2900/3125, Loss: 0.027450406923890114
Batch 2950/3125, Loss: 0.03059133142232895
Batch 3000/3125, Loss: 0.030009647831320763
Batch 3050/3125, Loss: 0.028345320373773575
Batch 3100/3125, Loss: 0.030387867242097855

Start of epoch 5
Batch 0/3125, Loss: 0.031162971630692482
Batch 50/3125, Loss: 0.036316704005002975
Batch 100/3125, Loss: 0.031031809747219086
Batch 150/3125, Loss: 0.028976602479815483
Batch 200/3125, Loss: 0.045762866735458374
Batch 250/3125, Loss: 0.028569847345352173
Batch 300/3125, Loss: 0.03299659863114357
Batch 350/3125, Loss: 0.03410223498940468
Batch 400/3125, Loss: 0.03091859258711338
Batch 450/3125, Loss: 0.034158214926719666
Batch 500/3125, Loss: 0.03327420726418495
Batch 550/3125, Loss: 0.02610246278345585
Batch 600/3125, Loss: 0.031186630949378014
Batch 650/3125, Loss: 0.03225016966462135
Batch 700/3125, Loss: 0.025284362956881523
Batch 750/3125, Loss: 0.02894366905093193
Batch 800/3125, Loss: 0.03424371778964996
Batch 850/3125, Loss: 0.03772759065032005
Batch 900/3125, Loss: 0.03072242997586727
Batch 950/3125, Loss: 0.02869570627808571
Batch 1000/3125, Loss: 0.028829021379351616
Batch 1050/3125, Loss: 0.0315617136657238
Batch 1100/3125, Loss: 0.033572178333997726
Batch 1150/3125, Loss: 0.028696198016405106
Batch 1200/3125, Loss: 0.03028731979429722
Batch 1250/3125, Loss: 0.03401508182287216
Batch 1300/3125, Loss: 0.032493263483047485
Batch 1350/3125, Loss: 0.028954284265637398
Batch 1400/3125, Loss: 0.029172556474804878
Batch 1450/3125, Loss: 0.030344752594828606
Batch 1500/3125, Loss: 0.030766189098358154
Batch 1550/3125, Loss: 0.03023085929453373
Batch 1600/3125, Loss: 0.02801426500082016
Batch 1650/3125, Loss: 0.03148261085152626
Batch 1700/3125, Loss: 0.03211021423339844
Batch 1750/3125, Loss: 0.040726713836193085
Batch 1800/3125, Loss: 0.0389239676296711
Batch 1850/3125, Loss: 0.032332513481378555
Batch 1900/3125, Loss: 0.02953082136809826
Batch 1950/3125, Loss: 0.0343225821852684
Batch 2000/3125, Loss: 0.027340739965438843
Batch 2050/3125, Loss: 0.025823157280683517
Batch 2100/3125, Loss: 0.0304219089448452
Batch 2150/3125, Loss: 0.032129622995853424
Batch 2200/3125, Loss: 0.03244982659816742
Batch 2250/3125, Loss: 0.028036868199706078
Batch 2300/3125, Loss: 0.03609447181224823
Batch 2350/3125, Loss: 0.03198707103729248
Batch 2400/3125, Loss: 0.02959848754107952
Batch 2450/3125, Loss: 0.022501803934574127
Batch 2500/3125, Loss: 0.03301988169550896
Batch 2550/3125, Loss: 0.030542388558387756
Batch 2600/3125, Loss: 0.02931097149848938
Batch 2650/3125, Loss: 0.029744835570454597
Batch 2700/3125, Loss: 0.03237633779644966
Batch 2750/3125, Loss: 0.03349737077951431
Batch 2800/3125, Loss: 0.02651381306350231
Batch 2850/3125, Loss: 0.02878323383629322
Batch 2900/3125, Loss: 0.02965652197599411
Batch 2950/3125, Loss: 0.027610840275883675
Batch 3000/3125, Loss: 0.028681306168437004
Batch 3050/3125, Loss: 0.03741113841533661
Batch 3100/3125, Loss: 0.02610153704881668

Start of epoch 6
Batch 0/3125, Loss: 0.031580712646245956
Batch 50/3125, Loss: 0.03239943087100983
Batch 100/3125, Loss: 0.029345106333494186
Batch 150/3125, Loss: 0.0295848585665226
Batch 200/3125, Loss: 0.034803129732608795
Batch 250/3125, Loss: 0.03387629985809326
Batch 300/3125, Loss: 0.03168906271457672
Batch 350/3125, Loss: 0.03571656346321106
Batch 400/3125, Loss: 0.03878536447882652
Batch 450/3125, Loss: 0.02463391050696373
Batch 500/3125, Loss: 0.03725474327802658
Batch 550/3125, Loss: 0.03557445481419563
Batch 600/3125, Loss: 0.0289404708892107
Batch 650/3125, Loss: 0.03043210133910179
Batch 700/3125, Loss: 0.0286801066249609
Batch 750/3125, Loss: 0.035006310790777206
Batch 800/3125, Loss: 0.030572669580578804
Batch 850/3125, Loss: 0.03993121162056923
Batch 900/3125, Loss: 0.027712233364582062
Batch 950/3125, Loss: 0.030056186020374298
Batch 1000/3125, Loss: 0.03152588754892349
Batch 1050/3125, Loss: 0.027502551674842834
Batch 1100/3125, Loss: 0.03149646893143654
Batch 1150/3125, Loss: 0.02593022771179676
Batch 1200/3125, Loss: 0.03528907150030136
Batch 1250/3125, Loss: 0.02594110742211342
Batch 1300/3125, Loss: 0.030638428404927254
Batch 1350/3125, Loss: 0.038271788507699966
Batch 1400/3125, Loss: 0.035820815712213516
Batch 1450/3125, Loss: 0.032352514564991
Batch 1500/3125, Loss: 0.025783594697713852
Batch 1550/3125, Loss: 0.027396831661462784
Batch 1600/3125, Loss: 0.03249960392713547
Batch 1650/3125, Loss: 0.02577172964811325
Batch 1700/3125, Loss: 0.03340226039290428
Batch 1750/3125, Loss: 0.023361366242170334
Batch 1800/3125, Loss: 0.025604845955967903
Batch 1850/3125, Loss: 0.027173079550266266
Batch 1900/3125, Loss: 0.030026480555534363
Batch 1950/3125, Loss: 0.022934988141059875
Batch 2000/3125, Loss: 0.029979370534420013
Batch 2050/3125, Loss: 0.029888257384300232
Batch 2100/3125, Loss: 0.032576531171798706
Batch 2150/3125, Loss: 0.03169569373130798
Batch 2200/3125, Loss: 0.03135116025805473
Batch 2250/3125, Loss: 0.022667627781629562
Batch 2300/3125, Loss: 0.02742648310959339
Batch 2350/3125, Loss: 0.024788551032543182
Batch 2400/3125, Loss: 0.027338162064552307
Batch 2450/3125, Loss: 0.029485488310456276
Batch 2500/3125, Loss: 0.02960049919784069
Batch 2550/3125, Loss: 0.032131027430295944
Batch 2600/3125, Loss: 0.023951871320605278
Batch 2650/3125, Loss: 0.02574317902326584
Batch 2700/3125, Loss: 0.034228742122650146
Batch 2750/3125, Loss: 0.030648166313767433
Batch 2800/3125, Loss: 0.025693457573652267
Batch 2850/3125, Loss: 0.028134845197200775
Batch 2900/3125, Loss: 0.02585233561694622
Batch 2950/3125, Loss: 0.032684311270713806
Batch 3000/3125, Loss: 0.02666391432285309
Batch 3050/3125, Loss: 0.03287965804338455
Batch 3100/3125, Loss: 0.027979586273431778

Start of epoch 7
Batch 0/3125, Loss: 0.03225502744317055
Batch 50/3125, Loss: 0.029952429234981537
Batch 100/3125, Loss: 0.025300266221165657
Batch 150/3125, Loss: 0.03166685625910759
Batch 200/3125, Loss: 0.035525448620319366
Batch 250/3125, Loss: 0.03498108685016632
Batch 300/3125, Loss: 0.018926868215203285
Batch 350/3125, Loss: 0.029870042577385902
Batch 400/3125, Loss: 0.03038085252046585
Batch 450/3125, Loss: 0.040120191872119904
Batch 500/3125, Loss: 0.0337473601102829
Batch 550/3125, Loss: 0.029620498418807983
Batch 600/3125, Loss: 0.03684334456920624
Batch 650/3125, Loss: 0.027063751593232155
Batch 700/3125, Loss: 0.02671099081635475
Batch 750/3125, Loss: 0.02632739022374153
Batch 800/3125, Loss: 0.03241962939500809
Batch 850/3125, Loss: 0.026902224868535995
Batch 900/3125, Loss: 0.026972221210598946
Batch 950/3125, Loss: 0.03068479895591736
Batch 1000/3125, Loss: 0.02863110974431038
Batch 1050/3125, Loss: 0.03194202110171318
Batch 1100/3125, Loss: 0.034627143293619156
Batch 1150/3125, Loss: 0.0277005173265934
Batch 1200/3125, Loss: 0.031015468761324883
Batch 1250/3125, Loss: 0.04873620346188545
Batch 1300/3125, Loss: 0.029650680720806122
Batch 1350/3125, Loss: 0.027803568169474602
Batch 1400/3125, Loss: 0.026601944118738174
Batch 1450/3125, Loss: 0.029254894703626633
Batch 1500/3125, Loss: 0.03562013804912567
Batch 1550/3125, Loss: 0.02794875018298626
Batch 1600/3125, Loss: 0.0333830863237381
Batch 1650/3125, Loss: 0.031771544367074966
Batch 1700/3125, Loss: 0.03116346336901188
Batch 1750/3125, Loss: 0.024344539269804955
Batch 1800/3125, Loss: 0.032103996723890305
Batch 1850/3125, Loss: 0.02804829366505146
Batch 1900/3125, Loss: 0.02805374562740326
Batch 1950/3125, Loss: 0.029332658275961876
Batch 2000/3125, Loss: 0.032576967030763626
Batch 2050/3125, Loss: 0.037930116057395935
Batch 2100/3125, Loss: 0.027518685907125473
Batch 2150/3125, Loss: 0.02838553860783577
Batch 2200/3125, Loss: 0.0328129306435585
Batch 2250/3125, Loss: 0.02961140312254429
Batch 2300/3125, Loss: 0.02561742626130581
Batch 2350/3125, Loss: 0.030161434784531593
Batch 2400/3125, Loss: 0.028422368690371513
Batch 2450/3125, Loss: 0.027593666687607765
Batch 2500/3125, Loss: 0.0243779718875885
Batch 2550/3125, Loss: 0.022873831912875175
Batch 2600/3125, Loss: 0.024870337918400764
Batch 2650/3125, Loss: 0.02815694734454155
Batch 2700/3125, Loss: 0.027255341410636902
Batch 2750/3125, Loss: 0.035041503608226776
Batch 2800/3125, Loss: 0.025202328339219093
Batch 2850/3125, Loss: 0.025259239599108696
Batch 2900/3125, Loss: 0.029360171407461166
Batch 2950/3125, Loss: 0.03726277872920036
Batch 3000/3125, Loss: 0.025870200246572495
Batch 3050/3125, Loss: 0.03432358056306839
Batch 3100/3125, Loss: 0.031050676479935646

Start of epoch 8
Batch 0/3125, Loss: 0.020951321348547935
Batch 50/3125, Loss: 0.03262658044695854
Batch 100/3125, Loss: 0.02614683471620083
Batch 150/3125, Loss: 0.030371371656656265
Batch 200/3125, Loss: 0.025996481999754906
Batch 250/3125, Loss: 0.02872464433312416
Batch 300/3125, Loss: 0.027698703110218048
Batch 350/3125, Loss: 0.026769965887069702
Batch 400/3125, Loss: 0.025440435856580734
Batch 450/3125, Loss: 0.025075171142816544
Batch 500/3125, Loss: 0.026417739689350128
Batch 550/3125, Loss: 0.0270543210208416
Batch 600/3125, Loss: 0.024601047858595848
Batch 650/3125, Loss: 0.024221034720540047
Batch 700/3125, Loss: 0.030020130798220634
Batch 750/3125, Loss: 0.026250388473272324
Batch 800/3125, Loss: 0.020719164982438087
Batch 850/3125, Loss: 0.023623554036021233
Batch 900/3125, Loss: 0.026951078325510025
Batch 950/3125, Loss: 0.031108470633625984
Batch 1000/3125, Loss: 0.02924010343849659
Batch 1050/3125, Loss: 0.02436148002743721
Batch 1100/3125, Loss: 0.027686089277267456
Batch 1150/3125, Loss: 0.031472716480493546
Batch 1200/3125, Loss: 0.03105858527123928
Batch 1250/3125, Loss: 0.02589082345366478
Batch 1300/3125, Loss: 0.030878670513629913
Batch 1350/3125, Loss: 0.02685730718076229
Batch 1400/3125, Loss: 0.028606915846467018
Batch 1450/3125, Loss: 0.038412801921367645
Batch 1500/3125, Loss: 0.027404125779867172
Batch 1550/3125, Loss: 0.025963762775063515
Batch 1600/3125, Loss: 0.025004936382174492
Batch 1650/3125, Loss: 0.020776299759745598
Batch 1700/3125, Loss: 0.035917796194553375
Batch 1750/3125, Loss: 0.028943443670868874
Batch 1800/3125, Loss: 0.030422678217291832
Batch 1850/3125, Loss: 0.026491280645132065
Batch 1900/3125, Loss: 0.030265159904956818
Batch 1950/3125, Loss: 0.0321631096303463
Batch 2000/3125, Loss: 0.025621477514505386
Batch 2050/3125, Loss: 0.02815937250852585
Batch 2100/3125, Loss: 0.029144490137696266
Batch 2150/3125, Loss: 0.03287983685731888
Batch 2200/3125, Loss: 0.029821239411830902
Batch 2250/3125, Loss: 0.023003971204161644
Batch 2300/3125, Loss: 0.029100464656949043
Batch 2350/3125, Loss: 0.02114592306315899
Batch 2400/3125, Loss: 0.03544880822300911
Batch 2450/3125, Loss: 0.024095658212900162
Batch 2500/3125, Loss: 0.028818024322390556
Batch 2550/3125, Loss: 0.029325619339942932
Batch 2600/3125, Loss: 0.03478199616074562
Batch 2650/3125, Loss: 0.02493852563202381
Batch 2700/3125, Loss: 0.027600876986980438
Batch 2750/3125, Loss: 0.028983192518353462
Batch 2800/3125, Loss: 0.02638108655810356
Batch 2850/3125, Loss: 0.024801447987556458
Batch 2900/3125, Loss: 0.02335144765675068
Batch 2950/3125, Loss: 0.028342928737401962
Batch 3000/3125, Loss: 0.02502066269516945
Batch 3050/3125, Loss: 0.02948835678398609
Batch 3100/3125, Loss: 0.037900086492300034

Start of epoch 9
Batch 0/3125, Loss: 0.02997402474284172
Batch 50/3125, Loss: 0.030590130016207695
Batch 100/3125, Loss: 0.024547092616558075
Batch 150/3125, Loss: 0.029025984928011894
Batch 200/3125, Loss: 0.025234993547201157
Batch 250/3125, Loss: 0.03229751065373421
Batch 300/3125, Loss: 0.029548263177275658
Batch 350/3125, Loss: 0.034104377031326294
Batch 400/3125, Loss: 0.022859230637550354
Batch 450/3125, Loss: 0.030400006100535393
Batch 500/3125, Loss: 0.03221370652318001
Batch 550/3125, Loss: 0.03349540755152702
Batch 600/3125, Loss: 0.03611406683921814
Batch 650/3125, Loss: 0.020307209342718124
Batch 700/3125, Loss: 0.031165042892098427
Batch 750/3125, Loss: 0.03040904738008976
Batch 800/3125, Loss: 0.026479721069335938
Batch 850/3125, Loss: 0.0359530933201313
Batch 900/3125, Loss: 0.0192025825381279
Batch 950/3125, Loss: 0.028624100610613823
Batch 1000/3125, Loss: 0.02690482884645462
Batch 1050/3125, Loss: 0.026860393583774567
Batch 1100/3125, Loss: 0.029920967295765877
Batch 1150/3125, Loss: 0.03647182509303093
Batch 1200/3125, Loss: 0.027004966512322426
Batch 1250/3125, Loss: 0.03449228033423424
Batch 1300/3125, Loss: 0.028611239045858383
Batch 1350/3125, Loss: 0.022661324590444565
Batch 1400/3125, Loss: 0.026553722098469734
Batch 1450/3125, Loss: 0.031149519607424736
Batch 1500/3125, Loss: 0.025941725820302963
Batch 1550/3125, Loss: 0.03063810057938099
Batch 1600/3125, Loss: 0.023424247279763222
Batch 1650/3125, Loss: 0.020687812939286232
Batch 1700/3125, Loss: 0.026706889271736145
Batch 1750/3125, Loss: 0.0326402448117733
Batch 1800/3125, Loss: 0.03026515245437622
Batch 1850/3125, Loss: 0.027202434837818146
Batch 1900/3125, Loss: 0.023492921143770218
Batch 1950/3125, Loss: 0.03614021837711334
Batch 2000/3125, Loss: 0.03031325526535511
Batch 2050/3125, Loss: 0.029964827001094818
Batch 2100/3125, Loss: 0.029769930988550186
Batch 2150/3125, Loss: 0.030988328158855438
Batch 2200/3125, Loss: 0.023949699476361275
Batch 2250/3125, Loss: 0.025575710460543633
Batch 2300/3125, Loss: 0.023633653298020363
Batch 2350/3125, Loss: 0.02377181500196457
Batch 2400/3125, Loss: 0.02888752706348896
Batch 2450/3125, Loss: 0.022656166926026344
Batch 2500/3125, Loss: 0.025266511365771294
Batch 2550/3125, Loss: 0.020241139456629753
Batch 2600/3125, Loss: 0.023806437849998474
Batch 2650/3125, Loss: 0.02722340263426304
Batch 2700/3125, Loss: 0.03337789326906204
Batch 2750/3125, Loss: 0.03242996335029602
Batch 2800/3125, Loss: 0.022826196625828743
Batch 2850/3125, Loss: 0.023435700684785843
Batch 2900/3125, Loss: 0.02830473519861698
Batch 2950/3125, Loss: 0.021343514323234558
Batch 3000/3125, Loss: 0.02888697013258934
Batch 3050/3125, Loss: 0.02358604222536087
Batch 3100/3125, Loss: 0.01949268765747547

Start of epoch 10
Batch 0/3125, Loss: 0.02959945611655712
Batch 50/3125, Loss: 0.027654994279146194
Batch 100/3125, Loss: 0.02824295498430729
Batch 150/3125, Loss: 0.0255727581679821
Batch 200/3125, Loss: 0.01980866864323616
Batch 250/3125, Loss: 0.029508545994758606
Batch 300/3125, Loss: 0.027210548520088196
Batch 350/3125, Loss: 0.028386268764734268
Batch 400/3125, Loss: 0.03262642025947571
Batch 450/3125, Loss: 0.03306281939148903
Batch 500/3125, Loss: 0.028080783784389496
Batch 550/3125, Loss: 0.031733181327581406
Batch 600/3125, Loss: 0.025017308071255684
Batch 650/3125, Loss: 0.034958794713020325
Batch 700/3125, Loss: 0.023970747366547585
Batch 750/3125, Loss: 0.027510151267051697
Batch 800/3125, Loss: 0.02115495875477791
Batch 850/3125, Loss: 0.025173738598823547
Batch 900/3125, Loss: 0.028624432161450386
Batch 950/3125, Loss: 0.03211746737360954
Batch 1000/3125, Loss: 0.024927765130996704
Batch 1050/3125, Loss: 0.028951846063137054
Batch 1100/3125, Loss: 0.02544488199055195
Batch 1150/3125, Loss: 0.029972577467560768
Batch 1200/3125, Loss: 0.02070488967001438
Batch 1250/3125, Loss: 0.027781540527939796
Batch 1300/3125, Loss: 0.02789962850511074
Batch 1350/3125, Loss: 0.028399208560585976
Batch 1400/3125, Loss: 0.027624089270830154
Batch 1450/3125, Loss: 0.024283526465296745
Batch 1500/3125, Loss: 0.024981055408716202
Batch 1550/3125, Loss: 0.021593887358903885
Batch 1600/3125, Loss: 0.02194502018392086
Batch 1650/3125, Loss: 0.027643797919154167
Batch 1700/3125, Loss: 0.02504376880824566
Batch 1750/3125, Loss: 0.02011314034461975
Batch 1800/3125, Loss: 0.028956547379493713
Batch 1850/3125, Loss: 0.02099904604256153
Batch 1900/3125, Loss: 0.029403449967503548
Batch 1950/3125, Loss: 0.028326041996479034
Batch 2000/3125, Loss: 0.02582046203315258
Batch 2050/3125, Loss: 0.018575426191091537
Batch 2100/3125, Loss: 0.033567022532224655
Batch 2150/3125, Loss: 0.025614941492676735
Batch 2200/3125, Loss: 0.021931396797299385
Batch 2250/3125, Loss: 0.02562648057937622
Batch 2300/3125, Loss: 0.024560149759054184
Batch 2350/3125, Loss: 0.02338901162147522
Batch 2400/3125, Loss: 0.029245875775814056
Batch 2450/3125, Loss: 0.02222771756350994
Batch 2500/3125, Loss: 0.025150634348392487
Batch 2550/3125, Loss: 0.027157675474882126
Batch 2600/3125, Loss: 0.023953845724463463
Batch 2650/3125, Loss: 0.02140960469841957
Batch 2700/3125, Loss: 0.021814974024891853
Batch 2750/3125, Loss: 0.02495391294360161
Batch 2800/3125, Loss: 0.02713637612760067
Batch 2850/3125, Loss: 0.02830682508647442
Batch 2900/3125, Loss: 0.02508138306438923
Batch 2950/3125, Loss: 0.030089611187577248
Batch 3000/3125, Loss: 0.02754981629550457
Batch 3050/3125, Loss: 0.025352317839860916
Batch 3100/3125, Loss: 0.02776583470404148

Start of epoch 11
Batch 0/3125, Loss: 0.021562909707427025
Batch 50/3125, Loss: 0.024661578238010406
Batch 100/3125, Loss: 0.02955663949251175
Batch 150/3125, Loss: 0.020922427996993065
Batch 200/3125, Loss: 0.027676906436681747
Batch 250/3125, Loss: 0.020574118942022324
Batch 300/3125, Loss: 0.021567421033978462
Batch 350/3125, Loss: 0.027332721278071404
Batch 400/3125, Loss: 0.03365080803632736
Batch 450/3125, Loss: 0.025645092129707336
Batch 500/3125, Loss: 0.026403946802020073
Batch 550/3125, Loss: 0.03231192007660866
Batch 600/3125, Loss: 0.027908988296985626
Batch 650/3125, Loss: 0.030672943219542503
Batch 700/3125, Loss: 0.023802798241376877
Batch 750/3125, Loss: 0.025815879926085472
Batch 800/3125, Loss: 0.025372715666890144
Batch 850/3125, Loss: 0.02468971163034439
Batch 900/3125, Loss: 0.027242790907621384
Batch 950/3125, Loss: 0.028398750349879265
Batch 1000/3125, Loss: 0.0264129675924778
Batch 1050/3125, Loss: 0.029078222811222076
Batch 1100/3125, Loss: 0.024965310469269753
Batch 1150/3125, Loss: 0.020578887313604355
Batch 1200/3125, Loss: 0.03232791647315025
Batch 1250/3125, Loss: 0.028440821915864944
Batch 1300/3125, Loss: 0.027244357392191887
Batch 1350/3125, Loss: 0.02840673178434372
Batch 1400/3125, Loss: 0.02605695091187954
Batch 1450/3125, Loss: 0.02575312741100788
Batch 1500/3125, Loss: 0.025782685726881027
Batch 1550/3125, Loss: 0.02547324076294899
Batch 1600/3125, Loss: 0.028430448845028877
Batch 1650/3125, Loss: 0.031771935522556305
Batch 1700/3125, Loss: 0.02382561005651951
Batch 1750/3125, Loss: 0.01888190023601055
Batch 1800/3125, Loss: 0.027923310175538063
Batch 1850/3125, Loss: 0.028595076873898506
Batch 1900/3125, Loss: 0.025276977568864822
Batch 1950/3125, Loss: 0.02377910166978836
Batch 2000/3125, Loss: 0.029650874435901642
Batch 2050/3125, Loss: 0.02304428070783615
Batch 2100/3125, Loss: 0.025888381525874138
Batch 2150/3125, Loss: 0.0275067500770092
Batch 2200/3125, Loss: 0.028285998851060867
Batch 2250/3125, Loss: 0.027737854048609734
Batch 2300/3125, Loss: 0.03344759717583656
Batch 2350/3125, Loss: 0.028670229017734528
Batch 2400/3125, Loss: 0.026130642741918564
Batch 2450/3125, Loss: 0.020366497337818146
Batch 2500/3125, Loss: 0.02258150838315487
Batch 2550/3125, Loss: 0.021577078849077225
Batch 2600/3125, Loss: 0.023528246209025383
Batch 2650/3125, Loss: 0.03292497247457504
Batch 2700/3125, Loss: 0.028229495510458946
Batch 2750/3125, Loss: 0.021289214491844177
Batch 2800/3125, Loss: 0.02317274920642376
Batch 2850/3125, Loss: 0.026033490896224976
Batch 2900/3125, Loss: 0.022574450820684433
Batch 2950/3125, Loss: 0.024401742964982986
Batch 3000/3125, Loss: 0.024411197751760483
Batch 3050/3125, Loss: 0.028424497693777084
Batch 3100/3125, Loss: 0.03397972881793976

Start of epoch 12
Batch 0/3125, Loss: 0.028729300945997238
Batch 50/3125, Loss: 0.02694544568657875
Batch 100/3125, Loss: 0.029354151338338852
Batch 150/3125, Loss: 0.022634610533714294
Batch 200/3125, Loss: 0.032757826149463654
Batch 250/3125, Loss: 0.023679260164499283
Batch 300/3125, Loss: 0.02527698501944542
Batch 350/3125, Loss: 0.026525862514972687
Batch 400/3125, Loss: 0.03156560659408569
Batch 450/3125, Loss: 0.035847216844558716
Batch 500/3125, Loss: 0.02218918688595295
Batch 550/3125, Loss: 0.029698321595788002
Batch 600/3125, Loss: 0.02077854983508587
Batch 650/3125, Loss: 0.025799470022320747
Batch 700/3125, Loss: 0.023992881178855896
Batch 750/3125, Loss: 0.021257106214761734
Batch 800/3125, Loss: 0.022387221455574036
Batch 850/3125, Loss: 0.02409019134938717
Batch 900/3125, Loss: 0.02589527517557144
Batch 950/3125, Loss: 0.027978695929050446
Batch 1000/3125, Loss: 0.028102248907089233
Batch 1050/3125, Loss: 0.025895340368151665
Batch 1100/3125, Loss: 0.02602502889931202
Batch 1150/3125, Loss: 0.027135580778121948
Batch 1200/3125, Loss: 0.026890864595770836
Batch 1250/3125, Loss: 0.023145638406276703
Batch 1300/3125, Loss: 0.0258917436003685
Batch 1350/3125, Loss: 0.022929441183805466
Batch 1400/3125, Loss: 0.021129164844751358
Batch 1450/3125, Loss: 0.021990876644849777
Batch 1500/3125, Loss: 0.02605750598013401
Batch 1550/3125, Loss: 0.03241664543747902
Batch 1600/3125, Loss: 0.02374414913356304
Batch 1650/3125, Loss: 0.026229185983538628
Batch 1700/3125, Loss: 0.028410937637090683
Batch 1750/3125, Loss: 0.03256154805421829
Batch 1800/3125, Loss: 0.027740605175495148
Batch 1850/3125, Loss: 0.023335468024015427
Batch 1900/3125, Loss: 0.02685697376728058
Batch 1950/3125, Loss: 0.02146189473569393
Batch 2000/3125, Loss: 0.027847057208418846
Batch 2050/3125, Loss: 0.02044876478612423
Batch 2100/3125, Loss: 0.018228713423013687
Batch 2150/3125, Loss: 0.029823841527104378
Batch 2200/3125, Loss: 0.026464713737368584
Batch 2250/3125, Loss: 0.028111431747674942
Batch 2300/3125, Loss: 0.02169574797153473
Batch 2350/3125, Loss: 0.02184533327817917
Batch 2400/3125, Loss: 0.025113414973020554
Batch 2450/3125, Loss: 0.02605867199599743
Batch 2500/3125, Loss: 0.01912367157638073
Batch 2550/3125, Loss: 0.027382049709558487
Batch 2600/3125, Loss: 0.019891494885087013
Batch 2650/3125, Loss: 0.020326822996139526
Batch 2700/3125, Loss: 0.023360012099146843
Batch 2750/3125, Loss: 0.023192714899778366
Batch 2800/3125, Loss: 0.026397351175546646
Batch 2850/3125, Loss: 0.024939101189374924
Batch 2900/3125, Loss: 0.0216621495783329
Batch 2950/3125, Loss: 0.020566757768392563
Batch 3000/3125, Loss: 0.02130042389035225
Batch 3050/3125, Loss: 0.021604591980576515
Batch 3100/3125, Loss: 0.023678995668888092

Start of epoch 13
Batch 0/3125, Loss: 0.025803104043006897
Batch 50/3125, Loss: 0.030113041400909424
Batch 100/3125, Loss: 0.02026669681072235
Batch 150/3125, Loss: 0.03327455744147301
Batch 200/3125, Loss: 0.023657800629734993
Batch 250/3125, Loss: 0.02578776329755783
Batch 300/3125, Loss: 0.021326681599020958
Batch 350/3125, Loss: 0.022810619324445724
Batch 400/3125, Loss: 0.021140648052096367
Batch 450/3125, Loss: 0.02216293476521969
Batch 500/3125, Loss: 0.02010800503194332
Batch 550/3125, Loss: 0.020962445065379143
Batch 600/3125, Loss: 0.02160961553454399
Batch 650/3125, Loss: 0.018566161394119263
Batch 700/3125, Loss: 0.03184397146105766
Batch 750/3125, Loss: 0.027308037504553795
Batch 800/3125, Loss: 0.02262219972908497
Batch 850/3125, Loss: 0.026305915787816048
Batch 900/3125, Loss: 0.024952342733740807
Batch 950/3125, Loss: 0.030112968757748604
Batch 1000/3125, Loss: 0.026683559641242027
Batch 1050/3125, Loss: 0.024666640907526016
Batch 1100/3125, Loss: 0.02510722540318966
Batch 1150/3125, Loss: 0.02378801256418228
Batch 1200/3125, Loss: 0.02075691521167755
Batch 1250/3125, Loss: 0.02709481492638588
Batch 1300/3125, Loss: 0.02343602105975151
Batch 1350/3125, Loss: 0.019533313810825348
Batch 1400/3125, Loss: 0.02212664857506752
Batch 1450/3125, Loss: 0.0218947920948267
Batch 1500/3125, Loss: 0.02319973334670067
Batch 1550/3125, Loss: 0.024850523099303246
Batch 1600/3125, Loss: 0.02200751192867756
Batch 1650/3125, Loss: 0.022642234340310097
Batch 1700/3125, Loss: 0.026193222030997276
Batch 1750/3125, Loss: 0.023496540263295174
Batch 1800/3125, Loss: 0.028871478512883186
Batch 1850/3125, Loss: 0.027736227959394455
Batch 1900/3125, Loss: 0.01769963838160038
Batch 1950/3125, Loss: 0.024210231378674507
Batch 2000/3125, Loss: 0.021507982164621353
Batch 2050/3125, Loss: 0.020551154389977455
Batch 2100/3125, Loss: 0.02713824063539505
Batch 2150/3125, Loss: 0.021114856004714966
Batch 2200/3125, Loss: 0.030924789607524872
Batch 2250/3125, Loss: 0.0233147032558918
Batch 2300/3125, Loss: 0.026702098548412323
Batch 2350/3125, Loss: 0.02630128338932991
Batch 2400/3125, Loss: 0.018892299383878708
Batch 2450/3125, Loss: 0.021110104396939278
Batch 2500/3125, Loss: 0.02868649922311306
Batch 2550/3125, Loss: 0.020531026646494865
Batch 2600/3125, Loss: 0.019329633563756943
Batch 2650/3125, Loss: 0.025126706808805466
Batch 2700/3125, Loss: 0.024241682142019272
Batch 2750/3125, Loss: 0.024833301082253456
Batch 2800/3125, Loss: 0.02320822887122631
Batch 2850/3125, Loss: 0.022168179973959923
Batch 2900/3125, Loss: 0.026540033519268036
Batch 2950/3125, Loss: 0.02001197077333927
Batch 3000/3125, Loss: 0.023394625633955002
Batch 3050/3125, Loss: 0.026447124779224396
Batch 3100/3125, Loss: 0.0228386502712965

Start of epoch 14
Batch 0/3125, Loss: 0.029021667316555977
Batch 50/3125, Loss: 0.01882017031311989
Batch 100/3125, Loss: 0.03399635851383209
Batch 150/3125, Loss: 0.021215584129095078
Batch 200/3125, Loss: 0.025450048968195915
Batch 250/3125, Loss: 0.02721281722187996
Batch 300/3125, Loss: 0.02367667853832245
Batch 350/3125, Loss: 0.022631073370575905
Batch 400/3125, Loss: 0.027868730947375298
Batch 450/3125, Loss: 0.019839070737361908
Batch 500/3125, Loss: 0.024050273001194
Batch 550/3125, Loss: 0.027901437133550644
Batch 600/3125, Loss: 0.024642977863550186
Batch 650/3125, Loss: 0.024846768006682396
Batch 700/3125, Loss: 0.02516751177608967
Batch 750/3125, Loss: 0.02234742045402527
Batch 800/3125, Loss: 0.027281494811177254
Batch 850/3125, Loss: 0.02323700673878193
Batch 900/3125, Loss: 0.028892749920487404
Batch 950/3125, Loss: 0.02625635825097561
Batch 1000/3125, Loss: 0.020602554082870483
Batch 1050/3125, Loss: 0.022459637373685837
Batch 1100/3125, Loss: 0.0222457367926836
Batch 1150/3125, Loss: 0.02488618716597557
Batch 1200/3125, Loss: 0.02597883716225624
Batch 1250/3125, Loss: 0.020338794216513634
Batch 1300/3125, Loss: 0.02574079856276512
Batch 1350/3125, Loss: 0.025927269831299782
Batch 1400/3125, Loss: 0.021250026300549507
Batch 1450/3125, Loss: 0.025760013610124588
Batch 1500/3125, Loss: 0.022291487082839012
Batch 1550/3125, Loss: 0.03368372470140457
Batch 1600/3125, Loss: 0.019163941964507103
Batch 1650/3125, Loss: 0.029093800112605095
Batch 1700/3125, Loss: 0.032053254544734955
Batch 1750/3125, Loss: 0.02720067836344242
Batch 1800/3125, Loss: 0.01743973232805729
Batch 1850/3125, Loss: 0.024405773729085922
Batch 1900/3125, Loss: 0.02772352658212185
Batch 1950/3125, Loss: 0.022663749754428864
Batch 2000/3125, Loss: 0.025220675393939018
Batch 2050/3125, Loss: 0.02436380460858345
Batch 2100/3125, Loss: 0.026914803311228752
Batch 2150/3125, Loss: 0.02295985072851181
Batch 2200/3125, Loss: 0.02346392348408699
Batch 2250/3125, Loss: 0.027422720566391945
Batch 2300/3125, Loss: 0.018928982317447662
Batch 2350/3125, Loss: 0.01712004281580448
Batch 2400/3125, Loss: 0.033469390124082565
Batch 2450/3125, Loss: 0.02372179552912712
Batch 2500/3125, Loss: 0.020835621282458305
Batch 2550/3125, Loss: 0.03314731642603874
Batch 2600/3125, Loss: 0.02433261275291443
Batch 2650/3125, Loss: 0.020386090502142906
Batch 2700/3125, Loss: 0.026813659816980362
Batch 2750/3125, Loss: 0.026688873767852783
Batch 2800/3125, Loss: 0.022343743592500687
Batch 2850/3125, Loss: 0.017405793070793152
Batch 2900/3125, Loss: 0.03552601486444473
Batch 2950/3125, Loss: 0.021773558109998703
Batch 3000/3125, Loss: 0.02649148367345333
Batch 3050/3125, Loss: 0.01737198606133461
Batch 3100/3125, Loss: 0.016805045306682587

Start of epoch 15
Batch 0/3125, Loss: 0.02076052874326706
Batch 50/3125, Loss: 0.02418302185833454
Batch 100/3125, Loss: 0.032414648681879044
Batch 150/3125, Loss: 0.028485693037509918
Batch 200/3125, Loss: 0.027505146339535713
Batch 250/3125, Loss: 0.02095549739897251
Batch 300/3125, Loss: 0.021710388362407684
Batch 350/3125, Loss: 0.02884124405682087
Batch 400/3125, Loss: 0.022997722029685974
Batch 450/3125, Loss: 0.02389310486614704
Batch 500/3125, Loss: 0.028900299221277237
Batch 550/3125, Loss: 0.019727561622858047
Batch 600/3125, Loss: 0.02218768000602722
Batch 650/3125, Loss: 0.02895589917898178
Batch 700/3125, Loss: 0.026875372976064682
Batch 750/3125, Loss: 0.023465774953365326
Batch 800/3125, Loss: 0.025584308430552483
Batch 850/3125, Loss: 0.029365772381424904
Batch 900/3125, Loss: 0.026533076539635658
Batch 950/3125, Loss: 0.02243831567466259
Batch 1000/3125, Loss: 0.026689937338232994
Batch 1050/3125, Loss: 0.023208176717162132
Batch 1100/3125, Loss: 0.026965929195284843
Batch 1150/3125, Loss: 0.03126123920083046
Batch 1200/3125, Loss: 0.026643170043826103
Batch 1250/3125, Loss: 0.024075839668512344
Batch 1300/3125, Loss: 0.021369552239775658
Batch 1350/3125, Loss: 0.020151760429143906
Batch 1400/3125, Loss: 0.026771677657961845
Batch 1450/3125, Loss: 0.02480313368141651
Batch 1500/3125, Loss: 0.0227743498980999
Batch 1550/3125, Loss: 0.020779291167855263
Batch 1600/3125, Loss: 0.02477789670228958
Batch 1650/3125, Loss: 0.017767513170838356
Batch 1700/3125, Loss: 0.023796813562512398
Batch 1750/3125, Loss: 0.02210071124136448
Batch 1800/3125, Loss: 0.018515469506382942
Batch 1850/3125, Loss: 0.02496243268251419
Batch 1900/3125, Loss: 0.024387042969465256
Batch 1950/3125, Loss: 0.020386889576911926
Batch 2000/3125, Loss: 0.021874813362956047
Batch 2050/3125, Loss: 0.027096621692180634
Batch 2100/3125, Loss: 0.03353440761566162
Batch 2150/3125, Loss: 0.02266107127070427
Batch 2200/3125, Loss: 0.027090556919574738
Batch 2250/3125, Loss: 0.023822791874408722
Batch 2300/3125, Loss: 0.02541731297969818
Batch 2350/3125, Loss: 0.02714930847287178
Batch 2400/3125, Loss: 0.025037063285708427
Batch 2450/3125, Loss: 0.023892682045698166
Batch 2500/3125, Loss: 0.024707166478037834
Batch 2550/3125, Loss: 0.021508419886231422
Batch 2600/3125, Loss: 0.025976238772273064
Batch 2650/3125, Loss: 0.02794461138546467
Batch 2700/3125, Loss: 0.021424047648906708
Batch 2750/3125, Loss: 0.02471338026225567
Batch 2800/3125, Loss: 0.02436431311070919
Batch 2850/3125, Loss: 0.027159271761775017
Batch 2900/3125, Loss: 0.023957470431923866
Batch 2950/3125, Loss: 0.023182930424809456
Batch 3000/3125, Loss: 0.02111050859093666
Batch 3050/3125, Loss: 0.02715127356350422
Batch 3100/3125, Loss: 0.02703285962343216

Start of epoch 16
Batch 0/3125, Loss: 0.024708373472094536
Batch 50/3125, Loss: 0.020520832389593124
Batch 100/3125, Loss: 0.025217976421117783
Batch 150/3125, Loss: 0.029161546379327774
Batch 200/3125, Loss: 0.020061267539858818
Batch 250/3125, Loss: 0.027743801474571228
Batch 300/3125, Loss: 0.028129735961556435
Batch 350/3125, Loss: 0.02298092283308506
Batch 400/3125, Loss: 0.027429120615124702
Batch 450/3125, Loss: 0.022675728425383568
Batch 500/3125, Loss: 0.034416235983371735
Batch 550/3125, Loss: 0.026644350960850716
Batch 600/3125, Loss: 0.027242178097367287
Batch 650/3125, Loss: 0.022878089919686317
Batch 700/3125, Loss: 0.024488266557455063
Batch 750/3125, Loss: 0.029143769294023514
Batch 800/3125, Loss: 0.01883292943239212
Batch 850/3125, Loss: 0.023994773626327515
Batch 900/3125, Loss: 0.024837972596287727
Batch 950/3125, Loss: 0.022298317402601242
Batch 1000/3125, Loss: 0.016144057735800743
Batch 1050/3125, Loss: 0.024891739711165428
Batch 1100/3125, Loss: 0.02194844000041485
Batch 1150/3125, Loss: 0.020071109756827354
Batch 1200/3125, Loss: 0.022531691938638687
Batch 1250/3125, Loss: 0.020791715011000633
Batch 1300/3125, Loss: 0.023704232648015022
Batch 1350/3125, Loss: 0.0227048322558403
Batch 1400/3125, Loss: 0.028360620141029358
Batch 1450/3125, Loss: 0.02756061591207981
Batch 1500/3125, Loss: 0.022528670728206635
Batch 1550/3125, Loss: 0.022377075627446175
Batch 1600/3125, Loss: 0.02774355746805668
Batch 1650/3125, Loss: 0.01745896227657795
Batch 1700/3125, Loss: 0.019853999838232994
Batch 1750/3125, Loss: 0.01944325678050518
Batch 1800/3125, Loss: 0.023759081959724426
Batch 1850/3125, Loss: 0.02246951125562191
Batch 1900/3125, Loss: 0.02121470309793949
Batch 1950/3125, Loss: 0.022635336965322495
Batch 2000/3125, Loss: 0.02149362862110138
Batch 2050/3125, Loss: 0.02323937602341175
Batch 2100/3125, Loss: 0.02815774269402027
Batch 2150/3125, Loss: 0.021107932552695274
Batch 2200/3125, Loss: 0.028157228603959084
Batch 2250/3125, Loss: 0.023796889930963516
Batch 2300/3125, Loss: 0.01688588783144951
Batch 2350/3125, Loss: 0.022185442969202995
Batch 2400/3125, Loss: 0.024316983297467232
Batch 2450/3125, Loss: 0.022299299016594887
Batch 2500/3125, Loss: 0.01895834133028984
Batch 2550/3125, Loss: 0.02330189384520054
Batch 2600/3125, Loss: 0.018814807757735252
Batch 2650/3125, Loss: 0.022214466705918312
Batch 2700/3125, Loss: 0.025912515819072723
Batch 2750/3125, Loss: 0.02472967468202114
Batch 2800/3125, Loss: 0.02258661948144436
Batch 2850/3125, Loss: 0.028379125520586967
Batch 2900/3125, Loss: 0.022439610213041306
Batch 2950/3125, Loss: 0.02385764755308628
Batch 3000/3125, Loss: 0.018899992108345032
Batch 3050/3125, Loss: 0.02194805070757866
Batch 3100/3125, Loss: 0.02302705869078636

Start of epoch 17
Batch 0/3125, Loss: 0.026342235505580902
Batch 50/3125, Loss: 0.01970118284225464
Batch 100/3125, Loss: 0.029931338503956795
Batch 150/3125, Loss: 0.01760195568203926
Batch 200/3125, Loss: 0.02840866521000862
Batch 250/3125, Loss: 0.027386652305722237
Batch 300/3125, Loss: 0.02196824736893177
Batch 350/3125, Loss: 0.028737708926200867
Batch 400/3125, Loss: 0.017271438613533974
Batch 450/3125, Loss: 0.024407874792814255
Batch 500/3125, Loss: 0.03519484028220177
Batch 550/3125, Loss: 0.023343723267316818
Batch 600/3125, Loss: 0.020251844078302383
Batch 650/3125, Loss: 0.024999912828207016
Batch 700/3125, Loss: 0.022408679127693176
Batch 750/3125, Loss: 0.02950078248977661
Batch 800/3125, Loss: 0.022131234407424927
Batch 850/3125, Loss: 0.029237797483801842
Batch 900/3125, Loss: 0.026405757293105125
Batch 950/3125, Loss: 0.029488999396562576
Batch 1000/3125, Loss: 0.021258993074297905
Batch 1050/3125, Loss: 0.020960433408617973
Batch 1100/3125, Loss: 0.025189008563756943
Batch 1150/3125, Loss: 0.020687321200966835
Batch 1200/3125, Loss: 0.029605982825160027
Batch 1250/3125, Loss: 0.01839762181043625
Batch 1300/3125, Loss: 0.021225543692708015
Batch 1350/3125, Loss: 0.02469613216817379
Batch 1400/3125, Loss: 0.018444575369358063
Batch 1450/3125, Loss: 0.02094428800046444
Batch 1500/3125, Loss: 0.022050125524401665
Batch 1550/3125, Loss: 0.022629614919424057
Batch 1600/3125, Loss: 0.02446894161403179
Batch 1650/3125, Loss: 0.02114023081958294
Batch 1700/3125, Loss: 0.021702751517295837
Batch 1750/3125, Loss: 0.030340878292918205
Batch 1800/3125, Loss: 0.02395719848573208
Batch 1850/3125, Loss: 0.021542232483625412
Batch 1900/3125, Loss: 0.022565411403775215
Batch 1950/3125, Loss: 0.023349503055214882
Batch 2000/3125, Loss: 0.02370532788336277
Batch 2050/3125, Loss: 0.020403381437063217
Batch 2100/3125, Loss: 0.023230306804180145
Batch 2150/3125, Loss: 0.020370464771986008
Batch 2200/3125, Loss: 0.025155097246170044
Batch 2250/3125, Loss: 0.021294578909873962
Batch 2300/3125, Loss: 0.02406405471265316
Batch 2350/3125, Loss: 0.022804485633969307
Batch 2400/3125, Loss: 0.026654036715626717
Batch 2450/3125, Loss: 0.02283332683146
Batch 2500/3125, Loss: 0.02056925930082798
Batch 2550/3125, Loss: 0.020170005038380623
Batch 2600/3125, Loss: 0.025035947561264038
Batch 2650/3125, Loss: 0.025775901973247528
Batch 2700/3125, Loss: 0.025148743763566017
Batch 2750/3125, Loss: 0.018973834812641144
Batch 2800/3125, Loss: 0.01999916508793831
Batch 2850/3125, Loss: 0.023696022108197212
Batch 2900/3125, Loss: 0.02289654314517975
Batch 2950/3125, Loss: 0.02404838427901268
Batch 3000/3125, Loss: 0.02402830682694912
Batch 3050/3125, Loss: 0.020787769928574562
Batch 3100/3125, Loss: 0.03105991706252098

Start of epoch 18
Batch 0/3125, Loss: 0.022419851273298264
Batch 50/3125, Loss: 0.02081538736820221
Batch 100/3125, Loss: 0.02207145281136036
Batch 150/3125, Loss: 0.02360443025827408
Batch 200/3125, Loss: 0.02671528048813343
Batch 250/3125, Loss: 0.018012546002864838
Batch 300/3125, Loss: 0.022250985726714134
Batch 350/3125, Loss: 0.02832534909248352
Batch 400/3125, Loss: 0.029003743082284927
Batch 450/3125, Loss: 0.023996196687221527
Batch 500/3125, Loss: 0.02409414015710354
Batch 550/3125, Loss: 0.025037119165062904
Batch 600/3125, Loss: 0.0202887412160635
Batch 650/3125, Loss: 0.02163596823811531
Batch 700/3125, Loss: 0.01915876194834709
Batch 750/3125, Loss: 0.02124043181538582
Batch 800/3125, Loss: 0.020025508478283882
Batch 850/3125, Loss: 0.01373269036412239
Batch 900/3125, Loss: 0.02492559887468815
Batch 950/3125, Loss: 0.017377102747559547
Batch 1000/3125, Loss: 0.021291140466928482
Batch 1050/3125, Loss: 0.0296018086373806
Batch 1100/3125, Loss: 0.017375273630023003
Batch 1150/3125, Loss: 0.02037784270942211
Batch 1200/3125, Loss: 0.022682439535856247
Batch 1250/3125, Loss: 0.018556877970695496
Batch 1300/3125, Loss: 0.01975560560822487
Batch 1350/3125, Loss: 0.028011063113808632
Batch 1400/3125, Loss: 0.02889416366815567
Batch 1450/3125, Loss: 0.026809697970747948
Batch 1500/3125, Loss: 0.027501411736011505
Batch 1550/3125, Loss: 0.023829014971852303
Batch 1600/3125, Loss: 0.02242048643529415
Batch 1650/3125, Loss: 0.02235024981200695
Batch 1700/3125, Loss: 0.020541081205010414
Batch 1750/3125, Loss: 0.025346901267766953
Batch 1800/3125, Loss: 0.0238192118704319
Batch 1850/3125, Loss: 0.02157733216881752
Batch 1900/3125, Loss: 0.01816520281136036
Batch 1950/3125, Loss: 0.01720152609050274
Batch 2000/3125, Loss: 0.02209516055881977
Batch 2050/3125, Loss: 0.02471982128918171
Batch 2100/3125, Loss: 0.024935832247138023
Batch 2150/3125, Loss: 0.019693836569786072
Batch 2200/3125, Loss: 0.03212529793381691
Batch 2250/3125, Loss: 0.01741006225347519
Batch 2300/3125, Loss: 0.02515631541609764
Batch 2350/3125, Loss: 0.020930269733071327
Batch 2400/3125, Loss: 0.025495044887065887
Batch 2450/3125, Loss: 0.018460463732481003
Batch 2500/3125, Loss: 0.022102834656834602
Batch 2550/3125, Loss: 0.026134850457310677
Batch 2600/3125, Loss: 0.0205263439565897
Batch 2650/3125, Loss: 0.024872543290257454
Batch 2700/3125, Loss: 0.026811981573700905
Batch 2750/3125, Loss: 0.022023292258381844
Batch 2800/3125, Loss: 0.0254225954413414
Batch 2850/3125, Loss: 0.02732476219534874
Batch 2900/3125, Loss: 0.015878571197390556
Batch 2950/3125, Loss: 0.022646257653832436
Batch 3000/3125, Loss: 0.023128094151616096
Batch 3050/3125, Loss: 0.031280480325222015
Batch 3100/3125, Loss: 0.01837592013180256

Start of epoch 19
Batch 0/3125, Loss: 0.02333604358136654
Batch 50/3125, Loss: 0.02424357645213604
Batch 100/3125, Loss: 0.0245167575776577
Batch 150/3125, Loss: 0.01988971419632435
Batch 200/3125, Loss: 0.01939505711197853
Batch 250/3125, Loss: 0.019359225407242775
Batch 300/3125, Loss: 0.024075927212834358
Batch 350/3125, Loss: 0.02533433586359024
Batch 400/3125, Loss: 0.02524469420313835
Batch 450/3125, Loss: 0.02464565634727478
Batch 500/3125, Loss: 0.019753865897655487
Batch 550/3125, Loss: 0.026615161448717117
Batch 600/3125, Loss: 0.020385893061757088
Batch 650/3125, Loss: 0.020529713481664658
Batch 700/3125, Loss: 0.018107399344444275
Batch 750/3125, Loss: 0.02500583417713642
Batch 800/3125, Loss: 0.022939596325159073
Batch 850/3125, Loss: 0.025374097749590874
Batch 900/3125, Loss: 0.021778283640742302
Batch 950/3125, Loss: 0.0208103209733963
Batch 1000/3125, Loss: 0.01989399641752243
Batch 1050/3125, Loss: 0.018246948719024658
Batch 1100/3125, Loss: 0.027210235595703125
Batch 1150/3125, Loss: 0.019723448902368546
Batch 1200/3125, Loss: 0.023408686742186546
Batch 1250/3125, Loss: 0.020342422649264336
Batch 1300/3125, Loss: 0.017645565792918205
Batch 1350/3125, Loss: 0.023862726986408234
Batch 1400/3125, Loss: 0.018475426360964775
Batch 1450/3125, Loss: 0.021279282867908478
Batch 1500/3125, Loss: 0.023048708215355873
Batch 1550/3125, Loss: 0.023538101464509964
Batch 1600/3125, Loss: 0.020706577226519585
Batch 1650/3125, Loss: 0.02099740132689476
Batch 1700/3125, Loss: 0.0248313806951046
Batch 1750/3125, Loss: 0.020838787779211998
Batch 1800/3125, Loss: 0.017409522086381912
Batch 1850/3125, Loss: 0.02352747693657875
Batch 1900/3125, Loss: 0.02861364744603634
Batch 1950/3125, Loss: 0.023527400568127632
Batch 2000/3125, Loss: 0.02623990923166275
Batch 2050/3125, Loss: 0.027320174500346184
Batch 2100/3125, Loss: 0.0252846609801054
Batch 2150/3125, Loss: 0.01977863721549511
Batch 2200/3125, Loss: 0.021367378532886505
Batch 2250/3125, Loss: 0.019147654995322227
Batch 2300/3125, Loss: 0.017197800800204277
Batch 2350/3125, Loss: 0.020811451599001884
Batch 2400/3125, Loss: 0.019980687648057938
Batch 2450/3125, Loss: 0.022206848487257957
Batch 2500/3125, Loss: 0.022631589323282242
Batch 2550/3125, Loss: 0.02071906439960003
Batch 2600/3125, Loss: 0.017204655334353447
Batch 2650/3125, Loss: 0.01793946884572506
Batch 2700/3125, Loss: 0.023250311613082886
Batch 2750/3125, Loss: 0.019274506717920303
Batch 2800/3125, Loss: 0.02408193238079548
Batch 2850/3125, Loss: 0.021259792149066925
Batch 2900/3125, Loss: 0.02095705457031727
Batch 2950/3125, Loss: 0.028566408902406693
Batch 3000/3125, Loss: 0.023456791415810585
Batch 3050/3125, Loss: 0.024362388998270035
Batch 3100/3125, Loss: 0.02572477236390114

Start of epoch 20
Batch 0/3125, Loss: 0.01966586522758007
Batch 50/3125, Loss: 0.02013193443417549
Batch 100/3125, Loss: 0.022710934281349182
Batch 150/3125, Loss: 0.02281631901860237
Batch 200/3125, Loss: 0.017637327313423157
Batch 250/3125, Loss: 0.020056944340467453
Batch 300/3125, Loss: 0.022793065756559372
Batch 350/3125, Loss: 0.021059675142169
Batch 400/3125, Loss: 0.014067381620407104
Batch 450/3125, Loss: 0.021627575159072876
Batch 500/3125, Loss: 0.021260090172290802
Batch 550/3125, Loss: 0.027837103232741356
Batch 600/3125, Loss: 0.021290935575962067
Batch 650/3125, Loss: 0.025321532040834427
Batch 700/3125, Loss: 0.020919471979141235
Batch 750/3125, Loss: 0.022874925285577774
Batch 800/3125, Loss: 0.022062305361032486
Batch 850/3125, Loss: 0.01924828439950943
Batch 900/3125, Loss: 0.023325907066464424
Batch 950/3125, Loss: 0.027613770216703415
Batch 1000/3125, Loss: 0.023140303790569305
Batch 1050/3125, Loss: 0.028889575973153114
Batch 1100/3125, Loss: 0.024818122386932373
Batch 1150/3125, Loss: 0.024021610617637634
Batch 1200/3125, Loss: 0.023134566843509674
Batch 1250/3125, Loss: 0.026328686624765396
Batch 1300/3125, Loss: 0.022094806656241417
Batch 1350/3125, Loss: 0.026033135131001472
Batch 1400/3125, Loss: 0.017772840335965157
Batch 1450/3125, Loss: 0.0297187902033329
Batch 1500/3125, Loss: 0.019339492544531822
Batch 1550/3125, Loss: 0.023970117792487144
Batch 1600/3125, Loss: 0.019948579370975494
Batch 1650/3125, Loss: 0.01898891292512417
Batch 1700/3125, Loss: 0.01732475683093071
Batch 1750/3125, Loss: 0.02704170159995556
Batch 1800/3125, Loss: 0.02357718162238598
Batch 1850/3125, Loss: 0.01935797557234764
Batch 1900/3125, Loss: 0.02895774506032467
Batch 1950/3125, Loss: 0.021231506019830704
Batch 2000/3125, Loss: 0.01852818951010704
Batch 2050/3125, Loss: 0.021350929513573647
Batch 2100/3125, Loss: 0.018607936799526215
Batch 2150/3125, Loss: 0.019146526232361794
Batch 2200/3125, Loss: 0.017127135768532753
Batch 2250/3125, Loss: 0.025703798979520798
Batch 2300/3125, Loss: 0.028393680229783058
Batch 2350/3125, Loss: 0.022489581257104874
Batch 2400/3125, Loss: 0.025327851995825768
Batch 2450/3125, Loss: 0.018791228532791138
Batch 2500/3125, Loss: 0.01818106696009636
Batch 2550/3125, Loss: 0.024970239028334618
Batch 2600/3125, Loss: 0.021263331174850464
Batch 2650/3125, Loss: 0.022588051855564117
Batch 2700/3125, Loss: 0.025778941810131073
Batch 2750/3125, Loss: 0.015590223483741283
Batch 2800/3125, Loss: 0.02700893022119999
Batch 2850/3125, Loss: 0.017870040610432625
Batch 2900/3125, Loss: 0.021001199260354042
Batch 2950/3125, Loss: 0.020969798788428307
Batch 3000/3125, Loss: 0.018533743917942047
Batch 3050/3125, Loss: 0.020200714468955994
Batch 3100/3125, Loss: 0.021779155358672142

Start of epoch 21
Batch 0/3125, Loss: 0.023128105327486992
Batch 50/3125, Loss: 0.01977882906794548
Batch 100/3125, Loss: 0.02015005424618721
Batch 150/3125, Loss: 0.017541617155075073
Batch 200/3125, Loss: 0.017615512013435364
Batch 250/3125, Loss: 0.018643410876393318
Batch 300/3125, Loss: 0.024137699976563454
Batch 350/3125, Loss: 0.01749822311103344
Batch 400/3125, Loss: 0.02128578908741474
Batch 450/3125, Loss: 0.019264524802565575
Batch 500/3125, Loss: 0.021498221904039383
Batch 550/3125, Loss: 0.019662687554955482
Batch 600/3125, Loss: 0.030931418761610985
Batch 650/3125, Loss: 0.024998776614665985
Batch 700/3125, Loss: 0.03206648305058479
Batch 750/3125, Loss: 0.024726148694753647
Batch 800/3125, Loss: 0.022795267403125763
Batch 850/3125, Loss: 0.022783169522881508
Batch 900/3125, Loss: 0.019733566790819168
Batch 950/3125, Loss: 0.021557504311203957
Batch 1000/3125, Loss: 0.017126375809311867
Batch 1050/3125, Loss: 0.01923716440796852
Batch 1100/3125, Loss: 0.02190726436674595
Batch 1150/3125, Loss: 0.022482646629214287
Batch 1200/3125, Loss: 0.02512497641146183
Batch 1250/3125, Loss: 0.019380057230591774
Batch 1300/3125, Loss: 0.022777095437049866
Batch 1350/3125, Loss: 0.022338880226016045
Batch 1400/3125, Loss: 0.02227739617228508
Batch 1450/3125, Loss: 0.015310021117329597
Batch 1500/3125, Loss: 0.01998220942914486
Batch 1550/3125, Loss: 0.020420016720891
Batch 1600/3125, Loss: 0.021938389167189598
Batch 1650/3125, Loss: 0.018570244312286377
Batch 1700/3125, Loss: 0.02589680440723896
Batch 1750/3125, Loss: 0.02248244918882847
Batch 1800/3125, Loss: 0.028475794941186905
Batch 1850/3125, Loss: 0.017372364178299904
Batch 1900/3125, Loss: 0.029399031773209572
Batch 1950/3125, Loss: 0.02335849404335022
Batch 2000/3125, Loss: 0.02078542485833168
Batch 2050/3125, Loss: 0.02462277188897133
Batch 2100/3125, Loss: 0.021918345242738724
Batch 2150/3125, Loss: 0.01929262839257717
Batch 2200/3125, Loss: 0.021227341145277023
Batch 2250/3125, Loss: 0.02686605602502823
Batch 2300/3125, Loss: 0.019896946847438812
Batch 2350/3125, Loss: 0.020806564018130302
Batch 2400/3125, Loss: 0.027581294998526573
Batch 2450/3125, Loss: 0.026120277121663094
Batch 2500/3125, Loss: 0.01542587112635374
Batch 2550/3125, Loss: 0.021852871403098106
Batch 2600/3125, Loss: 0.02064402587711811
Batch 2650/3125, Loss: 0.019754933193325996
Batch 2700/3125, Loss: 0.01950795389711857
Batch 2750/3125, Loss: 0.021155746653676033
Batch 2800/3125, Loss: 0.02840089052915573
Batch 2850/3125, Loss: 0.01956186629831791
Batch 2900/3125, Loss: 0.02320563606917858
Batch 2950/3125, Loss: 0.02279161661863327
Batch 3000/3125, Loss: 0.018714191392064095
Batch 3050/3125, Loss: 0.02305804193019867
Batch 3100/3125, Loss: 0.018365642055869102

Start of epoch 22
Batch 0/3125, Loss: 0.01512474287301302
Batch 50/3125, Loss: 0.024521464481949806
Batch 100/3125, Loss: 0.023813022300601006
Batch 150/3125, Loss: 0.028432639315724373
Batch 200/3125, Loss: 0.026039425283670425
Batch 250/3125, Loss: 0.02316209115087986
Batch 300/3125, Loss: 0.021436860784888268
Batch 350/3125, Loss: 0.020123617723584175
Batch 400/3125, Loss: 0.02015792392194271
Batch 450/3125, Loss: 0.020849457010626793
Batch 500/3125, Loss: 0.025502651929855347
Batch 550/3125, Loss: 0.024198418483138084
Batch 600/3125, Loss: 0.01873157173395157
Batch 650/3125, Loss: 0.01858573406934738
Batch 700/3125, Loss: 0.01797327771782875
Batch 750/3125, Loss: 0.02038693241775036
Batch 800/3125, Loss: 0.01987670548260212
Batch 850/3125, Loss: 0.020172657445073128
Batch 900/3125, Loss: 0.023779982700943947
Batch 950/3125, Loss: 0.02440495975315571
Batch 1000/3125, Loss: 0.030385324731469154
Batch 1050/3125, Loss: 0.022188514471054077
Batch 1100/3125, Loss: 0.022492488846182823
Batch 1150/3125, Loss: 0.014496334828436375
Batch 1200/3125, Loss: 0.022546153515577316
Batch 1250/3125, Loss: 0.02638017199933529
Batch 1300/3125, Loss: 0.026721030473709106
Batch 1350/3125, Loss: 0.017622238025069237
Batch 1400/3125, Loss: 0.020696472376585007
Batch 1450/3125, Loss: 0.02560686133801937
Batch 1500/3125, Loss: 0.02013547159731388
Batch 1550/3125, Loss: 0.026117874309420586
Batch 1600/3125, Loss: 0.018828334286808968
Batch 1650/3125, Loss: 0.02238217554986477
Batch 1700/3125, Loss: 0.01911642774939537
Batch 1750/3125, Loss: 0.0166265107691288
Batch 1800/3125, Loss: 0.01962876506149769
Batch 1850/3125, Loss: 0.017132341861724854
Batch 1900/3125, Loss: 0.022220756858587265
Batch 1950/3125, Loss: 0.01620117761194706
Batch 2000/3125, Loss: 0.021069826558232307
Batch 2050/3125, Loss: 0.023200031369924545
Batch 2100/3125, Loss: 0.017471833154559135
Batch 2150/3125, Loss: 0.023903239518404007
Batch 2200/3125, Loss: 0.023166947066783905
Batch 2250/3125, Loss: 0.028517501428723335
Batch 2300/3125, Loss: 0.022959591820836067
Batch 2350/3125, Loss: 0.021267570555210114
Batch 2400/3125, Loss: 0.01961088925600052
Batch 2450/3125, Loss: 0.01935792714357376
Batch 2500/3125, Loss: 0.02260569855570793
Batch 2550/3125, Loss: 0.023603741079568863
Batch 2600/3125, Loss: 0.02019217610359192
Batch 2650/3125, Loss: 0.020408406853675842
Batch 2700/3125, Loss: 0.019770996645092964
Batch 2750/3125, Loss: 0.021730436012148857
Batch 2800/3125, Loss: 0.019357528537511826
Batch 2850/3125, Loss: 0.015369003638625145
Batch 2900/3125, Loss: 0.0212530680000782
Batch 2950/3125, Loss: 0.01803239807486534
Batch 3000/3125, Loss: 0.016339527443051338
Batch 3050/3125, Loss: 0.021583450958132744
Batch 3100/3125, Loss: 0.02433881349861622

Start of epoch 23
Batch 0/3125, Loss: 0.02305888943374157
Batch 50/3125, Loss: 0.020824288949370384
Batch 100/3125, Loss: 0.02767789177596569
Batch 150/3125, Loss: 0.0214314553886652
Batch 200/3125, Loss: 0.018300045281648636
Batch 250/3125, Loss: 0.023862499743700027
Batch 300/3125, Loss: 0.014872590079903603
Batch 350/3125, Loss: 0.022714735940098763
Batch 400/3125, Loss: 0.024391597136855125
Batch 450/3125, Loss: 0.022943692281842232
Batch 500/3125, Loss: 0.020858170464634895
Batch 550/3125, Loss: 0.020073777064681053
Batch 600/3125, Loss: 0.01701183244585991
Batch 650/3125, Loss: 0.014182882383465767
Batch 700/3125, Loss: 0.02460380271077156
Batch 750/3125, Loss: 0.02025073580443859
Batch 800/3125, Loss: 0.03409194573760033
Batch 850/3125, Loss: 0.024903032928705215
Batch 900/3125, Loss: 0.01755828596651554
Batch 950/3125, Loss: 0.02237660624086857
Batch 1000/3125, Loss: 0.018195144832134247
Batch 1050/3125, Loss: 0.018237842246890068
Batch 1100/3125, Loss: 0.018774311989545822
Batch 1150/3125, Loss: 0.019236629828810692
Batch 1200/3125, Loss: 0.020520420745015144
Batch 1250/3125, Loss: 0.02150581404566765
Batch 1300/3125, Loss: 0.02112453430891037
Batch 1350/3125, Loss: 0.016259348019957542
Batch 1400/3125, Loss: 0.02060285396873951
Batch 1450/3125, Loss: 0.023153232410550117
Batch 1500/3125, Loss: 0.022904453799128532
Batch 1550/3125, Loss: 0.021918172016739845
Batch 1600/3125, Loss: 0.019990112632513046
Batch 1650/3125, Loss: 0.019681934267282486
Batch 1700/3125, Loss: 0.023708274587988853
Batch 1750/3125, Loss: 0.01654336042702198
Batch 1800/3125, Loss: 0.01786242239177227
Batch 1850/3125, Loss: 0.022713828831911087
Batch 1900/3125, Loss: 0.01853938214480877
Batch 1950/3125, Loss: 0.02091156505048275
Batch 2000/3125, Loss: 0.023019401356577873
Batch 2050/3125, Loss: 0.021891817450523376
Batch 2100/3125, Loss: 0.025462867692112923
Batch 2150/3125, Loss: 0.01925494894385338
Batch 2200/3125, Loss: 0.025578582659363747
Batch 2250/3125, Loss: 0.02136409841477871
Batch 2300/3125, Loss: 0.01734791323542595
Batch 2350/3125, Loss: 0.019838275387883186
Batch 2400/3125, Loss: 0.02417816035449505
Batch 2450/3125, Loss: 0.01773483119904995
Batch 2500/3125, Loss: 0.024028923362493515
Batch 2550/3125, Loss: 0.02464083954691887
Batch 2600/3125, Loss: 0.020911118015646935
Batch 2650/3125, Loss: 0.018706105649471283
Batch 2700/3125, Loss: 0.019098009914159775
Batch 2750/3125, Loss: 0.0158136785030365
Batch 2800/3125, Loss: 0.015335481613874435
Batch 2850/3125, Loss: 0.024873126298189163
Batch 2900/3125, Loss: 0.02073206752538681
Batch 2950/3125, Loss: 0.018652675673365593
Batch 3000/3125, Loss: 0.032541945576667786
Batch 3050/3125, Loss: 0.020293574780225754
Batch 3100/3125, Loss: 0.021089302375912666

Start of epoch 24
Batch 0/3125, Loss: 0.019513258710503578
Batch 50/3125, Loss: 0.018833991140127182
Batch 100/3125, Loss: 0.019955748692154884
Batch 150/3125, Loss: 0.024087795987725258
Batch 200/3125, Loss: 0.019520610570907593
Batch 250/3125, Loss: 0.02086075209081173
Batch 300/3125, Loss: 0.02116096392273903
Batch 350/3125, Loss: 0.020856691524386406
Batch 400/3125, Loss: 0.020213479176163673
Batch 450/3125, Loss: 0.02308797463774681
Batch 500/3125, Loss: 0.019913699477910995
Batch 550/3125, Loss: 0.019115211442112923
Batch 600/3125, Loss: 0.01987973041832447
Batch 650/3125, Loss: 0.02787601575255394
Batch 700/3125, Loss: 0.018659528344869614
Batch 750/3125, Loss: 0.026826869696378708
Batch 800/3125, Loss: 0.02273613028228283
Batch 850/3125, Loss: 0.02116662636399269
Batch 900/3125, Loss: 0.025334784761071205
Batch 950/3125, Loss: 0.024245189502835274
Batch 1000/3125, Loss: 0.025838889181613922
Batch 1050/3125, Loss: 0.01547965221107006
Batch 1100/3125, Loss: 0.014842689968645573
Batch 1150/3125, Loss: 0.035102058202028275
Batch 1200/3125, Loss: 0.021982064470648766
Batch 1250/3125, Loss: 0.021641945466399193
Batch 1300/3125, Loss: 0.021559642627835274
Batch 1350/3125, Loss: 0.021161753684282303
Batch 1400/3125, Loss: 0.01867247372865677
Batch 1450/3125, Loss: 0.02118263579905033
Batch 1500/3125, Loss: 0.027689382433891296
Batch 1550/3125, Loss: 0.02209264039993286
Batch 1600/3125, Loss: 0.014829741790890694
Batch 1650/3125, Loss: 0.0182514488697052
Batch 1700/3125, Loss: 0.020609334111213684
Batch 1750/3125, Loss: 0.021114852279424667
Batch 1800/3125, Loss: 0.027806799858808517
Batch 1850/3125, Loss: 0.021416597068309784
Batch 1900/3125, Loss: 0.02062796801328659
Batch 1950/3125, Loss: 0.018298640847206116
Batch 2000/3125, Loss: 0.01834418810904026
Batch 2050/3125, Loss: 0.017466560006141663
Batch 2100/3125, Loss: 0.016789259389042854
Batch 2150/3125, Loss: 0.01947418600320816
Batch 2200/3125, Loss: 0.019527239724993706
Batch 2250/3125, Loss: 0.02059655822813511
Batch 2300/3125, Loss: 0.018188724294304848
Batch 2350/3125, Loss: 0.017729533836245537
Batch 2400/3125, Loss: 0.025192828848958015
Batch 2450/3125, Loss: 0.025491101667284966
Batch 2500/3125, Loss: 0.018719017505645752
Batch 2550/3125, Loss: 0.017685240134596825
Batch 2600/3125, Loss: 0.01995225064456463
Batch 2650/3125, Loss: 0.024722157046198845
Batch 2700/3125, Loss: 0.018294330686330795
Batch 2750/3125, Loss: 0.019586021080613136
Batch 2800/3125, Loss: 0.021414196118712425
Batch 2850/3125, Loss: 0.020027462393045425
Batch 2900/3125, Loss: 0.020314587280154228
Batch 2950/3125, Loss: 0.020268356427550316
Batch 3000/3125, Loss: 0.02088772878050804
Batch 3050/3125, Loss: 0.021076316013932228
Batch 3100/3125, Loss: 0.019142460078001022

Start of epoch 25
Batch 0/3125, Loss: 0.017702564597129822
Batch 50/3125, Loss: 0.02402990311384201
Batch 100/3125, Loss: 0.01502056885510683
Batch 150/3125, Loss: 0.026868194341659546
Batch 200/3125, Loss: 0.019222384318709373
Batch 250/3125, Loss: 0.02076408639550209
Batch 300/3125, Loss: 0.019602123647928238
Batch 350/3125, Loss: 0.017475223168730736
Batch 400/3125, Loss: 0.020810944959521294
Batch 450/3125, Loss: 0.02035006321966648
Batch 500/3125, Loss: 0.018845418468117714
Batch 550/3125, Loss: 0.0214886125177145
Batch 600/3125, Loss: 0.03154890239238739
Batch 650/3125, Loss: 0.02214055322110653
Batch 700/3125, Loss: 0.017645232379436493
Batch 750/3125, Loss: 0.021668026223778725
Batch 800/3125, Loss: 0.018380070105195045
Batch 850/3125, Loss: 0.021419521421194077
Batch 900/3125, Loss: 0.02182965911924839
Batch 950/3125, Loss: 0.019662238657474518
Batch 1000/3125, Loss: 0.016953395679593086
Batch 1050/3125, Loss: 0.01682637445628643
Batch 1100/3125, Loss: 0.018677692860364914
Batch 1150/3125, Loss: 0.02641061134636402
Batch 1200/3125, Loss: 0.019565094262361526
Batch 1250/3125, Loss: 0.017076868563890457
Batch 1300/3125, Loss: 0.018712809309363365
Batch 1350/3125, Loss: 0.02165145054459572
Batch 1400/3125, Loss: 0.020681267604231834
Batch 1450/3125, Loss: 0.022609757259488106
Batch 1500/3125, Loss: 0.02350815199315548
Batch 1550/3125, Loss: 0.021251488476991653
Batch 1600/3125, Loss: 0.01902458257973194
Batch 1650/3125, Loss: 0.01860230788588524
Batch 1700/3125, Loss: 0.024320505559444427
Batch 1750/3125, Loss: 0.020833265036344528
Batch 1800/3125, Loss: 0.02187686786055565
Batch 1850/3125, Loss: 0.022091366350650787
Batch 1900/3125, Loss: 0.01710069365799427
Batch 1950/3125, Loss: 0.017242804169654846
Batch 2000/3125, Loss: 0.020849213004112244
Batch 2050/3125, Loss: 0.0163300558924675
Batch 2100/3125, Loss: 0.020722046494483948
Batch 2150/3125, Loss: 0.017471477389335632
Batch 2200/3125, Loss: 0.02240779995918274
Batch 2250/3125, Loss: 0.01619802601635456
Batch 2300/3125, Loss: 0.025099124759435654
Batch 2350/3125, Loss: 0.02183164656162262
Batch 2400/3125, Loss: 0.01687590777873993
Batch 2450/3125, Loss: 0.026011032983660698
Batch 2500/3125, Loss: 0.02315634861588478
Batch 2550/3125, Loss: 0.01995547115802765
Batch 2600/3125, Loss: 0.01658877357840538
Batch 2650/3125, Loss: 0.021874068304896355
Batch 2700/3125, Loss: 0.021746981889009476
Batch 2750/3125, Loss: 0.021418949589133263
Batch 2800/3125, Loss: 0.025775451213121414
Batch 2850/3125, Loss: 0.014438607729971409
Batch 2900/3125, Loss: 0.022147441282868385
Batch 2950/3125, Loss: 0.015945717692375183
Batch 3000/3125, Loss: 0.019083186984062195
Batch 3050/3125, Loss: 0.021046798676252365
Batch 3100/3125, Loss: 0.02305365353822708

Start of epoch 26
Batch 0/3125, Loss: 0.019771777093410492
Batch 50/3125, Loss: 0.029208414256572723
Batch 100/3125, Loss: 0.017079148441553116
Batch 150/3125, Loss: 0.016622260212898254
Batch 200/3125, Loss: 0.021755192428827286
Batch 250/3125, Loss: 0.022188972681760788
Batch 300/3125, Loss: 0.023048989474773407
Batch 350/3125, Loss: 0.020539123564958572
Batch 400/3125, Loss: 0.018597614020109177
Batch 450/3125, Loss: 0.016525616869330406
Batch 500/3125, Loss: 0.018331121653318405
Batch 550/3125, Loss: 0.021296603605151176
Batch 600/3125, Loss: 0.021879635751247406
Batch 650/3125, Loss: 0.019560478627681732
Batch 700/3125, Loss: 0.022111453115940094
Batch 750/3125, Loss: 0.022625286132097244
Batch 800/3125, Loss: 0.02067774347960949
Batch 850/3125, Loss: 0.018955452367663383
Batch 900/3125, Loss: 0.018534047529101372
Batch 950/3125, Loss: 0.016678202897310257
Batch 1000/3125, Loss: 0.02483239397406578
Batch 1050/3125, Loss: 0.021238910034298897
Batch 1100/3125, Loss: 0.023756183683872223
Batch 1150/3125, Loss: 0.016983430832624435
Batch 1200/3125, Loss: 0.014921004883944988
Batch 1250/3125, Loss: 0.02556133270263672
Batch 1300/3125, Loss: 0.017867594957351685
Batch 1350/3125, Loss: 0.023417992517352104
Batch 1400/3125, Loss: 0.017888527363538742
Batch 1450/3125, Loss: 0.021639827638864517
Batch 1500/3125, Loss: 0.023490754887461662
Batch 1550/3125, Loss: 0.018515227362513542
Batch 1600/3125, Loss: 0.022068781778216362
Batch 1650/3125, Loss: 0.026329146698117256
Batch 1700/3125, Loss: 0.023815719410777092
Batch 1750/3125, Loss: 0.022731659933924675
Batch 1800/3125, Loss: 0.02211032807826996
Batch 1850/3125, Loss: 0.0185650996863842
Batch 1900/3125, Loss: 0.018370773643255234
Batch 1950/3125, Loss: 0.01738031767308712
Batch 2000/3125, Loss: 0.022782012820243835
Batch 2050/3125, Loss: 0.017404593527317047
Batch 2100/3125, Loss: 0.023649506270885468
Batch 2150/3125, Loss: 0.022526675835251808
Batch 2200/3125, Loss: 0.019102703779935837
Batch 2250/3125, Loss: 0.019438447430729866
Batch 2300/3125, Loss: 0.02399546466767788
Batch 2350/3125, Loss: 0.02099517360329628
Batch 2400/3125, Loss: 0.021454837173223495
Batch 2450/3125, Loss: 0.0235950518399477
Batch 2500/3125, Loss: 0.02919754758477211
Batch 2550/3125, Loss: 0.02270735614001751
Batch 2600/3125, Loss: 0.02089095674455166
Batch 2650/3125, Loss: 0.017744071781635284
Batch 2700/3125, Loss: 0.02194070816040039
Batch 2750/3125, Loss: 0.0193084254860878
Batch 2800/3125, Loss: 0.019759979099035263
Batch 2850/3125, Loss: 0.02161407843232155
Batch 2900/3125, Loss: 0.01763957552611828
Batch 2950/3125, Loss: 0.01695004291832447
Batch 3000/3125, Loss: 0.014367515221238136
Batch 3050/3125, Loss: 0.02276129461824894
Batch 3100/3125, Loss: 0.020674705505371094

Start of epoch 27
Batch 0/3125, Loss: 0.021454155445098877
Batch 50/3125, Loss: 0.017724793404340744
Batch 100/3125, Loss: 0.022680429741740227
Batch 150/3125, Loss: 0.022588875144720078
Batch 200/3125, Loss: 0.0247820895165205
Batch 250/3125, Loss: 0.022897224873304367
Batch 300/3125, Loss: 0.021434739232063293
Batch 350/3125, Loss: 0.018436191603541374
Batch 400/3125, Loss: 0.021649518981575966
Batch 450/3125, Loss: 0.01693136990070343
Batch 500/3125, Loss: 0.017522145062685013
Batch 550/3125, Loss: 0.022571993991732597
Batch 600/3125, Loss: 0.022894836962223053
Batch 650/3125, Loss: 0.018740588799118996
Batch 700/3125, Loss: 0.02554428204894066
Batch 750/3125, Loss: 0.01918676309287548
Batch 800/3125, Loss: 0.026827888563275337
Batch 850/3125, Loss: 0.023798217996954918
Batch 900/3125, Loss: 0.021241791546344757
Batch 950/3125, Loss: 0.018931159749627113
Batch 1000/3125, Loss: 0.017513731494545937
Batch 1050/3125, Loss: 0.02241404727101326
Batch 1100/3125, Loss: 0.019224347546696663
Batch 1150/3125, Loss: 0.0186164490878582
Batch 1200/3125, Loss: 0.020873133093118668
Batch 1250/3125, Loss: 0.021030506119132042
Batch 1300/3125, Loss: 0.021205691620707512
Batch 1350/3125, Loss: 0.023908725008368492
Batch 1400/3125, Loss: 0.021726787090301514
Batch 1450/3125, Loss: 0.025966648012399673
Batch 1500/3125, Loss: 0.014468592591583729
Batch 1550/3125, Loss: 0.020906921476125717
Batch 1600/3125, Loss: 0.016344452276825905
Batch 1650/3125, Loss: 0.018506690859794617
Batch 1700/3125, Loss: 0.01875206269323826
Batch 1750/3125, Loss: 0.021401073783636093
Batch 1800/3125, Loss: 0.025180967524647713
Batch 1850/3125, Loss: 0.024803925305604935
Batch 1900/3125, Loss: 0.015393583104014397
Batch 1950/3125, Loss: 0.0220271497964859
Batch 2000/3125, Loss: 0.01972920633852482
Batch 2050/3125, Loss: 0.022238977253437042
Batch 2100/3125, Loss: 0.01797134429216385
Batch 2150/3125, Loss: 0.023480145260691643
Batch 2200/3125, Loss: 0.01792203076183796
Batch 2250/3125, Loss: 0.017788071185350418
Batch 2300/3125, Loss: 0.019619936123490334
Batch 2350/3125, Loss: 0.0149362962692976
Batch 2400/3125, Loss: 0.021508635953068733
Batch 2450/3125, Loss: 0.016283288598060608
Batch 2500/3125, Loss: 0.020735858008265495
Batch 2550/3125, Loss: 0.02419670857489109
Batch 2600/3125, Loss: 0.021809639409184456
Batch 2650/3125, Loss: 0.024111922830343246
Batch 2700/3125, Loss: 0.020623216405510902
Batch 2750/3125, Loss: 0.017894180491566658
Batch 2800/3125, Loss: 0.0177292600274086
Batch 2850/3125, Loss: 0.021349133923649788
Batch 2900/3125, Loss: 0.030088821426033974
Batch 2950/3125, Loss: 0.021316859871149063
Batch 3000/3125, Loss: 0.019210612401366234
Batch 3050/3125, Loss: 0.019888456910848618
Batch 3100/3125, Loss: 0.02357008494436741

Start of epoch 28
Batch 0/3125, Loss: 0.017601333558559418
Batch 50/3125, Loss: 0.023668278008699417
Batch 100/3125, Loss: 0.017983518540859222
Batch 150/3125, Loss: 0.022150767967104912
Batch 200/3125, Loss: 0.02456692047417164
Batch 250/3125, Loss: 0.018738245591521263
Batch 300/3125, Loss: 0.02173413150012493
Batch 350/3125, Loss: 0.023681072518229485
Batch 400/3125, Loss: 0.02152494713664055
Batch 450/3125, Loss: 0.025106556713581085
Batch 500/3125, Loss: 0.021926917135715485
Batch 550/3125, Loss: 0.01731446571648121
Batch 600/3125, Loss: 0.021077994257211685
Batch 650/3125, Loss: 0.018513863906264305
Batch 700/3125, Loss: 0.018481789156794548
Batch 750/3125, Loss: 0.018229346722364426
Batch 800/3125, Loss: 0.01880655065178871
Batch 850/3125, Loss: 0.018786251544952393
Batch 900/3125, Loss: 0.020625442266464233
Batch 950/3125, Loss: 0.022607581689953804
Batch 1000/3125, Loss: 0.011681372299790382
Batch 1050/3125, Loss: 0.02583480067551136
Batch 1100/3125, Loss: 0.02454153075814247
Batch 1150/3125, Loss: 0.024180077016353607
Batch 1200/3125, Loss: 0.019698478281497955
Batch 1250/3125, Loss: 0.02057443931698799
Batch 1300/3125, Loss: 0.015206616371870041
Batch 1350/3125, Loss: 0.02302408777177334
Batch 1400/3125, Loss: 0.016669197008013725
Batch 1450/3125, Loss: 0.01824207976460457
Batch 1500/3125, Loss: 0.021737832576036453
Batch 1550/3125, Loss: 0.02166118659079075
Batch 1600/3125, Loss: 0.018743526190519333
Batch 1650/3125, Loss: 0.022563476115465164
Batch 1700/3125, Loss: 0.02118106558918953
Batch 1750/3125, Loss: 0.018771128728985786
Batch 1800/3125, Loss: 0.016763580963015556
Batch 1850/3125, Loss: 0.017538664862513542
Batch 1900/3125, Loss: 0.029934203252196312
Batch 1950/3125, Loss: 0.025502439588308334
Batch 2000/3125, Loss: 0.0179176926612854
Batch 2050/3125, Loss: 0.028414905071258545
Batch 2100/3125, Loss: 0.01608075574040413
Batch 2150/3125, Loss: 0.016943221911787987
Batch 2200/3125, Loss: 0.017442520707845688
Batch 2250/3125, Loss: 0.019566267728805542
Batch 2300/3125, Loss: 0.015428468585014343
Batch 2350/3125, Loss: 0.018273811787366867
Batch 2400/3125, Loss: 0.016406062990427017
Batch 2450/3125, Loss: 0.02472054399549961
Batch 2500/3125, Loss: 0.020853474736213684
Batch 2550/3125, Loss: 0.018275707960128784
Batch 2600/3125, Loss: 0.021781928837299347
Batch 2650/3125, Loss: 0.026480110362172127
Batch 2700/3125, Loss: 0.013007227331399918
Batch 2750/3125, Loss: 0.022433022037148476
Batch 2800/3125, Loss: 0.02355530858039856
Batch 2850/3125, Loss: 0.017490223050117493
Batch 2900/3125, Loss: 0.01964190974831581
Batch 2950/3125, Loss: 0.01746414788067341
Batch 3000/3125, Loss: 0.023019468411803246
Batch 3050/3125, Loss: 0.020278455689549446
Batch 3100/3125, Loss: 0.02278098650276661

Start of epoch 29
Batch 0/3125, Loss: 0.018445806577801704
Batch 50/3125, Loss: 0.020435409620404243
Batch 100/3125, Loss: 0.02103840932250023
Batch 150/3125, Loss: 0.014871088787913322
Batch 200/3125, Loss: 0.022005945444107056
Batch 250/3125, Loss: 0.02226334437727928
Batch 300/3125, Loss: 0.01972023770213127
Batch 350/3125, Loss: 0.019276084378361702
Batch 400/3125, Loss: 0.02019481733441353
Batch 450/3125, Loss: 0.023088129237294197
Batch 500/3125, Loss: 0.018842197954654694
Batch 550/3125, Loss: 0.018780957907438278
Batch 600/3125, Loss: 0.014653312042355537
Batch 650/3125, Loss: 0.01848176121711731
Batch 700/3125, Loss: 0.024268943816423416
Batch 750/3125, Loss: 0.017113517969846725
Batch 800/3125, Loss: 0.020070860162377357
Batch 850/3125, Loss: 0.021700892597436905
Batch 900/3125, Loss: 0.02188320830464363
Batch 950/3125, Loss: 0.0187180507928133
Batch 1000/3125, Loss: 0.016469990834593773
Batch 1050/3125, Loss: 0.01738359034061432
Batch 1100/3125, Loss: 0.016686180606484413
Batch 1150/3125, Loss: 0.022301705554127693
Batch 1200/3125, Loss: 0.01820310764014721
Batch 1250/3125, Loss: 0.025806434452533722
Batch 1300/3125, Loss: 0.01816621422767639
Batch 1350/3125, Loss: 0.017873069271445274
Batch 1400/3125, Loss: 0.01756490021944046
Batch 1450/3125, Loss: 0.022046077996492386
Batch 1500/3125, Loss: 0.02169903740286827
Batch 1550/3125, Loss: 0.01162097230553627
Batch 1600/3125, Loss: 0.016676660627126694
Batch 1650/3125, Loss: 0.022742195054888725
Batch 1700/3125, Loss: 0.018425002694129944
Batch 1750/3125, Loss: 0.02242160402238369
Batch 1800/3125, Loss: 0.02204635739326477
Batch 1850/3125, Loss: 0.01801631972193718
Batch 1900/3125, Loss: 0.0160523671656847
Batch 1950/3125, Loss: 0.01907074637711048
Batch 2000/3125, Loss: 0.027775539085268974
Batch 2050/3125, Loss: 0.018939314410090446
Batch 2100/3125, Loss: 0.021507589146494865
Batch 2150/3125, Loss: 0.02047894522547722
Batch 2200/3125, Loss: 0.020099889487028122
Batch 2250/3125, Loss: 0.01784171350300312
Batch 2300/3125, Loss: 0.014299443922936916
Batch 2350/3125, Loss: 0.01906641386449337
Batch 2400/3125, Loss: 0.018514683470129967
Batch 2450/3125, Loss: 0.018354106694459915
Batch 2500/3125, Loss: 0.019026298075914383
Batch 2550/3125, Loss: 0.021052950993180275
Batch 2600/3125, Loss: 0.022993888705968857
Batch 2650/3125, Loss: 0.014421164058148861
Batch 2700/3125, Loss: 0.024703841656446457
Batch 2750/3125, Loss: 0.026858234778046608
Batch 2800/3125, Loss: 0.02585788443684578
Batch 2850/3125, Loss: 0.013282752595841885
Batch 2900/3125, Loss: 0.020665306597948074
Batch 2950/3125, Loss: 0.019122706726193428
Batch 3000/3125, Loss: 0.017677603289484978
Batch 3050/3125, Loss: 0.016380243003368378
Batch 3100/3125, Loss: 0.018264083191752434

Start of epoch 30
Batch 0/3125, Loss: 0.014779241755604744
Batch 50/3125, Loss: 0.01763811893761158
Batch 100/3125, Loss: 0.016382183879613876
Batch 150/3125, Loss: 0.01924198865890503
Batch 200/3125, Loss: 0.02010841853916645
Batch 250/3125, Loss: 0.02277001179754734
Batch 300/3125, Loss: 0.02115805260837078
Batch 350/3125, Loss: 0.016908055171370506
Batch 400/3125, Loss: 0.01825794018805027
Batch 450/3125, Loss: 0.018057046458125114
Batch 500/3125, Loss: 0.018621033057570457
Batch 550/3125, Loss: 0.01776382513344288
Batch 600/3125, Loss: 0.01862369291484356
Batch 650/3125, Loss: 0.02446969412267208
Batch 700/3125, Loss: 0.02549348771572113
Batch 750/3125, Loss: 0.018369780853390694
Batch 800/3125, Loss: 0.019461875781416893
Batch 850/3125, Loss: 0.024736084043979645
Batch 900/3125, Loss: 0.019744303077459335
Batch 950/3125, Loss: 0.0205721203237772
Batch 1000/3125, Loss: 0.023299459367990494
Batch 1050/3125, Loss: 0.019467348232865334
Batch 1100/3125, Loss: 0.014955486170947552
Batch 1150/3125, Loss: 0.02400961145758629
Batch 1200/3125, Loss: 0.02000007964670658
Batch 1250/3125, Loss: 0.018317710608243942
Batch 1300/3125, Loss: 0.017154807224869728
Batch 1350/3125, Loss: 0.019091995432972908
Batch 1400/3125, Loss: 0.02115744538605213
Batch 1450/3125, Loss: 0.019641932100057602
Batch 1500/3125, Loss: 0.01690002903342247
Batch 1550/3125, Loss: 0.020790603011846542
Batch 1600/3125, Loss: 0.022202270105481148
Batch 1650/3125, Loss: 0.015502724796533585
Batch 1700/3125, Loss: 0.02469131536781788
Batch 1750/3125, Loss: 0.02133219689130783
Batch 1800/3125, Loss: 0.019001495093107224
Batch 1850/3125, Loss: 0.021458862349390984
Batch 1900/3125, Loss: 0.020086830481886864
Batch 1950/3125, Loss: 0.02231563627719879
Batch 2000/3125, Loss: 0.02049187943339348
Batch 2050/3125, Loss: 0.02548784203827381
Batch 2100/3125, Loss: 0.019422009587287903
Batch 2150/3125, Loss: 0.01836959458887577
Batch 2200/3125, Loss: 0.02355329506099224
Batch 2250/3125, Loss: 0.015091369859874249
Batch 2300/3125, Loss: 0.018265537917613983
Batch 2350/3125, Loss: 0.02060636878013611
Batch 2400/3125, Loss: 0.0178707055747509
Batch 2450/3125, Loss: 0.024110084399580956
Batch 2500/3125, Loss: 0.027400854974985123
Batch 2550/3125, Loss: 0.016039947047829628
Batch 2600/3125, Loss: 0.021110806614160538
Batch 2650/3125, Loss: 0.018665103241801262
Batch 2700/3125, Loss: 0.019385693594813347
Batch 2750/3125, Loss: 0.020483538508415222
Batch 2800/3125, Loss: 0.020547714084386826
Batch 2850/3125, Loss: 0.01440897025167942
Batch 2900/3125, Loss: 0.02432645484805107
Batch 2950/3125, Loss: 0.02474094182252884
Batch 3000/3125, Loss: 0.021114284172654152
Batch 3050/3125, Loss: 0.02173382043838501
Batch 3100/3125, Loss: 0.019975800067186356

Start of epoch 31
Batch 0/3125, Loss: 0.020902229472994804
Batch 50/3125, Loss: 0.018654564395546913
Batch 100/3125, Loss: 0.01831364445388317
Batch 150/3125, Loss: 0.020766455680131912
Batch 200/3125, Loss: 0.024301286786794662
Batch 250/3125, Loss: 0.017327122390270233
Batch 300/3125, Loss: 0.023267783224582672
Batch 350/3125, Loss: 0.015795886516571045
Batch 400/3125, Loss: 0.022090664133429527
Batch 450/3125, Loss: 0.025410590693354607
Batch 500/3125, Loss: 0.022705528885126114
Batch 550/3125, Loss: 0.020308788865804672
Batch 600/3125, Loss: 0.020727017894387245
Batch 650/3125, Loss: 0.024567563086748123
Batch 700/3125, Loss: 0.02606368623673916
Batch 750/3125, Loss: 0.02470390871167183
Batch 800/3125, Loss: 0.01907525397837162
Batch 850/3125, Loss: 0.02030901610851288
Batch 900/3125, Loss: 0.01599372737109661
Batch 950/3125, Loss: 0.01766488328576088
Batch 1000/3125, Loss: 0.01761961355805397
Batch 1050/3125, Loss: 0.016994113102555275
Batch 1100/3125, Loss: 0.0177334975451231
Batch 1150/3125, Loss: 0.021450115367770195
Batch 1200/3125, Loss: 0.017727578058838844
Batch 1250/3125, Loss: 0.024744652211666107
Batch 1300/3125, Loss: 0.025376414880156517
Batch 1350/3125, Loss: 0.025408973917365074
Batch 1400/3125, Loss: 0.03128792718052864
Batch 1450/3125, Loss: 0.017343077808618546
Batch 1500/3125, Loss: 0.01502612791955471
Batch 1550/3125, Loss: 0.019365418702363968
Batch 1600/3125, Loss: 0.018588192760944366
Batch 1650/3125, Loss: 0.02239716425538063
Batch 1700/3125, Loss: 0.019175343215465546
Batch 1750/3125, Loss: 0.02110416255891323
Batch 1800/3125, Loss: 0.026310203596949577
Batch 1850/3125, Loss: 0.017371274530887604
Batch 1900/3125, Loss: 0.015923256054520607
Batch 1950/3125, Loss: 0.019934989511966705
Batch 2000/3125, Loss: 0.019423045217990875
Batch 2050/3125, Loss: 0.0182180218398571
Batch 2100/3125, Loss: 0.019397186115384102
Batch 2150/3125, Loss: 0.01809033192694187
Batch 2200/3125, Loss: 0.0159451887011528
Batch 2250/3125, Loss: 0.016678843647241592
Batch 2300/3125, Loss: 0.016839634627103806
Batch 2350/3125, Loss: 0.016138343140482903
Batch 2400/3125, Loss: 0.02164144068956375
Batch 2450/3125, Loss: 0.01944449171423912
Batch 2500/3125, Loss: 0.022729823365807533
Batch 2550/3125, Loss: 0.018251750618219376
Batch 2600/3125, Loss: 0.017427241429686546
Batch 2650/3125, Loss: 0.01888110861182213
Batch 2700/3125, Loss: 0.019447971135377884
Batch 2750/3125, Loss: 0.019289530813694
Batch 2800/3125, Loss: 0.015160026960074902
Batch 2850/3125, Loss: 0.018449127674102783
Batch 2900/3125, Loss: 0.016915835440158844
Batch 2950/3125, Loss: 0.02128097601234913
Batch 3000/3125, Loss: 0.020692236721515656
Batch 3050/3125, Loss: 0.018946155905723572
Batch 3100/3125, Loss: 0.01940678060054779

Start of epoch 32
Batch 0/3125, Loss: 0.020548401400446892
Batch 50/3125, Loss: 0.026308022439479828
Batch 100/3125, Loss: 0.021825917065143585
Batch 150/3125, Loss: 0.02563231997191906
Batch 200/3125, Loss: 0.02161092683672905
Batch 250/3125, Loss: 0.019469883292913437
Batch 300/3125, Loss: 0.028542248532176018
Batch 350/3125, Loss: 0.021450260654091835
Batch 400/3125, Loss: 0.020090702921152115
Batch 450/3125, Loss: 0.02004164829850197
Batch 500/3125, Loss: 0.018135637044906616
Batch 550/3125, Loss: 0.017321133986115456
Batch 600/3125, Loss: 0.019481541588902473
Batch 650/3125, Loss: 0.016226761043071747
Batch 700/3125, Loss: 0.02246115915477276
Batch 750/3125, Loss: 0.017721232026815414
Batch 800/3125, Loss: 0.018464237451553345
Batch 850/3125, Loss: 0.01422039046883583
Batch 900/3125, Loss: 0.01829672046005726
Batch 950/3125, Loss: 0.013865407556295395
Batch 1000/3125, Loss: 0.020714065060019493
Batch 1050/3125, Loss: 0.019130699336528778
Batch 1100/3125, Loss: 0.01703156717121601
Batch 1150/3125, Loss: 0.022085899487137794
Batch 1200/3125, Loss: 0.025461984798312187
Batch 1250/3125, Loss: 0.01524278149008751
Batch 1300/3125, Loss: 0.017931891605257988
Batch 1350/3125, Loss: 0.015933949500322342
Batch 1400/3125, Loss: 0.02015979029238224
Batch 1450/3125, Loss: 0.025537502020597458
Batch 1500/3125, Loss: 0.021821213886141777
Batch 1550/3125, Loss: 0.015130016952753067
Batch 1600/3125, Loss: 0.015642913058400154
Batch 1650/3125, Loss: 0.01728932186961174
Batch 1700/3125, Loss: 0.01602454110980034
Batch 1750/3125, Loss: 0.01870673894882202
Batch 1800/3125, Loss: 0.02319205552339554
Batch 1850/3125, Loss: 0.02112220600247383
Batch 1900/3125, Loss: 0.013246793299913406
Batch 1950/3125, Loss: 0.019985152408480644
Batch 2000/3125, Loss: 0.02254599705338478
Batch 2050/3125, Loss: 0.018344098702073097
Batch 2100/3125, Loss: 0.02074703574180603
Batch 2150/3125, Loss: 0.024443328380584717
Batch 2200/3125, Loss: 0.02688790112733841
Batch 2250/3125, Loss: 0.024137459695339203
Batch 2300/3125, Loss: 0.0200517401099205
Batch 2350/3125, Loss: 0.024161936715245247
Batch 2400/3125, Loss: 0.020735619589686394
Batch 2450/3125, Loss: 0.020115699619054794
Batch 2500/3125, Loss: 0.018441280350089073
Batch 2550/3125, Loss: 0.018996503204107285
Batch 2600/3125, Loss: 0.019591113552451134
Batch 2650/3125, Loss: 0.022882727906107903
Batch 2700/3125, Loss: 0.0161154642701149
Batch 2750/3125, Loss: 0.01482764445245266
Batch 2800/3125, Loss: 0.02326708473265171
Batch 2850/3125, Loss: 0.019488239660859108
Batch 2900/3125, Loss: 0.020554620772600174
Batch 2950/3125, Loss: 0.019770702347159386
Batch 3000/3125, Loss: 0.02314922958612442
Batch 3050/3125, Loss: 0.016293318942189217
Batch 3100/3125, Loss: 0.022654253989458084

Start of epoch 33
Batch 0/3125, Loss: 0.02299436926841736
Batch 50/3125, Loss: 0.02260967716574669
Batch 100/3125, Loss: 0.018625201657414436
Batch 150/3125, Loss: 0.02360307238996029
Batch 200/3125, Loss: 0.018784012645483017
Batch 250/3125, Loss: 0.017454983666539192
Batch 300/3125, Loss: 0.016371801495552063
Batch 350/3125, Loss: 0.017921753227710724
Batch 400/3125, Loss: 0.025334857404232025
Batch 450/3125, Loss: 0.023013034835457802
Batch 500/3125, Loss: 0.01833166740834713
Batch 550/3125, Loss: 0.020464228466153145
Batch 600/3125, Loss: 0.017604611814022064
Batch 650/3125, Loss: 0.01573549397289753
Batch 700/3125, Loss: 0.017275938764214516
Batch 750/3125, Loss: 0.018381858244538307
Batch 800/3125, Loss: 0.02061636932194233
Batch 850/3125, Loss: 0.020305965095758438
Batch 900/3125, Loss: 0.019460299983620644
Batch 950/3125, Loss: 0.016774268820881844
Batch 1000/3125, Loss: 0.01814522221684456
Batch 1050/3125, Loss: 0.025426890701055527
Batch 1100/3125, Loss: 0.014835563488304615
Batch 1150/3125, Loss: 0.017178375273942947
Batch 1200/3125, Loss: 0.02186889387667179
Batch 1250/3125, Loss: 0.017388340085744858
Batch 1300/3125, Loss: 0.01929054968059063
Batch 1350/3125, Loss: 0.019306659698486328
Batch 1400/3125, Loss: 0.02133767306804657
Batch 1450/3125, Loss: 0.017669731751084328
Batch 1500/3125, Loss: 0.02063353732228279
Batch 1550/3125, Loss: 0.01896839588880539
Batch 1600/3125, Loss: 0.021613284945487976
Batch 1650/3125, Loss: 0.017181871458888054
Batch 1700/3125, Loss: 0.022412369027733803
Batch 1750/3125, Loss: 0.01567840576171875
Batch 1800/3125, Loss: 0.019842101261019707
Batch 1850/3125, Loss: 0.025226661935448647
Batch 1900/3125, Loss: 0.020584698766469955
Batch 1950/3125, Loss: 0.013696589507162571
Batch 2000/3125, Loss: 0.01914249360561371
Batch 2050/3125, Loss: 0.014085108414292336
Batch 2100/3125, Loss: 0.02374228835105896
Batch 2150/3125, Loss: 0.024229342117905617
Batch 2200/3125, Loss: 0.017165562137961388
Batch 2250/3125, Loss: 0.013290565460920334
Batch 2300/3125, Loss: 0.0210419911891222
Batch 2350/3125, Loss: 0.016957169398665428
Batch 2400/3125, Loss: 0.021167872473597527
Batch 2450/3125, Loss: 0.01799350045621395
Batch 2500/3125, Loss: 0.01911751739680767
Batch 2550/3125, Loss: 0.017213920131325722
Batch 2600/3125, Loss: 0.019163910299539566
Batch 2650/3125, Loss: 0.01814754493534565
Batch 2700/3125, Loss: 0.016573792323470116
Batch 2750/3125, Loss: 0.016402073204517365
Batch 2800/3125, Loss: 0.027826867997646332
Batch 2850/3125, Loss: 0.019582977518439293
Batch 2900/3125, Loss: 0.023180102929472923
Batch 2950/3125, Loss: 0.018438491970300674
Batch 3000/3125, Loss: 0.022677017375826836
Batch 3050/3125, Loss: 0.01781272143125534
Batch 3100/3125, Loss: 0.012460603378713131

Start of epoch 34
Batch 0/3125, Loss: 0.016221214085817337
Batch 50/3125, Loss: 0.01664263941347599
Batch 100/3125, Loss: 0.01576087437570095
Batch 150/3125, Loss: 0.017436839640140533
Batch 200/3125, Loss: 0.020213663578033447
Batch 250/3125, Loss: 0.02019347995519638
Batch 300/3125, Loss: 0.019508155062794685
Batch 350/3125, Loss: 0.021266061812639236
Batch 400/3125, Loss: 0.019727656617760658
Batch 450/3125, Loss: 0.01875552348792553
Batch 500/3125, Loss: 0.019876418635249138
Batch 550/3125, Loss: 0.016721222549676895
Batch 600/3125, Loss: 0.016690406948328018
Batch 650/3125, Loss: 0.02090582251548767
Batch 700/3125, Loss: 0.02003464661538601
Batch 750/3125, Loss: 0.01928536966443062
Batch 800/3125, Loss: 0.024226920679211617
Batch 850/3125, Loss: 0.016461897641420364
Batch 900/3125, Loss: 0.021963415667414665
Batch 950/3125, Loss: 0.01741636171936989
Batch 1000/3125, Loss: 0.020825330168008804
Batch 1050/3125, Loss: 0.01695110648870468
Batch 1100/3125, Loss: 0.022196531295776367
Batch 1150/3125, Loss: 0.015133840031921864
Batch 1200/3125, Loss: 0.017564399167895317
Batch 1250/3125, Loss: 0.023204319179058075
Batch 1300/3125, Loss: 0.027311863377690315
Batch 1350/3125, Loss: 0.019198089838027954
Batch 1400/3125, Loss: 0.021888088434934616
Batch 1450/3125, Loss: 0.015582283027470112
Batch 1500/3125, Loss: 0.023717110976576805
Batch 1550/3125, Loss: 0.014586439356207848
Batch 1600/3125, Loss: 0.02339913137257099
Batch 1650/3125, Loss: 0.016625946387648582
Batch 1700/3125, Loss: 0.020856071263551712
Batch 1750/3125, Loss: 0.016069691628217697
Batch 1800/3125, Loss: 0.018056344240903854
Batch 1850/3125, Loss: 0.020575828850269318
Batch 1900/3125, Loss: 0.0172343198210001
Batch 1950/3125, Loss: 0.017557362094521523
Batch 2000/3125, Loss: 0.020398437976837158
Batch 2050/3125, Loss: 0.02031300775706768
Batch 2100/3125, Loss: 0.020706966519355774
Batch 2150/3125, Loss: 0.02352779544889927
Batch 2200/3125, Loss: 0.01733074150979519
Batch 2250/3125, Loss: 0.022560639306902885
Batch 2300/3125, Loss: 0.01867583394050598
Batch 2350/3125, Loss: 0.020719069987535477
Batch 2400/3125, Loss: 0.020345719531178474
Batch 2450/3125, Loss: 0.021331287920475006
Batch 2500/3125, Loss: 0.018504172563552856
Batch 2550/3125, Loss: 0.018649334087967873
Batch 2600/3125, Loss: 0.02290099672973156
Batch 2650/3125, Loss: 0.020317640155553818
Batch 2700/3125, Loss: 0.016695277765393257
Batch 2750/3125, Loss: 0.016515381634235382
Batch 2800/3125, Loss: 0.021555094048380852
Batch 2850/3125, Loss: 0.01649334281682968
Batch 2900/3125, Loss: 0.020308246836066246
Batch 2950/3125, Loss: 0.019430385902523994
Batch 3000/3125, Loss: 0.017243094742298126
Batch 3050/3125, Loss: 0.021749095991253853
Batch 3100/3125, Loss: 0.014925021678209305

Start of epoch 35
Batch 0/3125, Loss: 0.01888645999133587
Batch 50/3125, Loss: 0.017870208248496056
Batch 100/3125, Loss: 0.023824011906981468
Batch 150/3125, Loss: 0.02141517959535122
Batch 200/3125, Loss: 0.017354177311062813
Batch 250/3125, Loss: 0.019188998267054558
Batch 300/3125, Loss: 0.021586691960692406
Batch 350/3125, Loss: 0.017008045688271523
Batch 400/3125, Loss: 0.016297530382871628
Batch 450/3125, Loss: 0.018361367285251617
Batch 500/3125, Loss: 0.022985855117440224
Batch 550/3125, Loss: 0.019802220165729523
Batch 600/3125, Loss: 0.01921350322663784
Batch 650/3125, Loss: 0.018123656511306763
Batch 700/3125, Loss: 0.019476013258099556
Batch 750/3125, Loss: 0.021893711760640144
Batch 800/3125, Loss: 0.02338341996073723
Batch 850/3125, Loss: 0.018895523622632027
Batch 900/3125, Loss: 0.02512364834547043
Batch 950/3125, Loss: 0.018873311579227448
Batch 1000/3125, Loss: 0.01676182821393013
Batch 1050/3125, Loss: 0.01884695142507553
Batch 1100/3125, Loss: 0.013185597956180573
Batch 1150/3125, Loss: 0.031556386500597
Batch 1200/3125, Loss: 0.014814252033829689
Batch 1250/3125, Loss: 0.01603340171277523
Batch 1300/3125, Loss: 0.020026931539177895
Batch 1350/3125, Loss: 0.01876077614724636
Batch 1400/3125, Loss: 0.02439993992447853
Batch 1450/3125, Loss: 0.016731007024645805
Batch 1500/3125, Loss: 0.02074144035577774
Batch 1550/3125, Loss: 0.023071544244885445
Batch 1600/3125, Loss: 0.020696666091680527
Batch 1650/3125, Loss: 0.020356537774205208
Batch 1700/3125, Loss: 0.01903609000146389
Batch 1750/3125, Loss: 0.016592372208833694
Batch 1800/3125, Loss: 0.0146485585719347
Batch 1850/3125, Loss: 0.01930774748325348
Batch 1900/3125, Loss: 0.0179044920951128
Batch 1950/3125, Loss: 0.01888568140566349
Batch 2000/3125, Loss: 0.024909306317567825
Batch 2050/3125, Loss: 0.017358161509037018
Batch 2100/3125, Loss: 0.016329465433955193
Batch 2150/3125, Loss: 0.021250935271382332
Batch 2200/3125, Loss: 0.018936283886432648
Batch 2250/3125, Loss: 0.017679236829280853
Batch 2300/3125, Loss: 0.017726315185427666
Batch 2350/3125, Loss: 0.017704317346215248
Batch 2400/3125, Loss: 0.023239051923155785
Batch 2450/3125, Loss: 0.020671149715781212
Batch 2500/3125, Loss: 0.015356369316577911
Batch 2550/3125, Loss: 0.01900358311831951
Batch 2600/3125, Loss: 0.02024230547249317
Batch 2650/3125, Loss: 0.018607962876558304
Batch 2700/3125, Loss: 0.020037874579429626
Batch 2750/3125, Loss: 0.017193973064422607
Batch 2800/3125, Loss: 0.020636368542909622
Batch 2850/3125, Loss: 0.021678907796740532
Batch 2900/3125, Loss: 0.017954232171177864
Batch 2950/3125, Loss: 0.02208557166159153
Batch 3000/3125, Loss: 0.01909816823899746
Batch 3050/3125, Loss: 0.02623227797448635
Batch 3100/3125, Loss: 0.01711689494550228

Start of epoch 36
Batch 0/3125, Loss: 0.01639745384454727
Batch 50/3125, Loss: 0.018509874120354652
Batch 100/3125, Loss: 0.017832759767770767
Batch 150/3125, Loss: 0.01610635407269001
Batch 200/3125, Loss: 0.03195548802614212
Batch 250/3125, Loss: 0.02131456509232521
Batch 300/3125, Loss: 0.016848931089043617
Batch 350/3125, Loss: 0.01599922403693199
Batch 400/3125, Loss: 0.02111249603331089
Batch 450/3125, Loss: 0.016413841396570206
Batch 500/3125, Loss: 0.017724310979247093
Batch 550/3125, Loss: 0.019915886223316193
Batch 600/3125, Loss: 0.0203924048691988
Batch 650/3125, Loss: 0.016442464664578438
Batch 700/3125, Loss: 0.01691746525466442
Batch 750/3125, Loss: 0.02518727071583271
Batch 800/3125, Loss: 0.01696990244090557
Batch 850/3125, Loss: 0.01615562103688717
Batch 900/3125, Loss: 0.01579933613538742
Batch 950/3125, Loss: 0.018338100984692574
Batch 1000/3125, Loss: 0.02071428671479225
Batch 1050/3125, Loss: 0.014401111751794815
Batch 1100/3125, Loss: 0.015439340844750404
Batch 1150/3125, Loss: 0.023957503959536552
Batch 1200/3125, Loss: 0.019871829077601433
Batch 1250/3125, Loss: 0.02283584140241146
Batch 1300/3125, Loss: 0.020846160128712654
Batch 1350/3125, Loss: 0.020065870136022568
Batch 1400/3125, Loss: 0.01799461618065834
Batch 1450/3125, Loss: 0.019848303869366646
Batch 1500/3125, Loss: 0.01737869717180729
Batch 1550/3125, Loss: 0.0177924707531929
Batch 1600/3125, Loss: 0.019468996673822403
Batch 1650/3125, Loss: 0.019224969670176506
Batch 1700/3125, Loss: 0.018983803689479828
Batch 1750/3125, Loss: 0.019457753747701645
Batch 1800/3125, Loss: 0.01633932627737522
Batch 1850/3125, Loss: 0.025635795667767525
Batch 1900/3125, Loss: 0.021316226571798325
Batch 1950/3125, Loss: 0.01586782932281494
Batch 2000/3125, Loss: 0.025318676605820656
Batch 2050/3125, Loss: 0.01675378903746605
Batch 2100/3125, Loss: 0.01858162321150303
Batch 2150/3125, Loss: 0.019006272777915
Batch 2200/3125, Loss: 0.014178771525621414
Batch 2250/3125, Loss: 0.01852809451520443
Batch 2300/3125, Loss: 0.020180949941277504
Batch 2350/3125, Loss: 0.024400485679507256
Batch 2400/3125, Loss: 0.015961963683366776
Batch 2450/3125, Loss: 0.016831105574965477
Batch 2500/3125, Loss: 0.01851802133023739
Batch 2550/3125, Loss: 0.019340023398399353
Batch 2600/3125, Loss: 0.017926199361681938
Batch 2650/3125, Loss: 0.019231533631682396
Batch 2700/3125, Loss: 0.01715792529284954
Batch 2750/3125, Loss: 0.019378764554858208
Batch 2800/3125, Loss: 0.02026401087641716
Batch 2850/3125, Loss: 0.014832401648163795
Batch 2900/3125, Loss: 0.015791064128279686
Batch 2950/3125, Loss: 0.021897712722420692
Batch 3000/3125, Loss: 0.02340792864561081
Batch 3050/3125, Loss: 0.02091754600405693
Batch 3100/3125, Loss: 0.018153460696339607

Start of epoch 37
Batch 0/3125, Loss: 0.016554420813918114
Batch 50/3125, Loss: 0.014708533883094788
Batch 100/3125, Loss: 0.017351696267724037
Batch 150/3125, Loss: 0.019788529723882675
Batch 200/3125, Loss: 0.02097199857234955
Batch 250/3125, Loss: 0.023513244464993477
Batch 300/3125, Loss: 0.020536597818136215
Batch 350/3125, Loss: 0.02252601832151413
Batch 400/3125, Loss: 0.017955254763364792
Batch 450/3125, Loss: 0.019933346658945084
Batch 500/3125, Loss: 0.018920259550213814
Batch 550/3125, Loss: 0.021313685923814774
Batch 600/3125, Loss: 0.023233477026224136
Batch 650/3125, Loss: 0.015562687069177628
Batch 700/3125, Loss: 0.016209103167057037
Batch 750/3125, Loss: 0.014150959439575672
Batch 800/3125, Loss: 0.019378291442990303
Batch 850/3125, Loss: 0.02150595933198929
Batch 900/3125, Loss: 0.01657710038125515
Batch 950/3125, Loss: 0.013095206581056118
Batch 1000/3125, Loss: 0.0166984423995018
Batch 1050/3125, Loss: 0.018815094605088234
Batch 1100/3125, Loss: 0.013908511959016323
Batch 1150/3125, Loss: 0.01465805433690548
Batch 1200/3125, Loss: 0.016802217811346054
Batch 1250/3125, Loss: 0.01728871464729309
Batch 1300/3125, Loss: 0.015728812664747238
Batch 1350/3125, Loss: 0.024867158383131027
Batch 1400/3125, Loss: 0.017600396648049355
Batch 1450/3125, Loss: 0.018249163404107094
Batch 1500/3125, Loss: 0.017926044762134552
Batch 1550/3125, Loss: 0.013085933402180672
Batch 1600/3125, Loss: 0.019984859973192215
Batch 1650/3125, Loss: 0.01882394775748253
Batch 1700/3125, Loss: 0.015394062735140324
Batch 1750/3125, Loss: 0.020717481151223183
Batch 1800/3125, Loss: 0.01744026690721512
Batch 1850/3125, Loss: 0.02267485484480858
Batch 1900/3125, Loss: 0.020763631910085678
Batch 1950/3125, Loss: 0.01812717504799366
Batch 2000/3125, Loss: 0.020200008526444435
Batch 2050/3125, Loss: 0.01360505260527134
Batch 2100/3125, Loss: 0.015861250460147858
Batch 2150/3125, Loss: 0.015409068204462528
Batch 2200/3125, Loss: 0.018025590106844902
Batch 2250/3125, Loss: 0.020610354840755463
Batch 2300/3125, Loss: 0.021707385778427124
Batch 2350/3125, Loss: 0.02180732972919941
Batch 2400/3125, Loss: 0.024445844814181328
Batch 2450/3125, Loss: 0.017213912680745125
Batch 2500/3125, Loss: 0.022302795201539993
Batch 2550/3125, Loss: 0.019101712852716446
Batch 2600/3125, Loss: 0.01903090626001358
Batch 2650/3125, Loss: 0.01791245862841606
Batch 2700/3125, Loss: 0.02435019612312317
Batch 2750/3125, Loss: 0.01602719910442829
Batch 2800/3125, Loss: 0.01598176173865795
Batch 2850/3125, Loss: 0.023317497223615646
Batch 2900/3125, Loss: 0.021118365228176117
Batch 2950/3125, Loss: 0.01232735626399517
Batch 3000/3125, Loss: 0.016957378014922142
Batch 3050/3125, Loss: 0.015266235917806625
Batch 3100/3125, Loss: 0.01932637393474579

Start of epoch 38
Batch 0/3125, Loss: 0.02061454765498638
Batch 50/3125, Loss: 0.026176542043685913
Batch 100/3125, Loss: 0.01680266484618187
Batch 150/3125, Loss: 0.02102229930460453
Batch 200/3125, Loss: 0.020198378711938858
Batch 250/3125, Loss: 0.022485340014100075
Batch 300/3125, Loss: 0.02084888517856598
Batch 350/3125, Loss: 0.018794506788253784
Batch 400/3125, Loss: 0.019085658714175224
Batch 450/3125, Loss: 0.021706566214561462
Batch 500/3125, Loss: 0.015680162236094475
Batch 550/3125, Loss: 0.017887182533740997
Batch 600/3125, Loss: 0.018871761858463287
Batch 650/3125, Loss: 0.0207936130464077
Batch 700/3125, Loss: 0.027083490043878555
Batch 750/3125, Loss: 0.020465107634663582
Batch 800/3125, Loss: 0.019229333847761154
Batch 850/3125, Loss: 0.01729680225253105
Batch 900/3125, Loss: 0.015565338544547558
Batch 950/3125, Loss: 0.017972785979509354
Batch 1000/3125, Loss: 0.023244624957442284
Batch 1050/3125, Loss: 0.01686456985771656
Batch 1100/3125, Loss: 0.015457779169082642
Batch 1150/3125, Loss: 0.019302107393741608
Batch 1200/3125, Loss: 0.018872343003749847
Batch 1250/3125, Loss: 0.018189914524555206
Batch 1300/3125, Loss: 0.023222899064421654
Batch 1350/3125, Loss: 0.0182796698063612
Batch 1400/3125, Loss: 0.017792342230677605
Batch 1450/3125, Loss: 0.019092144444584846
Batch 1500/3125, Loss: 0.015103998593986034
Batch 1550/3125, Loss: 0.01876041665673256
Batch 1600/3125, Loss: 0.014043562114238739
Batch 1650/3125, Loss: 0.01980649121105671
Batch 1700/3125, Loss: 0.023937473073601723
Batch 1750/3125, Loss: 0.01825333572924137
Batch 1800/3125, Loss: 0.022869542241096497
Batch 1850/3125, Loss: 0.017350880429148674
Batch 1900/3125, Loss: 0.02094067446887493
Batch 1950/3125, Loss: 0.016574637964367867
Batch 2000/3125, Loss: 0.017226971685886383
Batch 2050/3125, Loss: 0.018499210476875305
Batch 2100/3125, Loss: 0.01731242798268795
Batch 2150/3125, Loss: 0.01981525309383869
Batch 2200/3125, Loss: 0.01698368974030018
Batch 2250/3125, Loss: 0.017396269366145134
Batch 2300/3125, Loss: 0.021176055073738098
Batch 2350/3125, Loss: 0.017091162502765656
Batch 2400/3125, Loss: 0.018922599032521248
Batch 2450/3125, Loss: 0.02527880109846592
Batch 2500/3125, Loss: 0.017374496906995773
Batch 2550/3125, Loss: 0.020516233518719673
Batch 2600/3125, Loss: 0.018027815967798233
Batch 2650/3125, Loss: 0.020232364535331726
Batch 2700/3125, Loss: 0.016553835943341255
Batch 2750/3125, Loss: 0.020846351981163025
Batch 2800/3125, Loss: 0.019184205681085587
Batch 2850/3125, Loss: 0.013937950134277344
Batch 2900/3125, Loss: 0.022678464651107788
Batch 2950/3125, Loss: 0.016462719067931175
Batch 3000/3125, Loss: 0.02159966714680195
Batch 3050/3125, Loss: 0.01641174405813217
Batch 3100/3125, Loss: 0.013295152224600315

Start of epoch 39
Batch 0/3125, Loss: 0.01984141208231449
Batch 50/3125, Loss: 0.019208671525120735
Batch 100/3125, Loss: 0.02284228429198265
Batch 150/3125, Loss: 0.018559761345386505
Batch 200/3125, Loss: 0.01619170419871807
Batch 250/3125, Loss: 0.02097606100142002
Batch 300/3125, Loss: 0.017193550243973732
Batch 350/3125, Loss: 0.017819669097661972
Batch 400/3125, Loss: 0.0290097463876009
Batch 450/3125, Loss: 0.015918459743261337
Batch 500/3125, Loss: 0.01940947398543358
Batch 550/3125, Loss: 0.01587485708296299
Batch 600/3125, Loss: 0.022075671702623367
Batch 650/3125, Loss: 0.014251076616346836
Batch 700/3125, Loss: 0.018825476989150047
Batch 750/3125, Loss: 0.017077062278985977
Batch 800/3125, Loss: 0.012795000337064266
Batch 850/3125, Loss: 0.024020453914999962
Batch 900/3125, Loss: 0.019067879766225815
Batch 950/3125, Loss: 0.017614474520087242
Batch 1000/3125, Loss: 0.024262595921754837
Batch 1050/3125, Loss: 0.0179799385368824
Batch 1100/3125, Loss: 0.02095264196395874
Batch 1150/3125, Loss: 0.015945205464959145
Batch 1200/3125, Loss: 0.014819684438407421
Batch 1250/3125, Loss: 0.01695101708173752
Batch 1300/3125, Loss: 0.0148974834010005
Batch 1350/3125, Loss: 0.019855601713061333
Batch 1400/3125, Loss: 0.020864155143499374
Batch 1450/3125, Loss: 0.026862679049372673
Batch 1500/3125, Loss: 0.015249399468302727
Batch 1550/3125, Loss: 0.01825641840696335
Batch 1600/3125, Loss: 0.01504768431186676
Batch 1650/3125, Loss: 0.020354798063635826
Batch 1700/3125, Loss: 0.018039274960756302
Batch 1750/3125, Loss: 0.021949267014861107
Batch 1800/3125, Loss: 0.014668411575257778
Batch 1850/3125, Loss: 0.02049374394118786
Batch 1900/3125, Loss: 0.018747080117464066
Batch 1950/3125, Loss: 0.01939508505165577
Batch 2000/3125, Loss: 0.02351340837776661
Batch 2050/3125, Loss: 0.01635335572063923
Batch 2100/3125, Loss: 0.025494979694485664
Batch 2150/3125, Loss: 0.017490386962890625
Batch 2200/3125, Loss: 0.017837990075349808
Batch 2250/3125, Loss: 0.012902811169624329
Batch 2300/3125, Loss: 0.024379581212997437
Batch 2350/3125, Loss: 0.022471101954579353
Batch 2400/3125, Loss: 0.01725056767463684
Batch 2450/3125, Loss: 0.01609596237540245
Batch 2500/3125, Loss: 0.017947178333997726
Batch 2550/3125, Loss: 0.020628107711672783
Batch 2600/3125, Loss: 0.02000691369175911
Batch 2650/3125, Loss: 0.01725371927022934
Batch 2700/3125, Loss: 0.011297352612018585
Batch 2750/3125, Loss: 0.021691465750336647
Batch 2800/3125, Loss: 0.01669151522219181
Batch 2850/3125, Loss: 0.02113977074623108
Batch 2900/3125, Loss: 0.01584991067647934
Batch 2950/3125, Loss: 0.014538939110934734
Batch 3000/3125, Loss: 0.018984660506248474
Batch 3050/3125, Loss: 0.02369673363864422
Batch 3100/3125, Loss: 0.018657907843589783

Start of epoch 40
Batch 0/3125, Loss: 0.01590929552912712
Batch 50/3125, Loss: 0.023095691576600075
Batch 100/3125, Loss: 0.015105638653039932
Batch 150/3125, Loss: 0.023932738229632378
Batch 200/3125, Loss: 0.02145571820437908
Batch 250/3125, Loss: 0.017284076660871506
Batch 300/3125, Loss: 0.020641954615712166
Batch 350/3125, Loss: 0.017474353313446045
Batch 400/3125, Loss: 0.021061168983578682
Batch 450/3125, Loss: 0.02687041088938713
Batch 500/3125, Loss: 0.018469758331775665
Batch 550/3125, Loss: 0.021266544237732887
Batch 600/3125, Loss: 0.01740005426108837
Batch 650/3125, Loss: 0.017221231013536453
Batch 700/3125, Loss: 0.020082954317331314
Batch 750/3125, Loss: 0.015347016975283623
Batch 800/3125, Loss: 0.020441284403204918
Batch 850/3125, Loss: 0.02137482911348343
Batch 900/3125, Loss: 0.022589586675167084
Batch 950/3125, Loss: 0.020316965878009796
Batch 1000/3125, Loss: 0.0202692449092865
Batch 1050/3125, Loss: 0.019624436274170876
Batch 1100/3125, Loss: 0.01514603104442358
Batch 1150/3125, Loss: 0.027364663779735565
Batch 1200/3125, Loss: 0.023733535781502724
Batch 1250/3125, Loss: 0.01886075548827648
Batch 1300/3125, Loss: 0.0193609781563282
Batch 1350/3125, Loss: 0.02079900912940502
Batch 1400/3125, Loss: 0.024158034473657608
Batch 1450/3125, Loss: 0.0250470582395792
Batch 1500/3125, Loss: 0.013507970608770847
Batch 1550/3125, Loss: 0.019923849031329155
Batch 1600/3125, Loss: 0.014335205778479576
Batch 1650/3125, Loss: 0.016183441504836082
Batch 1700/3125, Loss: 0.02120167948305607
Batch 1750/3125, Loss: 0.02033849060535431
Batch 1800/3125, Loss: 0.025388283655047417
Batch 1850/3125, Loss: 0.02352447807788849
Batch 1900/3125, Loss: 0.01861059106886387
Batch 1950/3125, Loss: 0.018639881163835526
Batch 2000/3125, Loss: 0.019761472940444946
Batch 2050/3125, Loss: 0.0211967620998621
Batch 2100/3125, Loss: 0.01644132286310196
Batch 2150/3125, Loss: 0.017446832731366158
Batch 2200/3125, Loss: 0.021692294627428055
Batch 2250/3125, Loss: 0.020326441153883934
Batch 2300/3125, Loss: 0.017022574320435524
Batch 2350/3125, Loss: 0.016601242125034332
Batch 2400/3125, Loss: 0.021854979917407036
Batch 2450/3125, Loss: 0.023674272000789642
Batch 2500/3125, Loss: 0.014185064472258091
Batch 2550/3125, Loss: 0.015592478215694427
Batch 2600/3125, Loss: 0.021502600982785225
Batch 2650/3125, Loss: 0.02110813744366169
Batch 2700/3125, Loss: 0.02030838653445244
Batch 2750/3125, Loss: 0.01474839635193348
Batch 2800/3125, Loss: 0.025113876909017563
Batch 2850/3125, Loss: 0.018917085602879524
Batch 2900/3125, Loss: 0.02532241865992546
Batch 2950/3125, Loss: 0.019580189138650894
Batch 3000/3125, Loss: 0.01763051375746727
Batch 3050/3125, Loss: 0.016043007373809814
Batch 3100/3125, Loss: 0.022179530933499336

Start of epoch 41
Batch 0/3125, Loss: 0.016605261713266373
Batch 50/3125, Loss: 0.01486508920788765
Batch 100/3125, Loss: 0.018849238753318787
Batch 150/3125, Loss: 0.01907709240913391
Batch 200/3125, Loss: 0.020292773842811584
Batch 250/3125, Loss: 0.017675094306468964
Batch 300/3125, Loss: 0.021120768040418625
Batch 350/3125, Loss: 0.018606366589665413
Batch 400/3125, Loss: 0.016326017677783966
Batch 450/3125, Loss: 0.01690330170094967
Batch 500/3125, Loss: 0.016443779692053795
Batch 550/3125, Loss: 0.021074170246720314
Batch 600/3125, Loss: 0.017524806782603264
Batch 650/3125, Loss: 0.015121030621230602
Batch 700/3125, Loss: 0.017602168023586273
Batch 750/3125, Loss: 0.014548513107001781
Batch 800/3125, Loss: 0.013844585977494717
Batch 850/3125, Loss: 0.01736559346318245
Batch 900/3125, Loss: 0.021549873054027557
Batch 950/3125, Loss: 0.013514147140085697
Batch 1000/3125, Loss: 0.0224300567060709
Batch 1050/3125, Loss: 0.017135605216026306
Batch 1100/3125, Loss: 0.020414847880601883
Batch 1150/3125, Loss: 0.019169628620147705
Batch 1200/3125, Loss: 0.019940292462706566
Batch 1250/3125, Loss: 0.017301971092820168
Batch 1300/3125, Loss: 0.016316955909132957
Batch 1350/3125, Loss: 0.01907859928905964
Batch 1400/3125, Loss: 0.016525648534297943
Batch 1450/3125, Loss: 0.023604147136211395
Batch 1500/3125, Loss: 0.017187824472784996
Batch 1550/3125, Loss: 0.01854471117258072
Batch 1600/3125, Loss: 0.019637824967503548
Batch 1650/3125, Loss: 0.018173636868596077
Batch 1700/3125, Loss: 0.021136309951543808
Batch 1750/3125, Loss: 0.016882970929145813
Batch 1800/3125, Loss: 0.014395805075764656
Batch 1850/3125, Loss: 0.019220814108848572
Batch 1900/3125, Loss: 0.014500720426440239
Batch 1950/3125, Loss: 0.019337540492415428
Batch 2000/3125, Loss: 0.014945258386433125
Batch 2050/3125, Loss: 0.01575125753879547
Batch 2100/3125, Loss: 0.017797322943806648
Batch 2150/3125, Loss: 0.01879001408815384
Batch 2200/3125, Loss: 0.02044779248535633
Batch 2250/3125, Loss: 0.02038240246474743
Batch 2300/3125, Loss: 0.019142773002386093
Batch 2350/3125, Loss: 0.021951895207166672
Batch 2400/3125, Loss: 0.01681852713227272
Batch 2450/3125, Loss: 0.02045351266860962
Batch 2500/3125, Loss: 0.01652377098798752
Batch 2550/3125, Loss: 0.01823665201663971
Batch 2600/3125, Loss: 0.018821105360984802
Batch 2650/3125, Loss: 0.017865929752588272
Batch 2700/3125, Loss: 0.019515613093972206
Batch 2750/3125, Loss: 0.021804478019475937
Batch 2800/3125, Loss: 0.022912202402949333
Batch 2850/3125, Loss: 0.01678338274359703
Batch 2900/3125, Loss: 0.016423407942056656
Batch 2950/3125, Loss: 0.019070548936724663
Batch 3000/3125, Loss: 0.022986067458987236
Batch 3050/3125, Loss: 0.022041186690330505
Batch 3100/3125, Loss: 0.01833471469581127

Start of epoch 42
Batch 0/3125, Loss: 0.018680445849895477
Batch 50/3125, Loss: 0.01507829874753952
Batch 100/3125, Loss: 0.021768508478999138
Batch 150/3125, Loss: 0.021759668365120888
Batch 200/3125, Loss: 0.018697580322623253
Batch 250/3125, Loss: 0.01926473155617714
Batch 300/3125, Loss: 0.02039140649139881
Batch 350/3125, Loss: 0.01621963642537594
Batch 400/3125, Loss: 0.019163699820637703
Batch 450/3125, Loss: 0.01559004932641983
Batch 500/3125, Loss: 0.022232893854379654
Batch 550/3125, Loss: 0.01780492253601551
Batch 600/3125, Loss: 0.01810412108898163
Batch 650/3125, Loss: 0.016697032377123833
Batch 700/3125, Loss: 0.02165227010846138
Batch 750/3125, Loss: 0.015962796285748482
Batch 800/3125, Loss: 0.022640500217676163
Batch 850/3125, Loss: 0.01808757334947586
Batch 900/3125, Loss: 0.015868263319134712
Batch 950/3125, Loss: 0.01850477233529091
Batch 1000/3125, Loss: 0.02237900160253048
Batch 1050/3125, Loss: 0.021630477160215378
Batch 1100/3125, Loss: 0.02328377217054367
Batch 1150/3125, Loss: 0.02606670744717121
Batch 1200/3125, Loss: 0.01777729205787182
Batch 1250/3125, Loss: 0.019716693088412285
Batch 1300/3125, Loss: 0.014428701251745224
Batch 1350/3125, Loss: 0.016770092770457268
Batch 1400/3125, Loss: 0.020242847502231598
Batch 1450/3125, Loss: 0.02056385949254036
Batch 1500/3125, Loss: 0.014206851832568645
Batch 1550/3125, Loss: 0.019156713038682938
Batch 1600/3125, Loss: 0.021046850830316544
Batch 1650/3125, Loss: 0.016416149213910103
Batch 1700/3125, Loss: 0.02222306653857231
Batch 1750/3125, Loss: 0.01938188262283802
Batch 1800/3125, Loss: 0.02129284292459488
Batch 1850/3125, Loss: 0.016775958240032196
Batch 1900/3125, Loss: 0.01691746525466442
Batch 1950/3125, Loss: 0.018026603385806084
Batch 2000/3125, Loss: 0.016649767756462097
Batch 2050/3125, Loss: 0.017345748841762543
Batch 2100/3125, Loss: 0.0233665369451046
Batch 2150/3125, Loss: 0.019333526492118835
Batch 2200/3125, Loss: 0.020596375688910484
Batch 2250/3125, Loss: 0.016115212813019753
Batch 2300/3125, Loss: 0.023503700271248817
Batch 2350/3125, Loss: 0.018596617504954338
Batch 2400/3125, Loss: 0.01653393544256687
Batch 2450/3125, Loss: 0.026922332122921944
Batch 2500/3125, Loss: 0.01714659482240677
Batch 2550/3125, Loss: 0.01599719002842903
Batch 2600/3125, Loss: 0.019787631928920746
Batch 2650/3125, Loss: 0.02019512467086315
Batch 2700/3125, Loss: 0.013328257016837597
Batch 2750/3125, Loss: 0.019718116149306297
Batch 2800/3125, Loss: 0.01737845502793789
Batch 2850/3125, Loss: 0.01302257739007473
Batch 2900/3125, Loss: 0.01378624141216278
Batch 2950/3125, Loss: 0.016852183267474174
Batch 3000/3125, Loss: 0.016733363270759583
Batch 3050/3125, Loss: 0.025730008259415627
Batch 3100/3125, Loss: 0.016107385978102684

Start of epoch 43
Batch 0/3125, Loss: 0.018768463283777237
Batch 50/3125, Loss: 0.014270058833062649
Batch 100/3125, Loss: 0.01776030659675598
Batch 150/3125, Loss: 0.02111169509589672
Batch 200/3125, Loss: 0.017283450812101364
Batch 250/3125, Loss: 0.015894323587417603
Batch 300/3125, Loss: 0.02006116509437561
Batch 350/3125, Loss: 0.016373520717024803
Batch 400/3125, Loss: 0.01896841824054718
Batch 450/3125, Loss: 0.01857597380876541
Batch 500/3125, Loss: 0.01386415958404541
Batch 550/3125, Loss: 0.019357813522219658
Batch 600/3125, Loss: 0.015648068860173225
Batch 650/3125, Loss: 0.02106330916285515
Batch 700/3125, Loss: 0.01802660897374153
Batch 750/3125, Loss: 0.021061977371573448
Batch 800/3125, Loss: 0.022908637300133705
Batch 850/3125, Loss: 0.015106182545423508
Batch 900/3125, Loss: 0.017746446654200554
Batch 950/3125, Loss: 0.02090195007622242
Batch 1000/3125, Loss: 0.0147127415984869
Batch 1050/3125, Loss: 0.020711932331323624
Batch 1100/3125, Loss: 0.018436657264828682
Batch 1150/3125, Loss: 0.015918366611003876
Batch 1200/3125, Loss: 0.015299426391720772
Batch 1250/3125, Loss: 0.01785767823457718
Batch 1300/3125, Loss: 0.01912856101989746
Batch 1350/3125, Loss: 0.024226581677794456
Batch 1400/3125, Loss: 0.020280569791793823
Batch 1450/3125, Loss: 0.02336816117167473
Batch 1500/3125, Loss: 0.014108821749687195
Batch 1550/3125, Loss: 0.014960075728595257
Batch 1600/3125, Loss: 0.016974741593003273
Batch 1650/3125, Loss: 0.017468882724642754
Batch 1700/3125, Loss: 0.016542015597224236
Batch 1750/3125, Loss: 0.017900489270687103
Batch 1800/3125, Loss: 0.016521720215678215
Batch 1850/3125, Loss: 0.017306998372077942
Batch 1900/3125, Loss: 0.014140496961772442
Batch 1950/3125, Loss: 0.017711563035845757
Batch 2000/3125, Loss: 0.019335893914103508
Batch 2050/3125, Loss: 0.01918419450521469
Batch 2100/3125, Loss: 0.01900363527238369
Batch 2150/3125, Loss: 0.013109867461025715
Batch 2200/3125, Loss: 0.021098796278238297
Batch 2250/3125, Loss: 0.02647498995065689
Batch 2300/3125, Loss: 0.021267229691147804
Batch 2350/3125, Loss: 0.020966941490769386
Batch 2400/3125, Loss: 0.013277565129101276
Batch 2450/3125, Loss: 0.014334440231323242
Batch 2500/3125, Loss: 0.01671377569437027
Batch 2550/3125, Loss: 0.014421314001083374
Batch 2600/3125, Loss: 0.014613617211580276
Batch 2650/3125, Loss: 0.015829112380743027
Batch 2700/3125, Loss: 0.016347108408808708
Batch 2750/3125, Loss: 0.02034316584467888
Batch 2800/3125, Loss: 0.02053258568048477
Batch 2850/3125, Loss: 0.021452106535434723
Batch 2900/3125, Loss: 0.015767231583595276
Batch 2950/3125, Loss: 0.019872283563017845
Batch 3000/3125, Loss: 0.018359463661909103
Batch 3050/3125, Loss: 0.020953061059117317
Batch 3100/3125, Loss: 0.016989247873425484

Start of epoch 44
Batch 0/3125, Loss: 0.01340486016124487
Batch 50/3125, Loss: 0.017551396042108536
Batch 100/3125, Loss: 0.015633612871170044
Batch 150/3125, Loss: 0.01898171566426754
Batch 200/3125, Loss: 0.01678413525223732
Batch 250/3125, Loss: 0.01735224761068821
Batch 300/3125, Loss: 0.018075477331876755
Batch 350/3125, Loss: 0.018361404538154602
Batch 400/3125, Loss: 0.01696666330099106
Batch 450/3125, Loss: 0.0159673560410738
Batch 500/3125, Loss: 0.02407808229327202
Batch 550/3125, Loss: 0.015818988904356956
Batch 600/3125, Loss: 0.019648537039756775
Batch 650/3125, Loss: 0.02189861610531807
Batch 700/3125, Loss: 0.018408216536045074
Batch 750/3125, Loss: 0.017455317080020905
Batch 800/3125, Loss: 0.017957760021090508
Batch 850/3125, Loss: 0.020456600934267044
Batch 900/3125, Loss: 0.024677220731973648
Batch 950/3125, Loss: 0.014442102052271366
Batch 1000/3125, Loss: 0.018604865297675133
Batch 1050/3125, Loss: 0.020437270402908325
Batch 1100/3125, Loss: 0.016245735809206963
Batch 1150/3125, Loss: 0.021147746592760086
Batch 1200/3125, Loss: 0.021483900025486946
Batch 1250/3125, Loss: 0.01942463032901287
Batch 1300/3125, Loss: 0.014609872363507748
Batch 1350/3125, Loss: 0.020732657983899117
Batch 1400/3125, Loss: 0.020421547815203667
Batch 1450/3125, Loss: 0.019176239147782326
Batch 1500/3125, Loss: 0.016929972916841507
Batch 1550/3125, Loss: 0.025428982451558113
Batch 1600/3125, Loss: 0.01794881373643875
Batch 1650/3125, Loss: 0.017927562817931175
Batch 1700/3125, Loss: 0.0219479538500309
Batch 1750/3125, Loss: 0.01959296502172947
Batch 1800/3125, Loss: 0.01675642840564251
Batch 1850/3125, Loss: 0.017531877383589745
Batch 1900/3125, Loss: 0.012207886204123497
Batch 1950/3125, Loss: 0.013566935434937477
Batch 2000/3125, Loss: 0.01626664586365223
Batch 2050/3125, Loss: 0.020500030368566513
Batch 2100/3125, Loss: 0.01561153493821621
Batch 2150/3125, Loss: 0.014676527120172977
Batch 2200/3125, Loss: 0.01607922464609146
Batch 2250/3125, Loss: 0.016999907791614532
Batch 2300/3125, Loss: 0.022842714563012123
Batch 2350/3125, Loss: 0.01740383356809616
Batch 2400/3125, Loss: 0.020436402410268784
Batch 2450/3125, Loss: 0.020544888451695442
Batch 2500/3125, Loss: 0.014197193086147308
Batch 2550/3125, Loss: 0.015212411060929298
Batch 2600/3125, Loss: 0.019396431744098663
Batch 2650/3125, Loss: 0.01943061500787735
Batch 2700/3125, Loss: 0.0225478857755661
Batch 2750/3125, Loss: 0.01973995566368103
Batch 2800/3125, Loss: 0.019891688600182533
Batch 2850/3125, Loss: 0.016050349920988083
Batch 2900/3125, Loss: 0.024965984746813774
Batch 2950/3125, Loss: 0.017156455665826797
Batch 3000/3125, Loss: 0.017394986003637314
Batch 3050/3125, Loss: 0.01727745495736599
Batch 3100/3125, Loss: 0.018426403403282166

Start of epoch 45
Batch 0/3125, Loss: 0.02043476700782776
Batch 50/3125, Loss: 0.015477131120860577
Batch 100/3125, Loss: 0.01812901720404625
Batch 150/3125, Loss: 0.017434393987059593
Batch 200/3125, Loss: 0.02128424122929573
Batch 250/3125, Loss: 0.017453216016292572
Batch 300/3125, Loss: 0.02429172769188881
Batch 350/3125, Loss: 0.015863800421357155
Batch 400/3125, Loss: 0.018673250451683998
Batch 450/3125, Loss: 0.017338279634714127
Batch 500/3125, Loss: 0.020988984033465385
Batch 550/3125, Loss: 0.017387283965945244
Batch 600/3125, Loss: 0.017732929438352585
Batch 650/3125, Loss: 0.022999603301286697
Batch 700/3125, Loss: 0.01792616955935955
Batch 750/3125, Loss: 0.019213268533349037
Batch 800/3125, Loss: 0.015360546298325062
Batch 850/3125, Loss: 0.014841921627521515
Batch 900/3125, Loss: 0.018413498997688293
Batch 950/3125, Loss: 0.018385043367743492
Batch 1000/3125, Loss: 0.016796020790934563
Batch 1050/3125, Loss: 0.020146280527114868
Batch 1100/3125, Loss: 0.022604133933782578
Batch 1150/3125, Loss: 0.014618540182709694
Batch 1200/3125, Loss: 0.022318057715892792
Batch 1250/3125, Loss: 0.024276653304696083
Batch 1300/3125, Loss: 0.019106432795524597
Batch 1350/3125, Loss: 0.018444841727614403
Batch 1400/3125, Loss: 0.018565192818641663
Batch 1450/3125, Loss: 0.02291455864906311
Batch 1500/3125, Loss: 0.01670241728425026
Batch 1550/3125, Loss: 0.015286100097000599
Batch 1600/3125, Loss: 0.017583336681127548
Batch 1650/3125, Loss: 0.01628078520298004
Batch 1700/3125, Loss: 0.022539932280778885
Batch 1750/3125, Loss: 0.015125480480492115
Batch 1800/3125, Loss: 0.014806115999817848
Batch 1850/3125, Loss: 0.016232067719101906
Batch 1900/3125, Loss: 0.01830349490046501
Batch 1950/3125, Loss: 0.021640755236148834
Batch 2000/3125, Loss: 0.02140219695866108
Batch 2050/3125, Loss: 0.017885742709040642
Batch 2100/3125, Loss: 0.02008822187781334
Batch 2150/3125, Loss: 0.019923457875847816
Batch 2200/3125, Loss: 0.0190283115953207
Batch 2250/3125, Loss: 0.020182497799396515
Batch 2300/3125, Loss: 0.020721450448036194
Batch 2350/3125, Loss: 0.024098485708236694
Batch 2400/3125, Loss: 0.018529510125517845
Batch 2450/3125, Loss: 0.019042223691940308
Batch 2500/3125, Loss: 0.017524223774671555
Batch 2550/3125, Loss: 0.018252335488796234
Batch 2600/3125, Loss: 0.018227593973279
Batch 2650/3125, Loss: 0.019365910440683365
Batch 2700/3125, Loss: 0.017484813928604126
Batch 2750/3125, Loss: 0.02438265085220337
Batch 2800/3125, Loss: 0.01876017451286316
Batch 2850/3125, Loss: 0.017514877021312714
Batch 2900/3125, Loss: 0.02277151495218277
Batch 2950/3125, Loss: 0.017623601481318474
Batch 3000/3125, Loss: 0.020820774137973785
Batch 3050/3125, Loss: 0.02263575978577137
Batch 3100/3125, Loss: 0.017617706209421158

Start of epoch 46
Batch 0/3125, Loss: 0.016637565568089485
Batch 50/3125, Loss: 0.022137898951768875
Batch 100/3125, Loss: 0.01656453311443329
Batch 150/3125, Loss: 0.016669929027557373
Batch 200/3125, Loss: 0.015181894414126873
Batch 250/3125, Loss: 0.019596366211771965
Batch 300/3125, Loss: 0.017514314502477646
Batch 350/3125, Loss: 0.02479599043726921
Batch 400/3125, Loss: 0.01698417216539383
Batch 450/3125, Loss: 0.018027596175670624
Batch 500/3125, Loss: 0.01819733902812004
Batch 550/3125, Loss: 0.01629190519452095
Batch 600/3125, Loss: 0.017353542149066925
Batch 650/3125, Loss: 0.018597757443785667
Batch 700/3125, Loss: 0.02325693517923355
Batch 750/3125, Loss: 0.016593344509601593
Batch 800/3125, Loss: 0.013504814356565475
Batch 850/3125, Loss: 0.023850733414292336
Batch 900/3125, Loss: 0.02184942178428173
Batch 950/3125, Loss: 0.013880817219614983
Batch 1000/3125, Loss: 0.022588031366467476
Batch 1050/3125, Loss: 0.014695889316499233
Batch 1100/3125, Loss: 0.0214844923466444
Batch 1150/3125, Loss: 0.017465762794017792
Batch 1200/3125, Loss: 0.019653312861919403
Batch 1250/3125, Loss: 0.02123457007110119
Batch 1300/3125, Loss: 0.02087867446243763
Batch 1350/3125, Loss: 0.018177833408117294
Batch 1400/3125, Loss: 0.021427540108561516
Batch 1450/3125, Loss: 0.012170189991593361
Batch 1500/3125, Loss: 0.015898503363132477
Batch 1550/3125, Loss: 0.02044353075325489
Batch 1600/3125, Loss: 0.02300659939646721
Batch 1650/3125, Loss: 0.02040584199130535
Batch 1700/3125, Loss: 0.014157098717987537
Batch 1750/3125, Loss: 0.02136494405567646
Batch 1800/3125, Loss: 0.023906538262963295
Batch 1850/3125, Loss: 0.016933634877204895
Batch 1900/3125, Loss: 0.01788857951760292
Batch 1950/3125, Loss: 0.018962441012263298
Batch 2000/3125, Loss: 0.01839553378522396
Batch 2050/3125, Loss: 0.017633426934480667
Batch 2100/3125, Loss: 0.021333927288651466
Batch 2150/3125, Loss: 0.016185065731406212
Batch 2200/3125, Loss: 0.017520274966955185
Batch 2250/3125, Loss: 0.018276402726769447
Batch 2300/3125, Loss: 0.016098666936159134
Batch 2350/3125, Loss: 0.018363799899816513
Batch 2400/3125, Loss: 0.018978524953126907
Batch 2450/3125, Loss: 0.014110046438872814
Batch 2500/3125, Loss: 0.013374900445342064
Batch 2550/3125, Loss: 0.02314903400838375
Batch 2600/3125, Loss: 0.02023630030453205
Batch 2650/3125, Loss: 0.018512383103370667
Batch 2700/3125, Loss: 0.021627502515912056
Batch 2750/3125, Loss: 0.017755592241883278
Batch 2800/3125, Loss: 0.024037055671215057
Batch 2850/3125, Loss: 0.017115933820605278
Batch 2900/3125, Loss: 0.014581476338207722
Batch 2950/3125, Loss: 0.020506728440523148
Batch 3000/3125, Loss: 0.01878446340560913
Batch 3050/3125, Loss: 0.01698433794081211
Batch 3100/3125, Loss: 0.017827214673161507

Start of epoch 47
Batch 0/3125, Loss: 0.020223435014486313
Batch 50/3125, Loss: 0.02091236785054207
Batch 100/3125, Loss: 0.01884916052222252
Batch 150/3125, Loss: 0.016989821568131447
Batch 200/3125, Loss: 0.015933964401483536
Batch 250/3125, Loss: 0.01569708064198494
Batch 300/3125, Loss: 0.017502689734101295
Batch 350/3125, Loss: 0.02093779295682907
Batch 400/3125, Loss: 0.015261642634868622
Batch 450/3125, Loss: 0.018310876563191414
Batch 500/3125, Loss: 0.020868564024567604
Batch 550/3125, Loss: 0.014930532313883305
Batch 600/3125, Loss: 0.017889026552438736
Batch 650/3125, Loss: 0.024315418675541878
Batch 700/3125, Loss: 0.014072819612920284
Batch 750/3125, Loss: 0.01897556334733963
Batch 800/3125, Loss: 0.024560222402215004
Batch 850/3125, Loss: 0.025437522679567337
Batch 900/3125, Loss: 0.02248206175863743
Batch 950/3125, Loss: 0.016850708052515984
Batch 1000/3125, Loss: 0.015597838908433914
Batch 1050/3125, Loss: 0.018485119566321373
Batch 1100/3125, Loss: 0.01645136997103691
Batch 1150/3125, Loss: 0.016010792925953865
Batch 1200/3125, Loss: 0.015147958882153034
Batch 1250/3125, Loss: 0.023915860801935196
Batch 1300/3125, Loss: 0.01727938838303089
Batch 1350/3125, Loss: 0.02190413698554039
Batch 1400/3125, Loss: 0.0195738784968853
Batch 1450/3125, Loss: 0.01903064362704754
Batch 1500/3125, Loss: 0.017173606902360916
Batch 1550/3125, Loss: 0.013472595252096653
Batch 1600/3125, Loss: 0.014266463927924633
Batch 1650/3125, Loss: 0.0179285891354084
Batch 1700/3125, Loss: 0.01104302704334259
Batch 1750/3125, Loss: 0.013634460978209972
Batch 1800/3125, Loss: 0.015522933565080166
Batch 1850/3125, Loss: 0.020875152200460434
Batch 1900/3125, Loss: 0.017999902367591858
Batch 1950/3125, Loss: 0.017559802159667015
Batch 2000/3125, Loss: 0.020222628489136696
Batch 2050/3125, Loss: 0.017782261595129967
Batch 2100/3125, Loss: 0.016854915767908096
Batch 2150/3125, Loss: 0.017605725675821304
Batch 2200/3125, Loss: 0.016926193609833717
Batch 2250/3125, Loss: 0.015935508534312248
Batch 2300/3125, Loss: 0.01378981489688158
Batch 2350/3125, Loss: 0.023527001962065697
Batch 2400/3125, Loss: 0.01917630061507225
Batch 2450/3125, Loss: 0.019311901181936264
Batch 2500/3125, Loss: 0.01617770455777645
Batch 2550/3125, Loss: 0.017127323895692825
Batch 2600/3125, Loss: 0.018189379945397377
Batch 2650/3125, Loss: 0.014470603317022324
Batch 2700/3125, Loss: 0.015285581350326538
Batch 2750/3125, Loss: 0.022572888061404228
Batch 2800/3125, Loss: 0.018993347883224487
Batch 2850/3125, Loss: 0.016699237748980522
Batch 2900/3125, Loss: 0.01920212432742119
Batch 2950/3125, Loss: 0.017582911998033524
Batch 3000/3125, Loss: 0.01617790199816227
Batch 3050/3125, Loss: 0.02024182118475437
Batch 3100/3125, Loss: 0.018174340948462486

Start of epoch 48
Batch 0/3125, Loss: 0.017844771966338158
Batch 50/3125, Loss: 0.019920824095606804
Batch 100/3125, Loss: 0.017500121146440506
Batch 150/3125, Loss: 0.01751759648323059
Batch 200/3125, Loss: 0.020890699699521065
Batch 250/3125, Loss: 0.024631764739751816
Batch 300/3125, Loss: 0.018899409100413322
Batch 350/3125, Loss: 0.013297359459102154
Batch 400/3125, Loss: 0.025844981893897057
Batch 450/3125, Loss: 0.013524792157113552
Batch 500/3125, Loss: 0.015671752393245697
Batch 550/3125, Loss: 0.01950054243206978
Batch 600/3125, Loss: 0.018565833568572998
Batch 650/3125, Loss: 0.020713919773697853
Batch 700/3125, Loss: 0.015407271683216095
Batch 750/3125, Loss: 0.015496695414185524
Batch 800/3125, Loss: 0.014642596244812012
Batch 850/3125, Loss: 0.015499058179557323
Batch 900/3125, Loss: 0.018469275906682014
Batch 950/3125, Loss: 0.02022470533847809
Batch 1000/3125, Loss: 0.01751740276813507
Batch 1050/3125, Loss: 0.011896561831235886
Batch 1100/3125, Loss: 0.01219832431524992
Batch 1150/3125, Loss: 0.015698079019784927
Batch 1200/3125, Loss: 0.017600422725081444
Batch 1250/3125, Loss: 0.019879082217812538
Batch 1300/3125, Loss: 0.02141759917140007
Batch 1350/3125, Loss: 0.0199294276535511
Batch 1400/3125, Loss: 0.01954740099608898
Batch 1450/3125, Loss: 0.013021553866565228
Batch 1500/3125, Loss: 0.019937340170145035
Batch 1550/3125, Loss: 0.01746072992682457
Batch 1600/3125, Loss: 0.015903009101748466
Batch 1650/3125, Loss: 0.021906135603785515
Batch 1700/3125, Loss: 0.015952404588460922
Batch 1750/3125, Loss: 0.019124668091535568
Batch 1800/3125, Loss: 0.01875418983399868
Batch 1850/3125, Loss: 0.01418674923479557
Batch 1900/3125, Loss: 0.013134436681866646
Batch 1950/3125, Loss: 0.020784514024853706
Batch 2000/3125, Loss: 0.01697932370007038
Batch 2050/3125, Loss: 0.013492217287421227
Batch 2100/3125, Loss: 0.01806705631315708
Batch 2150/3125, Loss: 0.014730129390954971
Batch 2200/3125, Loss: 0.02249552123248577
Batch 2250/3125, Loss: 0.016012242063879967
Batch 2300/3125, Loss: 0.020222900435328484
Batch 2350/3125, Loss: 0.01744232513010502
Batch 2400/3125, Loss: 0.02352764829993248
Batch 2450/3125, Loss: 0.017912758514285088
Batch 2500/3125, Loss: 0.01855325512588024
Batch 2550/3125, Loss: 0.015614751726388931
Batch 2600/3125, Loss: 0.013808483257889748
Batch 2650/3125, Loss: 0.018192382529377937
Batch 2700/3125, Loss: 0.0201158057898283
Batch 2750/3125, Loss: 0.016030600294470787
Batch 2800/3125, Loss: 0.016049949452280998
Batch 2850/3125, Loss: 0.02082696557044983
Batch 2900/3125, Loss: 0.024063903838396072
Batch 2950/3125, Loss: 0.015685567632317543
Batch 3000/3125, Loss: 0.017979774624109268
Batch 3050/3125, Loss: 0.01805458776652813
Batch 3100/3125, Loss: 0.020356571301817894

Start of epoch 49
Batch 0/3125, Loss: 0.01654863730072975
Batch 50/3125, Loss: 0.016022339463233948
Batch 100/3125, Loss: 0.014607541263103485
Batch 150/3125, Loss: 0.01872086524963379
Batch 200/3125, Loss: 0.017950721085071564
Batch 250/3125, Loss: 0.014439499005675316
Batch 300/3125, Loss: 0.017200864851474762
Batch 350/3125, Loss: 0.026304906234145164
Batch 400/3125, Loss: 0.0182954128831625
Batch 450/3125, Loss: 0.016622604802250862
Batch 500/3125, Loss: 0.01428350992500782
Batch 550/3125, Loss: 0.022451050579547882
Batch 600/3125, Loss: 0.01888374239206314
Batch 650/3125, Loss: 0.015159474685788155
Batch 700/3125, Loss: 0.022774677723646164
Batch 750/3125, Loss: 0.023144174367189407
Batch 800/3125, Loss: 0.016305802389979362
Batch 850/3125, Loss: 0.011854811571538448
Batch 900/3125, Loss: 0.018667010590434074
Batch 950/3125, Loss: 0.01350305788218975
Batch 1000/3125, Loss: 0.015841994434595108
Batch 1050/3125, Loss: 0.015307910740375519
Batch 1100/3125, Loss: 0.018567856401205063
Batch 1150/3125, Loss: 0.02128155343234539
Batch 1200/3125, Loss: 0.018483782187104225
Batch 1250/3125, Loss: 0.020500462502241135
Batch 1300/3125, Loss: 0.016530059278011322
Batch 1350/3125, Loss: 0.01955292746424675
Batch 1400/3125, Loss: 0.017302704975008965
Batch 1450/3125, Loss: 0.01945340260863304
Batch 1500/3125, Loss: 0.02436170168220997
Batch 1550/3125, Loss: 0.01700732856988907
Batch 1600/3125, Loss: 0.013443639501929283
Batch 1650/3125, Loss: 0.026170112192630768
Batch 1700/3125, Loss: 0.02046145685017109
Batch 1750/3125, Loss: 0.018270431086421013
Batch 1800/3125, Loss: 0.017410537227988243
Batch 1850/3125, Loss: 0.022615566849708557
Batch 1900/3125, Loss: 0.014953416772186756
Batch 1950/3125, Loss: 0.019754715263843536
Batch 2000/3125, Loss: 0.020384039729833603
Batch 2050/3125, Loss: 0.014201722107827663
Batch 2100/3125, Loss: 0.017832625657320023
Batch 2150/3125, Loss: 0.012458275072276592
Batch 2200/3125, Loss: 0.01766756735742092
Batch 2250/3125, Loss: 0.02022126317024231
Batch 2300/3125, Loss: 0.01657247357070446
Batch 2350/3125, Loss: 0.016725435853004456
Batch 2400/3125, Loss: 0.02049971930682659
Batch 2450/3125, Loss: 0.016075890511274338
Batch 2500/3125, Loss: 0.020315945148468018
Batch 2550/3125, Loss: 0.016469644382596016
Batch 2600/3125, Loss: 0.016502464190125465
Batch 2650/3125, Loss: 0.014895395375788212
Batch 2700/3125, Loss: 0.017647961154580116
Batch 2750/3125, Loss: 0.01761135458946228
Batch 2800/3125, Loss: 0.016770603135228157
Batch 2850/3125, Loss: 0.018948093056678772
Batch 2900/3125, Loss: 0.018133999779820442
Batch 2950/3125, Loss: 0.017554810270667076
Batch 3000/3125, Loss: 0.017741436138749123
Batch 3050/3125, Loss: 0.01456497423350811
Batch 3100/3125, Loss: 0.0254636500030756

Start of epoch 50
Batch 0/3125, Loss: 0.01312602125108242
Batch 50/3125, Loss: 0.015116489492356777
Batch 100/3125, Loss: 0.020938029512763023
Batch 150/3125, Loss: 0.017860962077975273
Batch 200/3125, Loss: 0.020326048135757446
Batch 250/3125, Loss: 0.016220351681113243
Batch 300/3125, Loss: 0.017732340842485428
Batch 350/3125, Loss: 0.014081018045544624
Batch 400/3125, Loss: 0.017463259398937225
Batch 450/3125, Loss: 0.02434239163994789
Batch 500/3125, Loss: 0.019506020471453667
Batch 550/3125, Loss: 0.017755793407559395
Batch 600/3125, Loss: 0.01971663534641266
Batch 650/3125, Loss: 0.014703826047480106
Batch 700/3125, Loss: 0.01918313093483448
Batch 750/3125, Loss: 0.017329296097159386
Batch 800/3125, Loss: 0.01616678200662136
Batch 850/3125, Loss: 0.02127147652208805
Batch 900/3125, Loss: 0.01582450233399868
Batch 950/3125, Loss: 0.017681147903203964
Batch 1000/3125, Loss: 0.016981346532702446
Batch 1050/3125, Loss: 0.021871071308851242
Batch 1100/3125, Loss: 0.016222264617681503
Batch 1150/3125, Loss: 0.024731094017624855
Batch 1200/3125, Loss: 0.019687116146087646
Batch 1250/3125, Loss: 0.0179984699934721
Batch 1300/3125, Loss: 0.0202059093862772
Batch 1350/3125, Loss: 0.019412364810705185
Batch 1400/3125, Loss: 0.019019752740859985
Batch 1450/3125, Loss: 0.022245220839977264
Batch 1500/3125, Loss: 0.013560893014073372
Batch 1550/3125, Loss: 0.016874469816684723
Batch 1600/3125, Loss: 0.022050417959690094
Batch 1650/3125, Loss: 0.020826419815421104
Batch 1700/3125, Loss: 0.018022246658802032
Batch 1750/3125, Loss: 0.017855092883110046
Batch 1800/3125, Loss: 0.012584174983203411
Batch 1850/3125, Loss: 0.02199653536081314
Batch 1900/3125, Loss: 0.02174527384340763
Batch 1950/3125, Loss: 0.02142186462879181
Batch 2000/3125, Loss: 0.014952254481613636
Batch 2050/3125, Loss: 0.021486889570951462
Batch 2100/3125, Loss: 0.023396888747811317
Batch 2150/3125, Loss: 0.022072352468967438
Batch 2200/3125, Loss: 0.016783332452178
Batch 2250/3125, Loss: 0.01846729777753353
Batch 2300/3125, Loss: 0.01972687989473343
Batch 2350/3125, Loss: 0.022744253277778625
Batch 2400/3125, Loss: 0.01841888204216957
Batch 2450/3125, Loss: 0.01785864308476448
Batch 2500/3125, Loss: 0.019603688269853592
Batch 2550/3125, Loss: 0.015472972765564919
Batch 2600/3125, Loss: 0.01747957430779934
Batch 2650/3125, Loss: 0.015588788315653801
Batch 2700/3125, Loss: 0.016358615830540657
Batch 2750/3125, Loss: 0.019349193200469017
Batch 2800/3125, Loss: 0.014768210239708424
Batch 2850/3125, Loss: 0.015936775133013725
Batch 2900/3125, Loss: 0.016572143882513046
Batch 2950/3125, Loss: 0.016127673909068108
Batch 3000/3125, Loss: 0.023283641785383224
Batch 3050/3125, Loss: 0.021443108096718788
Batch 3100/3125, Loss: 0.014812309294939041

Start of epoch 51
Batch 0/3125, Loss: 0.017322108149528503
Batch 50/3125, Loss: 0.020945370197296143
Batch 100/3125, Loss: 0.015555785968899727
Batch 150/3125, Loss: 0.01837860979139805
Batch 200/3125, Loss: 0.016583362594246864
Batch 250/3125, Loss: 0.01916954107582569
Batch 300/3125, Loss: 0.022243080660700798
Batch 350/3125, Loss: 0.012931067496538162
Batch 400/3125, Loss: 0.015227782540023327
Batch 450/3125, Loss: 0.019057903438806534
Batch 500/3125, Loss: 0.014549735933542252
Batch 550/3125, Loss: 0.016414698213338852
Batch 600/3125, Loss: 0.020682763308286667
Batch 650/3125, Loss: 0.016671841964125633
Batch 700/3125, Loss: 0.01975155994296074
Batch 750/3125, Loss: 0.024386875331401825
Batch 800/3125, Loss: 0.017846716567873955
Batch 850/3125, Loss: 0.013506296090781689
Batch 900/3125, Loss: 0.01696321740746498
Batch 950/3125, Loss: 0.018155571073293686
Batch 1000/3125, Loss: 0.018130715936422348
Batch 1050/3125, Loss: 0.02008240483701229
Batch 1100/3125, Loss: 0.014275850728154182
Batch 1150/3125, Loss: 0.020509913563728333
Batch 1200/3125, Loss: 0.0170578770339489
Batch 1250/3125, Loss: 0.015599512495100498
Batch 1300/3125, Loss: 0.015536539256572723
Batch 1350/3125, Loss: 0.01534157246351242
Batch 1400/3125, Loss: 0.020985817536711693
Batch 1450/3125, Loss: 0.01821986585855484
Batch 1500/3125, Loss: 0.015811322256922722
Batch 1550/3125, Loss: 0.01619141548871994
Batch 1600/3125, Loss: 0.015998974442481995
Batch 1650/3125, Loss: 0.0166239682585001
Batch 1700/3125, Loss: 0.016376305371522903
Batch 1750/3125, Loss: 0.014420322142541409
Batch 1800/3125, Loss: 0.019130868837237358
Batch 1850/3125, Loss: 0.01962612196803093
Batch 1900/3125, Loss: 0.013073054142296314
Batch 1950/3125, Loss: 0.013794717378914356
Batch 2000/3125, Loss: 0.016453389078378677
Batch 2050/3125, Loss: 0.01087433472275734
Batch 2100/3125, Loss: 0.014914988540112972
Batch 2150/3125, Loss: 0.01733759231865406
Batch 2200/3125, Loss: 0.01714671030640602
Batch 2250/3125, Loss: 0.02123648300766945
Batch 2300/3125, Loss: 0.021331436932086945
Batch 2350/3125, Loss: 0.02155502699315548
Batch 2400/3125, Loss: 0.018784038722515106
Batch 2450/3125, Loss: 0.01677563041448593
Batch 2500/3125, Loss: 0.011567283421754837
Batch 2550/3125, Loss: 0.014662615023553371
Batch 2600/3125, Loss: 0.01623125746846199
Batch 2650/3125, Loss: 0.02855597995221615
Batch 2700/3125, Loss: 0.0237420666962862
Batch 2750/3125, Loss: 0.015650572255253792
Batch 2800/3125, Loss: 0.023398354649543762
Batch 2850/3125, Loss: 0.015308056958019733
Batch 2900/3125, Loss: 0.01809079758822918
Batch 2950/3125, Loss: 0.01358210202306509
Batch 3000/3125, Loss: 0.015570597723126411
Batch 3050/3125, Loss: 0.01846867986023426
Batch 3100/3125, Loss: 0.014505685307085514

Start of epoch 52
Batch 0/3125, Loss: 0.016163336113095284
Batch 50/3125, Loss: 0.014357362873852253
Batch 100/3125, Loss: 0.015015941113233566
Batch 150/3125, Loss: 0.01904725283384323
Batch 200/3125, Loss: 0.018428964540362358
Batch 250/3125, Loss: 0.011162719689309597
Batch 300/3125, Loss: 0.01575804129242897
Batch 350/3125, Loss: 0.019842997193336487
Batch 400/3125, Loss: 0.01914108730852604
Batch 450/3125, Loss: 0.021093368530273438
Batch 500/3125, Loss: 0.016676343977451324
Batch 550/3125, Loss: 0.016977272927761078
Batch 600/3125, Loss: 0.018862411379814148
Batch 650/3125, Loss: 0.01466673705726862
Batch 700/3125, Loss: 0.02029157616198063
Batch 750/3125, Loss: 0.01702667959034443
Batch 800/3125, Loss: 0.017990032210946083
Batch 850/3125, Loss: 0.017858417704701424
Batch 900/3125, Loss: 0.0182231143116951
Batch 950/3125, Loss: 0.017073119059205055
Batch 1000/3125, Loss: 0.02040097489953041
Batch 1050/3125, Loss: 0.014014356769621372
Batch 1100/3125, Loss: 0.01983928680419922
Batch 1150/3125, Loss: 0.017627662047743797
Batch 1200/3125, Loss: 0.01713894121348858
Batch 1250/3125, Loss: 0.016922812908887863
Batch 1300/3125, Loss: 0.01751367188990116
Batch 1350/3125, Loss: 0.027826407924294472
Batch 1400/3125, Loss: 0.02107326127588749
Batch 1450/3125, Loss: 0.017255347222089767
Batch 1500/3125, Loss: 0.016918949782848358
Batch 1550/3125, Loss: 0.013831560499966145
Batch 1600/3125, Loss: 0.017198236659169197
Batch 1650/3125, Loss: 0.015428958460688591
Batch 1700/3125, Loss: 0.016078190878033638
Batch 1750/3125, Loss: 0.017007900401949883
Batch 1800/3125, Loss: 0.017116686329245567
Batch 1850/3125, Loss: 0.01442057453095913
Batch 1900/3125, Loss: 0.016543744131922722
Batch 1950/3125, Loss: 0.014658575877547264
Batch 2000/3125, Loss: 0.016691625118255615
Batch 2050/3125, Loss: 0.021210677921772003
Batch 2100/3125, Loss: 0.01671634428203106
Batch 2150/3125, Loss: 0.019781632348895073
Batch 2200/3125, Loss: 0.01747983880341053
Batch 2250/3125, Loss: 0.011157806031405926
Batch 2300/3125, Loss: 0.01431989949196577
Batch 2350/3125, Loss: 0.020094124600291252
Batch 2400/3125, Loss: 0.019636120647192
Batch 2450/3125, Loss: 0.02427336759865284
Batch 2500/3125, Loss: 0.016593165695667267
Batch 2550/3125, Loss: 0.017032558098435402
Batch 2600/3125, Loss: 0.0173428263515234
Batch 2650/3125, Loss: 0.020652949810028076
Batch 2700/3125, Loss: 0.015487306751310825
Batch 2750/3125, Loss: 0.01465412974357605
Batch 2800/3125, Loss: 0.015942104160785675
Batch 2850/3125, Loss: 0.017545189708471298
Batch 2900/3125, Loss: 0.019517427310347557
Batch 2950/3125, Loss: 0.018505657091736794
Batch 3000/3125, Loss: 0.021100694313645363
Batch 3050/3125, Loss: 0.016096828505396843
Batch 3100/3125, Loss: 0.016393428668379784

Start of epoch 53
Batch 0/3125, Loss: 0.017049796879291534
Batch 50/3125, Loss: 0.018206017091870308
Batch 100/3125, Loss: 0.020786365494132042
Batch 150/3125, Loss: 0.01823648437857628
Batch 200/3125, Loss: 0.01904546283185482
Batch 250/3125, Loss: 0.015079927630722523
Batch 300/3125, Loss: 0.015454070642590523
Batch 350/3125, Loss: 0.01330671925097704
Batch 400/3125, Loss: 0.017079707235097885
Batch 450/3125, Loss: 0.01478118821978569
Batch 500/3125, Loss: 0.01922127977013588
Batch 550/3125, Loss: 0.011321868747472763
Batch 600/3125, Loss: 0.02346551977097988
Batch 650/3125, Loss: 0.017932843416929245
Batch 700/3125, Loss: 0.012643177062273026
Batch 750/3125, Loss: 0.016320401802659035
Batch 800/3125, Loss: 0.024562735110521317
Batch 850/3125, Loss: 0.02056366764008999
Batch 900/3125, Loss: 0.014596043154597282
Batch 950/3125, Loss: 0.01659044623374939
Batch 1000/3125, Loss: 0.01627948135137558
Batch 1050/3125, Loss: 0.021131278946995735
Batch 1100/3125, Loss: 0.017633209004998207
Batch 1150/3125, Loss: 0.01758911833167076
Batch 1200/3125, Loss: 0.017486289143562317
Batch 1250/3125, Loss: 0.01646820269525051
Batch 1300/3125, Loss: 0.01896723173558712
Batch 1350/3125, Loss: 0.02117690071463585
Batch 1400/3125, Loss: 0.014859076589345932
Batch 1450/3125, Loss: 0.018311871215701103
Batch 1500/3125, Loss: 0.018251704052090645
Batch 1550/3125, Loss: 0.019644366577267647
Batch 1600/3125, Loss: 0.017426691949367523
Batch 1650/3125, Loss: 0.013190245255827904
Batch 1700/3125, Loss: 0.019724760204553604
Batch 1750/3125, Loss: 0.015391360968351364
Batch 1800/3125, Loss: 0.0234444048255682
Batch 1850/3125, Loss: 0.01612117327749729
Batch 1900/3125, Loss: 0.01755768246948719
Batch 1950/3125, Loss: 0.01953761652112007
Batch 2000/3125, Loss: 0.016094757243990898
Batch 2050/3125, Loss: 0.014761208556592464
Batch 2100/3125, Loss: 0.01808810792863369
Batch 2150/3125, Loss: 0.017483841627836227
Batch 2200/3125, Loss: 0.019184667617082596
Batch 2250/3125, Loss: 0.01309586875140667
Batch 2300/3125, Loss: 0.016374822705984116
Batch 2350/3125, Loss: 0.020942844450473785
Batch 2400/3125, Loss: 0.020562171936035156
Batch 2450/3125, Loss: 0.01695025898516178
Batch 2500/3125, Loss: 0.01743592880666256
Batch 2550/3125, Loss: 0.01925719901919365
Batch 2600/3125, Loss: 0.014876240864396095
Batch 2650/3125, Loss: 0.017346344888210297
Batch 2700/3125, Loss: 0.01700238510966301
Batch 2750/3125, Loss: 0.016093911603093147
Batch 2800/3125, Loss: 0.01734342984855175
Batch 2850/3125, Loss: 0.02046372927725315
Batch 2900/3125, Loss: 0.01778888702392578
Batch 2950/3125, Loss: 0.01697014644742012
Batch 3000/3125, Loss: 0.020944533869624138
Batch 3050/3125, Loss: 0.017474163323640823
Batch 3100/3125, Loss: 0.016154667362570763

Start of epoch 54
Batch 0/3125, Loss: 0.025894543156027794
Batch 50/3125, Loss: 0.01895388402044773
Batch 100/3125, Loss: 0.020649565383791924
Batch 150/3125, Loss: 0.01405857503414154
Batch 200/3125, Loss: 0.018491676077246666
Batch 250/3125, Loss: 0.01962985284626484
Batch 300/3125, Loss: 0.019979557022452354
Batch 350/3125, Loss: 0.01675652153789997
Batch 400/3125, Loss: 0.021539703011512756
Batch 450/3125, Loss: 0.01725488342344761
Batch 500/3125, Loss: 0.02056184411048889
Batch 550/3125, Loss: 0.014218434691429138
Batch 600/3125, Loss: 0.018148308619856834
Batch 650/3125, Loss: 0.019650287926197052
Batch 700/3125, Loss: 0.012731458991765976
Batch 750/3125, Loss: 0.01514755841344595
Batch 800/3125, Loss: 0.01710016466677189
Batch 850/3125, Loss: 0.017954770475625992
Batch 900/3125, Loss: 0.01857178471982479
Batch 950/3125, Loss: 0.019260752946138382
Batch 1000/3125, Loss: 0.018823038786649704
Batch 1050/3125, Loss: 0.020267101004719734
Batch 1100/3125, Loss: 0.021908530965447426
Batch 1150/3125, Loss: 0.017349690198898315
Batch 1200/3125, Loss: 0.018933670595288277
Batch 1250/3125, Loss: 0.017435066401958466
Batch 1300/3125, Loss: 0.017234448343515396
Batch 1350/3125, Loss: 0.02178923413157463
Batch 1400/3125, Loss: 0.01881466619670391
Batch 1450/3125, Loss: 0.01862076297402382
Batch 1500/3125, Loss: 0.019108055159449577
Batch 1550/3125, Loss: 0.015144994482398033
Batch 1600/3125, Loss: 0.021492499858140945
Batch 1650/3125, Loss: 0.020737677812576294
Batch 1700/3125, Loss: 0.016572246327996254
Batch 1750/3125, Loss: 0.023964639753103256
Batch 1800/3125, Loss: 0.015612957999110222
Batch 1850/3125, Loss: 0.017701707780361176
Batch 1900/3125, Loss: 0.021630480885505676
Batch 1950/3125, Loss: 0.019065020605921745
Batch 2000/3125, Loss: 0.02430972270667553
Batch 2050/3125, Loss: 0.019460264593362808
Batch 2100/3125, Loss: 0.01589336059987545
Batch 2150/3125, Loss: 0.014937671832740307
Batch 2200/3125, Loss: 0.01969190686941147
Batch 2250/3125, Loss: 0.01870729774236679
Batch 2300/3125, Loss: 0.012929661199450493
Batch 2350/3125, Loss: 0.02101886086165905
Batch 2400/3125, Loss: 0.019222358241677284
Batch 2450/3125, Loss: 0.014481612481176853
Batch 2500/3125, Loss: 0.013386020436882973
Batch 2550/3125, Loss: 0.0208925548940897
Batch 2600/3125, Loss: 0.018223727121949196
Batch 2650/3125, Loss: 0.027500318363308907
Batch 2700/3125, Loss: 0.016833512112498283
Batch 2750/3125, Loss: 0.012961388565599918
Batch 2800/3125, Loss: 0.021418629214167595
Batch 2850/3125, Loss: 0.020367538556456566
Batch 2900/3125, Loss: 0.01725206896662712
Batch 2950/3125, Loss: 0.014952006749808788
Batch 3000/3125, Loss: 0.02294003590941429
Batch 3050/3125, Loss: 0.0181825403124094
Batch 3100/3125, Loss: 0.014499924145638943

Start of epoch 55
Batch 0/3125, Loss: 0.019301488995552063
Batch 50/3125, Loss: 0.01928538829088211
Batch 100/3125, Loss: 0.01429721713066101
Batch 150/3125, Loss: 0.01519335899502039
Batch 200/3125, Loss: 0.018405811861157417
Batch 250/3125, Loss: 0.020029166713356972
Batch 300/3125, Loss: 0.01690680906176567
Batch 350/3125, Loss: 0.017393343150615692
Batch 400/3125, Loss: 0.018075987696647644
Batch 450/3125, Loss: 0.018715625628829002
Batch 500/3125, Loss: 0.018339652568101883
Batch 550/3125, Loss: 0.01771935075521469
Batch 600/3125, Loss: 0.021239031106233597
Batch 650/3125, Loss: 0.01682383380830288
Batch 700/3125, Loss: 0.019348908215761185
Batch 750/3125, Loss: 0.014845157973468304
Batch 800/3125, Loss: 0.019019199535250664
Batch 850/3125, Loss: 0.020998382940888405
Batch 900/3125, Loss: 0.01306573674082756
Batch 950/3125, Loss: 0.01850142888724804
Batch 1000/3125, Loss: 0.019404742866754532
Batch 1050/3125, Loss: 0.01517089456319809
Batch 1100/3125, Loss: 0.017997778952121735
Batch 1150/3125, Loss: 0.024166258051991463
Batch 1200/3125, Loss: 0.01975918933749199
Batch 1250/3125, Loss: 0.020541444420814514
Batch 1300/3125, Loss: 0.014716846868395805
Batch 1350/3125, Loss: 0.020766621455550194
Batch 1400/3125, Loss: 0.017678402364253998
Batch 1450/3125, Loss: 0.01613260991871357
Batch 1500/3125, Loss: 0.017284302040934563
Batch 1550/3125, Loss: 0.019524620845913887
Batch 1600/3125, Loss: 0.01829015463590622
Batch 1650/3125, Loss: 0.024764057248830795
Batch 1700/3125, Loss: 0.01673147641122341
Batch 1750/3125, Loss: 0.018328770995140076
Batch 1800/3125, Loss: 0.019141986966133118
Batch 1850/3125, Loss: 0.015540780499577522
Batch 1900/3125, Loss: 0.01763642206788063
Batch 1950/3125, Loss: 0.01634320802986622
Batch 2000/3125, Loss: 0.020854586735367775
Batch 2050/3125, Loss: 0.01665513589978218
Batch 2100/3125, Loss: 0.02054409682750702
Batch 2150/3125, Loss: 0.013793577440083027
Batch 2200/3125, Loss: 0.015455442480742931
Batch 2250/3125, Loss: 0.01945597305893898
Batch 2300/3125, Loss: 0.01644260436296463
Batch 2350/3125, Loss: 0.01565009169280529
Batch 2400/3125, Loss: 0.016152814030647278
Batch 2450/3125, Loss: 0.01921316608786583
Batch 2500/3125, Loss: 0.02575073577463627
Batch 2550/3125, Loss: 0.01921519823372364
Batch 2600/3125, Loss: 0.017552081495523453
Batch 2650/3125, Loss: 0.017431914806365967
Batch 2700/3125, Loss: 0.016864735633134842
Batch 2750/3125, Loss: 0.022991102188825607
Batch 2800/3125, Loss: 0.01498942170292139
Batch 2850/3125, Loss: 0.014978237450122833
Batch 2900/3125, Loss: 0.020235111936926842
Batch 2950/3125, Loss: 0.01908002980053425
Batch 3000/3125, Loss: 0.017546482384204865
Batch 3050/3125, Loss: 0.01682990975677967
Batch 3100/3125, Loss: 0.014743264764547348

Start of epoch 56
Batch 0/3125, Loss: 0.021697428077459335
Batch 50/3125, Loss: 0.01904519647359848
Batch 100/3125, Loss: 0.01767079532146454
Batch 150/3125, Loss: 0.022392230108380318
Batch 200/3125, Loss: 0.018003523349761963
Batch 250/3125, Loss: 0.015200287103652954
Batch 300/3125, Loss: 0.01776009425520897
Batch 350/3125, Loss: 0.015519353561103344
Batch 400/3125, Loss: 0.01993364654481411
Batch 450/3125, Loss: 0.020676681771874428
Batch 500/3125, Loss: 0.01657123491168022
Batch 550/3125, Loss: 0.01743823103606701
Batch 600/3125, Loss: 0.023417258635163307
Batch 650/3125, Loss: 0.018308790400624275
Batch 700/3125, Loss: 0.015218689106404781
Batch 750/3125, Loss: 0.018791574984788895
Batch 800/3125, Loss: 0.014139804989099503
Batch 850/3125, Loss: 0.01736578717827797
Batch 900/3125, Loss: 0.012395777739584446
Batch 950/3125, Loss: 0.016122600063681602
Batch 1000/3125, Loss: 0.021588245406746864
Batch 1050/3125, Loss: 0.019543014466762543
Batch 1100/3125, Loss: 0.02011583000421524
Batch 1150/3125, Loss: 0.016922051087021828
Batch 1200/3125, Loss: 0.01939675770699978
Batch 1250/3125, Loss: 0.018697001039981842
Batch 1300/3125, Loss: 0.01577337272465229
Batch 1350/3125, Loss: 0.013463902287185192
Batch 1400/3125, Loss: 0.021979473531246185
Batch 1450/3125, Loss: 0.01512647420167923
Batch 1500/3125, Loss: 0.019728301092982292
Batch 1550/3125, Loss: 0.017180565744638443
Batch 1600/3125, Loss: 0.02100755274295807
Batch 1650/3125, Loss: 0.014788396656513214
Batch 1700/3125, Loss: 0.01820380613207817
Batch 1750/3125, Loss: 0.014592370949685574
Batch 1800/3125, Loss: 0.01735050603747368
Batch 1850/3125, Loss: 0.022514795884490013
Batch 1900/3125, Loss: 0.016714345663785934
Batch 1950/3125, Loss: 0.019635016098618507
Batch 2000/3125, Loss: 0.016598036512732506
Batch 2050/3125, Loss: 0.014352657832205296
Batch 2100/3125, Loss: 0.014484874904155731
Batch 2150/3125, Loss: 0.01134344283491373
Batch 2200/3125, Loss: 0.020667055621743202
Batch 2250/3125, Loss: 0.019219402223825455
Batch 2300/3125, Loss: 0.01596282236278057
Batch 2350/3125, Loss: 0.019621046259999275
Batch 2400/3125, Loss: 0.01535914745181799
Batch 2450/3125, Loss: 0.024956367909908295
Batch 2500/3125, Loss: 0.017764436081051826
Batch 2550/3125, Loss: 0.014519148506224155
Batch 2600/3125, Loss: 0.015256618149578571
Batch 2650/3125, Loss: 0.024788646027445793
Batch 2700/3125, Loss: 0.01508375909179449
Batch 2750/3125, Loss: 0.017007486894726753
Batch 2800/3125, Loss: 0.02034444734454155
Batch 2850/3125, Loss: 0.019818440079689026
Batch 2900/3125, Loss: 0.019726259633898735
Batch 2950/3125, Loss: 0.012701740488409996
Batch 3000/3125, Loss: 0.012525971978902817
Batch 3050/3125, Loss: 0.015711015090346336
Batch 3100/3125, Loss: 0.020627552643418312

Start of epoch 57
Batch 0/3125, Loss: 0.022204099223017693
Batch 50/3125, Loss: 0.016872888430953026
Batch 100/3125, Loss: 0.02022969163954258
Batch 150/3125, Loss: 0.015764735639095306
Batch 200/3125, Loss: 0.01603691466152668
Batch 250/3125, Loss: 0.017163541167974472
Batch 300/3125, Loss: 0.019072219729423523
Batch 350/3125, Loss: 0.012729856185615063
Batch 400/3125, Loss: 0.015677960589528084
Batch 450/3125, Loss: 0.017569487914443016
Batch 500/3125, Loss: 0.01356112863868475
Batch 550/3125, Loss: 0.016492294147610664
Batch 600/3125, Loss: 0.02221374586224556
Batch 650/3125, Loss: 0.016802916303277016
Batch 700/3125, Loss: 0.02201692946255207
Batch 750/3125, Loss: 0.018578357994556427
Batch 800/3125, Loss: 0.02271735854446888
Batch 850/3125, Loss: 0.015718841925263405
Batch 900/3125, Loss: 0.018050456419587135
Batch 950/3125, Loss: 0.023654775694012642
Batch 1000/3125, Loss: 0.019828487187623978
Batch 1050/3125, Loss: 0.01858704537153244
Batch 1100/3125, Loss: 0.02175946719944477
Batch 1150/3125, Loss: 0.02151903510093689
Batch 1200/3125, Loss: 0.019431548193097115
Batch 1250/3125, Loss: 0.020583245903253555
Batch 1300/3125, Loss: 0.01965002343058586
Batch 1350/3125, Loss: 0.016637185588479042
Batch 1400/3125, Loss: 0.016300028190016747
Batch 1450/3125, Loss: 0.018675727769732475
Batch 1500/3125, Loss: 0.013895299285650253
Batch 1550/3125, Loss: 0.014669207856059074
Batch 1600/3125, Loss: 0.016898730769753456
Batch 1650/3125, Loss: 0.018588436767458916
Batch 1700/3125, Loss: 0.021249961107969284
Batch 1750/3125, Loss: 0.017004314810037613
Batch 1800/3125, Loss: 0.01826522685587406
Batch 1850/3125, Loss: 0.013777073472738266
Batch 1900/3125, Loss: 0.013090367428958416
Batch 1950/3125, Loss: 0.02148072049021721
Batch 2000/3125, Loss: 0.020945360884070396
Batch 2050/3125, Loss: 0.015085428021848202
Batch 2100/3125, Loss: 0.018432332202792168
Batch 2150/3125, Loss: 0.018388744443655014
Batch 2200/3125, Loss: 0.019197486340999603
Batch 2250/3125, Loss: 0.02260981686413288
Batch 2300/3125, Loss: 0.01326941978186369
Batch 2350/3125, Loss: 0.016317229717969894
Batch 2400/3125, Loss: 0.020696571096777916
Batch 2450/3125, Loss: 0.017977416515350342
Batch 2500/3125, Loss: 0.015956830233335495
Batch 2550/3125, Loss: 0.024548320099711418
Batch 2600/3125, Loss: 0.016588881611824036
Batch 2650/3125, Loss: 0.016789956018328667
Batch 2700/3125, Loss: 0.01625729538500309
Batch 2750/3125, Loss: 0.022128337994217873
Batch 2800/3125, Loss: 0.019860533997416496
Batch 2850/3125, Loss: 0.01599959284067154
Batch 2900/3125, Loss: 0.019994176924228668
Batch 2950/3125, Loss: 0.01841607317328453
Batch 3000/3125, Loss: 0.01722724735736847
Batch 3050/3125, Loss: 0.02308054454624653
Batch 3100/3125, Loss: 0.015474594198167324

Start of epoch 58
Batch 0/3125, Loss: 0.011955120600759983
Batch 50/3125, Loss: 0.019922511652112007
Batch 100/3125, Loss: 0.019506126642227173
Batch 150/3125, Loss: 0.01783757470548153
Batch 200/3125, Loss: 0.01953665167093277
Batch 250/3125, Loss: 0.01764664426445961
Batch 300/3125, Loss: 0.019276970997452736
Batch 350/3125, Loss: 0.013854739256203175
Batch 400/3125, Loss: 0.017722148448228836
Batch 450/3125, Loss: 0.01144622452557087
Batch 500/3125, Loss: 0.018718061968684196
Batch 550/3125, Loss: 0.02086959034204483
Batch 600/3125, Loss: 0.02103184536099434
Batch 650/3125, Loss: 0.014754267409443855
Batch 700/3125, Loss: 0.016064656898379326
Batch 750/3125, Loss: 0.017062155529856682
Batch 800/3125, Loss: 0.01933511346578598
Batch 850/3125, Loss: 0.0201166532933712
Batch 900/3125, Loss: 0.015569506213068962
Batch 950/3125, Loss: 0.01677018776535988
Batch 1000/3125, Loss: 0.01878008060157299
Batch 1050/3125, Loss: 0.01665506511926651
Batch 1100/3125, Loss: 0.017452117055654526
Batch 1150/3125, Loss: 0.015884527936577797
Batch 1200/3125, Loss: 0.010574973188340664
Batch 1250/3125, Loss: 0.01774568296968937
Batch 1300/3125, Loss: 0.019168606027960777
Batch 1350/3125, Loss: 0.02045019529759884
Batch 1400/3125, Loss: 0.020452264696359634
Batch 1450/3125, Loss: 0.015471179969608784
Batch 1500/3125, Loss: 0.015300852246582508
Batch 1550/3125, Loss: 0.021103236824274063
Batch 1600/3125, Loss: 0.021803494542837143
Batch 1650/3125, Loss: 0.017400743439793587
Batch 1700/3125, Loss: 0.01684696599841118
Batch 1750/3125, Loss: 0.01804925501346588
Batch 1800/3125, Loss: 0.01596929505467415
Batch 1850/3125, Loss: 0.019033076241612434
Batch 1900/3125, Loss: 0.01772453263401985
Batch 1950/3125, Loss: 0.01476543303579092
Batch 2000/3125, Loss: 0.0231286883354187
Batch 2050/3125, Loss: 0.0142449289560318
Batch 2100/3125, Loss: 0.021564606577157974
Batch 2150/3125, Loss: 0.01507356483489275
Batch 2200/3125, Loss: 0.01752801053225994
Batch 2250/3125, Loss: 0.01642928272485733
Batch 2300/3125, Loss: 0.02016124315559864
Batch 2350/3125, Loss: 0.017544418573379517
Batch 2400/3125, Loss: 0.01895894668996334
Batch 2450/3125, Loss: 0.020790522918105125
Batch 2500/3125, Loss: 0.020397184416651726
Batch 2550/3125, Loss: 0.016055870801210403
Batch 2600/3125, Loss: 0.018047962337732315
Batch 2650/3125, Loss: 0.018064675852656364
Batch 2700/3125, Loss: 0.01904200203716755
Batch 2750/3125, Loss: 0.015083598904311657
Batch 2800/3125, Loss: 0.015352760441601276
Batch 2850/3125, Loss: 0.017098991200327873
Batch 2900/3125, Loss: 0.02120026759803295
Batch 2950/3125, Loss: 0.019235316663980484
Batch 3000/3125, Loss: 0.02219007909297943
Batch 3050/3125, Loss: 0.023167554289102554
Batch 3100/3125, Loss: 0.01746872253715992

Start of epoch 59
Batch 0/3125, Loss: 0.015812791883945465
Batch 50/3125, Loss: 0.016879621893167496
Batch 100/3125, Loss: 0.016102101653814316
Batch 150/3125, Loss: 0.019224561750888824
Batch 200/3125, Loss: 0.021174106746912003
Batch 250/3125, Loss: 0.01601497083902359
Batch 300/3125, Loss: 0.02007250301539898
Batch 350/3125, Loss: 0.016582481563091278
Batch 400/3125, Loss: 0.011657621711492538
Batch 450/3125, Loss: 0.021902495995163918
Batch 500/3125, Loss: 0.017542030662298203
Batch 550/3125, Loss: 0.015795564278960228
Batch 600/3125, Loss: 0.01784694753587246
Batch 650/3125, Loss: 0.01816319301724434
Batch 700/3125, Loss: 0.022019295021891594
Batch 750/3125, Loss: 0.015451036393642426
Batch 800/3125, Loss: 0.019700394943356514
Batch 850/3125, Loss: 0.01895836368203163
Batch 900/3125, Loss: 0.01758199743926525
Batch 950/3125, Loss: 0.018891241401433945
Batch 1000/3125, Loss: 0.01605982333421707
Batch 1050/3125, Loss: 0.020183496177196503
Batch 1100/3125, Loss: 0.014126085676252842
Batch 1150/3125, Loss: 0.014294271357357502
Batch 1200/3125, Loss: 0.024084029719233513
Batch 1250/3125, Loss: 0.023152995854616165
Batch 1300/3125, Loss: 0.017135299742221832
Batch 1350/3125, Loss: 0.013545604422688484
Batch 1400/3125, Loss: 0.016897590830922127
Batch 1450/3125, Loss: 0.014187715947628021
Batch 1500/3125, Loss: 0.024098563939332962
Batch 1550/3125, Loss: 0.01109859999269247
Batch 1600/3125, Loss: 0.015410419553518295
Batch 1650/3125, Loss: 0.01953243836760521
Batch 1700/3125, Loss: 0.014225674793124199
Batch 1750/3125, Loss: 0.014053837396204472
Batch 1800/3125, Loss: 0.01399197243154049
Batch 1850/3125, Loss: 0.016062255948781967
Batch 1900/3125, Loss: 0.011499990709125996
Batch 1950/3125, Loss: 0.018535800278186798
Batch 2000/3125, Loss: 0.020603302866220474
Batch 2050/3125, Loss: 0.0205508004873991
Batch 2100/3125, Loss: 0.020010558888316154
Batch 2150/3125, Loss: 0.013927442021667957
Batch 2200/3125, Loss: 0.016591835767030716
Batch 2250/3125, Loss: 0.017046932131052017
Batch 2300/3125, Loss: 0.01809394545853138
Batch 2350/3125, Loss: 0.016263917088508606
Batch 2400/3125, Loss: 0.013906354084610939
Batch 2450/3125, Loss: 0.020496688783168793
Batch 2500/3125, Loss: 0.016572903841733932
Batch 2550/3125, Loss: 0.016823317855596542
Batch 2600/3125, Loss: 0.010387009009718895
Batch 2650/3125, Loss: 0.017469478771090508
Batch 2700/3125, Loss: 0.018889140337705612
Batch 2750/3125, Loss: 0.02202034741640091
Batch 2800/3125, Loss: 0.02004544995725155
Batch 2850/3125, Loss: 0.019637178629636765
Batch 2900/3125, Loss: 0.019426614046096802
Batch 2950/3125, Loss: 0.015477492474019527
Batch 3000/3125, Loss: 0.01740126870572567
Batch 3050/3125, Loss: 0.016936326399445534
Batch 3100/3125, Loss: 0.01795363612473011

Start of epoch 60
Batch 0/3125, Loss: 0.018753837794065475
Batch 50/3125, Loss: 0.017270706593990326
Batch 100/3125, Loss: 0.01846819557249546
Batch 150/3125, Loss: 0.017391841858625412
Batch 200/3125, Loss: 0.022077461704611778
Batch 250/3125, Loss: 0.017341572791337967
Batch 300/3125, Loss: 0.019859610125422478
Batch 350/3125, Loss: 0.011073623783886433
Batch 400/3125, Loss: 0.02329394593834877
Batch 450/3125, Loss: 0.018071195110678673
Batch 500/3125, Loss: 0.020449357107281685
Batch 550/3125, Loss: 0.01649472862482071
Batch 600/3125, Loss: 0.014788956381380558
Batch 650/3125, Loss: 0.016675690189003944
Batch 700/3125, Loss: 0.012973143719136715
Batch 750/3125, Loss: 0.020477138459682465
Batch 800/3125, Loss: 0.01764569990336895
Batch 850/3125, Loss: 0.014563609845936298
Batch 900/3125, Loss: 0.020546426996588707
Batch 950/3125, Loss: 0.0193023681640625
Batch 1000/3125, Loss: 0.019440988078713417
Batch 1050/3125, Loss: 0.0139867989346385
Batch 1100/3125, Loss: 0.019295919686555862
Batch 1150/3125, Loss: 0.025841346010565758
Batch 1200/3125, Loss: 0.011366653256118298
Batch 1250/3125, Loss: 0.01737482100725174
Batch 1300/3125, Loss: 0.020358897745609283
Batch 1350/3125, Loss: 0.02189103700220585
Batch 1400/3125, Loss: 0.011266387067735195
Batch 1450/3125, Loss: 0.014986440539360046
Batch 1500/3125, Loss: 0.015467558987438679
Batch 1550/3125, Loss: 0.02073492854833603
Batch 1600/3125, Loss: 0.016605263575911522
Batch 1650/3125, Loss: 0.018449554219841957
Batch 1700/3125, Loss: 0.016036443412303925
Batch 1750/3125, Loss: 0.018278444185853004
Batch 1800/3125, Loss: 0.016164109110832214
Batch 1850/3125, Loss: 0.015680482611060143
Batch 1900/3125, Loss: 0.016888050362467766
Batch 1950/3125, Loss: 0.018608039245009422
Batch 2000/3125, Loss: 0.016136908903717995
Batch 2050/3125, Loss: 0.01705167070031166
Batch 2100/3125, Loss: 0.021330639719963074
Batch 2150/3125, Loss: 0.02421727403998375
Batch 2200/3125, Loss: 0.016474928706884384
Batch 2250/3125, Loss: 0.01836969703435898
Batch 2300/3125, Loss: 0.020801465958356857
Batch 2350/3125, Loss: 0.015940126031637192
Batch 2400/3125, Loss: 0.013785063289105892
Batch 2450/3125, Loss: 0.013031009584665298
Batch 2500/3125, Loss: 0.01717844046652317
Batch 2550/3125, Loss: 0.015788324177265167
Batch 2600/3125, Loss: 0.016913147643208504
Batch 2650/3125, Loss: 0.01615256816148758
Batch 2700/3125, Loss: 0.014301805756986141
Batch 2750/3125, Loss: 0.01611248403787613
Batch 2800/3125, Loss: 0.01652023196220398
Batch 2850/3125, Loss: 0.014306874945759773
Batch 2900/3125, Loss: 0.02078324556350708
Batch 2950/3125, Loss: 0.016496503725647926
Batch 3000/3125, Loss: 0.02500096522271633
Batch 3050/3125, Loss: 0.022270439192652702
Batch 3100/3125, Loss: 0.014067023992538452

Start of epoch 61
Batch 0/3125, Loss: 0.021364031359553337
Batch 50/3125, Loss: 0.01739608868956566
Batch 100/3125, Loss: 0.019621454179286957
Batch 150/3125, Loss: 0.016898412257432938
Batch 200/3125, Loss: 0.014952920377254486
Batch 250/3125, Loss: 0.016644328832626343
Batch 300/3125, Loss: 0.01656300574541092
Batch 350/3125, Loss: 0.019325679168105125
Batch 400/3125, Loss: 0.020463993772864342
Batch 450/3125, Loss: 0.017831619828939438
Batch 500/3125, Loss: 0.017372142523527145
Batch 550/3125, Loss: 0.017880721017718315
Batch 600/3125, Loss: 0.01792897656559944
Batch 650/3125, Loss: 0.015614703297615051
Batch 700/3125, Loss: 0.016714341938495636
Batch 750/3125, Loss: 0.01621328666806221
Batch 800/3125, Loss: 0.019420262426137924
Batch 850/3125, Loss: 0.01801595650613308
Batch 900/3125, Loss: 0.01339375413954258
Batch 950/3125, Loss: 0.013561067171394825
Batch 1000/3125, Loss: 0.014122430235147476
Batch 1050/3125, Loss: 0.01842319779098034
Batch 1100/3125, Loss: 0.022093329578638077
Batch 1150/3125, Loss: 0.01948750950396061
Batch 1200/3125, Loss: 0.016205566003918648
Batch 1250/3125, Loss: 0.016240833327174187
Batch 1300/3125, Loss: 0.017773136496543884
Batch 1350/3125, Loss: 0.019039539620280266
Batch 1400/3125, Loss: 0.01901007443666458
Batch 1450/3125, Loss: 0.013337146490812302
Batch 1500/3125, Loss: 0.018298428505659103
Batch 1550/3125, Loss: 0.01410009153187275
Batch 1600/3125, Loss: 0.012561451643705368
Batch 1650/3125, Loss: 0.014956916682422161
Batch 1700/3125, Loss: 0.01670907996594906
Batch 1750/3125, Loss: 0.017400439828634262
Batch 1800/3125, Loss: 0.013888844288885593
Batch 1850/3125, Loss: 0.016259271651506424
Batch 1900/3125, Loss: 0.024565314874053
Batch 1950/3125, Loss: 0.014223497360944748
Batch 2000/3125, Loss: 0.020036770030856133
Batch 2050/3125, Loss: 0.02375342883169651
Batch 2100/3125, Loss: 0.016478149220347404
Batch 2150/3125, Loss: 0.02107943594455719
Batch 2200/3125, Loss: 0.022283120080828667
Batch 2250/3125, Loss: 0.01744839921593666
Batch 2300/3125, Loss: 0.015986306592822075
Batch 2350/3125, Loss: 0.018419962376356125
Batch 2400/3125, Loss: 0.01526492740958929
Batch 2450/3125, Loss: 0.02183125540614128
Batch 2500/3125, Loss: 0.016238044947385788
Batch 2550/3125, Loss: 0.021747902035713196
Batch 2600/3125, Loss: 0.018791187554597855
Batch 2650/3125, Loss: 0.01975165493786335
Batch 2700/3125, Loss: 0.01712288334965706
Batch 2750/3125, Loss: 0.018774989992380142
Batch 2800/3125, Loss: 0.01709115132689476
Batch 2850/3125, Loss: 0.012521456927061081
Batch 2900/3125, Loss: 0.014480303041636944
Batch 2950/3125, Loss: 0.01776440069079399
Batch 3000/3125, Loss: 0.017567260190844536
Batch 3050/3125, Loss: 0.01630254089832306
Batch 3100/3125, Loss: 0.018370388075709343

Start of epoch 62
Batch 0/3125, Loss: 0.01895494945347309
Batch 50/3125, Loss: 0.012317362241446972
Batch 100/3125, Loss: 0.012691228650510311
Batch 150/3125, Loss: 0.014605486765503883
Batch 200/3125, Loss: 0.016686242073774338
Batch 250/3125, Loss: 0.020337875932455063
Batch 300/3125, Loss: 0.019445015117526054
Batch 350/3125, Loss: 0.01717875711619854
Batch 400/3125, Loss: 0.017010200768709183
Batch 450/3125, Loss: 0.018055958673357964
Batch 500/3125, Loss: 0.01824771799147129
Batch 550/3125, Loss: 0.01736501045525074
Batch 600/3125, Loss: 0.01811857894062996
Batch 650/3125, Loss: 0.014543353579938412
Batch 700/3125, Loss: 0.018605003133416176
Batch 750/3125, Loss: 0.016208389773964882
Batch 800/3125, Loss: 0.014656360261142254
Batch 850/3125, Loss: 0.02193431369960308
Batch 900/3125, Loss: 0.0176217183470726
Batch 950/3125, Loss: 0.016122430562973022
Batch 1000/3125, Loss: 0.01702260971069336
Batch 1050/3125, Loss: 0.01640125922858715
Batch 1100/3125, Loss: 0.019350994378328323
Batch 1150/3125, Loss: 0.019604118540883064
Batch 1200/3125, Loss: 0.01699407398700714
Batch 1250/3125, Loss: 0.01929023303091526
Batch 1300/3125, Loss: 0.015630844980478287
Batch 1350/3125, Loss: 0.0211948249489069
Batch 1400/3125, Loss: 0.014263005927205086
Batch 1450/3125, Loss: 0.016622671857476234
Batch 1500/3125, Loss: 0.013807212933897972
Batch 1550/3125, Loss: 0.016286496073007584
Batch 1600/3125, Loss: 0.02152973785996437
Batch 1650/3125, Loss: 0.014920741319656372
Batch 1700/3125, Loss: 0.01740041747689247
Batch 1750/3125, Loss: 0.013408264145255089
Batch 1800/3125, Loss: 0.017097149044275284
Batch 1850/3125, Loss: 0.015942303463816643
Batch 1900/3125, Loss: 0.01415294874459505
Batch 1950/3125, Loss: 0.022433903068304062
Batch 2000/3125, Loss: 0.01302587240934372
Batch 2050/3125, Loss: 0.019915642216801643
Batch 2100/3125, Loss: 0.02188080921769142
Batch 2150/3125, Loss: 0.017595263198018074
Batch 2200/3125, Loss: 0.021004578098654747
Batch 2250/3125, Loss: 0.019964974373579025
Batch 2300/3125, Loss: 0.020059989765286446
Batch 2350/3125, Loss: 0.013873478397727013
Batch 2400/3125, Loss: 0.01951437070965767
Batch 2450/3125, Loss: 0.017688309773802757
Batch 2500/3125, Loss: 0.02012704126536846
Batch 2550/3125, Loss: 0.01864400878548622
Batch 2600/3125, Loss: 0.017383717000484467
Batch 2650/3125, Loss: 0.01774928718805313
Batch 2700/3125, Loss: 0.014743304811418056
Batch 2750/3125, Loss: 0.012562507763504982
Batch 2800/3125, Loss: 0.02105472981929779
Batch 2850/3125, Loss: 0.020473895594477654
Batch 2900/3125, Loss: 0.016963357105851173
Batch 2950/3125, Loss: 0.01596088707447052
Batch 3000/3125, Loss: 0.018209183588624
Batch 3050/3125, Loss: 0.018719905987381935
Batch 3100/3125, Loss: 0.017090270295739174

Start of epoch 63
Batch 0/3125, Loss: 0.01844913139939308
Batch 50/3125, Loss: 0.021147897467017174
Batch 100/3125, Loss: 0.014169011265039444
Batch 150/3125, Loss: 0.022291725501418114
Batch 200/3125, Loss: 0.0198616161942482
Batch 250/3125, Loss: 0.015890253707766533
Batch 300/3125, Loss: 0.013168003410100937
Batch 350/3125, Loss: 0.018621863797307014
Batch 400/3125, Loss: 0.015445472672581673
Batch 450/3125, Loss: 0.020391743630170822
Batch 500/3125, Loss: 0.021459056064486504
Batch 550/3125, Loss: 0.017893748357892036
Batch 600/3125, Loss: 0.02062644623219967
Batch 650/3125, Loss: 0.015634853392839432
Batch 700/3125, Loss: 0.018315022811293602
Batch 750/3125, Loss: 0.020659737288951874
Batch 800/3125, Loss: 0.018190376460552216
Batch 850/3125, Loss: 0.021813705563545227
Batch 900/3125, Loss: 0.012938818894326687
Batch 950/3125, Loss: 0.018826039507985115
Batch 1000/3125, Loss: 0.01579929143190384
Batch 1050/3125, Loss: 0.015947839245200157
Batch 1100/3125, Loss: 0.013943306170403957
Batch 1150/3125, Loss: 0.01953587867319584
Batch 1200/3125, Loss: 0.017917931079864502
Batch 1250/3125, Loss: 0.0132943419739604
Batch 1300/3125, Loss: 0.01834087446331978
Batch 1350/3125, Loss: 0.014179539866745472
Batch 1400/3125, Loss: 0.020633941516280174
Batch 1450/3125, Loss: 0.02151675336062908
Batch 1500/3125, Loss: 0.023087548092007637
Batch 1550/3125, Loss: 0.02043372020125389
Batch 1600/3125, Loss: 0.01990484818816185
Batch 1650/3125, Loss: 0.015224513597786427
Batch 1700/3125, Loss: 0.015356733463704586
Batch 1750/3125, Loss: 0.018323441967368126
Batch 1800/3125, Loss: 0.01558462344110012
Batch 1850/3125, Loss: 0.023330291733145714
Batch 1900/3125, Loss: 0.012527174316346645
Batch 1950/3125, Loss: 0.018505671992897987
Batch 2000/3125, Loss: 0.01791505143046379
Batch 2050/3125, Loss: 0.015881365165114403
Batch 2100/3125, Loss: 0.015648765489459038
Batch 2150/3125, Loss: 0.018853966146707535
Batch 2200/3125, Loss: 0.02033887803554535
Batch 2250/3125, Loss: 0.019564228132367134
Batch 2300/3125, Loss: 0.021563732996582985
Batch 2350/3125, Loss: 0.019312448799610138
Batch 2400/3125, Loss: 0.01413249596953392
Batch 2450/3125, Loss: 0.01417506393045187
Batch 2500/3125, Loss: 0.014721755869686604
Batch 2550/3125, Loss: 0.02362990938127041
Batch 2600/3125, Loss: 0.014732977375388145
Batch 2650/3125, Loss: 0.018165327608585358
Batch 2700/3125, Loss: 0.018842333927750587
Batch 2750/3125, Loss: 0.021019622683525085
Batch 2800/3125, Loss: 0.024308903142809868
Batch 2850/3125, Loss: 0.015217944979667664
Batch 2900/3125, Loss: 0.01652468740940094
Batch 2950/3125, Loss: 0.01737920194864273
Batch 3000/3125, Loss: 0.01975429803133011
Batch 3050/3125, Loss: 0.019071007147431374
Batch 3100/3125, Loss: 0.014657820574939251

Start of epoch 64
Batch 0/3125, Loss: 0.01696019433438778
Batch 50/3125, Loss: 0.016507558524608612
Batch 100/3125, Loss: 0.018754001706838608
Batch 150/3125, Loss: 0.02044556476175785
Batch 200/3125, Loss: 0.020885510370135307
Batch 250/3125, Loss: 0.015510656870901585
Batch 300/3125, Loss: 0.016630828380584717
Batch 350/3125, Loss: 0.016766538843512535
Batch 400/3125, Loss: 0.016738152131438255
Batch 450/3125, Loss: 0.014789028093218803
Batch 500/3125, Loss: 0.019354350864887238
Batch 550/3125, Loss: 0.02013946883380413
Batch 600/3125, Loss: 0.018715273588895798
Batch 650/3125, Loss: 0.021975409239530563
Batch 700/3125, Loss: 0.024550659582018852
Batch 750/3125, Loss: 0.017461342737078667
Batch 800/3125, Loss: 0.015228889882564545
Batch 850/3125, Loss: 0.01819567009806633
Batch 900/3125, Loss: 0.016996996477246284
Batch 950/3125, Loss: 0.019679414108395576
Batch 1000/3125, Loss: 0.021606123074889183
Batch 1050/3125, Loss: 0.018437709659337997
Batch 1100/3125, Loss: 0.016107387840747833
Batch 1150/3125, Loss: 0.015511863864958286
Batch 1200/3125, Loss: 0.0184108205139637
Batch 1250/3125, Loss: 0.014870421960949898
Batch 1300/3125, Loss: 0.02074390836060047
Batch 1350/3125, Loss: 0.014947126619517803
Batch 1400/3125, Loss: 0.013660487718880177
Batch 1450/3125, Loss: 0.015939420089125633
Batch 1500/3125, Loss: 0.020365703850984573
Batch 1550/3125, Loss: 0.015943406149744987
Batch 1600/3125, Loss: 0.01564439944922924
Batch 1650/3125, Loss: 0.019274147227406502
Batch 1700/3125, Loss: 0.02285408042371273
Batch 1750/3125, Loss: 0.02187885344028473
Batch 1800/3125, Loss: 0.01713145524263382
Batch 1850/3125, Loss: 0.01760409213602543
Batch 1900/3125, Loss: 0.015894321724772453
Batch 1950/3125, Loss: 0.019638802856206894
Batch 2000/3125, Loss: 0.01744450069963932
Batch 2050/3125, Loss: 0.014007871970534325
Batch 2100/3125, Loss: 0.0150786517187953
Batch 2150/3125, Loss: 0.016591809689998627
Batch 2200/3125, Loss: 0.01721840351819992
Batch 2250/3125, Loss: 0.015677552670240402
Batch 2300/3125, Loss: 0.016591684892773628
Batch 2350/3125, Loss: 0.011853130534291267
Batch 2400/3125, Loss: 0.01326611079275608
Batch 2450/3125, Loss: 0.014322012662887573
Batch 2500/3125, Loss: 0.017153773456811905
Batch 2550/3125, Loss: 0.024724239483475685
Batch 2600/3125, Loss: 0.014877965673804283
Batch 2650/3125, Loss: 0.022406388074159622
Batch 2700/3125, Loss: 0.012800361961126328
Batch 2750/3125, Loss: 0.023947469890117645
Batch 2800/3125, Loss: 0.01771228015422821
Batch 2850/3125, Loss: 0.014713147655129433
Batch 2900/3125, Loss: 0.016653425991535187
Batch 2950/3125, Loss: 0.015366816893219948
Batch 3000/3125, Loss: 0.01799386367201805
Batch 3050/3125, Loss: 0.016584008932113647
Batch 3100/3125, Loss: 0.014891318045556545

Start of epoch 65
Batch 0/3125, Loss: 0.019119800999760628
Batch 50/3125, Loss: 0.01506707351654768
Batch 100/3125, Loss: 0.01882801577448845
Batch 150/3125, Loss: 0.012442110106348991
Batch 200/3125, Loss: 0.014233507215976715
Batch 250/3125, Loss: 0.019317451864480972
Batch 300/3125, Loss: 0.01888536848127842
Batch 350/3125, Loss: 0.014253528788685799
Batch 400/3125, Loss: 0.017873253673315048
Batch 450/3125, Loss: 0.020558619871735573
Batch 500/3125, Loss: 0.015231292694807053
Batch 550/3125, Loss: 0.022318916395306587
Batch 600/3125, Loss: 0.01611546240746975
Batch 650/3125, Loss: 0.017319917678833008
Batch 700/3125, Loss: 0.01764685846865177
Batch 750/3125, Loss: 0.018999235704541206
Batch 800/3125, Loss: 0.020620515570044518
Batch 850/3125, Loss: 0.017044128850102425
Batch 900/3125, Loss: 0.016922809183597565
Batch 950/3125, Loss: 0.01929134875535965
Batch 1000/3125, Loss: 0.015447989106178284
Batch 1050/3125, Loss: 0.01620774157345295
Batch 1100/3125, Loss: 0.024333279579877853
Batch 1150/3125, Loss: 0.019630322232842445
Batch 1200/3125, Loss: 0.01783624105155468
Batch 1250/3125, Loss: 0.012920530512928963
Batch 1300/3125, Loss: 0.014625548385083675
Batch 1350/3125, Loss: 0.018347928300499916
Batch 1400/3125, Loss: 0.015117578208446503
Batch 1450/3125, Loss: 0.01198086142539978
Batch 1500/3125, Loss: 0.022051163017749786
Batch 1550/3125, Loss: 0.018778329715132713
Batch 1600/3125, Loss: 0.012745536863803864
Batch 1650/3125, Loss: 0.018960479646921158
Batch 1700/3125, Loss: 0.01861310563981533
Batch 1750/3125, Loss: 0.0242718867957592
Batch 1800/3125, Loss: 0.016987605020403862
Batch 1850/3125, Loss: 0.016733111813664436
Batch 1900/3125, Loss: 0.01740122213959694
Batch 1950/3125, Loss: 0.015973737463355064
Batch 2000/3125, Loss: 0.01911729760468006
Batch 2050/3125, Loss: 0.01605500839650631
Batch 2100/3125, Loss: 0.01681036315858364
Batch 2150/3125, Loss: 0.01651204377412796
Batch 2200/3125, Loss: 0.02176518552005291
Batch 2250/3125, Loss: 0.02038560062646866
Batch 2300/3125, Loss: 0.017133494839072227
Batch 2350/3125, Loss: 0.01747577264904976
Batch 2400/3125, Loss: 0.019181061536073685
Batch 2450/3125, Loss: 0.013118091970682144
Batch 2500/3125, Loss: 0.01797960326075554
Batch 2550/3125, Loss: 0.01602090336382389
Batch 2600/3125, Loss: 0.013692693784832954
Batch 2650/3125, Loss: 0.015258574858307838
Batch 2700/3125, Loss: 0.017356429249048233
Batch 2750/3125, Loss: 0.017102347686886787
Batch 2800/3125, Loss: 0.014832057058811188
Batch 2850/3125, Loss: 0.013130363076925278
Batch 2900/3125, Loss: 0.013611388392746449
Batch 2950/3125, Loss: 0.017364567145705223
Batch 3000/3125, Loss: 0.02002030238509178
Batch 3050/3125, Loss: 0.013880280777812004
Batch 3100/3125, Loss: 0.018619481474161148

Start of epoch 66
Batch 0/3125, Loss: 0.019407639279961586
Batch 50/3125, Loss: 0.012160921469330788
Batch 100/3125, Loss: 0.01833689585328102
Batch 150/3125, Loss: 0.017527174204587936
Batch 200/3125, Loss: 0.01763070374727249
Batch 250/3125, Loss: 0.01666841469705105
Batch 300/3125, Loss: 0.014184476807713509
Batch 350/3125, Loss: 0.02006007544696331
Batch 400/3125, Loss: 0.014804170466959476
Batch 450/3125, Loss: 0.02256804332137108
Batch 500/3125, Loss: 0.01884557493031025
Batch 550/3125, Loss: 0.01879170536994934
Batch 600/3125, Loss: 0.023153403773903847
Batch 650/3125, Loss: 0.01579798012971878
Batch 700/3125, Loss: 0.014248782768845558
Batch 750/3125, Loss: 0.015001087449491024
Batch 800/3125, Loss: 0.020662367343902588
Batch 850/3125, Loss: 0.021729575470089912
Batch 900/3125, Loss: 0.01712072640657425
Batch 950/3125, Loss: 0.018041493371129036
Batch 1000/3125, Loss: 0.01611446775496006
Batch 1050/3125, Loss: 0.018407635390758514
Batch 1100/3125, Loss: 0.018555976450443268
Batch 1150/3125, Loss: 0.020342426374554634
Batch 1200/3125, Loss: 0.015389436855912209
Batch 1250/3125, Loss: 0.01709423027932644
Batch 1300/3125, Loss: 0.016927985474467278
Batch 1350/3125, Loss: 0.02035355381667614
Batch 1400/3125, Loss: 0.021597767248749733
Batch 1450/3125, Loss: 0.01251145638525486
Batch 1500/3125, Loss: 0.018148202449083328
Batch 1550/3125, Loss: 0.017170939594507217
Batch 1600/3125, Loss: 0.019485142081975937
Batch 1650/3125, Loss: 0.01706797443330288
Batch 1700/3125, Loss: 0.01570453867316246
Batch 1750/3125, Loss: 0.023949626833200455
Batch 1800/3125, Loss: 0.01791519485414028
Batch 1850/3125, Loss: 0.021480904892086983
Batch 1900/3125, Loss: 0.015905674546957016
Batch 1950/3125, Loss: 0.017052607610821724
Batch 2000/3125, Loss: 0.015709763392806053
Batch 2050/3125, Loss: 0.016725480556488037
Batch 2100/3125, Loss: 0.014978233724832535
Batch 2150/3125, Loss: 0.02064906246960163
Batch 2200/3125, Loss: 0.017234189435839653
Batch 2250/3125, Loss: 0.023061634972691536
Batch 2300/3125, Loss: 0.015206466428935528
Batch 2350/3125, Loss: 0.012922237627208233
Batch 2400/3125, Loss: 0.016735754907131195
Batch 2450/3125, Loss: 0.01571672409772873
Batch 2500/3125, Loss: 0.01737016625702381
Batch 2550/3125, Loss: 0.017200451344251633
Batch 2600/3125, Loss: 0.0192598644644022
Batch 2650/3125, Loss: 0.01792558841407299
Batch 2700/3125, Loss: 0.020573390647768974
Batch 2750/3125, Loss: 0.017136763781309128
Batch 2800/3125, Loss: 0.013620765879750252
Batch 2850/3125, Loss: 0.01789838634431362
Batch 2900/3125, Loss: 0.014390876516699791
Batch 2950/3125, Loss: 0.017693279311060905
Batch 3000/3125, Loss: 0.01565270684659481
Batch 3050/3125, Loss: 0.019809402525424957
Batch 3100/3125, Loss: 0.02592642605304718

Start of epoch 67
Batch 0/3125, Loss: 0.012875615619122982
Batch 50/3125, Loss: 0.017116902396082878
Batch 100/3125, Loss: 0.020108886063098907
Batch 150/3125, Loss: 0.017658039927482605
Batch 200/3125, Loss: 0.018128493800759315
Batch 250/3125, Loss: 0.011412149295210838
Batch 300/3125, Loss: 0.01763053983449936
Batch 350/3125, Loss: 0.01438913494348526
Batch 400/3125, Loss: 0.016436317935585976
Batch 450/3125, Loss: 0.018413234502077103
Batch 500/3125, Loss: 0.021542515605688095
Batch 550/3125, Loss: 0.015116732567548752
Batch 600/3125, Loss: 0.01650702767074108
Batch 650/3125, Loss: 0.014932574704289436
Batch 700/3125, Loss: 0.01359905581921339
Batch 750/3125, Loss: 0.015556825324892998
Batch 800/3125, Loss: 0.018113043159246445
Batch 850/3125, Loss: 0.020557941868901253
Batch 900/3125, Loss: 0.0158919058740139
Batch 950/3125, Loss: 0.01680729351937771
Batch 1000/3125, Loss: 0.014841577969491482
Batch 1050/3125, Loss: 0.01948968507349491
Batch 1100/3125, Loss: 0.018263934180140495
Batch 1150/3125, Loss: 0.01693374663591385
Batch 1200/3125, Loss: 0.013025505468249321
Batch 1250/3125, Loss: 0.018670734018087387
Batch 1300/3125, Loss: 0.012302175164222717
Batch 1350/3125, Loss: 0.014466347172856331
Batch 1400/3125, Loss: 0.01696399226784706
Batch 1450/3125, Loss: 0.013530469499528408
Batch 1500/3125, Loss: 0.020870391279459
Batch 1550/3125, Loss: 0.01763232797384262
Batch 1600/3125, Loss: 0.014471170492470264
Batch 1650/3125, Loss: 0.01459259819239378
Batch 1700/3125, Loss: 0.018106140196323395
Batch 1750/3125, Loss: 0.01953410916030407
Batch 1800/3125, Loss: 0.014358891174197197
Batch 1850/3125, Loss: 0.019008249044418335
Batch 1900/3125, Loss: 0.01621980220079422
Batch 1950/3125, Loss: 0.018715403974056244
Batch 2000/3125, Loss: 0.016050823032855988
Batch 2050/3125, Loss: 0.015126972459256649
Batch 2100/3125, Loss: 0.018742481246590614
Batch 2150/3125, Loss: 0.015688661485910416
Batch 2200/3125, Loss: 0.017788875848054886
Batch 2250/3125, Loss: 0.017279459163546562
Batch 2300/3125, Loss: 0.016999324783682823
Batch 2350/3125, Loss: 0.016714341938495636
Batch 2400/3125, Loss: 0.021844729781150818
Batch 2450/3125, Loss: 0.015679121017456055
Batch 2500/3125, Loss: 0.020912934094667435
Batch 2550/3125, Loss: 0.018221741542220116
Batch 2600/3125, Loss: 0.014755603857338428
Batch 2650/3125, Loss: 0.015811888501048088
Batch 2700/3125, Loss: 0.018140669912099838
Batch 2750/3125, Loss: 0.01834762655198574
Batch 2800/3125, Loss: 0.018291544169187546
Batch 2850/3125, Loss: 0.016572946682572365
Batch 2900/3125, Loss: 0.015472556464374065
Batch 2950/3125, Loss: 0.016534820199012756
Batch 3000/3125, Loss: 0.01236787624657154
Batch 3050/3125, Loss: 0.02321367710828781
Batch 3100/3125, Loss: 0.014674510806798935

Start of epoch 68
Batch 0/3125, Loss: 0.016101840883493423
Batch 50/3125, Loss: 0.01546405628323555
Batch 100/3125, Loss: 0.02109619975090027
Batch 150/3125, Loss: 0.018084371462464333
Batch 200/3125, Loss: 0.01657339371740818
Batch 250/3125, Loss: 0.020906973630189896
Batch 300/3125, Loss: 0.0173284150660038
Batch 350/3125, Loss: 0.019407229498028755
Batch 400/3125, Loss: 0.01914452202618122
Batch 450/3125, Loss: 0.018544090911746025
Batch 500/3125, Loss: 0.021378664299845695
Batch 550/3125, Loss: 0.011792524717748165
Batch 600/3125, Loss: 0.0215695071965456
Batch 650/3125, Loss: 0.0183632243424654
Batch 700/3125, Loss: 0.013022828847169876
Batch 750/3125, Loss: 0.011507844552397728
Batch 800/3125, Loss: 0.020472340285778046
Batch 850/3125, Loss: 0.017321495339274406
Batch 900/3125, Loss: 0.018260372802615166
Batch 950/3125, Loss: 0.014398558996617794
Batch 1000/3125, Loss: 0.017865844070911407
Batch 1050/3125, Loss: 0.016919268295168877
Batch 1100/3125, Loss: 0.016426069661974907
Batch 1150/3125, Loss: 0.024475475773215294
Batch 1200/3125, Loss: 0.015277797356247902
Batch 1250/3125, Loss: 0.012694858945906162
Batch 1300/3125, Loss: 0.01595878042280674
Batch 1350/3125, Loss: 0.0175241120159626
Batch 1400/3125, Loss: 0.022800058126449585
Batch 1450/3125, Loss: 0.013066104613244534
Batch 1500/3125, Loss: 0.018467780202627182
Batch 1550/3125, Loss: 0.01735353283584118
Batch 1600/3125, Loss: 0.022708946838974953
Batch 1650/3125, Loss: 0.015455050393939018
Batch 1700/3125, Loss: 0.014325553551316261
Batch 1750/3125, Loss: 0.021304409950971603
Batch 1800/3125, Loss: 0.022318199276924133
Batch 1850/3125, Loss: 0.011768310330808163
Batch 1900/3125, Loss: 0.014965007081627846
Batch 1950/3125, Loss: 0.016162358224391937
Batch 2000/3125, Loss: 0.014226480387151241
Batch 2050/3125, Loss: 0.018157487735152245
Batch 2100/3125, Loss: 0.015072967857122421
Batch 2150/3125, Loss: 0.016841517761349678
Batch 2200/3125, Loss: 0.0243137888610363
Batch 2250/3125, Loss: 0.012956398539245129
Batch 2300/3125, Loss: 0.020139381289482117
Batch 2350/3125, Loss: 0.01921824738383293
Batch 2400/3125, Loss: 0.019028466194868088
Batch 2450/3125, Loss: 0.015539798885583878
Batch 2500/3125, Loss: 0.016433650627732277
Batch 2550/3125, Loss: 0.014421232044696808
Batch 2600/3125, Loss: 0.012867559678852558
Batch 2650/3125, Loss: 0.020946085453033447
Batch 2700/3125, Loss: 0.01673910580575466
Batch 2750/3125, Loss: 0.018655965104699135
Batch 2800/3125, Loss: 0.017998652532696724
Batch 2850/3125, Loss: 0.015124458819627762
Batch 2900/3125, Loss: 0.015325364656746387
Batch 2950/3125, Loss: 0.01494223065674305
Batch 3000/3125, Loss: 0.014329173602163792
Batch 3050/3125, Loss: 0.023161282762885094
Batch 3100/3125, Loss: 0.014479692094027996

Start of epoch 69
Batch 0/3125, Loss: 0.01771143451333046
Batch 50/3125, Loss: 0.020189736038446426
Batch 100/3125, Loss: 0.014948937110602856
Batch 150/3125, Loss: 0.01669621840119362
Batch 200/3125, Loss: 0.014164987951517105
Batch 250/3125, Loss: 0.018776562064886093
Batch 300/3125, Loss: 0.015962446108460426
Batch 350/3125, Loss: 0.02292138710618019
Batch 400/3125, Loss: 0.01535776536911726
Batch 450/3125, Loss: 0.014911222271621227
Batch 500/3125, Loss: 0.016411615535616875
Batch 550/3125, Loss: 0.012603344395756721
Batch 600/3125, Loss: 0.020379621535539627
Batch 650/3125, Loss: 0.022464662790298462
Batch 700/3125, Loss: 0.01713957078754902
Batch 750/3125, Loss: 0.023000145331025124
Batch 800/3125, Loss: 0.013056483119726181
Batch 850/3125, Loss: 0.01528838463127613
Batch 900/3125, Loss: 0.016950204968452454
Batch 950/3125, Loss: 0.019650299102067947
Batch 1000/3125, Loss: 0.017579548060894012
Batch 1050/3125, Loss: 0.0231470949947834
Batch 1100/3125, Loss: 0.01718519628047943
Batch 1150/3125, Loss: 0.016627324745059013
Batch 1200/3125, Loss: 0.0160840954631567
Batch 1250/3125, Loss: 0.018422046676278114
Batch 1300/3125, Loss: 0.018371522426605225
Batch 1350/3125, Loss: 0.023989837616682053
Batch 1400/3125, Loss: 0.0177963525056839
Batch 1450/3125, Loss: 0.017177097499370575
Batch 1500/3125, Loss: 0.018099749460816383
Batch 1550/3125, Loss: 0.01753312349319458
Batch 1600/3125, Loss: 0.01897956058382988
Batch 1650/3125, Loss: 0.016775276511907578
Batch 1700/3125, Loss: 0.016406800597906113
Batch 1750/3125, Loss: 0.0141132278367877
Batch 1800/3125, Loss: 0.01909290999174118
Batch 1850/3125, Loss: 0.015836551785469055
Batch 1900/3125, Loss: 0.015729939565062523
Batch 1950/3125, Loss: 0.01205687690526247
Batch 2000/3125, Loss: 0.016950728371739388
Batch 2050/3125, Loss: 0.018244683742523193
Batch 2100/3125, Loss: 0.021512730047106743
Batch 2150/3125, Loss: 0.015165382996201515
Batch 2200/3125, Loss: 0.022890327498316765
Batch 2250/3125, Loss: 0.018601618707180023
Batch 2300/3125, Loss: 0.01556350477039814
Batch 2350/3125, Loss: 0.017173243686556816
Batch 2400/3125, Loss: 0.01744738779962063
Batch 2450/3125, Loss: 0.017889423295855522
Batch 2500/3125, Loss: 0.024781368672847748
Batch 2550/3125, Loss: 0.018200134858489037
Batch 2600/3125, Loss: 0.022536564618349075
Batch 2650/3125, Loss: 0.016308501362800598
Batch 2700/3125, Loss: 0.014704860746860504
Batch 2750/3125, Loss: 0.019846908748149872
Batch 2800/3125, Loss: 0.015518452040851116
Batch 2850/3125, Loss: 0.014898435212671757
Batch 2900/3125, Loss: 0.0215445663779974
Batch 2950/3125, Loss: 0.02120199240744114
Batch 3000/3125, Loss: 0.01802971586585045
Batch 3050/3125, Loss: 0.018741732463240623
Batch 3100/3125, Loss: 0.018270179629325867

Start of epoch 70
Batch 0/3125, Loss: 0.020458992570638657
Batch 50/3125, Loss: 0.01828431896865368
Batch 100/3125, Loss: 0.016546528786420822
Batch 150/3125, Loss: 0.01810610666871071
Batch 200/3125, Loss: 0.016599031165242195
Batch 250/3125, Loss: 0.016417380422353745
Batch 300/3125, Loss: 0.016869613900780678
Batch 350/3125, Loss: 0.016445621848106384
Batch 400/3125, Loss: 0.01853068731725216
Batch 450/3125, Loss: 0.011430713348090649
Batch 500/3125, Loss: 0.01818409375846386
Batch 550/3125, Loss: 0.013228652998805046
Batch 600/3125, Loss: 0.016613151878118515
Batch 650/3125, Loss: 0.019343597814440727
Batch 700/3125, Loss: 0.013774490915238857
Batch 750/3125, Loss: 0.014738170430064201
Batch 800/3125, Loss: 0.015880824998021126
Batch 850/3125, Loss: 0.013791801407933235
Batch 900/3125, Loss: 0.016976332291960716
Batch 950/3125, Loss: 0.015426307916641235
Batch 1000/3125, Loss: 0.01646733470261097
Batch 1050/3125, Loss: 0.016493724659085274
Batch 1100/3125, Loss: 0.018894363194704056
Batch 1150/3125, Loss: 0.015833545476198196
Batch 1200/3125, Loss: 0.020917240530252457
Batch 1250/3125, Loss: 0.014993444085121155
Batch 1300/3125, Loss: 0.01636587642133236
Batch 1350/3125, Loss: 0.01791820488870144
Batch 1400/3125, Loss: 0.016494685783982277
Batch 1450/3125, Loss: 0.012093687430024147
Batch 1500/3125, Loss: 0.0153498575091362
Batch 1550/3125, Loss: 0.018338389694690704
Batch 1600/3125, Loss: 0.01474812626838684
Batch 1650/3125, Loss: 0.02373637817800045
Batch 1700/3125, Loss: 0.01765562780201435
Batch 1750/3125, Loss: 0.0215523149818182
Batch 1800/3125, Loss: 0.015495083294808865
Batch 1850/3125, Loss: 0.012570378370583057
Batch 1900/3125, Loss: 0.019845634698867798
Batch 1950/3125, Loss: 0.01770128309726715
Batch 2000/3125, Loss: 0.014436745084822178
Batch 2050/3125, Loss: 0.016430938616394997
Batch 2100/3125, Loss: 0.019139910116791725
Batch 2150/3125, Loss: 0.019755827262997627
Batch 2200/3125, Loss: 0.017190631479024887
Batch 2250/3125, Loss: 0.019449368119239807
Batch 2300/3125, Loss: 0.017925936728715897
Batch 2350/3125, Loss: 0.01778551936149597
Batch 2400/3125, Loss: 0.02280310168862343
Batch 2450/3125, Loss: 0.015394872985780239
Batch 2500/3125, Loss: 0.016104532405734062
Batch 2550/3125, Loss: 0.01667783223092556
Batch 2600/3125, Loss: 0.016262179240584373
Batch 2650/3125, Loss: 0.01579805091023445
Batch 2700/3125, Loss: 0.015699835494160652
Batch 2750/3125, Loss: 0.01653616689145565
Batch 2800/3125, Loss: 0.018510684370994568
Batch 2850/3125, Loss: 0.01757235638797283
Batch 2900/3125, Loss: 0.022669857367873192
Batch 2950/3125, Loss: 0.018721602857112885
Batch 3000/3125, Loss: 0.013475357554852962
Batch 3050/3125, Loss: 0.018973173573613167
Batch 3100/3125, Loss: 0.01903199777007103

Start of epoch 71
Batch 0/3125, Loss: 0.013483449816703796
Batch 50/3125, Loss: 0.017049331218004227
Batch 100/3125, Loss: 0.01768256351351738
Batch 150/3125, Loss: 0.018954487517476082
Batch 200/3125, Loss: 0.01994308829307556
Batch 250/3125, Loss: 0.019763998687267303
Batch 300/3125, Loss: 0.01605393923819065
Batch 350/3125, Loss: 0.016794594004750252
Batch 400/3125, Loss: 0.02247588522732258
Batch 450/3125, Loss: 0.022540058940649033
Batch 500/3125, Loss: 0.019947228953242302
Batch 550/3125, Loss: 0.018242156133055687
Batch 600/3125, Loss: 0.01835656352341175
Batch 650/3125, Loss: 0.01902598887681961
Batch 700/3125, Loss: 0.017217788845300674
Batch 750/3125, Loss: 0.018316559493541718
Batch 800/3125, Loss: 0.022694282233715057
Batch 850/3125, Loss: 0.016597943380475044
Batch 900/3125, Loss: 0.014394895173609257
Batch 950/3125, Loss: 0.017830949276685715
Batch 1000/3125, Loss: 0.01593538001179695
Batch 1050/3125, Loss: 0.01562706008553505
Batch 1100/3125, Loss: 0.023047978058457375
Batch 1150/3125, Loss: 0.016693085432052612
Batch 1200/3125, Loss: 0.011027206666767597
Batch 1250/3125, Loss: 0.014464832842350006
Batch 1300/3125, Loss: 0.019230777397751808
Batch 1350/3125, Loss: 0.020922889932990074
Batch 1400/3125, Loss: 0.01435391791164875
Batch 1450/3125, Loss: 0.0187331885099411
Batch 1500/3125, Loss: 0.02124808542430401
Batch 1550/3125, Loss: 0.018539881333708763
Batch 1600/3125, Loss: 0.01981324329972267
Batch 1650/3125, Loss: 0.01977081596851349
Batch 1700/3125, Loss: 0.011488977819681168
Batch 1750/3125, Loss: 0.01830206625163555
Batch 1800/3125, Loss: 0.01609950140118599
Batch 1850/3125, Loss: 0.015722081065177917
Batch 1900/3125, Loss: 0.016991036012768745
Batch 1950/3125, Loss: 0.02574690245091915
Batch 2000/3125, Loss: 0.0159128550440073
Batch 2050/3125, Loss: 0.018787141889333725
Batch 2100/3125, Loss: 0.018740897998213768
Batch 2150/3125, Loss: 0.01869942806661129
Batch 2200/3125, Loss: 0.016105828806757927
Batch 2250/3125, Loss: 0.012228763662278652
Batch 2300/3125, Loss: 0.021419815719127655
Batch 2350/3125, Loss: 0.0195386353880167
Batch 2400/3125, Loss: 0.0189584381878376
Batch 2450/3125, Loss: 0.02107973024249077
Batch 2500/3125, Loss: 0.011909952387213707
Batch 2550/3125, Loss: 0.012451820075511932
Batch 2600/3125, Loss: 0.017404215410351753
Batch 2650/3125, Loss: 0.013981424272060394
Batch 2700/3125, Loss: 0.016774242743849754
Batch 2750/3125, Loss: 0.020804669708013535
Batch 2800/3125, Loss: 0.015155927278101444
Batch 2850/3125, Loss: 0.021221715956926346
Batch 2900/3125, Loss: 0.01350097730755806
Batch 2950/3125, Loss: 0.013328785076737404
Batch 3000/3125, Loss: 0.020490173250436783
Batch 3050/3125, Loss: 0.01244754996150732
Batch 3100/3125, Loss: 0.015316435135900974

Start of epoch 72
Batch 0/3125, Loss: 0.026018081232905388
Batch 50/3125, Loss: 0.01585266925394535
Batch 100/3125, Loss: 0.012585612013936043
Batch 150/3125, Loss: 0.020742148160934448
Batch 200/3125, Loss: 0.021499916911125183
Batch 250/3125, Loss: 0.02011324279010296
Batch 300/3125, Loss: 0.02006416581571102
Batch 350/3125, Loss: 0.017330585047602654
Batch 400/3125, Loss: 0.018495216965675354
Batch 450/3125, Loss: 0.021944129839539528
Batch 500/3125, Loss: 0.016340820118784904
Batch 550/3125, Loss: 0.01194753497838974
Batch 600/3125, Loss: 0.01638738252222538
Batch 650/3125, Loss: 0.01505137886852026
Batch 700/3125, Loss: 0.01786455139517784
Batch 750/3125, Loss: 0.019053220748901367
Batch 800/3125, Loss: 0.02095801569521427
Batch 850/3125, Loss: 0.015941523015499115
Batch 900/3125, Loss: 0.015564104542136192
Batch 950/3125, Loss: 0.018983444198966026
Batch 1000/3125, Loss: 0.017911231145262718
Batch 1050/3125, Loss: 0.017450278624892235
Batch 1100/3125, Loss: 0.016690636053681374
Batch 1150/3125, Loss: 0.015483365394175053
Batch 1200/3125, Loss: 0.024601515382528305
Batch 1250/3125, Loss: 0.012513168156147003
Batch 1300/3125, Loss: 0.0170437078922987
Batch 1350/3125, Loss: 0.015992293134331703
Batch 1400/3125, Loss: 0.016828320920467377
Batch 1450/3125, Loss: 0.012127957306802273
Batch 1500/3125, Loss: 0.012968991883099079
Batch 1550/3125, Loss: 0.018832849338650703
Batch 1600/3125, Loss: 0.018108569085597992
Batch 1650/3125, Loss: 0.024086736142635345
Batch 1700/3125, Loss: 0.02112872153520584
Batch 1750/3125, Loss: 0.017350373789668083
Batch 1800/3125, Loss: 0.018159234896302223
Batch 1850/3125, Loss: 0.015956610441207886
Batch 1900/3125, Loss: 0.014612112194299698
Batch 1950/3125, Loss: 0.01379366498440504
Batch 2000/3125, Loss: 0.020367424935102463
Batch 2050/3125, Loss: 0.011865262873470783
Batch 2100/3125, Loss: 0.017715023830533028
Batch 2150/3125, Loss: 0.012427108362317085
Batch 2200/3125, Loss: 0.014401410706341267
Batch 2250/3125, Loss: 0.01776072382926941
Batch 2300/3125, Loss: 0.021105367690324783
Batch 2350/3125, Loss: 0.017430849373340607
Batch 2400/3125, Loss: 0.013752629049122334
Batch 2450/3125, Loss: 0.016286632046103477
Batch 2500/3125, Loss: 0.017375271767377853
Batch 2550/3125, Loss: 0.018278006464242935
Batch 2600/3125, Loss: 0.02009730413556099
Batch 2650/3125, Loss: 0.01729610376060009
Batch 2700/3125, Loss: 0.014721937477588654
Batch 2750/3125, Loss: 0.018333958461880684
Batch 2800/3125, Loss: 0.013487705029547215
Batch 2850/3125, Loss: 0.017501499503850937
Batch 2900/3125, Loss: 0.01647762954235077
Batch 2950/3125, Loss: 0.017113011330366135
Batch 3000/3125, Loss: 0.019437629729509354
Batch 3050/3125, Loss: 0.01688273996114731
Batch 3100/3125, Loss: 0.01364325825124979

Start of epoch 73
Batch 0/3125, Loss: 0.015506998635828495
Batch 50/3125, Loss: 0.013845831155776978
Batch 100/3125, Loss: 0.022395500913262367
Batch 150/3125, Loss: 0.018361225724220276
Batch 200/3125, Loss: 0.015155132859945297
Batch 250/3125, Loss: 0.017822647467255592
Batch 300/3125, Loss: 0.017956264317035675
Batch 350/3125, Loss: 0.019146466627717018
Batch 400/3125, Loss: 0.01685953512787819
Batch 450/3125, Loss: 0.018521226942539215
Batch 500/3125, Loss: 0.016042081639170647
Batch 550/3125, Loss: 0.019459908828139305
Batch 600/3125, Loss: 0.015598193742334843
Batch 650/3125, Loss: 0.01612492837011814
Batch 700/3125, Loss: 0.01420534122735262
Batch 750/3125, Loss: 0.014117446728050709
Batch 800/3125, Loss: 0.020560771226882935
Batch 850/3125, Loss: 0.02056056819856167
Batch 900/3125, Loss: 0.018170302733778954
Batch 950/3125, Loss: 0.013813823461532593
Batch 1000/3125, Loss: 0.014608141034841537
Batch 1050/3125, Loss: 0.013739642687141895
Batch 1100/3125, Loss: 0.01873352751135826
Batch 1150/3125, Loss: 0.01754343882203102
Batch 1200/3125, Loss: 0.016393810510635376
Batch 1250/3125, Loss: 0.023821689188480377
Batch 1300/3125, Loss: 0.019631406292319298
Batch 1350/3125, Loss: 0.016405919566750526
Batch 1400/3125, Loss: 0.015680188313126564
Batch 1450/3125, Loss: 0.014350814744830132
Batch 1500/3125, Loss: 0.016258912160992622
Batch 1550/3125, Loss: 0.016099227592349052
Batch 1600/3125, Loss: 0.014464526437222958
Batch 1650/3125, Loss: 0.01755492016673088
Batch 1700/3125, Loss: 0.01667262241244316
Batch 1750/3125, Loss: 0.02092084288597107
Batch 1800/3125, Loss: 0.015228544361889362
Batch 1850/3125, Loss: 0.017047863453626633
Batch 1900/3125, Loss: 0.018240278586745262
Batch 1950/3125, Loss: 0.013320873491466045
Batch 2000/3125, Loss: 0.018305370584130287
Batch 2050/3125, Loss: 0.019996868446469307
Batch 2100/3125, Loss: 0.01857125200331211
Batch 2150/3125, Loss: 0.012315884232521057
Batch 2200/3125, Loss: 0.017007460817694664
Batch 2250/3125, Loss: 0.016141727566719055
Batch 2300/3125, Loss: 0.01468390692025423
Batch 2350/3125, Loss: 0.017736190930008888
Batch 2400/3125, Loss: 0.017135050147771835
Batch 2450/3125, Loss: 0.017528178170323372
Batch 2500/3125, Loss: 0.013395706191658974
Batch 2550/3125, Loss: 0.019370879977941513
Batch 2600/3125, Loss: 0.01703329011797905
Batch 2650/3125, Loss: 0.021187160164117813
Batch 2700/3125, Loss: 0.01573217660188675
Batch 2750/3125, Loss: 0.014812622219324112
Batch 2800/3125, Loss: 0.014427688904106617
Batch 2850/3125, Loss: 0.013637779280543327
Batch 2900/3125, Loss: 0.02358647622168064
Batch 2950/3125, Loss: 0.016055043786764145
Batch 3000/3125, Loss: 0.012962732464075089
Batch 3050/3125, Loss: 0.01833256520330906
Batch 3100/3125, Loss: 0.014939491637051105

Start of epoch 74
Batch 0/3125, Loss: 0.01975742168724537
Batch 50/3125, Loss: 0.016443584114313126
Batch 100/3125, Loss: 0.017951644957065582
Batch 150/3125, Loss: 0.014295236207544804
Batch 200/3125, Loss: 0.016467874869704247
Batch 250/3125, Loss: 0.014317099936306477
Batch 300/3125, Loss: 0.015026061795651913
Batch 350/3125, Loss: 0.02271859720349312
Batch 400/3125, Loss: 0.02204916812479496
Batch 450/3125, Loss: 0.015980271622538567
Batch 500/3125, Loss: 0.016934501007199287
Batch 550/3125, Loss: 0.013374383561313152
Batch 600/3125, Loss: 0.01635908894240856
Batch 650/3125, Loss: 0.017291231080889702
Batch 700/3125, Loss: 0.020254604518413544
Batch 750/3125, Loss: 0.01859026774764061
Batch 800/3125, Loss: 0.013100054115056992
Batch 850/3125, Loss: 0.014952322468161583
Batch 900/3125, Loss: 0.020532410591840744
Batch 950/3125, Loss: 0.02009173110127449
Batch 1000/3125, Loss: 0.014481384307146072
Batch 1050/3125, Loss: 0.013333095237612724
Batch 1100/3125, Loss: 0.012655730359256268
Batch 1150/3125, Loss: 0.015119149349629879
Batch 1200/3125, Loss: 0.017866728827357292
Batch 1250/3125, Loss: 0.02005385234951973
Batch 1300/3125, Loss: 0.016104603186249733
Batch 1350/3125, Loss: 0.018625488504767418
Batch 1400/3125, Loss: 0.01584773324429989
Batch 1450/3125, Loss: 0.011700219474732876
Batch 1500/3125, Loss: 0.014264208264648914
Batch 1550/3125, Loss: 0.01865275949239731
Batch 1600/3125, Loss: 0.026346959173679352
Batch 1650/3125, Loss: 0.014519629999995232
Batch 1700/3125, Loss: 0.01628195494413376
Batch 1750/3125, Loss: 0.013909491710364819
Batch 1800/3125, Loss: 0.013931863941252232
Batch 1850/3125, Loss: 0.02246880903840065
Batch 1900/3125, Loss: 0.017087075859308243
Batch 1950/3125, Loss: 0.016586558893322945
Batch 2000/3125, Loss: 0.016047902405261993
Batch 2050/3125, Loss: 0.016216905787587166
Batch 2100/3125, Loss: 0.01580738089978695
Batch 2150/3125, Loss: 0.018249202519655228
Batch 2200/3125, Loss: 0.017260661348700523
Batch 2250/3125, Loss: 0.0198673065751791
Batch 2300/3125, Loss: 0.017434604465961456
Batch 2350/3125, Loss: 0.019315849989652634
Batch 2400/3125, Loss: 0.017971038818359375
Batch 2450/3125, Loss: 0.021314207464456558
Batch 2500/3125, Loss: 0.019647957757115364
Batch 2550/3125, Loss: 0.017291363328695297
Batch 2600/3125, Loss: 0.016250142827630043
Batch 2650/3125, Loss: 0.017025176435709
Batch 2700/3125, Loss: 0.015511916019022465
Batch 2750/3125, Loss: 0.0157108586281538
Batch 2800/3125, Loss: 0.02036483772099018
Batch 2850/3125, Loss: 0.01494041457772255
Batch 2900/3125, Loss: 0.022991647943854332
Batch 2950/3125, Loss: 0.016910286620259285
Batch 3000/3125, Loss: 0.02330382540822029
Batch 3050/3125, Loss: 0.01164325326681137
Batch 3100/3125, Loss: 0.017309017479419708

Start of epoch 75
Batch 0/3125, Loss: 0.013069460168480873
Batch 50/3125, Loss: 0.013163271360099316
Batch 100/3125, Loss: 0.013857312500476837
Batch 150/3125, Loss: 0.021341698244214058
Batch 200/3125, Loss: 0.017241528257727623
Batch 250/3125, Loss: 0.019353091716766357
Batch 300/3125, Loss: 0.015027040615677834
Batch 350/3125, Loss: 0.020105183124542236
Batch 400/3125, Loss: 0.017995841801166534
Batch 450/3125, Loss: 0.01876651681959629
Batch 500/3125, Loss: 0.016906214877963066
Batch 550/3125, Loss: 0.01394366193562746
Batch 600/3125, Loss: 0.019683318212628365
Batch 650/3125, Loss: 0.0130013357847929
Batch 700/3125, Loss: 0.013338955119252205
Batch 750/3125, Loss: 0.020487738773226738
Batch 800/3125, Loss: 0.016010692343115807
Batch 850/3125, Loss: 0.012615242041647434
Batch 900/3125, Loss: 0.016727369278669357
Batch 950/3125, Loss: 0.015806803479790688
Batch 1000/3125, Loss: 0.019507888704538345
Batch 1050/3125, Loss: 0.020413372665643692
Batch 1100/3125, Loss: 0.01658191904425621
Batch 1150/3125, Loss: 0.013256474398076534
Batch 1200/3125, Loss: 0.017164155840873718
Batch 1250/3125, Loss: 0.01683770678937435
Batch 1300/3125, Loss: 0.014109334908425808
Batch 1350/3125, Loss: 0.023774273693561554
Batch 1400/3125, Loss: 0.015275533311069012
Batch 1450/3125, Loss: 0.019970038905739784
Batch 1500/3125, Loss: 0.011180124245584011
Batch 1550/3125, Loss: 0.012705370783805847
Batch 1600/3125, Loss: 0.01487760804593563
Batch 1650/3125, Loss: 0.02004895731806755
Batch 1700/3125, Loss: 0.01671416684985161
Batch 1750/3125, Loss: 0.019370242953300476
Batch 1800/3125, Loss: 0.018805641680955887
Batch 1850/3125, Loss: 0.016495682299137115
Batch 1900/3125, Loss: 0.013507059775292873
Batch 1950/3125, Loss: 0.015979288145899773
Batch 2000/3125, Loss: 0.020794693380594254
Batch 2050/3125, Loss: 0.012915683910250664
Batch 2100/3125, Loss: 0.016724206507205963
Batch 2150/3125, Loss: 0.02100815810263157
Batch 2200/3125, Loss: 0.015844734385609627
Batch 2250/3125, Loss: 0.01835525780916214
Batch 2300/3125, Loss: 0.01591552421450615
Batch 2350/3125, Loss: 0.01662355102598667
Batch 2400/3125, Loss: 0.0156457107514143
Batch 2450/3125, Loss: 0.0163669902831316
Batch 2500/3125, Loss: 0.01775222457945347
Batch 2550/3125, Loss: 0.019280266016721725
Batch 2600/3125, Loss: 0.011381404474377632
Batch 2650/3125, Loss: 0.015229113399982452
Batch 2700/3125, Loss: 0.014648436568677425
Batch 2750/3125, Loss: 0.01214708760380745
Batch 2800/3125, Loss: 0.0158073753118515
Batch 2850/3125, Loss: 0.015425178222358227
Batch 2900/3125, Loss: 0.01807418465614319
Batch 2950/3125, Loss: 0.01686028018593788
Batch 3000/3125, Loss: 0.011847510933876038
Batch 3050/3125, Loss: 0.01750309020280838
Batch 3100/3125, Loss: 0.016915321350097656

Start of epoch 76
Batch 0/3125, Loss: 0.02004196308553219
Batch 50/3125, Loss: 0.013999504037201405
Batch 100/3125, Loss: 0.019911086186766624
Batch 150/3125, Loss: 0.015094302594661713
Batch 200/3125, Loss: 0.020536553114652634
Batch 250/3125, Loss: 0.016829922795295715
Batch 300/3125, Loss: 0.016576213762164116
Batch 350/3125, Loss: 0.014919879846274853
Batch 400/3125, Loss: 0.012732849456369877
Batch 450/3125, Loss: 0.013685199432075024
Batch 500/3125, Loss: 0.017797794193029404
Batch 550/3125, Loss: 0.0198072362691164
Batch 600/3125, Loss: 0.018700461834669113
Batch 650/3125, Loss: 0.015930265188217163
Batch 700/3125, Loss: 0.014246154576539993
Batch 750/3125, Loss: 0.021439915522933006
Batch 800/3125, Loss: 0.017278077080845833
Batch 850/3125, Loss: 0.016894297674298286
Batch 900/3125, Loss: 0.014890390448272228
Batch 950/3125, Loss: 0.017379825934767723
Batch 1000/3125, Loss: 0.0187168400734663
Batch 1050/3125, Loss: 0.016605013981461525
Batch 1100/3125, Loss: 0.020544426515698433
Batch 1150/3125, Loss: 0.01954967901110649
Batch 1200/3125, Loss: 0.013967998325824738
Batch 1250/3125, Loss: 0.01660017855465412
Batch 1300/3125, Loss: 0.01880713738501072
Batch 1350/3125, Loss: 0.013633837923407555
Batch 1400/3125, Loss: 0.018112316727638245
Batch 1450/3125, Loss: 0.01649693213403225
Batch 1500/3125, Loss: 0.01613045670092106
Batch 1550/3125, Loss: 0.01949216052889824
Batch 1600/3125, Loss: 0.02797064557671547
Batch 1650/3125, Loss: 0.02404055744409561
Batch 1700/3125, Loss: 0.014997429214417934
Batch 1750/3125, Loss: 0.016424095258116722
Batch 1800/3125, Loss: 0.01637834869325161
Batch 1850/3125, Loss: 0.016156528145074844
Batch 1900/3125, Loss: 0.01684577949345112
Batch 1950/3125, Loss: 0.02136535942554474
Batch 2000/3125, Loss: 0.0175411868840456
Batch 2050/3125, Loss: 0.020673153921961784
Batch 2100/3125, Loss: 0.022270256653428078
Batch 2150/3125, Loss: 0.017447343096137047
Batch 2200/3125, Loss: 0.013342074118554592
Batch 2250/3125, Loss: 0.016459617763757706
Batch 2300/3125, Loss: 0.01892748847603798
Batch 2350/3125, Loss: 0.017729103565216064
Batch 2400/3125, Loss: 0.013806499540805817
Batch 2450/3125, Loss: 0.01698749139904976
Batch 2500/3125, Loss: 0.016164643689990044
Batch 2550/3125, Loss: 0.015450475737452507
Batch 2600/3125, Loss: 0.015731539577245712
Batch 2650/3125, Loss: 0.019167263060808182
Batch 2700/3125, Loss: 0.019437313079833984
Batch 2750/3125, Loss: 0.01769176870584488
Batch 2800/3125, Loss: 0.017606280744075775
Batch 2850/3125, Loss: 0.015477161854505539
Batch 2900/3125, Loss: 0.013360654003918171
Batch 2950/3125, Loss: 0.014778281562030315
Batch 3000/3125, Loss: 0.017772218212485313
Batch 3050/3125, Loss: 0.01576169766485691
Batch 3100/3125, Loss: 0.018522251397371292

Start of epoch 77
Batch 0/3125, Loss: 0.01805502362549305
Batch 50/3125, Loss: 0.02016555331647396
Batch 100/3125, Loss: 0.015217047184705734
Batch 150/3125, Loss: 0.020781483501195908
Batch 200/3125, Loss: 0.02047462947666645
Batch 250/3125, Loss: 0.020248498767614365
Batch 300/3125, Loss: 0.01320592314004898
Batch 350/3125, Loss: 0.01592106930911541
Batch 400/3125, Loss: 0.015965379774570465
Batch 450/3125, Loss: 0.012661680579185486
Batch 500/3125, Loss: 0.020071689039468765
Batch 550/3125, Loss: 0.02228172868490219
Batch 600/3125, Loss: 0.021538693457841873
Batch 650/3125, Loss: 0.0160326287150383
Batch 700/3125, Loss: 0.01924647018313408
Batch 750/3125, Loss: 0.021844901144504547
Batch 800/3125, Loss: 0.017223522067070007
Batch 850/3125, Loss: 0.01439139898866415
Batch 900/3125, Loss: 0.014085951261222363
Batch 950/3125, Loss: 0.014916532672941685
Batch 1000/3125, Loss: 0.015888812020421028
Batch 1050/3125, Loss: 0.020120708271861076
Batch 1100/3125, Loss: 0.01491874922066927
Batch 1150/3125, Loss: 0.01639728620648384
Batch 1200/3125, Loss: 0.01749834604561329
Batch 1250/3125, Loss: 0.010193412192165852
Batch 1300/3125, Loss: 0.015584336593747139
Batch 1350/3125, Loss: 0.017635779455304146
Batch 1400/3125, Loss: 0.014997106045484543
Batch 1450/3125, Loss: 0.01679633930325508
Batch 1500/3125, Loss: 0.015222019515931606
Batch 1550/3125, Loss: 0.013034687377512455
Batch 1600/3125, Loss: 0.02017725445330143
Batch 1650/3125, Loss: 0.019630592316389084
Batch 1700/3125, Loss: 0.01815912313759327
Batch 1750/3125, Loss: 0.015181444585323334
Batch 1800/3125, Loss: 0.019372113049030304
Batch 1850/3125, Loss: 0.014799747616052628
Batch 1900/3125, Loss: 0.017793593928217888
Batch 1950/3125, Loss: 0.015211866237223148
Batch 2000/3125, Loss: 0.016294104978442192
Batch 2050/3125, Loss: 0.01918744295835495
Batch 2100/3125, Loss: 0.016986645758152008
Batch 2150/3125, Loss: 0.014330347068607807
Batch 2200/3125, Loss: 0.016873152926564217
Batch 2250/3125, Loss: 0.014624815434217453
Batch 2300/3125, Loss: 0.017825329676270485
Batch 2350/3125, Loss: 0.014048047363758087
Batch 2400/3125, Loss: 0.014853082597255707
Batch 2450/3125, Loss: 0.015135925263166428
Batch 2500/3125, Loss: 0.019404854625463486
Batch 2550/3125, Loss: 0.013472138904035091
Batch 2600/3125, Loss: 0.013985280878841877
Batch 2650/3125, Loss: 0.012463360093533993
Batch 2700/3125, Loss: 0.012162495404481888
Batch 2750/3125, Loss: 0.018039006739854813
Batch 2800/3125, Loss: 0.012846387922763824
Batch 2850/3125, Loss: 0.016143545508384705
Batch 2900/3125, Loss: 0.014205830171704292
Batch 2950/3125, Loss: 0.022901929914951324
Batch 3000/3125, Loss: 0.020247725769877434
Batch 3050/3125, Loss: 0.015474716201424599
Batch 3100/3125, Loss: 0.018086770549416542

Start of epoch 78
Batch 0/3125, Loss: 0.017091460525989532
Batch 50/3125, Loss: 0.016922442242503166
Batch 100/3125, Loss: 0.01843486726284027
Batch 150/3125, Loss: 0.019687872380018234
Batch 200/3125, Loss: 0.012342195957899094
Batch 250/3125, Loss: 0.024396568536758423
Batch 300/3125, Loss: 0.016719432547688484
Batch 350/3125, Loss: 0.016130439937114716
Batch 400/3125, Loss: 0.01747441478073597
Batch 450/3125, Loss: 0.013779901899397373
Batch 500/3125, Loss: 0.013826452195644379
Batch 550/3125, Loss: 0.020097263157367706
Batch 600/3125, Loss: 0.01867135614156723
Batch 650/3125, Loss: 0.013355596922338009
Batch 700/3125, Loss: 0.021891051903367043
Batch 750/3125, Loss: 0.017055870965123177
Batch 800/3125, Loss: 0.017691662535071373
Batch 850/3125, Loss: 0.022252924740314484
Batch 900/3125, Loss: 0.020591866225004196
Batch 950/3125, Loss: 0.019318949431180954
Batch 1000/3125, Loss: 0.01263298001140356
Batch 1050/3125, Loss: 0.015286356210708618
Batch 1100/3125, Loss: 0.022049609571695328
Batch 1150/3125, Loss: 0.022456634789705276
Batch 1200/3125, Loss: 0.020514724776148796
Batch 1250/3125, Loss: 0.019292131066322327
Batch 1300/3125, Loss: 0.020416174083948135
Batch 1350/3125, Loss: 0.011932986788451672
Batch 1400/3125, Loss: 0.017201194539666176
Batch 1450/3125, Loss: 0.014553832821547985
Batch 1500/3125, Loss: 0.01968425139784813
Batch 1550/3125, Loss: 0.018488392233848572
Batch 1600/3125, Loss: 0.013359934091567993
Batch 1650/3125, Loss: 0.018688885495066643
Batch 1700/3125, Loss: 0.01578383520245552
Batch 1750/3125, Loss: 0.01758219115436077
Batch 1800/3125, Loss: 0.016564980149269104
Batch 1850/3125, Loss: 0.016780849546194077
Batch 1900/3125, Loss: 0.013090905733406544
Batch 1950/3125, Loss: 0.01392627414315939
Batch 2000/3125, Loss: 0.01620595157146454
Batch 2050/3125, Loss: 0.0288078710436821
Batch 2100/3125, Loss: 0.02279268205165863
Batch 2150/3125, Loss: 0.016939442604780197
Batch 2200/3125, Loss: 0.014851008541882038
Batch 2250/3125, Loss: 0.019088782370090485
Batch 2300/3125, Loss: 0.020275162532925606
Batch 2350/3125, Loss: 0.01748286746442318
Batch 2400/3125, Loss: 0.015674786642193794
Batch 2450/3125, Loss: 0.017350245267152786
Batch 2500/3125, Loss: 0.01962166279554367
Batch 2550/3125, Loss: 0.016583925113081932
Batch 2600/3125, Loss: 0.018875127658247948
Batch 2650/3125, Loss: 0.01776975207030773
Batch 2700/3125, Loss: 0.016006164252758026
Batch 2750/3125, Loss: 0.015291285701096058
Batch 2800/3125, Loss: 0.016124023124575615
Batch 2850/3125, Loss: 0.013187704607844353
Batch 2900/3125, Loss: 0.014466524124145508
Batch 2950/3125, Loss: 0.0192275233566761
Batch 3000/3125, Loss: 0.016962388530373573
Batch 3050/3125, Loss: 0.017036963254213333
Batch 3100/3125, Loss: 0.016026919707655907

Start of epoch 79
Batch 0/3125, Loss: 0.02006695792078972
Batch 50/3125, Loss: 0.019346334040164948
Batch 100/3125, Loss: 0.016939852386713028
Batch 150/3125, Loss: 0.015513102523982525
Batch 200/3125, Loss: 0.017851736396551132
Batch 250/3125, Loss: 0.015625352039933205
Batch 300/3125, Loss: 0.015901649370789528
Batch 350/3125, Loss: 0.01647341065108776
Batch 400/3125, Loss: 0.018301552161574364
Batch 450/3125, Loss: 0.01844942755997181
Batch 500/3125, Loss: 0.014353797771036625
Batch 550/3125, Loss: 0.019166288897395134
Batch 600/3125, Loss: 0.018281154334545135
Batch 650/3125, Loss: 0.01699213683605194
Batch 700/3125, Loss: 0.019340230152010918
Batch 750/3125, Loss: 0.019312970340251923
Batch 800/3125, Loss: 0.022499512881040573
Batch 850/3125, Loss: 0.019110552966594696
Batch 900/3125, Loss: 0.016052082180976868
Batch 950/3125, Loss: 0.015580126084387302
Batch 1000/3125, Loss: 0.016528911888599396
Batch 1050/3125, Loss: 0.013314547017216682
Batch 1100/3125, Loss: 0.01675478368997574
Batch 1150/3125, Loss: 0.01429906114935875
Batch 1200/3125, Loss: 0.016691146418452263
Batch 1250/3125, Loss: 0.014857395552098751
Batch 1300/3125, Loss: 0.019814742729067802
Batch 1350/3125, Loss: 0.014082220382988453
Batch 1400/3125, Loss: 0.017544196918606758
Batch 1450/3125, Loss: 0.015988975763320923
Batch 1500/3125, Loss: 0.021337512880563736
Batch 1550/3125, Loss: 0.014843816868960857
Batch 1600/3125, Loss: 0.017796676605939865
Batch 1650/3125, Loss: 0.014330204576253891
Batch 1700/3125, Loss: 0.01560203731060028
Batch 1750/3125, Loss: 0.016089897602796555
Batch 1800/3125, Loss: 0.016297155991196632
Batch 1850/3125, Loss: 0.01732548512518406
Batch 1900/3125, Loss: 0.017079198732972145
Batch 1950/3125, Loss: 0.019829178228974342
Batch 2000/3125, Loss: 0.01547260582447052
Batch 2050/3125, Loss: 0.02080441825091839
Batch 2100/3125, Loss: 0.02027583308517933
Batch 2150/3125, Loss: 0.01452697068452835
Batch 2200/3125, Loss: 0.01909242942929268
Batch 2250/3125, Loss: 0.019246313720941544
Batch 2300/3125, Loss: 0.01851806789636612
Batch 2350/3125, Loss: 0.01610264554619789
Batch 2400/3125, Loss: 0.01961459219455719
Batch 2450/3125, Loss: 0.01876591518521309
Batch 2500/3125, Loss: 0.016531623899936676
Batch 2550/3125, Loss: 0.018738819286227226
Batch 2600/3125, Loss: 0.013749185018241405
Batch 2650/3125, Loss: 0.019632579758763313
Batch 2700/3125, Loss: 0.014553920365869999
Batch 2750/3125, Loss: 0.016005687415599823
Batch 2800/3125, Loss: 0.016704555600881577
Batch 2850/3125, Loss: 0.011283916421234608
Batch 2900/3125, Loss: 0.016757380217313766
Batch 2950/3125, Loss: 0.02105053700506687
Batch 3000/3125, Loss: 0.01478358544409275
Batch 3050/3125, Loss: 0.013584235683083534
Batch 3100/3125, Loss: 0.013662449084222317
----------------------------------------
Test loss on fixed set: 0.016561543568968773
----------------------------------------
Training time: 79756.77 seconds
========================================
Fitting correlator sample 1/10
========================================
----------------------------------------
========================================
Fitting correlator sample 2/10
========================================
----------------------------------------
========================================
Fitting correlator sample 3/10
========================================
----------------------------------------
========================================
Fitting correlator sample 4/10
========================================
----------------------------------------
========================================
Fitting correlator sample 5/10
========================================
----------------------------------------
========================================
Fitting correlator sample 6/10
========================================
----------------------------------------
========================================
Fitting correlator sample 7/10
========================================
----------------------------------------
========================================
Fitting correlator sample 8/10
========================================
----------------------------------------
========================================
Fitting correlator sample 9/10
========================================
----------------------------------------
========================================
Fitting correlator sample 10/10
========================================
----------------------------------------
End  | 48129 supervised_spec_rec | v19.clusternet | /work/home/candratschke/spectral_reconstruction_methods 


+------------------------------------------------------------------------------+
Successfully retrieved statistics for job: 48129. 
+------------------------------------------------------------------------------+
| Summary                                                                      |
+====================================+=========================================+
|-----  Execution Stats  ------------+-----------------------------------------|
| Start Time                         | Tue Sep  8 18:40:55 2026                |
| End Time                           | Wed Sep  9 16:51:38 2026                |
| Total Execution Time (sec)         | 79843                                   |
| No. of Processes                   | 9                                       |
+-----  Performance Stats  ----------+-----------------------------------------+
| Energy Consumed (Joules)           | 2224774                                 |
| Power Usage (Watts)                | Avg: 621.365, Max: N/A, Min: N/A        |
| Max GPU Memory Used (bytes)        | 32981909504                             |
| Clocks and PCIe Performance        | Available per GPU in verbose mode       |
+-----  Event Stats  ----------------+-----------------------------------------+
| Single Bit ECC Errors              | Not Specified                           |
| Double Bit ECC Errors              | 0                                       |
| PCIe Replay Warnings               | 0                                       |
| Critical XID Errors                | 0                                       |
+-----  Slowdown Stats  -------------+-----------------------------------------+
| Due to - Power (%)                 | 0                                       |
|        - Thermal (%)               | 0                                       |
|        - Reliability (%)           | Not Supported                           |
|        - Board Limit (%)           | Not Supported                           |
|        - Low Utilization (%)       | Not Supported                           |
|        - Sync Boost (%)            | 0                                       |
+-----  Overall Health  -------------+-----------------------------------------+
| Overall Health                     | Healthy                                 |
+------------------------------------+-----------------------------------------+

