Start 2026-09-14 19:58:32 | 57590 supervised_spec_rec | v27.clusternet | /work/home/candratschke/spectral_reconstruction_methods 

****************************************
Calling program for method:
KadesFC
Launching supervisedml.py from /work/home/candratschke/spectral_reconstruction_methods/supervised_ml/
Python executable: /work/home/candratschke/.venv/bin/python
Working directory exists: True
Script exists: True
Starting supervisedml.py
2.21.0
Finished imports
****************************************
Running fits with the following parameters:
{'FiniteT_kernel': False,
 'Nt': 36,
 'batch_size': 128,
 'correlatorCols': '3:',
 'correlatorFile': '/work/data/candratschke/mock-data-main/zero_T/uncorrelated_data/BW/mock_corr_BW_Nt36_noise2.dat',
 'data_noise': 0.001,
 'epochs': [80],
 'errorCol': 2,
 'errorWeighting': True,
 'errormethod': 'jackknife',
 'eval_model': False,
 'extractedQuantity': 'Rho',
 'lambda_l2': [0.0001, 6.66754659e-08, 6.66754659e-08],
 'lambda_s': [1e-06, 3.55323189e-05, 3.55323189e-05],
 'learning_rate': [1e-05],
 'meanCol': 1,
 'model_file': 'KadesFC_Nt36_nbw3.keras',
 'networkStructure': 'KadesFC',
 'omega_max': 2,
 'omega_min': 0,
 'omega_points': 500,
 'outputDir': './outputs/',
 'outputFile': '',
 'saveLossHistory': True,
 'saveParams': True,
 'verbose': True,
 'xCol': 0}
Created FitRunner
========================================
Fitting mean correlator
========================================
Loaded the dataset
Initializing from scratch.
Training for 80 epochs

Start of epoch 0
Batch 0/3125, Loss: 33337.66015625
Batch 50/3125, Loss: 15903.79296875
Batch 100/3125, Loss: 2800.3212890625
Batch 150/3125, Loss: 2163.313720703125
Batch 200/3125, Loss: 1331.526611328125
Batch 250/3125, Loss: 686.0806274414062
Batch 300/3125, Loss: 196.85934448242188
Batch 350/3125, Loss: 109.9303970336914
Batch 400/3125, Loss: 110.18009948730469
Batch 450/3125, Loss: 64.3490982055664
Batch 500/3125, Loss: 54.81019592285156
Batch 550/3125, Loss: 44.70500564575195
Batch 600/3125, Loss: 39.528385162353516
Batch 650/3125, Loss: 33.92043685913086
Batch 700/3125, Loss: 28.337852478027344
Batch 750/3125, Loss: 24.039857864379883
Batch 800/3125, Loss: 23.36454963684082
Batch 850/3125, Loss: 15.507868766784668
Batch 900/3125, Loss: 16.80144500732422
Batch 950/3125, Loss: 16.64272689819336
Batch 1000/3125, Loss: 10.390183448791504
Batch 1050/3125, Loss: 11.140363693237305
Batch 1100/3125, Loss: 12.222793579101562
Batch 1150/3125, Loss: 10.623523712158203
Batch 1200/3125, Loss: 12.593169212341309
Batch 1250/3125, Loss: 12.378387451171875
Batch 1300/3125, Loss: 9.652831077575684
Batch 1350/3125, Loss: 7.463761329650879
Batch 1400/3125, Loss: 9.659444808959961
Batch 1450/3125, Loss: 7.2271647453308105
Batch 1500/3125, Loss: 7.884916305541992
Batch 1550/3125, Loss: 6.3569793701171875
Batch 1600/3125, Loss: 6.588883876800537
Batch 1650/3125, Loss: 5.572721481323242
Batch 1700/3125, Loss: 5.961552619934082
Batch 1750/3125, Loss: 6.353794574737549
Batch 1800/3125, Loss: 5.7777299880981445
Batch 1850/3125, Loss: 4.057528018951416
Batch 1900/3125, Loss: 7.254735946655273
Batch 1950/3125, Loss: 4.525882720947266
Batch 2000/3125, Loss: 4.055035591125488
Batch 2050/3125, Loss: 4.101097106933594
Batch 2100/3125, Loss: 4.158151626586914
Batch 2150/3125, Loss: 4.127798080444336
Batch 2200/3125, Loss: 3.793628692626953
Batch 2250/3125, Loss: 3.894660472869873
Batch 2300/3125, Loss: 3.676163673400879
Batch 2350/3125, Loss: 4.2847747802734375
Batch 2400/3125, Loss: 3.2073912620544434
Batch 2450/3125, Loss: 3.428718328475952
Batch 2500/3125, Loss: 3.031804084777832
Batch 2550/3125, Loss: 2.696854591369629
Batch 2600/3125, Loss: 2.879404067993164
Batch 2650/3125, Loss: 2.890127658843994
Batch 2700/3125, Loss: 2.5697431564331055
Batch 2750/3125, Loss: 2.3940916061401367
Batch 2800/3125, Loss: 2.6055099964141846
Batch 2850/3125, Loss: 2.226255416870117
Batch 2900/3125, Loss: 2.034214973449707
Batch 2950/3125, Loss: 2.1043541431427
Batch 3000/3125, Loss: 1.9556529521942139
Batch 3050/3125, Loss: 2.174543857574463
Batch 3100/3125, Loss: 1.8762593269348145

Start of epoch 1
Batch 0/3125, Loss: 1.9073865413665771
Batch 50/3125, Loss: 1.812758445739746
Batch 100/3125, Loss: 1.9817323684692383
Batch 150/3125, Loss: 2.167142868041992
Batch 200/3125, Loss: 1.8223261833190918
Batch 250/3125, Loss: 2.061953544616699
Batch 300/3125, Loss: 1.6891896724700928
Batch 350/3125, Loss: 1.7556815147399902
Batch 400/3125, Loss: 2.0123956203460693
Batch 450/3125, Loss: 1.8899335861206055
Batch 500/3125, Loss: 1.7822166681289673
Batch 550/3125, Loss: 1.6586740016937256
Batch 600/3125, Loss: 1.6709249019622803
Batch 650/3125, Loss: 1.6507234573364258
Batch 700/3125, Loss: 1.9040048122406006
Batch 750/3125, Loss: 1.7961499691009521
Batch 800/3125, Loss: 1.6047295331954956
Batch 850/3125, Loss: 1.6695574522018433
Batch 900/3125, Loss: 1.941670298576355
Batch 950/3125, Loss: 1.6484384536743164
Batch 1000/3125, Loss: 1.8527551889419556
Batch 1050/3125, Loss: 1.6420239210128784
Batch 1100/3125, Loss: 1.7079875469207764
Batch 1150/3125, Loss: 1.617295265197754
Batch 1200/3125, Loss: 1.7101134061813354
Batch 1250/3125, Loss: 1.6386264562606812
Batch 1300/3125, Loss: 1.8013404607772827
Batch 1350/3125, Loss: 1.9080535173416138
Batch 1400/3125, Loss: 1.5984269380569458
Batch 1450/3125, Loss: 1.6301994323730469
Batch 1500/3125, Loss: 1.6906908750534058
Batch 1550/3125, Loss: 1.7774072885513306
Batch 1600/3125, Loss: 1.6337554454803467
Batch 1650/3125, Loss: 1.7082505226135254
Batch 1700/3125, Loss: 1.5844833850860596
Batch 1750/3125, Loss: 1.5811125040054321
Batch 1800/3125, Loss: 1.7474759817123413
Batch 1850/3125, Loss: 2.02390456199646
Batch 1900/3125, Loss: 1.6114215850830078
Batch 1950/3125, Loss: 1.6489518880844116
Batch 2000/3125, Loss: 1.5634794235229492
Batch 2050/3125, Loss: 1.7351446151733398
Batch 2100/3125, Loss: 1.5440804958343506
Batch 2150/3125, Loss: 1.8972755670547485
Batch 2200/3125, Loss: 1.609276533126831
Batch 2250/3125, Loss: 1.5126032829284668
Batch 2300/3125, Loss: 1.698805809020996
Batch 2350/3125, Loss: 1.5171688795089722
Batch 2400/3125, Loss: 1.543764352798462
Batch 2450/3125, Loss: 1.6079248189926147
Batch 2500/3125, Loss: 1.4921904802322388
Batch 2550/3125, Loss: 1.7320855855941772
Batch 2600/3125, Loss: 1.5705621242523193
Batch 2650/3125, Loss: 1.7684235572814941
Batch 2700/3125, Loss: 1.614439845085144
Batch 2750/3125, Loss: 1.6164096593856812
Batch 2800/3125, Loss: 1.5781126022338867
Batch 2850/3125, Loss: 1.623545527458191
Batch 2900/3125, Loss: 1.5561200380325317
Batch 2950/3125, Loss: 1.5720758438110352
Batch 3000/3125, Loss: 1.670508861541748
Batch 3050/3125, Loss: 1.6677863597869873
Batch 3100/3125, Loss: 2.3045830726623535

Start of epoch 2
Batch 0/3125, Loss: 3.2804532051086426
Batch 50/3125, Loss: 1.6431721448898315
Batch 100/3125, Loss: 1.6676498651504517
Batch 150/3125, Loss: 1.508453607559204
Batch 200/3125, Loss: 1.5420701503753662
Batch 250/3125, Loss: 1.6011111736297607
Batch 300/3125, Loss: 1.623813509941101
Batch 350/3125, Loss: 1.547898292541504
Batch 400/3125, Loss: 1.421587586402893
Batch 450/3125, Loss: 1.5366259813308716
Batch 500/3125, Loss: 1.5471938848495483
Batch 550/3125, Loss: 1.5693371295928955
Batch 600/3125, Loss: 1.53581702709198
Batch 650/3125, Loss: 1.5204588174819946
Batch 700/3125, Loss: 1.5013208389282227
Batch 750/3125, Loss: 1.7229225635528564
Batch 800/3125, Loss: 1.3721472024917603
Batch 850/3125, Loss: 1.73764169216156
Batch 900/3125, Loss: 1.5019623041152954
Batch 950/3125, Loss: 1.7176940441131592
Batch 1000/3125, Loss: 1.571932077407837
Batch 1050/3125, Loss: 1.4297564029693604
Batch 1100/3125, Loss: 1.4896998405456543
Batch 1150/3125, Loss: 1.4484161138534546
Batch 1200/3125, Loss: 1.624221682548523
Batch 1250/3125, Loss: 1.591620922088623
Batch 1300/3125, Loss: 1.6217845678329468
Batch 1350/3125, Loss: 1.439685344696045
Batch 1400/3125, Loss: 1.4471265077590942
Batch 1450/3125, Loss: 1.4982707500457764
Batch 1500/3125, Loss: 1.5473803281784058
Batch 1550/3125, Loss: 1.453361988067627
Batch 1600/3125, Loss: 1.4426158666610718
Batch 1650/3125, Loss: 1.3660675287246704
Batch 1700/3125, Loss: 1.4178203344345093
Batch 1750/3125, Loss: 1.4881908893585205
Batch 1800/3125, Loss: 1.496042251586914
Batch 1850/3125, Loss: 1.5521031618118286
Batch 1900/3125, Loss: 1.4517762660980225
Batch 1950/3125, Loss: 2.590123414993286
Batch 2000/3125, Loss: 1.4383904933929443
Batch 2050/3125, Loss: 1.4676711559295654
Batch 2100/3125, Loss: 1.652524471282959
Batch 2150/3125, Loss: 1.481865406036377
Batch 2200/3125, Loss: 1.5050506591796875
Batch 2250/3125, Loss: 1.5582764148712158
Batch 2300/3125, Loss: 1.5188014507293701
Batch 2350/3125, Loss: 1.5380101203918457
Batch 2400/3125, Loss: 1.3867491483688354
Batch 2450/3125, Loss: 1.5675448179244995
Batch 2500/3125, Loss: 1.4233393669128418
Batch 2550/3125, Loss: 1.372025728225708
Batch 2600/3125, Loss: 1.3939143419265747
Batch 2650/3125, Loss: 1.4027843475341797
Batch 2700/3125, Loss: 1.4726781845092773
Batch 2750/3125, Loss: 1.8392326831817627
Batch 2800/3125, Loss: 3.1213250160217285
Batch 2850/3125, Loss: 1.6621326208114624
Batch 2900/3125, Loss: 1.4063585996627808
Batch 2950/3125, Loss: 1.4189344644546509
Batch 3000/3125, Loss: 1.546355962753296
Batch 3050/3125, Loss: 1.5660429000854492
Batch 3100/3125, Loss: 1.4511070251464844

Start of epoch 3
Batch 0/3125, Loss: 1.5064725875854492
Batch 50/3125, Loss: 1.406381607055664
Batch 100/3125, Loss: 1.3742669820785522
Batch 150/3125, Loss: 1.4908968210220337
Batch 200/3125, Loss: 1.3742685317993164
Batch 250/3125, Loss: 1.3880000114440918
Batch 300/3125, Loss: 1.5378150939941406
Batch 350/3125, Loss: 1.4147197008132935
Batch 400/3125, Loss: 1.433789610862732
Batch 450/3125, Loss: 1.4208202362060547
Batch 500/3125, Loss: 1.4647330045700073
Batch 550/3125, Loss: 1.4504886865615845
Batch 600/3125, Loss: 1.6139750480651855
Batch 650/3125, Loss: 1.492244839668274
Batch 700/3125, Loss: 1.4644653797149658
Batch 750/3125, Loss: 1.5438178777694702
Batch 800/3125, Loss: 1.3718737363815308
Batch 850/3125, Loss: 1.3110690116882324
Batch 900/3125, Loss: 1.4374761581420898
Batch 950/3125, Loss: 1.4928275346755981
Batch 1000/3125, Loss: 1.508574366569519
Batch 1050/3125, Loss: 1.505103349685669
Batch 1100/3125, Loss: 1.3272813558578491
Batch 1150/3125, Loss: 1.3823235034942627
Batch 1200/3125, Loss: 2.2622551918029785
Batch 1250/3125, Loss: 3.222170829772949
Batch 1300/3125, Loss: 1.5582000017166138
Batch 1350/3125, Loss: 1.3766201734542847
Batch 1400/3125, Loss: 1.523725986480713
Batch 1450/3125, Loss: 1.278591513633728
Batch 1500/3125, Loss: 1.2547273635864258
Batch 1550/3125, Loss: 1.442090630531311
Batch 1600/3125, Loss: 1.3443810939788818
Batch 1650/3125, Loss: 1.4946696758270264
Batch 1700/3125, Loss: 1.3240021467208862
Batch 1750/3125, Loss: 1.3114235401153564
Batch 1800/3125, Loss: 1.3875486850738525
Batch 1850/3125, Loss: 1.331228494644165
Batch 1900/3125, Loss: 1.9759589433670044
Batch 1950/3125, Loss: 1.516606330871582
Batch 2000/3125, Loss: 1.5507503747940063
Batch 2050/3125, Loss: 1.3551992177963257
Batch 2100/3125, Loss: 1.4648619890213013
Batch 2150/3125, Loss: 1.4191604852676392
Batch 2200/3125, Loss: 1.4598236083984375
Batch 2250/3125, Loss: 1.4560809135437012
Batch 2300/3125, Loss: 1.5086086988449097
Batch 2350/3125, Loss: 1.358351707458496
Batch 2400/3125, Loss: 4.715540885925293
Batch 2450/3125, Loss: 1.522100567817688
Batch 2500/3125, Loss: 1.4899842739105225
Batch 2550/3125, Loss: 1.492221713066101
Batch 2600/3125, Loss: 1.3692140579223633
Batch 2650/3125, Loss: 1.3803242444992065
Batch 2700/3125, Loss: 1.3930556774139404
Batch 2750/3125, Loss: 1.4000645875930786
Batch 2800/3125, Loss: 1.4460079669952393
Batch 2850/3125, Loss: 1.3961554765701294
Batch 2900/3125, Loss: 1.3703213930130005
Batch 2950/3125, Loss: 1.352483868598938
Batch 3000/3125, Loss: 1.3868049383163452
Batch 3050/3125, Loss: 1.3380930423736572
Batch 3100/3125, Loss: 1.39218008518219

Start of epoch 4
Batch 0/3125, Loss: 1.318063497543335
Batch 50/3125, Loss: 1.4341942071914673
Batch 100/3125, Loss: 3.96999192237854
Batch 150/3125, Loss: 1.5580942630767822
Batch 200/3125, Loss: 1.4070091247558594
Batch 250/3125, Loss: 1.3803300857543945
Batch 300/3125, Loss: 1.3464279174804688
Batch 350/3125, Loss: 1.3712670803070068
Batch 400/3125, Loss: 1.4164890050888062
Batch 450/3125, Loss: 1.314803957939148
Batch 500/3125, Loss: 1.3308906555175781
Batch 550/3125, Loss: 1.415532112121582
Batch 600/3125, Loss: 1.435427188873291
Batch 650/3125, Loss: 1.4948854446411133
Batch 700/3125, Loss: 1.5325545072555542
Batch 750/3125, Loss: 1.4187220335006714
Batch 800/3125, Loss: 1.4981119632720947
Batch 850/3125, Loss: 1.3780517578125
Batch 900/3125, Loss: 1.353751540184021
Batch 950/3125, Loss: 1.534726619720459
Batch 1000/3125, Loss: 1.457800269126892
Batch 1050/3125, Loss: 1.318657398223877
Batch 1100/3125, Loss: 3.6318507194519043
Batch 1150/3125, Loss: 1.357263207435608
Batch 1200/3125, Loss: 1.4302315711975098
Batch 1250/3125, Loss: 1.383195161819458
Batch 1300/3125, Loss: 1.2579154968261719
Batch 1350/3125, Loss: 1.420111060142517
Batch 1400/3125, Loss: 1.427121877670288
Batch 1450/3125, Loss: 1.3449512720108032
Batch 1500/3125, Loss: 1.4727799892425537
Batch 1550/3125, Loss: 1.3447259664535522
Batch 1600/3125, Loss: 1.8807696104049683
Batch 1650/3125, Loss: 1.3808073997497559
Batch 1700/3125, Loss: 1.379248023033142
Batch 1750/3125, Loss: 1.3913252353668213
Batch 1800/3125, Loss: 1.365964412689209
Batch 1850/3125, Loss: 1.2509385347366333
Batch 1900/3125, Loss: 1.3374838829040527
Batch 1950/3125, Loss: 1.3454461097717285
Batch 2000/3125, Loss: 1.5654834508895874
Batch 2050/3125, Loss: 1.4103977680206299
Batch 2100/3125, Loss: 1.4377433061599731
Batch 2150/3125, Loss: 1.4199652671813965
Batch 2200/3125, Loss: 1.3422516584396362
Batch 2250/3125, Loss: 1.4822973012924194
Batch 2300/3125, Loss: 1.3435524702072144
Batch 2350/3125, Loss: 1.3594945669174194
Batch 2400/3125, Loss: 1.2936851978302002
Batch 2450/3125, Loss: 5.455423355102539
Batch 2500/3125, Loss: 1.4666725397109985
Batch 2550/3125, Loss: 1.407006025314331
Batch 2600/3125, Loss: 1.4549188613891602
Batch 2650/3125, Loss: 1.4314537048339844
Batch 2700/3125, Loss: 1.2463802099227905
Batch 2750/3125, Loss: 1.2504212856292725
Batch 2800/3125, Loss: 1.3364002704620361
Batch 2850/3125, Loss: 1.405099630355835
Batch 2900/3125, Loss: 1.2518668174743652
Batch 2950/3125, Loss: 1.4151554107666016
Batch 3000/3125, Loss: 1.2999036312103271
Batch 3050/3125, Loss: 1.2868831157684326
Batch 3100/3125, Loss: 1.2836560010910034

Start of epoch 5
Batch 0/3125, Loss: 1.2922347784042358
Batch 50/3125, Loss: 1.3545904159545898
Batch 100/3125, Loss: 1.4931144714355469
Batch 150/3125, Loss: 1.2325968742370605
Batch 200/3125, Loss: 1.4766087532043457
Batch 250/3125, Loss: 1.632532000541687
Batch 300/3125, Loss: 1.6578108072280884
Batch 350/3125, Loss: 1.4679123163223267
Batch 400/3125, Loss: 1.3215320110321045
Batch 450/3125, Loss: 1.2862839698791504
Batch 500/3125, Loss: 1.2985539436340332
Batch 550/3125, Loss: 1.208618402481079
Batch 600/3125, Loss: 1.3563791513442993
Batch 650/3125, Loss: 1.3266786336898804
Batch 700/3125, Loss: 1.2735600471496582
Batch 750/3125, Loss: 1.2722152471542358
Batch 800/3125, Loss: 1.3144583702087402
Batch 850/3125, Loss: 1.454032301902771
Batch 900/3125, Loss: 1.4364913702011108
Batch 950/3125, Loss: 1.2642980813980103
Batch 1000/3125, Loss: 1.2514357566833496
Batch 1050/3125, Loss: 1.2861016988754272
Batch 1100/3125, Loss: 1.4709211587905884
Batch 1150/3125, Loss: 1.388710856437683
Batch 1200/3125, Loss: 1.312052845954895
Batch 1250/3125, Loss: 1.2637012004852295
Batch 1300/3125, Loss: 1.3606632947921753
Batch 1350/3125, Loss: 1.3183544874191284
Batch 1400/3125, Loss: 1.3205510377883911
Batch 1450/3125, Loss: 1.3680787086486816
Batch 1500/3125, Loss: 1.3137177228927612
Batch 1550/3125, Loss: 1.4020297527313232
Batch 1600/3125, Loss: 1.1868932247161865
Batch 1650/3125, Loss: 1.3499886989593506
Batch 1700/3125, Loss: 1.2471455335617065
Batch 1750/3125, Loss: 1.3070939779281616
Batch 1800/3125, Loss: 1.2695776224136353
Batch 1850/3125, Loss: 1.223496437072754
Batch 1900/3125, Loss: 1.164711594581604
Batch 1950/3125, Loss: 1.267479419708252
Batch 2000/3125, Loss: 1.277580976486206
Batch 2050/3125, Loss: 1.3198362588882446
Batch 2100/3125, Loss: 1.2618860006332397
Batch 2150/3125, Loss: 1.3016904592514038
Batch 2200/3125, Loss: 1.3397446870803833
Batch 2250/3125, Loss: 1.2045209407806396
Batch 2300/3125, Loss: 1.3179090023040771
Batch 2350/3125, Loss: 1.3279178142547607
Batch 2400/3125, Loss: 1.350208044052124
Batch 2450/3125, Loss: 1.2638280391693115
Batch 2500/3125, Loss: 1.2722703218460083
Batch 2550/3125, Loss: 1.4758927822113037
Batch 2600/3125, Loss: 1.3966236114501953
Batch 2650/3125, Loss: 1.344266414642334
Batch 2700/3125, Loss: 1.832859754562378
Batch 2750/3125, Loss: 1.4599659442901611
Batch 2800/3125, Loss: 1.3002290725708008
Batch 2850/3125, Loss: 1.3536734580993652
Batch 2900/3125, Loss: 1.4051513671875
Batch 2950/3125, Loss: 1.195576548576355
Batch 3000/3125, Loss: 1.2698628902435303
Batch 3050/3125, Loss: 1.2987210750579834
Batch 3100/3125, Loss: 1.379272699356079

Start of epoch 6
Batch 0/3125, Loss: 1.3252564668655396
Batch 50/3125, Loss: 1.2161035537719727
Batch 100/3125, Loss: 1.29554283618927
Batch 150/3125, Loss: 1.2490679025650024
Batch 200/3125, Loss: 1.3125264644622803
Batch 250/3125, Loss: 1.2884769439697266
Batch 300/3125, Loss: 1.4084091186523438
Batch 350/3125, Loss: 1.3446332216262817
Batch 400/3125, Loss: 1.2812790870666504
Batch 450/3125, Loss: 1.2208360433578491
Batch 500/3125, Loss: 1.2407572269439697
Batch 550/3125, Loss: 1.2610846757888794
Batch 600/3125, Loss: 1.2878342866897583
Batch 650/3125, Loss: 1.3011815547943115
Batch 700/3125, Loss: 1.2098771333694458
Batch 750/3125, Loss: 1.2628003358840942
Batch 800/3125, Loss: 1.218422293663025
Batch 850/3125, Loss: 1.2951005697250366
Batch 900/3125, Loss: 1.2468271255493164
Batch 950/3125, Loss: 1.3251924514770508
Batch 1000/3125, Loss: 1.2398533821105957
Batch 1050/3125, Loss: 1.2561297416687012
Batch 1100/3125, Loss: 1.3531861305236816
Batch 1150/3125, Loss: 1.2962820529937744
Batch 1200/3125, Loss: 1.3192479610443115
Batch 1250/3125, Loss: 1.2673192024230957
Batch 1300/3125, Loss: 1.2615532875061035
Batch 1350/3125, Loss: 2.1139535903930664
Batch 1400/3125, Loss: 2.4003307819366455
Batch 1450/3125, Loss: 1.2500661611557007
Batch 1500/3125, Loss: 1.1841585636138916
Batch 1550/3125, Loss: 1.2249962091445923
Batch 1600/3125, Loss: 1.250885009765625
Batch 1650/3125, Loss: 1.296818494796753
Batch 1700/3125, Loss: 1.1762515306472778
Batch 1750/3125, Loss: 1.3010616302490234
Batch 1800/3125, Loss: 1.2634871006011963
Batch 1850/3125, Loss: 1.1933479309082031
Batch 1900/3125, Loss: 1.4075168371200562
Batch 1950/3125, Loss: 1.2022323608398438
Batch 2000/3125, Loss: 1.6571660041809082
Batch 2050/3125, Loss: 1.0876761674880981
Batch 2100/3125, Loss: 1.277642011642456
Batch 2150/3125, Loss: 1.2214415073394775
Batch 2200/3125, Loss: 1.2578994035720825
Batch 2250/3125, Loss: 1.2151862382888794
Batch 2300/3125, Loss: 1.32816481590271
Batch 2350/3125, Loss: 2.062375068664551
Batch 2400/3125, Loss: 1.3231463432312012
Batch 2450/3125, Loss: 1.4323786497116089
Batch 2500/3125, Loss: 1.2961331605911255
Batch 2550/3125, Loss: 1.279552936553955
Batch 2600/3125, Loss: 1.1907894611358643
Batch 2650/3125, Loss: 1.2164101600646973
Batch 2700/3125, Loss: 1.283215880393982
Batch 2750/3125, Loss: 1.2845746278762817
Batch 2800/3125, Loss: 1.186363697052002
Batch 2850/3125, Loss: 1.2806687355041504
Batch 2900/3125, Loss: 1.2585430145263672
Batch 2950/3125, Loss: 1.2147163152694702
Batch 3000/3125, Loss: 1.2520978450775146
Batch 3050/3125, Loss: 1.3209763765335083
Batch 3100/3125, Loss: 1.2802749872207642

Start of epoch 7
Batch 0/3125, Loss: 1.2291699647903442
Batch 50/3125, Loss: 1.2095894813537598
Batch 100/3125, Loss: 1.2657560110092163
Batch 150/3125, Loss: 1.2422902584075928
Batch 200/3125, Loss: 1.4381277561187744
Batch 250/3125, Loss: 1.3108575344085693
Batch 300/3125, Loss: 1.1310036182403564
Batch 350/3125, Loss: 1.1930019855499268
Batch 400/3125, Loss: 1.2831978797912598
Batch 450/3125, Loss: 2.3223650455474854
Batch 500/3125, Loss: 1.4577691555023193
Batch 550/3125, Loss: 1.1894387006759644
Batch 600/3125, Loss: 1.245051622390747
Batch 650/3125, Loss: 1.1725603342056274
Batch 700/3125, Loss: 1.3588807582855225
Batch 750/3125, Loss: 1.260169267654419
Batch 800/3125, Loss: 1.2622833251953125
Batch 850/3125, Loss: 1.2645699977874756
Batch 900/3125, Loss: 1.2898942232131958
Batch 950/3125, Loss: 1.1513710021972656
Batch 1000/3125, Loss: 1.176160454750061
Batch 1050/3125, Loss: 2.0180888175964355
Batch 1100/3125, Loss: 1.2528133392333984
Batch 1150/3125, Loss: 1.2090469598770142
Batch 1200/3125, Loss: 1.264330267906189
Batch 1250/3125, Loss: 1.3965744972229004
Batch 1300/3125, Loss: 1.4666340351104736
Batch 1350/3125, Loss: 1.2188100814819336
Batch 1400/3125, Loss: 1.2482644319534302
Batch 1450/3125, Loss: 1.369277000427246
Batch 1500/3125, Loss: 1.290802240371704
Batch 1550/3125, Loss: 1.2484265565872192
Batch 1600/3125, Loss: 1.3454676866531372
Batch 1650/3125, Loss: 1.2691669464111328
Batch 1700/3125, Loss: 1.1052563190460205
Batch 1750/3125, Loss: 1.1279265880584717
Batch 1800/3125, Loss: 1.1893744468688965
Batch 1850/3125, Loss: 1.2416523694992065
Batch 1900/3125, Loss: 1.244451880455017
Batch 1950/3125, Loss: 1.2311339378356934
Batch 2000/3125, Loss: 1.2193007469177246
Batch 2050/3125, Loss: 1.2379719018936157
Batch 2100/3125, Loss: 1.1957392692565918
Batch 2150/3125, Loss: 1.228216528892517
Batch 2200/3125, Loss: 1.2152941226959229
Batch 2250/3125, Loss: 1.1941944360733032
Batch 2300/3125, Loss: 1.2198262214660645
Batch 2350/3125, Loss: 1.1296783685684204
Batch 2400/3125, Loss: 1.245012879371643
Batch 2450/3125, Loss: 1.275649070739746
Batch 2500/3125, Loss: 1.2563050985336304
Batch 2550/3125, Loss: 1.17080819606781
Batch 2600/3125, Loss: 1.1945114135742188
Batch 2650/3125, Loss: 1.2360833883285522
Batch 2700/3125, Loss: 1.269574522972107
Batch 2750/3125, Loss: 1.1783103942871094
Batch 2800/3125, Loss: 1.2765977382659912
Batch 2850/3125, Loss: 1.2198456525802612
Batch 2900/3125, Loss: 1.186236023902893
Batch 2950/3125, Loss: 1.2440208196640015
Batch 3000/3125, Loss: 1.21848464012146
Batch 3050/3125, Loss: 1.2103452682495117
Batch 3100/3125, Loss: 1.3087506294250488

Start of epoch 8
Batch 0/3125, Loss: 1.235466480255127
Batch 50/3125, Loss: 1.3491179943084717
Batch 100/3125, Loss: 1.161048173904419
Batch 150/3125, Loss: 1.2258750200271606
Batch 200/3125, Loss: 1.3014979362487793
Batch 250/3125, Loss: 1.2007964849472046
Batch 300/3125, Loss: 1.2923028469085693
Batch 350/3125, Loss: 1.1625992059707642
Batch 400/3125, Loss: 1.2729421854019165
Batch 450/3125, Loss: 1.2391563653945923
Batch 500/3125, Loss: 1.2973514795303345
Batch 550/3125, Loss: 1.2394680976867676
Batch 600/3125, Loss: 1.3385119438171387
Batch 650/3125, Loss: 1.2342649698257446
Batch 700/3125, Loss: 1.337735652923584
Batch 750/3125, Loss: 1.1762923002243042
Batch 800/3125, Loss: 1.187571406364441
Batch 850/3125, Loss: 1.308173418045044
Batch 900/3125, Loss: 1.5692644119262695
Batch 950/3125, Loss: 1.290942907333374
Batch 1000/3125, Loss: 1.1772780418395996
Batch 1050/3125, Loss: 1.1742230653762817
Batch 1100/3125, Loss: 1.1944098472595215
Batch 1150/3125, Loss: 1.2784059047698975
Batch 1200/3125, Loss: 1.195738673210144
Batch 1250/3125, Loss: 1.2231566905975342
Batch 1300/3125, Loss: 1.3151463270187378
Batch 1350/3125, Loss: 1.1986256837844849
Batch 1400/3125, Loss: 1.4073470830917358
Batch 1450/3125, Loss: 1.3623480796813965
Batch 1500/3125, Loss: 2.1081607341766357
Batch 1550/3125, Loss: 1.4886237382888794
Batch 1600/3125, Loss: 1.2096989154815674
Batch 1650/3125, Loss: 1.160922884941101
Batch 1700/3125, Loss: 1.1828832626342773
Batch 1750/3125, Loss: 1.1462255716323853
Batch 1800/3125, Loss: 1.2907288074493408
Batch 1850/3125, Loss: 1.2288869619369507
Batch 1900/3125, Loss: 1.1658530235290527
Batch 1950/3125, Loss: 1.1692229509353638
Batch 2000/3125, Loss: 1.1738477945327759
Batch 2050/3125, Loss: 1.2099884748458862
Batch 2100/3125, Loss: 1.236566424369812
Batch 2150/3125, Loss: 1.9059700965881348
Batch 2200/3125, Loss: 1.1790584325790405
Batch 2250/3125, Loss: 1.2875328063964844
Batch 2300/3125, Loss: 1.2355010509490967
Batch 2350/3125, Loss: 1.185837984085083
Batch 2400/3125, Loss: 1.2976170778274536
Batch 2450/3125, Loss: 1.2513515949249268
Batch 2500/3125, Loss: 1.1205081939697266
Batch 2550/3125, Loss: 1.1757615804672241
Batch 2600/3125, Loss: 1.8130161762237549
Batch 2650/3125, Loss: 1.1877925395965576
Batch 2700/3125, Loss: 1.1985689401626587
Batch 2750/3125, Loss: 1.2644054889678955
Batch 2800/3125, Loss: 1.2492256164550781
Batch 2850/3125, Loss: 1.1693074703216553
Batch 2900/3125, Loss: 1.2027738094329834
Batch 2950/3125, Loss: 1.2003182172775269
Batch 3000/3125, Loss: 1.1822346448898315
Batch 3050/3125, Loss: 1.2527847290039062
Batch 3100/3125, Loss: 1.285175085067749

Start of epoch 9
Batch 0/3125, Loss: 1.1764899492263794
Batch 50/3125, Loss: 1.189092993736267
Batch 100/3125, Loss: 1.229729175567627
Batch 150/3125, Loss: 1.1879072189331055
Batch 200/3125, Loss: 1.2632602453231812
Batch 250/3125, Loss: 1.179530143737793
Batch 300/3125, Loss: 1.2088911533355713
Batch 350/3125, Loss: 1.2181086540222168
Batch 400/3125, Loss: 1.159096121788025
Batch 450/3125, Loss: 1.1358249187469482
Batch 500/3125, Loss: 1.1385431289672852
Batch 550/3125, Loss: 1.2281631231307983
Batch 600/3125, Loss: 1.2407104969024658
Batch 650/3125, Loss: 1.1858317852020264
Batch 700/3125, Loss: 1.2520006895065308
Batch 750/3125, Loss: 1.9649100303649902
Batch 800/3125, Loss: 1.276329517364502
Batch 850/3125, Loss: 1.1303659677505493
Batch 900/3125, Loss: 1.213940143585205
Batch 950/3125, Loss: 1.0946497917175293
Batch 1000/3125, Loss: 1.5267139673233032
Batch 1050/3125, Loss: 1.2031018733978271
Batch 1100/3125, Loss: 1.2186840772628784
Batch 1150/3125, Loss: 1.2349133491516113
Batch 1200/3125, Loss: 1.1768970489501953
Batch 1250/3125, Loss: 1.204838514328003
Batch 1300/3125, Loss: 1.1914513111114502
Batch 1350/3125, Loss: 1.3566828966140747
Batch 1400/3125, Loss: 1.964585304260254
Batch 1450/3125, Loss: 1.1508656740188599
Batch 1500/3125, Loss: 1.1951528787612915
Batch 1550/3125, Loss: 1.2740570306777954
Batch 1600/3125, Loss: 1.1786682605743408
Batch 1650/3125, Loss: 1.2712653875350952
Batch 1700/3125, Loss: 1.1548171043395996
Batch 1750/3125, Loss: 1.1897696256637573
Batch 1800/3125, Loss: 1.2177871465682983
Batch 1850/3125, Loss: 1.394654631614685
Batch 1900/3125, Loss: 1.1745001077651978
Batch 1950/3125, Loss: 1.2240779399871826
Batch 2000/3125, Loss: 1.18671452999115
Batch 2050/3125, Loss: 1.51335871219635
Batch 2100/3125, Loss: 1.1470158100128174
Batch 2150/3125, Loss: 1.1801015138626099
Batch 2200/3125, Loss: 1.2119410037994385
Batch 2250/3125, Loss: 1.1383439302444458
Batch 2300/3125, Loss: 1.172060489654541
Batch 2350/3125, Loss: 1.2098557949066162
Batch 2400/3125, Loss: 1.4283040761947632
Batch 2450/3125, Loss: 1.2120630741119385
Batch 2500/3125, Loss: 1.21847403049469
Batch 2550/3125, Loss: 1.208706021308899
Batch 2600/3125, Loss: 1.1455061435699463
Batch 2650/3125, Loss: 1.1572356224060059
Batch 2700/3125, Loss: 1.2155413627624512
Batch 2750/3125, Loss: 1.1416661739349365
Batch 2800/3125, Loss: 1.1499110460281372
Batch 2850/3125, Loss: 1.2311527729034424
Batch 2900/3125, Loss: 1.1834369897842407
Batch 2950/3125, Loss: 1.1975736618041992
Batch 3000/3125, Loss: 1.1082762479782104
Batch 3050/3125, Loss: 1.1886906623840332
Batch 3100/3125, Loss: 1.2945191860198975

Start of epoch 10
Batch 0/3125, Loss: 1.1334596872329712
Batch 50/3125, Loss: 1.264509677886963
Batch 100/3125, Loss: 3.6122965812683105
Batch 150/3125, Loss: 1.2055221796035767
Batch 200/3125, Loss: 1.1595165729522705
Batch 250/3125, Loss: 1.244776725769043
Batch 300/3125, Loss: 1.2332265377044678
Batch 350/3125, Loss: 1.1494522094726562
Batch 400/3125, Loss: 1.1682870388031006
Batch 450/3125, Loss: 1.2031216621398926
Batch 500/3125, Loss: 1.1133157014846802
Batch 550/3125, Loss: 1.1407430171966553
Batch 600/3125, Loss: 1.1798896789550781
Batch 650/3125, Loss: 1.1425749063491821
Batch 700/3125, Loss: 1.1660902500152588
Batch 750/3125, Loss: 1.2414450645446777
Batch 800/3125, Loss: 1.1782219409942627
Batch 850/3125, Loss: 1.1352293491363525
Batch 900/3125, Loss: 2.0641067028045654
Batch 950/3125, Loss: 1.2690188884735107
Batch 1000/3125, Loss: 1.3287036418914795
Batch 1050/3125, Loss: 1.2415679693222046
Batch 1100/3125, Loss: 1.1642688512802124
Batch 1150/3125, Loss: 1.1936359405517578
Batch 1200/3125, Loss: 1.1798856258392334
Batch 1250/3125, Loss: 1.2082635164260864
Batch 1300/3125, Loss: 1.1528358459472656
Batch 1350/3125, Loss: 1.135913372039795
Batch 1400/3125, Loss: 1.1433004140853882
Batch 1450/3125, Loss: 1.115964412689209
Batch 1500/3125, Loss: 1.184570074081421
Batch 1550/3125, Loss: 1.1694345474243164
Batch 1600/3125, Loss: 1.149288296699524
Batch 1650/3125, Loss: 1.2110388278961182
Batch 1700/3125, Loss: 1.244373083114624
Batch 1750/3125, Loss: 1.187349557876587
Batch 1800/3125, Loss: 1.3382174968719482
Batch 1850/3125, Loss: 3.9602222442626953
Batch 1900/3125, Loss: 1.4179869890213013
Batch 1950/3125, Loss: 1.1244546175003052
Batch 2000/3125, Loss: 1.14972984790802
Batch 2050/3125, Loss: 1.1285400390625
Batch 2100/3125, Loss: 1.1644600629806519
Batch 2150/3125, Loss: 1.1281559467315674
Batch 2200/3125, Loss: 1.1704152822494507
Batch 2250/3125, Loss: 1.1664866209030151
Batch 2300/3125, Loss: 1.1971455812454224
Batch 2350/3125, Loss: 1.1699604988098145
Batch 2400/3125, Loss: 1.1663017272949219
Batch 2450/3125, Loss: 1.1955537796020508
Batch 2500/3125, Loss: 1.1211106777191162
Batch 2550/3125, Loss: 1.132554054260254
Batch 2600/3125, Loss: 1.1096622943878174
Batch 2650/3125, Loss: 1.0999224185943604
Batch 2700/3125, Loss: 1.1610770225524902
Batch 2750/3125, Loss: 1.1716277599334717
Batch 2800/3125, Loss: 1.1628990173339844
Batch 2850/3125, Loss: 1.672303557395935
Batch 2900/3125, Loss: 1.7876856327056885
Batch 2950/3125, Loss: 1.192427635192871
Batch 3000/3125, Loss: 1.1301840543746948
Batch 3050/3125, Loss: 1.1494191884994507
Batch 3100/3125, Loss: 1.1839160919189453

Start of epoch 11
Batch 0/3125, Loss: 1.1724028587341309
Batch 50/3125, Loss: 1.1404651403427124
Batch 100/3125, Loss: 1.1355392932891846
Batch 150/3125, Loss: 1.108529806137085
Batch 200/3125, Loss: 1.1023454666137695
Batch 250/3125, Loss: 1.226443886756897
Batch 300/3125, Loss: 1.1909453868865967
Batch 350/3125, Loss: 1.1525253057479858
Batch 400/3125, Loss: 1.13360595703125
Batch 450/3125, Loss: 1.2102826833724976
Batch 500/3125, Loss: 1.2342448234558105
Batch 550/3125, Loss: 11.856186866760254
Batch 600/3125, Loss: 1.2837536334991455
Batch 650/3125, Loss: 1.1421910524368286
Batch 700/3125, Loss: 1.1731798648834229
Batch 750/3125, Loss: 1.1958775520324707
Batch 800/3125, Loss: 1.111694574356079
Batch 850/3125, Loss: 1.1419070959091187
Batch 900/3125, Loss: 1.1805795431137085
Batch 950/3125, Loss: 1.1530673503875732
Batch 1000/3125, Loss: 1.1207833290100098
Batch 1050/3125, Loss: 1.1134974956512451
Batch 1100/3125, Loss: 1.1785284280776978
Batch 1150/3125, Loss: 1.2218666076660156
Batch 1200/3125, Loss: 1.1744866371154785
Batch 1250/3125, Loss: 1.150101661682129
Batch 1300/3125, Loss: 1.1351839303970337
Batch 1350/3125, Loss: 1.132584571838379
Batch 1400/3125, Loss: 1.2131026983261108
Batch 1450/3125, Loss: 1.1341445446014404
Batch 1500/3125, Loss: 1.1225664615631104
Batch 1550/3125, Loss: 1.1270880699157715
Batch 1600/3125, Loss: 1.1879853010177612
Batch 1650/3125, Loss: 1.1559518575668335
Batch 1700/3125, Loss: 1.1708253622055054
Batch 1750/3125, Loss: 1.218671202659607
Batch 1800/3125, Loss: 1.3086512088775635
Batch 1850/3125, Loss: 1.13260817527771
Batch 1900/3125, Loss: 1.0916422605514526
Batch 1950/3125, Loss: 1.207948923110962
Batch 2000/3125, Loss: 1.1466386318206787
Batch 2050/3125, Loss: 1.110373854637146
Batch 2100/3125, Loss: 2.1426374912261963
Batch 2150/3125, Loss: 1.2618058919906616
Batch 2200/3125, Loss: 1.1430919170379639
Batch 2250/3125, Loss: 1.146307110786438
Batch 2300/3125, Loss: 1.1063264608383179
Batch 2350/3125, Loss: 1.094897985458374
Batch 2400/3125, Loss: 1.1602437496185303
Batch 2450/3125, Loss: 1.0939875841140747
Batch 2500/3125, Loss: 1.203460931777954
Batch 2550/3125, Loss: 1.1047402620315552
Batch 2600/3125, Loss: 1.1142982244491577
Batch 2650/3125, Loss: 1.1966781616210938
Batch 2700/3125, Loss: 1.1986805200576782
Batch 2750/3125, Loss: 1.205937385559082
Batch 2800/3125, Loss: 1.1219688653945923
Batch 2850/3125, Loss: 1.3351160287857056
Batch 2900/3125, Loss: 1.1945968866348267
Batch 2950/3125, Loss: 1.208587884902954
Batch 3000/3125, Loss: 1.148638367652893
Batch 3050/3125, Loss: 1.188195824623108
Batch 3100/3125, Loss: 1.1314363479614258

Start of epoch 12
Batch 0/3125, Loss: 1.1316317319869995
Batch 50/3125, Loss: 2.3013908863067627
Batch 100/3125, Loss: 1.2307549715042114
Batch 150/3125, Loss: 1.1312932968139648
Batch 200/3125, Loss: 1.1646039485931396
Batch 250/3125, Loss: 1.1469262838363647
Batch 300/3125, Loss: 1.1548032760620117
Batch 350/3125, Loss: 1.1071721315383911
Batch 400/3125, Loss: 1.191871166229248
Batch 450/3125, Loss: 1.1559714078903198
Batch 500/3125, Loss: 1.2391825914382935
Batch 550/3125, Loss: 1.2192776203155518
Batch 600/3125, Loss: 1.353171467781067
Batch 650/3125, Loss: 1.2067372798919678
Batch 700/3125, Loss: 1.205762267112732
Batch 750/3125, Loss: 1.156951904296875
Batch 800/3125, Loss: 1.1747949123382568
Batch 850/3125, Loss: 1.1941134929656982
Batch 900/3125, Loss: 1.154443383216858
Batch 950/3125, Loss: 1.2970499992370605
Batch 1000/3125, Loss: 1.1122949123382568
Batch 1050/3125, Loss: 1.5436666011810303
Batch 1100/3125, Loss: 1.1413280963897705
Batch 1150/3125, Loss: 1.1174687147140503
Batch 1200/3125, Loss: 1.115193247795105
Batch 1250/3125, Loss: 1.2009146213531494
Batch 1300/3125, Loss: 1.1158487796783447
Batch 1350/3125, Loss: 1.1832093000411987
Batch 1400/3125, Loss: 1.1366996765136719
Batch 1450/3125, Loss: 1.106125831604004
Batch 1500/3125, Loss: 1.1256577968597412
Batch 1550/3125, Loss: 1.1994725465774536
Batch 1600/3125, Loss: 1.094785213470459
Batch 1650/3125, Loss: 1.1505893468856812
Batch 1700/3125, Loss: 1.1889920234680176
Batch 1750/3125, Loss: 1.2148330211639404
Batch 1800/3125, Loss: 2.171525716781616
Batch 1850/3125, Loss: 1.181409239768982
Batch 1900/3125, Loss: 1.200149655342102
Batch 1950/3125, Loss: 1.1816505193710327
Batch 2000/3125, Loss: 1.156881332397461
Batch 2050/3125, Loss: 1.174970269203186
Batch 2100/3125, Loss: 1.2024426460266113
Batch 2150/3125, Loss: 1.1250035762786865
Batch 2200/3125, Loss: 1.1131987571716309
Batch 2250/3125, Loss: 1.1044976711273193
Batch 2300/3125, Loss: 1.3344438076019287
Batch 2350/3125, Loss: 1.1756457090377808
Batch 2400/3125, Loss: 1.1115866899490356
Batch 2450/3125, Loss: 1.1617053747177124
Batch 2500/3125, Loss: 1.2062487602233887
Batch 2550/3125, Loss: 1.0972310304641724
Batch 2600/3125, Loss: 1.1521413326263428
Batch 2650/3125, Loss: 1.0793875455856323
Batch 2700/3125, Loss: 1.120391845703125
Batch 2750/3125, Loss: 1.372001051902771
Batch 2800/3125, Loss: 1.2562154531478882
Batch 2850/3125, Loss: 1.1410350799560547
Batch 2900/3125, Loss: 1.1761317253112793
Batch 2950/3125, Loss: 1.0763643980026245
Batch 3000/3125, Loss: 1.1443548202514648
Batch 3050/3125, Loss: 1.1333750486373901
Batch 3100/3125, Loss: 1.1217678785324097

Start of epoch 13
Batch 0/3125, Loss: 1.206313133239746
Batch 50/3125, Loss: 1.1864745616912842
Batch 100/3125, Loss: 1.1320964097976685
Batch 150/3125, Loss: 1.1648863554000854
Batch 200/3125, Loss: 5.005815505981445
Batch 250/3125, Loss: 1.3896243572235107
Batch 300/3125, Loss: 1.0579856634140015
Batch 350/3125, Loss: 1.063856840133667
Batch 400/3125, Loss: 1.1040830612182617
Batch 450/3125, Loss: 1.1567696332931519
Batch 500/3125, Loss: 1.0812674760818481
Batch 550/3125, Loss: 1.1055381298065186
Batch 600/3125, Loss: 1.1301805973052979
Batch 650/3125, Loss: 1.0918116569519043
Batch 700/3125, Loss: 1.1172091960906982
Batch 750/3125, Loss: 1.1257891654968262
Batch 800/3125, Loss: 1.0866572856903076
Batch 850/3125, Loss: 1.176218032836914
Batch 900/3125, Loss: 1.081964135169983
Batch 950/3125, Loss: 1.1510897874832153
Batch 1000/3125, Loss: 1.107166051864624
Batch 1050/3125, Loss: 1.1354753971099854
Batch 1100/3125, Loss: 1.1918690204620361
Batch 1150/3125, Loss: 1.121191143989563
Batch 1200/3125, Loss: 1.2725586891174316
Batch 1250/3125, Loss: 1.1526113748550415
Batch 1300/3125, Loss: 1.1115788221359253
Batch 1350/3125, Loss: 1.0774202346801758
Batch 1400/3125, Loss: 1.132119059562683
Batch 1450/3125, Loss: 1.111679196357727
Batch 1500/3125, Loss: 1.121338963508606
Batch 1550/3125, Loss: 1.12007474899292
Batch 1600/3125, Loss: 1.1254581212997437
Batch 1650/3125, Loss: 1.2233593463897705
Batch 1700/3125, Loss: 1.0796153545379639
Batch 1750/3125, Loss: 1.0957309007644653
Batch 1800/3125, Loss: 1.100213885307312
Batch 1850/3125, Loss: 1.7409427165985107
Batch 1900/3125, Loss: 1.1544662714004517
Batch 1950/3125, Loss: 1.1800280809402466
Batch 2000/3125, Loss: 1.1074782609939575
Batch 2050/3125, Loss: 1.0469707250595093
Batch 2100/3125, Loss: 1.1500104665756226
Batch 2150/3125, Loss: 1.169167399406433
Batch 2200/3125, Loss: 1.1546365022659302
Batch 2250/3125, Loss: 1.109165906906128
Batch 2300/3125, Loss: 1.1069281101226807
Batch 2350/3125, Loss: 1.2491283416748047
Batch 2400/3125, Loss: 1.1444592475891113
Batch 2450/3125, Loss: 1.1103277206420898
Batch 2500/3125, Loss: 1.1766685247421265
Batch 2550/3125, Loss: 1.155928611755371
Batch 2600/3125, Loss: 1.1607459783554077
Batch 2650/3125, Loss: 1.0689210891723633
Batch 2700/3125, Loss: 1.1407241821289062
Batch 2750/3125, Loss: 1.0743911266326904
Batch 2800/3125, Loss: 1.0766863822937012
Batch 2850/3125, Loss: 1.1497316360473633
Batch 2900/3125, Loss: 1.1546531915664673
Batch 2950/3125, Loss: 1.1051653623580933
Batch 3000/3125, Loss: 2.8467700481414795
Batch 3050/3125, Loss: 1.1527502536773682
Batch 3100/3125, Loss: 1.1342780590057373

Start of epoch 14
Batch 0/3125, Loss: 1.224252462387085
Batch 50/3125, Loss: 1.119370937347412
Batch 100/3125, Loss: 1.1398775577545166
Batch 150/3125, Loss: 1.1054054498672485
Batch 200/3125, Loss: 1.1467827558517456
Batch 250/3125, Loss: 1.1033709049224854
Batch 300/3125, Loss: 1.1058660745620728
Batch 350/3125, Loss: 1.3184126615524292
Batch 400/3125, Loss: 1.142155408859253
Batch 450/3125, Loss: 1.1332794427871704
Batch 500/3125, Loss: 1.034906029701233
Batch 550/3125, Loss: 1.1378002166748047
Batch 600/3125, Loss: 1.1340187788009644
Batch 650/3125, Loss: 1.128379225730896
Batch 700/3125, Loss: 1.0121054649353027
Batch 750/3125, Loss: 1.1480011940002441
Batch 800/3125, Loss: 1.1297235488891602
Batch 850/3125, Loss: 1.1373841762542725
Batch 900/3125, Loss: 1.157896637916565
Batch 950/3125, Loss: 1.0704857110977173
Batch 1000/3125, Loss: 1.0896172523498535
Batch 1050/3125, Loss: 1.1202781200408936
Batch 1100/3125, Loss: 1.122847318649292
Batch 1150/3125, Loss: 1.1210017204284668
Batch 1200/3125, Loss: 1.1108551025390625
Batch 1250/3125, Loss: 1.1204664707183838
Batch 1300/3125, Loss: 1.1138761043548584
Batch 1350/3125, Loss: 1.3413304090499878
Batch 1400/3125, Loss: 1.9188162088394165
Batch 1450/3125, Loss: 1.0961776971817017
Batch 1500/3125, Loss: 1.0923329591751099
Batch 1550/3125, Loss: 1.0887115001678467
Batch 1600/3125, Loss: 1.131264328956604
Batch 1650/3125, Loss: 1.1165932416915894
Batch 1700/3125, Loss: 1.087792992591858
Batch 1750/3125, Loss: 1.1947318315505981
Batch 1800/3125, Loss: 1.0673686265945435
Batch 1850/3125, Loss: 1.0780558586120605
Batch 1900/3125, Loss: 1.1074233055114746
Batch 1950/3125, Loss: 1.1103683710098267
Batch 2000/3125, Loss: 1.1681954860687256
Batch 2050/3125, Loss: 1.081328272819519
Batch 2100/3125, Loss: 1.1474664211273193
Batch 2150/3125, Loss: 1.1084933280944824
Batch 2200/3125, Loss: 1.1228612661361694
Batch 2250/3125, Loss: 1.1090989112854004
Batch 2300/3125, Loss: 1.2093615531921387
Batch 2350/3125, Loss: 1.0654479265213013
Batch 2400/3125, Loss: 1.348189353942871
Batch 2450/3125, Loss: 1.2885805368423462
Batch 2500/3125, Loss: 1.077094554901123
Batch 2550/3125, Loss: 1.0823438167572021
Batch 2600/3125, Loss: 1.1276652812957764
Batch 2650/3125, Loss: 1.150263786315918
Batch 2700/3125, Loss: 1.0986442565917969
Batch 2750/3125, Loss: 1.1443876028060913
Batch 2800/3125, Loss: 1.3955979347229004
Batch 2850/3125, Loss: 1.1666277647018433
Batch 2900/3125, Loss: 1.1050528287887573
Batch 2950/3125, Loss: 1.1483230590820312
Batch 3000/3125, Loss: 1.1582400798797607
Batch 3050/3125, Loss: 1.1275887489318848
Batch 3100/3125, Loss: 1.1519718170166016

Start of epoch 15
Batch 0/3125, Loss: 1.1138877868652344
Batch 50/3125, Loss: 1.4503623247146606
Batch 100/3125, Loss: 1.1073832511901855
Batch 150/3125, Loss: 1.0870370864868164
Batch 200/3125, Loss: 1.0694465637207031
Batch 250/3125, Loss: 1.0842746496200562
Batch 300/3125, Loss: 1.0874865055084229
Batch 350/3125, Loss: 1.0725773572921753
Batch 400/3125, Loss: 1.0678369998931885
Batch 450/3125, Loss: 1.1305280923843384
Batch 500/3125, Loss: 1.113267183303833
Batch 550/3125, Loss: 1.1041821241378784
Batch 600/3125, Loss: 1.1601848602294922
Batch 650/3125, Loss: 1.1098315715789795
Batch 700/3125, Loss: 1.1150881052017212
Batch 750/3125, Loss: 1.158718466758728
Batch 800/3125, Loss: 1.1442761421203613
Batch 850/3125, Loss: 1.0628987550735474
Batch 900/3125, Loss: 1.1870747804641724
Batch 950/3125, Loss: 1.3930025100708008
Batch 1000/3125, Loss: 1.1965185403823853
Batch 1050/3125, Loss: 1.1462358236312866
Batch 1100/3125, Loss: 1.0402262210845947
Batch 1150/3125, Loss: 1.1031339168548584
Batch 1200/3125, Loss: 1.1247179508209229
Batch 1250/3125, Loss: 1.1248111724853516
Batch 1300/3125, Loss: 1.1364827156066895
Batch 1350/3125, Loss: 1.0629974603652954
Batch 1400/3125, Loss: 1.1217225790023804
Batch 1450/3125, Loss: 1.1163965463638306
Batch 1500/3125, Loss: 1.1033649444580078
Batch 1550/3125, Loss: 1.0492616891860962
Batch 1600/3125, Loss: 1.0625728368759155
Batch 1650/3125, Loss: 1.1255507469177246
Batch 1700/3125, Loss: 1.1452929973602295
Batch 1750/3125, Loss: 1.1303412914276123
Batch 1800/3125, Loss: 1.1631619930267334
Batch 1850/3125, Loss: 1.0802419185638428
Batch 1900/3125, Loss: 1.2039703130722046
Batch 1950/3125, Loss: 1.1042284965515137
Batch 2000/3125, Loss: 1.1713918447494507
Batch 2050/3125, Loss: 1.2514398097991943
Batch 2100/3125, Loss: 1.1010740995407104
Batch 2150/3125, Loss: 1.1975667476654053
Batch 2200/3125, Loss: 1.1084705591201782
Batch 2250/3125, Loss: 2.5422403812408447
Batch 2300/3125, Loss: 1.0909101963043213
Batch 2350/3125, Loss: 1.1035979986190796
Batch 2400/3125, Loss: 1.1122184991836548
Batch 2450/3125, Loss: 1.1330076456069946
Batch 2500/3125, Loss: 1.1608004570007324
Batch 2550/3125, Loss: 1.137303113937378
Batch 2600/3125, Loss: 1.0935273170471191
Batch 2650/3125, Loss: 1.140775203704834
Batch 2700/3125, Loss: 1.0888557434082031
Batch 2750/3125, Loss: 1.0836565494537354
Batch 2800/3125, Loss: 1.0878584384918213
Batch 2850/3125, Loss: 1.104750633239746
Batch 2900/3125, Loss: 1.1881558895111084
Batch 2950/3125, Loss: 1.1067404747009277
Batch 3000/3125, Loss: 1.0859522819519043
Batch 3050/3125, Loss: 1.1003955602645874
Batch 3100/3125, Loss: 1.1426512002944946

Start of epoch 16
Batch 0/3125, Loss: 1.132556438446045
Batch 50/3125, Loss: 1.1644527912139893
Batch 100/3125, Loss: 2.6273109912872314
Batch 150/3125, Loss: 1.278986930847168
Batch 200/3125, Loss: 1.0719897747039795
Batch 250/3125, Loss: 1.124733328819275
Batch 300/3125, Loss: 1.148169994354248
Batch 350/3125, Loss: 1.1586381196975708
Batch 400/3125, Loss: 1.0791064500808716
Batch 450/3125, Loss: 1.092125415802002
Batch 500/3125, Loss: 1.139207124710083
Batch 550/3125, Loss: 1.1004278659820557
Batch 600/3125, Loss: 1.0713410377502441
Batch 650/3125, Loss: 1.1019035577774048
Batch 700/3125, Loss: 1.1159485578536987
Batch 750/3125, Loss: 1.0651935338974
Batch 800/3125, Loss: 1.094543695449829
Batch 850/3125, Loss: 1.038297414779663
Batch 900/3125, Loss: 1.1110600233078003
Batch 950/3125, Loss: 1.1447759866714478
Batch 1000/3125, Loss: 1.0660513639450073
Batch 1050/3125, Loss: 1.1436160802841187
Batch 1100/3125, Loss: 1.0800763368606567
Batch 1150/3125, Loss: 1.097438931465149
Batch 1200/3125, Loss: 1.0974897146224976
Batch 1250/3125, Loss: 1.0969921350479126
Batch 1300/3125, Loss: 1.1912633180618286
Batch 1350/3125, Loss: 1.15798020362854
Batch 1400/3125, Loss: 1.130433201789856
Batch 1450/3125, Loss: 1.0614415407180786
Batch 1500/3125, Loss: 1.2244648933410645
Batch 1550/3125, Loss: 1.1845452785491943
Batch 1600/3125, Loss: 1.088644027709961
Batch 1650/3125, Loss: 1.0738658905029297
Batch 1700/3125, Loss: 1.0967074632644653
Batch 1750/3125, Loss: 1.0536391735076904
Batch 1800/3125, Loss: 1.1216007471084595
Batch 1850/3125, Loss: 1.138519287109375
Batch 1900/3125, Loss: 1.097317099571228
Batch 1950/3125, Loss: 1.0933823585510254
Batch 2000/3125, Loss: 1.1930292844772339
Batch 2050/3125, Loss: 1.1207960844039917
Batch 2100/3125, Loss: 1.103881597518921
Batch 2150/3125, Loss: 1.1216239929199219
Batch 2200/3125, Loss: 2.4452977180480957
Batch 2250/3125, Loss: 1.1039481163024902
Batch 2300/3125, Loss: 1.0443947315216064
Batch 2350/3125, Loss: 1.0311613082885742
Batch 2400/3125, Loss: 1.0521295070648193
Batch 2450/3125, Loss: 1.0350205898284912
Batch 2500/3125, Loss: 1.0587247610092163
Batch 2550/3125, Loss: 1.0867314338684082
Batch 2600/3125, Loss: 1.1056386232376099
Batch 2650/3125, Loss: 1.037667989730835
Batch 2700/3125, Loss: 1.0975704193115234
Batch 2750/3125, Loss: 1.093892216682434
Batch 2800/3125, Loss: 1.091046690940857
Batch 2850/3125, Loss: 1.0535287857055664
Batch 2900/3125, Loss: 1.1028916835784912
Batch 2950/3125, Loss: 1.1018800735473633
Batch 3000/3125, Loss: 1.1055152416229248
Batch 3050/3125, Loss: 1.2400411367416382
Batch 3100/3125, Loss: 1.0655006170272827

Start of epoch 17
Batch 0/3125, Loss: 1.1019726991653442
Batch 50/3125, Loss: 1.1538147926330566
Batch 100/3125, Loss: 1.03445565700531
Batch 150/3125, Loss: 1.0938016176223755
Batch 200/3125, Loss: 1.1818687915802002
Batch 250/3125, Loss: 1.346768856048584
Batch 300/3125, Loss: 1.1204842329025269
Batch 350/3125, Loss: 1.1603652238845825
Batch 400/3125, Loss: 1.1370712518692017
Batch 450/3125, Loss: 1.4564869403839111
Batch 500/3125, Loss: 2.3651621341705322
Batch 550/3125, Loss: 1.1316118240356445
Batch 600/3125, Loss: 1.069144368171692
Batch 650/3125, Loss: 1.0935492515563965
Batch 700/3125, Loss: 1.1442432403564453
Batch 750/3125, Loss: 1.0684961080551147
Batch 800/3125, Loss: 1.069940209388733
Batch 850/3125, Loss: 1.0961579084396362
Batch 900/3125, Loss: 1.0743426084518433
Batch 950/3125, Loss: 1.0374290943145752
Batch 1000/3125, Loss: 1.095286250114441
Batch 1050/3125, Loss: 1.0471206903457642
Batch 1100/3125, Loss: 1.0495495796203613
Batch 1150/3125, Loss: 1.126550316810608
Batch 1200/3125, Loss: 1.0853939056396484
Batch 1250/3125, Loss: 1.1172192096710205
Batch 1300/3125, Loss: 1.2212334871292114
Batch 1350/3125, Loss: 1.1838548183441162
Batch 1400/3125, Loss: 1.1276638507843018
Batch 1450/3125, Loss: 1.0960255861282349
Batch 1500/3125, Loss: 1.1437335014343262
Batch 1550/3125, Loss: 1.0680209398269653
Batch 1600/3125, Loss: 1.0446444749832153
Batch 1650/3125, Loss: 1.0942274332046509
Batch 1700/3125, Loss: 1.0561004877090454
Batch 1750/3125, Loss: 1.0888662338256836
Batch 1800/3125, Loss: 1.0365904569625854
Batch 1850/3125, Loss: 1.0643259286880493
Batch 1900/3125, Loss: 1.1204534769058228
Batch 1950/3125, Loss: 1.1100385189056396
Batch 2000/3125, Loss: 1.1341556310653687
Batch 2050/3125, Loss: 1.1641534566879272
Batch 2100/3125, Loss: 1.33773672580719
Batch 2150/3125, Loss: 1.1203455924987793
Batch 2200/3125, Loss: 1.1566860675811768
Batch 2250/3125, Loss: 1.0844167470932007
Batch 2300/3125, Loss: 1.0874240398406982
Batch 2350/3125, Loss: 1.076305627822876
Batch 2400/3125, Loss: 1.0714166164398193
Batch 2450/3125, Loss: 1.1147539615631104
Batch 2500/3125, Loss: 1.0854313373565674
Batch 2550/3125, Loss: 1.0727547407150269
Batch 2600/3125, Loss: 1.0701191425323486
Batch 2650/3125, Loss: 1.061837911605835
Batch 2700/3125, Loss: 1.1188374757766724
Batch 2750/3125, Loss: 1.1082011461257935
Batch 2800/3125, Loss: 1.1210317611694336
Batch 2850/3125, Loss: 1.1132287979125977
Batch 2900/3125, Loss: 1.0772393941879272
Batch 2950/3125, Loss: 1.0885213613510132
Batch 3000/3125, Loss: 1.2173246145248413
Batch 3050/3125, Loss: 1.0840585231781006
Batch 3100/3125, Loss: 1.4783965349197388

Start of epoch 18
Batch 0/3125, Loss: 3.0408108234405518
Batch 50/3125, Loss: 1.6488896608352661
Batch 100/3125, Loss: 1.0869712829589844
Batch 150/3125, Loss: 1.0986337661743164
Batch 200/3125, Loss: 1.126955509185791
Batch 250/3125, Loss: 1.0968866348266602
Batch 300/3125, Loss: 1.0904544591903687
Batch 350/3125, Loss: 1.0703034400939941
Batch 400/3125, Loss: 1.1518914699554443
Batch 450/3125, Loss: 1.0649006366729736
Batch 500/3125, Loss: 1.0204901695251465
Batch 550/3125, Loss: 1.076658010482788
Batch 600/3125, Loss: 1.0985238552093506
Batch 650/3125, Loss: 1.084778904914856
Batch 700/3125, Loss: 1.0640151500701904
Batch 750/3125, Loss: 1.1483193635940552
Batch 800/3125, Loss: 1.076892375946045
Batch 850/3125, Loss: 1.1523443460464478
Batch 900/3125, Loss: 1.0622141361236572
Batch 950/3125, Loss: 1.0781992673873901
Batch 1000/3125, Loss: 1.1426239013671875
Batch 1050/3125, Loss: 1.296457052230835
Batch 1100/3125, Loss: 1.1277213096618652
Batch 1150/3125, Loss: 1.1360124349594116
Batch 1200/3125, Loss: 1.0925694704055786
Batch 1250/3125, Loss: 1.0834856033325195
Batch 1300/3125, Loss: 1.06363844871521
Batch 1350/3125, Loss: 0.9822968244552612
Batch 1400/3125, Loss: 1.072221040725708
Batch 1450/3125, Loss: 1.1148661375045776
Batch 1500/3125, Loss: 1.7751771211624146
Batch 1550/3125, Loss: 1.1234357357025146
Batch 1600/3125, Loss: 1.0538197755813599
Batch 1650/3125, Loss: 1.089073896408081
Batch 1700/3125, Loss: 1.053520917892456
Batch 1750/3125, Loss: 1.0631099939346313
Batch 1800/3125, Loss: 1.125698447227478
Batch 1850/3125, Loss: 1.1224380731582642
Batch 1900/3125, Loss: 1.0909438133239746
Batch 1950/3125, Loss: 1.040769338607788
Batch 2000/3125, Loss: 1.0297483205795288
Batch 2050/3125, Loss: 1.055246114730835
Batch 2100/3125, Loss: 1.0469392538070679
Batch 2150/3125, Loss: 1.0552290678024292
Batch 2200/3125, Loss: 1.1707983016967773
Batch 2250/3125, Loss: 1.1117242574691772
Batch 2300/3125, Loss: 1.1515600681304932
Batch 2350/3125, Loss: 1.0653220415115356
Batch 2400/3125, Loss: 1.1467617750167847
Batch 2450/3125, Loss: 1.075227975845337
Batch 2500/3125, Loss: 1.085196614265442
Batch 2550/3125, Loss: 1.0954934358596802
Batch 2600/3125, Loss: 1.0463452339172363
Batch 2650/3125, Loss: 1.0607681274414062
Batch 2700/3125, Loss: 1.093793511390686
Batch 2750/3125, Loss: 1.0924088954925537
Batch 2800/3125, Loss: 4.25239896774292
Batch 2850/3125, Loss: 1.0381027460098267
Batch 2900/3125, Loss: 1.0693084001541138
Batch 2950/3125, Loss: 1.0529839992523193
Batch 3000/3125, Loss: 1.063112735748291
Batch 3050/3125, Loss: 0.9950932860374451
Batch 3100/3125, Loss: 1.0499683618545532

Start of epoch 19
Batch 0/3125, Loss: 1.0568289756774902
Batch 50/3125, Loss: 1.0549665689468384
Batch 100/3125, Loss: 1.1311225891113281
Batch 150/3125, Loss: 1.1156558990478516
Batch 200/3125, Loss: 1.118046760559082
Batch 250/3125, Loss: 1.1372541189193726
Batch 300/3125, Loss: 1.1078468561172485
Batch 350/3125, Loss: 1.0632869005203247
Batch 400/3125, Loss: 1.0877152681350708
Batch 450/3125, Loss: 1.1783864498138428
Batch 500/3125, Loss: 1.1485047340393066
Batch 550/3125, Loss: 1.6103835105895996
Batch 600/3125, Loss: 1.2330113649368286
Batch 650/3125, Loss: 1.1161607503890991
Batch 700/3125, Loss: 1.160298466682434
Batch 750/3125, Loss: 1.1001062393188477
Batch 800/3125, Loss: 1.0451931953430176
Batch 850/3125, Loss: 1.1101794242858887
Batch 900/3125, Loss: 1.078852891921997
Batch 950/3125, Loss: 1.085071325302124
Batch 1000/3125, Loss: 1.0516867637634277
Batch 1050/3125, Loss: 1.0877138376235962
Batch 1100/3125, Loss: 1.1141777038574219
Batch 1150/3125, Loss: 1.192840337753296
Batch 1200/3125, Loss: 1.0579748153686523
Batch 1250/3125, Loss: 1.0589476823806763
Batch 1300/3125, Loss: 1.086790919303894
Batch 1350/3125, Loss: 1.0436100959777832
Batch 1400/3125, Loss: 1.698564052581787
Batch 1450/3125, Loss: 1.246535301208496
Batch 1500/3125, Loss: 1.0937561988830566
Batch 1550/3125, Loss: 1.0851675271987915
Batch 1600/3125, Loss: 1.0751622915267944
Batch 1650/3125, Loss: 1.0597352981567383
Batch 1700/3125, Loss: 1.0287619829177856
Batch 1750/3125, Loss: 1.1273261308670044
Batch 1800/3125, Loss: 1.0712404251098633
Batch 1850/3125, Loss: 1.0935746431350708
Batch 1900/3125, Loss: 1.101458191871643
Batch 1950/3125, Loss: 1.0652563571929932
Batch 2000/3125, Loss: 1.0507503747940063
Batch 2050/3125, Loss: 1.1594719886779785
Batch 2100/3125, Loss: 1.0886125564575195
Batch 2150/3125, Loss: 1.0869636535644531
Batch 2200/3125, Loss: 1.046386480331421
Batch 2250/3125, Loss: 1.1152125597000122
Batch 2300/3125, Loss: 1.0754480361938477
Batch 2350/3125, Loss: 1.0461121797561646
Batch 2400/3125, Loss: 1.2513647079467773
Batch 2450/3125, Loss: 1.0455656051635742
Batch 2500/3125, Loss: 1.1011570692062378
Batch 2550/3125, Loss: 1.067624568939209
Batch 2600/3125, Loss: 1.0815417766571045
Batch 2650/3125, Loss: 1.0065001249313354
Batch 2700/3125, Loss: 1.078491449356079
Batch 2750/3125, Loss: 1.1082026958465576
Batch 2800/3125, Loss: 1.159933090209961
Batch 2850/3125, Loss: 1.030828595161438
Batch 2900/3125, Loss: 1.0624498128890991
Batch 2950/3125, Loss: 1.3910582065582275
Batch 3000/3125, Loss: 1.081229567527771
Batch 3050/3125, Loss: 1.0674359798431396
Batch 3100/3125, Loss: 1.0947002172470093

Start of epoch 20
Batch 0/3125, Loss: 1.066849708557129
Batch 50/3125, Loss: 1.0714960098266602
Batch 100/3125, Loss: 1.2558703422546387
Batch 150/3125, Loss: 1.342943549156189
Batch 200/3125, Loss: 1.1038572788238525
Batch 250/3125, Loss: 1.1267714500427246
Batch 300/3125, Loss: 1.0841541290283203
Batch 350/3125, Loss: 1.1072639226913452
Batch 400/3125, Loss: 1.076940655708313
Batch 450/3125, Loss: 1.1683939695358276
Batch 500/3125, Loss: 1.0866649150848389
Batch 550/3125, Loss: 1.0239425897598267
Batch 600/3125, Loss: 1.1585203409194946
Batch 650/3125, Loss: 1.08358633518219
Batch 700/3125, Loss: 1.0621095895767212
Batch 750/3125, Loss: 1.0533032417297363
Batch 800/3125, Loss: 1.049338459968567
Batch 850/3125, Loss: 1.0730056762695312
Batch 900/3125, Loss: 1.0336124897003174
Batch 950/3125, Loss: 1.005672574043274
Batch 1000/3125, Loss: 1.0753443241119385
Batch 1050/3125, Loss: 1.0816494226455688
Batch 1100/3125, Loss: 1.0826785564422607
Batch 1150/3125, Loss: 1.1235847473144531
Batch 1200/3125, Loss: 1.0838172435760498
Batch 1250/3125, Loss: 1.0197147130966187
Batch 1300/3125, Loss: 1.07811439037323
Batch 1350/3125, Loss: 1.1743934154510498
Batch 1400/3125, Loss: 1.113466739654541
Batch 1450/3125, Loss: 1.0843769311904907
Batch 1500/3125, Loss: 1.0976359844207764
Batch 1550/3125, Loss: 1.048438310623169
Batch 1600/3125, Loss: 1.0396809577941895
Batch 1650/3125, Loss: 1.066564679145813
Batch 1700/3125, Loss: 1.0649809837341309
Batch 1750/3125, Loss: 1.0957140922546387
Batch 1800/3125, Loss: 1.0396009683609009
Batch 1850/3125, Loss: 1.106023907661438
Batch 1900/3125, Loss: 1.1232308149337769
Batch 1950/3125, Loss: 1.0780130624771118
Batch 2000/3125, Loss: 1.1034350395202637
Batch 2050/3125, Loss: 1.0653353929519653
Batch 2100/3125, Loss: 1.1097750663757324
Batch 2150/3125, Loss: 1.0819751024246216
Batch 2200/3125, Loss: 1.0887759923934937
Batch 2250/3125, Loss: 1.1401315927505493
Batch 2300/3125, Loss: 1.0741431713104248
Batch 2350/3125, Loss: 1.046010971069336
Batch 2400/3125, Loss: 1.0976041555404663
Batch 2450/3125, Loss: 1.0882679224014282
Batch 2500/3125, Loss: 1.5650882720947266
Batch 2550/3125, Loss: 1.1974519491195679
Batch 2600/3125, Loss: 1.0512069463729858
Batch 2650/3125, Loss: 1.0705121755599976
Batch 2700/3125, Loss: 1.0452122688293457
Batch 2750/3125, Loss: 1.071233868598938
Batch 2800/3125, Loss: 1.0541021823883057
Batch 2850/3125, Loss: 1.064940094947815
Batch 2900/3125, Loss: 1.021212100982666
Batch 2950/3125, Loss: 1.087620496749878
Batch 3000/3125, Loss: 1.1352274417877197
Batch 3050/3125, Loss: 1.0500046014785767
Batch 3100/3125, Loss: 1.07346773147583

Start of epoch 21
Batch 0/3125, Loss: 1.087876319885254
Batch 50/3125, Loss: 1.041465401649475
Batch 100/3125, Loss: 1.0864341259002686
Batch 150/3125, Loss: 1.0949394702911377
Batch 200/3125, Loss: 1.0999828577041626
Batch 250/3125, Loss: 1.0682015419006348
Batch 300/3125, Loss: 1.1681147813796997
Batch 350/3125, Loss: 1.0340096950531006
Batch 400/3125, Loss: 1.022199034690857
Batch 450/3125, Loss: 1.0598748922348022
Batch 500/3125, Loss: 1.0501015186309814
Batch 550/3125, Loss: 1.0128865242004395
Batch 600/3125, Loss: 1.0617179870605469
Batch 650/3125, Loss: 1.0470110177993774
Batch 700/3125, Loss: 1.09981107711792
Batch 750/3125, Loss: 1.0596297979354858
Batch 800/3125, Loss: 1.0861015319824219
Batch 850/3125, Loss: 1.076992154121399
Batch 900/3125, Loss: 1.1202812194824219
Batch 950/3125, Loss: 1.119389533996582
Batch 1000/3125, Loss: 1.2527714967727661
Batch 1050/3125, Loss: 1.1367660760879517
Batch 1100/3125, Loss: 1.175238013267517
Batch 1150/3125, Loss: 1.0561093091964722
Batch 1200/3125, Loss: 1.0544644594192505
Batch 1250/3125, Loss: 1.069901704788208
Batch 1300/3125, Loss: 1.0548077821731567
Batch 1350/3125, Loss: 1.0829335451126099
Batch 1400/3125, Loss: 1.1353299617767334
Batch 1450/3125, Loss: 1.033792495727539
Batch 1500/3125, Loss: 1.0549306869506836
Batch 1550/3125, Loss: 1.0265191793441772
Batch 1600/3125, Loss: 1.0785633325576782
Batch 1650/3125, Loss: 1.0378639698028564
Batch 1700/3125, Loss: 4.369978427886963
Batch 1750/3125, Loss: 1.5992728471755981
Batch 1800/3125, Loss: 1.329478144645691
Batch 1850/3125, Loss: 1.1499923467636108
Batch 1900/3125, Loss: 1.0582422018051147
Batch 1950/3125, Loss: 1.048964262008667
Batch 2000/3125, Loss: 1.0908530950546265
Batch 2050/3125, Loss: 1.0319812297821045
Batch 2100/3125, Loss: 1.0875263214111328
Batch 2150/3125, Loss: 1.0741770267486572
Batch 2200/3125, Loss: 1.0399963855743408
Batch 2250/3125, Loss: 1.0527827739715576
Batch 2300/3125, Loss: 1.0367592573165894
Batch 2350/3125, Loss: 1.0539480447769165
Batch 2400/3125, Loss: 1.0482221841812134
Batch 2450/3125, Loss: 1.0784372091293335
Batch 2500/3125, Loss: 1.0801281929016113
Batch 2550/3125, Loss: 1.0270352363586426
Batch 2600/3125, Loss: 1.079822301864624
Batch 2650/3125, Loss: 1.0419119596481323
Batch 2700/3125, Loss: 1.0486348867416382
Batch 2750/3125, Loss: 1.0918428897857666
Batch 2800/3125, Loss: 1.1684255599975586
Batch 2850/3125, Loss: 1.1859173774719238
Batch 2900/3125, Loss: 1.1313087940216064
Batch 2950/3125, Loss: 1.0717273950576782
Batch 3000/3125, Loss: 1.0521596670150757
Batch 3050/3125, Loss: 1.1552436351776123
Batch 3100/3125, Loss: 1.14900803565979

Start of epoch 22
Batch 0/3125, Loss: 1.0574599504470825
Batch 50/3125, Loss: 1.022867202758789
Batch 100/3125, Loss: 1.0712406635284424
Batch 150/3125, Loss: 1.0586017370224
Batch 200/3125, Loss: 1.077404260635376
Batch 250/3125, Loss: 1.231459140777588
Batch 300/3125, Loss: 1.0481491088867188
Batch 350/3125, Loss: 1.2324707508087158
Batch 400/3125, Loss: 1.2272639274597168
Batch 450/3125, Loss: 1.095414638519287
Batch 500/3125, Loss: 1.0406184196472168
Batch 550/3125, Loss: 1.0524165630340576
Batch 600/3125, Loss: 1.0301783084869385
Batch 650/3125, Loss: 1.0710406303405762
Batch 700/3125, Loss: 1.0643829107284546
Batch 750/3125, Loss: 1.0749173164367676
Batch 800/3125, Loss: 1.056043267250061
Batch 850/3125, Loss: 1.1700069904327393
Batch 900/3125, Loss: 1.1624042987823486
Batch 950/3125, Loss: 1.113296389579773
Batch 1000/3125, Loss: 1.0734121799468994
Batch 1050/3125, Loss: 1.1049530506134033
Batch 1100/3125, Loss: 1.0767210721969604
Batch 1150/3125, Loss: 1.0549203157424927
Batch 1200/3125, Loss: 1.0676779747009277
Batch 1250/3125, Loss: 1.0464309453964233
Batch 1300/3125, Loss: 1.0392732620239258
Batch 1350/3125, Loss: 1.069779396057129
Batch 1400/3125, Loss: 1.0200622081756592
Batch 1450/3125, Loss: 1.0944453477859497
Batch 1500/3125, Loss: 1.1529892683029175
Batch 1550/3125, Loss: 1.115373969078064
Batch 1600/3125, Loss: 1.0824706554412842
Batch 1650/3125, Loss: 1.0564348697662354
Batch 1700/3125, Loss: 1.043406367301941
Batch 1750/3125, Loss: 1.062442421913147
Batch 1800/3125, Loss: 1.066208004951477
Batch 1850/3125, Loss: 1.0525057315826416
Batch 1900/3125, Loss: 1.1633813381195068
Batch 1950/3125, Loss: 1.1148412227630615
Batch 2000/3125, Loss: 1.1955398321151733
Batch 2050/3125, Loss: 2.2590737342834473
Batch 2100/3125, Loss: 1.1085827350616455
Batch 2150/3125, Loss: 1.0702846050262451
Batch 2200/3125, Loss: 1.1117361783981323
Batch 2250/3125, Loss: 1.0609327554702759
Batch 2300/3125, Loss: 1.0930416584014893
Batch 2350/3125, Loss: 1.0439622402191162
Batch 2400/3125, Loss: 1.051731824874878
Batch 2450/3125, Loss: 1.0519402027130127
Batch 2500/3125, Loss: 1.0975918769836426
Batch 2550/3125, Loss: 1.078369379043579
Batch 2600/3125, Loss: 1.0896183252334595
Batch 2650/3125, Loss: 1.0780413150787354
Batch 2700/3125, Loss: 1.1121015548706055
Batch 2750/3125, Loss: 1.045825481414795
Batch 2800/3125, Loss: 1.047013759613037
Batch 2850/3125, Loss: 1.0496132373809814
Batch 2900/3125, Loss: 1.0771880149841309
Batch 2950/3125, Loss: 1.1389110088348389
Batch 3000/3125, Loss: 1.028172254562378
Batch 3050/3125, Loss: 1.0232188701629639
Batch 3100/3125, Loss: 1.0363879203796387

Start of epoch 23
Batch 0/3125, Loss: 1.0911680459976196
Batch 50/3125, Loss: 1.0381439924240112
Batch 100/3125, Loss: 1.3757233619689941
Batch 150/3125, Loss: 1.0613126754760742
Batch 200/3125, Loss: 1.0686529874801636
Batch 250/3125, Loss: 1.0523502826690674
Batch 300/3125, Loss: 1.0457377433776855
Batch 350/3125, Loss: 1.0350847244262695
Batch 400/3125, Loss: 1.0624637603759766
Batch 450/3125, Loss: 1.0777143239974976
Batch 500/3125, Loss: 1.0802133083343506
Batch 550/3125, Loss: 1.0425872802734375
Batch 600/3125, Loss: 1.0506982803344727
Batch 650/3125, Loss: 1.097935438156128
Batch 700/3125, Loss: 0.9971075654029846
Batch 750/3125, Loss: 1.057054042816162
Batch 800/3125, Loss: 1.2518166303634644
Batch 850/3125, Loss: 5.241583824157715
Batch 900/3125, Loss: 1.1645621061325073
Batch 950/3125, Loss: 1.0662329196929932
Batch 1000/3125, Loss: 1.0343817472457886
Batch 1050/3125, Loss: 1.042675495147705
Batch 1100/3125, Loss: 1.0456242561340332
Batch 1150/3125, Loss: 1.0467158555984497
Batch 1200/3125, Loss: 1.0209319591522217
Batch 1250/3125, Loss: 1.046273946762085
Batch 1300/3125, Loss: 1.0643219947814941
Batch 1350/3125, Loss: 1.1118063926696777
Batch 1400/3125, Loss: 1.0468902587890625
Batch 1450/3125, Loss: 1.077704906463623
Batch 1500/3125, Loss: 1.1184017658233643
Batch 1550/3125, Loss: 1.0725891590118408
Batch 1600/3125, Loss: 1.08180570602417
Batch 1650/3125, Loss: 1.0974016189575195
Batch 1700/3125, Loss: 1.0711833238601685
Batch 1750/3125, Loss: 1.0524228811264038
Batch 1800/3125, Loss: 1.055058479309082
Batch 1850/3125, Loss: 1.0347349643707275
Batch 1900/3125, Loss: 1.1306668519973755
Batch 1950/3125, Loss: 1.1581307649612427
Batch 2000/3125, Loss: 1.8462766408920288
Batch 2050/3125, Loss: 1.264177918434143
Batch 2100/3125, Loss: 1.0151455402374268
Batch 2150/3125, Loss: 1.0484200716018677
Batch 2200/3125, Loss: 1.0573012828826904
Batch 2250/3125, Loss: 1.0764453411102295
Batch 2300/3125, Loss: 1.0639607906341553
Batch 2350/3125, Loss: 1.0696429014205933
Batch 2400/3125, Loss: 1.029006838798523
Batch 2450/3125, Loss: 1.0108031034469604
Batch 2500/3125, Loss: 1.0738141536712646
Batch 2550/3125, Loss: 1.0489355325698853
Batch 2600/3125, Loss: 1.071018934249878
Batch 2650/3125, Loss: 1.068865418434143
Batch 2700/3125, Loss: 1.0246913433074951
Batch 2750/3125, Loss: 1.0356476306915283
Batch 2800/3125, Loss: 1.0137832164764404
Batch 2850/3125, Loss: 1.0998905897140503
Batch 2900/3125, Loss: 1.070407748222351
Batch 2950/3125, Loss: 1.0227429866790771
Batch 3000/3125, Loss: 1.0545661449432373
Batch 3050/3125, Loss: 1.0611321926116943
Batch 3100/3125, Loss: 1.0113816261291504

Start of epoch 24
Batch 0/3125, Loss: 1.0551211833953857
Batch 50/3125, Loss: 5.289670467376709
Batch 100/3125, Loss: 1.148287057876587
Batch 150/3125, Loss: 1.0455936193466187
Batch 200/3125, Loss: 1.0533369779586792
Batch 250/3125, Loss: 1.0650042295455933
Batch 300/3125, Loss: 1.0706522464752197
Batch 350/3125, Loss: 1.0114452838897705
Batch 400/3125, Loss: 1.111322045326233
Batch 450/3125, Loss: 1.0496259927749634
Batch 500/3125, Loss: 1.0889934301376343
Batch 550/3125, Loss: 1.0656508207321167
Batch 600/3125, Loss: 1.0478054285049438
Batch 650/3125, Loss: 1.107276201248169
Batch 700/3125, Loss: 1.0480388402938843
Batch 750/3125, Loss: 1.038651943206787
Batch 800/3125, Loss: 1.0681421756744385
Batch 850/3125, Loss: 1.1004809141159058
Batch 900/3125, Loss: 1.1362115144729614
Batch 950/3125, Loss: 1.0458635091781616
Batch 1000/3125, Loss: 1.0870145559310913
Batch 1050/3125, Loss: 1.0722565650939941
Batch 1100/3125, Loss: 1.0364137887954712
Batch 1150/3125, Loss: 1.028436303138733
Batch 1200/3125, Loss: 1.053975224494934
Batch 1250/3125, Loss: 1.033603310585022
Batch 1300/3125, Loss: 1.0949186086654663
Batch 1350/3125, Loss: 0.9860084652900696
Batch 1400/3125, Loss: 1.031503677368164
Batch 1450/3125, Loss: 1.0468723773956299
Batch 1500/3125, Loss: 1.0470436811447144
Batch 1550/3125, Loss: 1.1499799489974976
Batch 1600/3125, Loss: 1.016099214553833
Batch 1650/3125, Loss: 1.0285160541534424
Batch 1700/3125, Loss: 1.0419541597366333
Batch 1750/3125, Loss: 1.1244406700134277
Batch 1800/3125, Loss: 1.0355304479599
Batch 1850/3125, Loss: 1.1390546560287476
Batch 1900/3125, Loss: 1.0437026023864746
Batch 1950/3125, Loss: 1.031886339187622
Batch 2000/3125, Loss: 1.0186060667037964
Batch 2050/3125, Loss: 1.1611697673797607
Batch 2100/3125, Loss: 1.0683023929595947
Batch 2150/3125, Loss: 1.032342553138733
Batch 2200/3125, Loss: 1.070863127708435
Batch 2250/3125, Loss: 1.0341026782989502
Batch 2300/3125, Loss: 1.0760741233825684
Batch 2350/3125, Loss: 1.0733287334442139
Batch 2400/3125, Loss: 1.028929591178894
Batch 2450/3125, Loss: 1.1206302642822266
Batch 2500/3125, Loss: 1.1809386014938354
Batch 2550/3125, Loss: 1.105097770690918
Batch 2600/3125, Loss: 0.9999404549598694
Batch 2650/3125, Loss: 1.0395231246948242
Batch 2700/3125, Loss: 1.0676270723342896
Batch 2750/3125, Loss: 0.9927338361740112
Batch 2800/3125, Loss: 1.0826973915100098
Batch 2850/3125, Loss: 1.0619421005249023
Batch 2900/3125, Loss: 0.9999553561210632
Batch 2950/3125, Loss: 1.0930464267730713
Batch 3000/3125, Loss: 1.062225103378296
Batch 3050/3125, Loss: 1.1230283975601196
Batch 3100/3125, Loss: 1.1148840188980103

Start of epoch 25
Batch 0/3125, Loss: 1.0524996519088745
Batch 50/3125, Loss: 1.1022614240646362
Batch 100/3125, Loss: 1.0623455047607422
Batch 150/3125, Loss: 1.6848118305206299
Batch 200/3125, Loss: 1.0293917655944824
Batch 250/3125, Loss: 1.0509971380233765
Batch 300/3125, Loss: 1.0554149150848389
Batch 350/3125, Loss: 1.0754172801971436
Batch 400/3125, Loss: 1.040191650390625
Batch 450/3125, Loss: 1.0818289518356323
Batch 500/3125, Loss: 1.053093433380127
Batch 550/3125, Loss: 1.0156972408294678
Batch 600/3125, Loss: 1.037477731704712
Batch 650/3125, Loss: 0.9940999150276184
Batch 700/3125, Loss: 1.1039961576461792
Batch 750/3125, Loss: 1.0862945318222046
Batch 800/3125, Loss: 1.1006174087524414
Batch 850/3125, Loss: 1.0858147144317627
Batch 900/3125, Loss: 1.0506384372711182
Batch 950/3125, Loss: 1.062955379486084
Batch 1000/3125, Loss: 1.0438523292541504
Batch 1050/3125, Loss: 1.063124179840088
Batch 1100/3125, Loss: 1.0642518997192383
Batch 1150/3125, Loss: 1.0182989835739136
Batch 1200/3125, Loss: 1.0593509674072266
Batch 1250/3125, Loss: 1.1133428812026978
Batch 1300/3125, Loss: 0.9858554601669312
Batch 1350/3125, Loss: 1.0785847902297974
Batch 1400/3125, Loss: 1.0720139741897583
Batch 1450/3125, Loss: 1.0604575872421265
Batch 1500/3125, Loss: 1.0631508827209473
Batch 1550/3125, Loss: 1.0273014307022095
Batch 1600/3125, Loss: 1.8000223636627197
Batch 1650/3125, Loss: 1.069420576095581
Batch 1700/3125, Loss: 1.0668959617614746
Batch 1750/3125, Loss: 1.0571951866149902
Batch 1800/3125, Loss: 1.0253857374191284
Batch 1850/3125, Loss: 1.0357524156570435
Batch 1900/3125, Loss: 1.0465047359466553
Batch 1950/3125, Loss: 1.1071568727493286
Batch 2000/3125, Loss: 1.0838125944137573
Batch 2050/3125, Loss: 1.0132637023925781
Batch 2100/3125, Loss: 1.020703911781311
Batch 2150/3125, Loss: 1.056633710861206
Batch 2200/3125, Loss: 1.057361364364624
Batch 2250/3125, Loss: 1.037084698677063
Batch 2300/3125, Loss: 1.0345128774642944
Batch 2350/3125, Loss: 1.036374568939209
Batch 2400/3125, Loss: 1.0675346851348877
Batch 2450/3125, Loss: 1.730607032775879
Batch 2500/3125, Loss: 1.9854235649108887
Batch 2550/3125, Loss: 1.0375947952270508
Batch 2600/3125, Loss: 1.0148628950119019
Batch 2650/3125, Loss: 1.0525797605514526
Batch 2700/3125, Loss: 1.0597734451293945
Batch 2750/3125, Loss: 1.0159872770309448
Batch 2800/3125, Loss: 1.013012409210205
Batch 2850/3125, Loss: 1.0288281440734863
Batch 2900/3125, Loss: 1.020182728767395
Batch 2950/3125, Loss: 0.9746931791305542
Batch 3000/3125, Loss: 1.018422245979309
Batch 3050/3125, Loss: 1.0435606241226196
Batch 3100/3125, Loss: 1.0671825408935547

Start of epoch 26
Batch 0/3125, Loss: 1.0081325769424438
Batch 50/3125, Loss: 1.026624083518982
Batch 100/3125, Loss: 1.0386663675308228
Batch 150/3125, Loss: 1.059641718864441
Batch 200/3125, Loss: 1.0830727815628052
Batch 250/3125, Loss: 1.0902018547058105
Batch 300/3125, Loss: 1.0133823156356812
Batch 350/3125, Loss: 1.0470314025878906
Batch 400/3125, Loss: 1.0327982902526855
Batch 450/3125, Loss: 1.0818383693695068
Batch 500/3125, Loss: 1.0073798894882202
Batch 550/3125, Loss: 1.0319430828094482
Batch 600/3125, Loss: 1.0046485662460327
Batch 650/3125, Loss: 1.009718418121338
Batch 700/3125, Loss: 1.0576642751693726
Batch 750/3125, Loss: 1.0618113279342651
Batch 800/3125, Loss: 1.0564994812011719
Batch 850/3125, Loss: 1.064208984375
Batch 900/3125, Loss: 1.0174185037612915
Batch 950/3125, Loss: 0.9942447543144226
Batch 1000/3125, Loss: 1.029201626777649
Batch 1050/3125, Loss: 1.0713326930999756
Batch 1100/3125, Loss: 1.0090943574905396
Batch 1150/3125, Loss: 1.0962356328964233
Batch 1200/3125, Loss: 1.0163519382476807
Batch 1250/3125, Loss: 1.0520843267440796
Batch 1300/3125, Loss: 0.988398551940918
Batch 1350/3125, Loss: 1.0842376947402954
Batch 1400/3125, Loss: 1.0599509477615356
Batch 1450/3125, Loss: 1.0754120349884033
Batch 1500/3125, Loss: 1.048292636871338
Batch 1550/3125, Loss: 1.06012761592865
Batch 1600/3125, Loss: 1.1499022245407104
Batch 1650/3125, Loss: 1.0623173713684082
Batch 1700/3125, Loss: 1.0286831855773926
Batch 1750/3125, Loss: 1.0532857179641724
Batch 1800/3125, Loss: 1.33505380153656
Batch 1850/3125, Loss: 1.077172875404358
Batch 1900/3125, Loss: 1.0497976541519165
Batch 1950/3125, Loss: 1.0692481994628906
Batch 2000/3125, Loss: 1.0282729864120483
Batch 2050/3125, Loss: 1.0986067056655884
Batch 2100/3125, Loss: 1.0435328483581543
Batch 2150/3125, Loss: 1.0485657453536987
Batch 2200/3125, Loss: 1.033957600593567
Batch 2250/3125, Loss: 1.1189405918121338
Batch 2300/3125, Loss: 1.0216487646102905
Batch 2350/3125, Loss: 1.1078158617019653
Batch 2400/3125, Loss: 1.0741345882415771
Batch 2450/3125, Loss: 1.0342603921890259
Batch 2500/3125, Loss: 1.0639173984527588
Batch 2550/3125, Loss: 1.045229196548462
Batch 2600/3125, Loss: 1.0548954010009766
Batch 2650/3125, Loss: 1.0331659317016602
Batch 2700/3125, Loss: 1.1840460300445557
Batch 2750/3125, Loss: 1.053947925567627
Batch 2800/3125, Loss: 1.0522210597991943
Batch 2850/3125, Loss: 1.0787090063095093
Batch 2900/3125, Loss: 1.0813947916030884
Batch 2950/3125, Loss: 1.1199696063995361
Batch 3000/3125, Loss: 1.1086974143981934
Batch 3050/3125, Loss: 2.1035377979278564
Batch 3100/3125, Loss: 1.0962857007980347

Start of epoch 27
Batch 0/3125, Loss: 0.9898399710655212
Batch 50/3125, Loss: 1.047952651977539
Batch 100/3125, Loss: 1.0786007642745972
Batch 150/3125, Loss: 1.0498285293579102
Batch 200/3125, Loss: 1.064153790473938
Batch 250/3125, Loss: 1.0098246335983276
Batch 300/3125, Loss: 1.0600767135620117
Batch 350/3125, Loss: 1.0290088653564453
Batch 400/3125, Loss: 1.087925910949707
Batch 450/3125, Loss: 1.0037182569503784
Batch 500/3125, Loss: 1.0398530960083008
Batch 550/3125, Loss: 1.1839215755462646
Batch 600/3125, Loss: 1.0758825540542603
Batch 650/3125, Loss: 1.0160170793533325
Batch 700/3125, Loss: 1.107683777809143
Batch 750/3125, Loss: 1.0160577297210693
Batch 800/3125, Loss: 1.0298633575439453
Batch 850/3125, Loss: 1.0313609838485718
Batch 900/3125, Loss: 1.0621269941329956
Batch 950/3125, Loss: 1.044089913368225
Batch 1000/3125, Loss: 1.0093501806259155
Batch 1050/3125, Loss: 1.3541697263717651
Batch 1100/3125, Loss: 1.178195834159851
Batch 1150/3125, Loss: 1.5390725135803223
Batch 1200/3125, Loss: 1.0240728855133057
Batch 1250/3125, Loss: 1.0947091579437256
Batch 1300/3125, Loss: 1.052106261253357
Batch 1350/3125, Loss: 1.0636003017425537
Batch 1400/3125, Loss: 1.028200626373291
Batch 1450/3125, Loss: 1.0074900388717651
Batch 1500/3125, Loss: 1.0442416667938232
Batch 1550/3125, Loss: 0.9903666973114014
Batch 1600/3125, Loss: 1.0622930526733398
Batch 1650/3125, Loss: 1.0172052383422852
Batch 1700/3125, Loss: 0.9928644299507141
Batch 1750/3125, Loss: 1.0302876234054565
Batch 1800/3125, Loss: 1.044143557548523
Batch 1850/3125, Loss: 1.0211228132247925
Batch 1900/3125, Loss: 1.34445321559906
Batch 1950/3125, Loss: 1.0482070446014404
Batch 2000/3125, Loss: 1.007863998413086
Batch 2050/3125, Loss: 1.1147217750549316
Batch 2100/3125, Loss: 1.0198301076889038
Batch 2150/3125, Loss: 1.0360554456710815
Batch 2200/3125, Loss: 1.0736137628555298
Batch 2250/3125, Loss: 1.0444835424423218
Batch 2300/3125, Loss: 1.0953350067138672
Batch 2350/3125, Loss: 1.0613048076629639
Batch 2400/3125, Loss: 1.0451717376708984
Batch 2450/3125, Loss: 1.38934326171875
Batch 2500/3125, Loss: 1.1244746446609497
Batch 2550/3125, Loss: 1.0543197393417358
Batch 2600/3125, Loss: 1.0053653717041016
Batch 2650/3125, Loss: 1.0889735221862793
Batch 2700/3125, Loss: 1.0191456079483032
Batch 2750/3125, Loss: 1.0407307147979736
Batch 2800/3125, Loss: 0.9713839888572693
Batch 2850/3125, Loss: 1.1219284534454346
Batch 2900/3125, Loss: 1.035492181777954
Batch 2950/3125, Loss: 1.0161799192428589
Batch 3000/3125, Loss: 1.029392957687378
Batch 3050/3125, Loss: 1.0545088052749634
Batch 3100/3125, Loss: 1.0583738088607788

Start of epoch 28
Batch 0/3125, Loss: 1.2016746997833252
Batch 50/3125, Loss: 1.101532220840454
Batch 100/3125, Loss: 1.0147954225540161
Batch 150/3125, Loss: 1.0367519855499268
Batch 200/3125, Loss: 1.0876785516738892
Batch 250/3125, Loss: 1.0283410549163818
Batch 300/3125, Loss: 1.059556484222412
Batch 350/3125, Loss: 1.0363829135894775
Batch 400/3125, Loss: 1.1816262006759644
Batch 450/3125, Loss: 0.9868083596229553
Batch 500/3125, Loss: 0.9978398680686951
Batch 550/3125, Loss: 1.0176142454147339
Batch 600/3125, Loss: 1.0883643627166748
Batch 650/3125, Loss: 1.0133490562438965
Batch 700/3125, Loss: 1.0590054988861084
Batch 750/3125, Loss: 0.9974995255470276
Batch 800/3125, Loss: 1.0098562240600586
Batch 850/3125, Loss: 1.0812702178955078
Batch 900/3125, Loss: 1.6299961805343628
Batch 950/3125, Loss: 1.0149686336517334
Batch 1000/3125, Loss: 1.0344407558441162
Batch 1050/3125, Loss: 1.0077579021453857
Batch 1100/3125, Loss: 1.0114409923553467
Batch 1150/3125, Loss: 1.0353537797927856
Batch 1200/3125, Loss: 1.0600917339324951
Batch 1250/3125, Loss: 1.0200899839401245
Batch 1300/3125, Loss: 1.107773780822754
Batch 1350/3125, Loss: 1.0343351364135742
Batch 1400/3125, Loss: 1.024155855178833
Batch 1450/3125, Loss: 1.0318958759307861
Batch 1500/3125, Loss: 1.0591721534729004
Batch 1550/3125, Loss: 1.065158486366272
Batch 1600/3125, Loss: 1.0261379480361938
Batch 1650/3125, Loss: 1.016201138496399
Batch 1700/3125, Loss: 1.005957007408142
Batch 1750/3125, Loss: 1.0197216272354126
Batch 1800/3125, Loss: 1.0629624128341675
Batch 1850/3125, Loss: 1.0904675722122192
Batch 1900/3125, Loss: 1.044260859489441
Batch 1950/3125, Loss: 1.056272268295288
Batch 2000/3125, Loss: 1.0403099060058594
Batch 2050/3125, Loss: 1.0344808101654053
Batch 2100/3125, Loss: 0.9990269541740417
Batch 2150/3125, Loss: 0.9975970387458801
Batch 2200/3125, Loss: 1.0319511890411377
Batch 2250/3125, Loss: 1.0385874509811401
Batch 2300/3125, Loss: 1.1349478960037231
Batch 2350/3125, Loss: 1.0537430047988892
Batch 2400/3125, Loss: 1.1626297235488892
Batch 2450/3125, Loss: 1.0549664497375488
Batch 2500/3125, Loss: 1.0895432233810425
Batch 2550/3125, Loss: 1.098363995552063
Batch 2600/3125, Loss: 1.0603063106536865
Batch 2650/3125, Loss: 1.0250909328460693
Batch 2700/3125, Loss: 1.0095629692077637
Batch 2750/3125, Loss: 1.019626259803772
Batch 2800/3125, Loss: 1.0400755405426025
Batch 2850/3125, Loss: 1.0629584789276123
Batch 2900/3125, Loss: 1.0545051097869873
Batch 2950/3125, Loss: 1.3351895809173584
Batch 3000/3125, Loss: 1.3853037357330322
Batch 3050/3125, Loss: 1.0224632024765015
Batch 3100/3125, Loss: 1.0761154890060425

Start of epoch 29
Batch 0/3125, Loss: 1.061797857284546
Batch 50/3125, Loss: 1.0085549354553223
Batch 100/3125, Loss: 1.0229092836380005
Batch 150/3125, Loss: 1.0255591869354248
Batch 200/3125, Loss: 1.0132728815078735
Batch 250/3125, Loss: 0.9956676363945007
Batch 300/3125, Loss: 1.0411943197250366
Batch 350/3125, Loss: 1.067647933959961
Batch 400/3125, Loss: 1.001102328300476
Batch 450/3125, Loss: 1.029131293296814
Batch 500/3125, Loss: 1.0191015005111694
Batch 550/3125, Loss: 1.0044090747833252
Batch 600/3125, Loss: 1.023926019668579
Batch 650/3125, Loss: 1.0169352293014526
Batch 700/3125, Loss: 1.0288810729980469
Batch 750/3125, Loss: 1.0693362951278687
Batch 800/3125, Loss: 1.071553111076355
Batch 850/3125, Loss: 1.0779141187667847
Batch 900/3125, Loss: 1.0190576314926147
Batch 950/3125, Loss: 1.0483559370040894
Batch 1000/3125, Loss: 1.1085048913955688
Batch 1050/3125, Loss: 1.0417388677597046
Batch 1100/3125, Loss: 1.0949596166610718
Batch 1150/3125, Loss: 0.9805727005004883
Batch 1200/3125, Loss: 1.0866140127182007
Batch 1250/3125, Loss: 1.0273576974868774
Batch 1300/3125, Loss: 1.0064141750335693
Batch 1350/3125, Loss: 1.0169882774353027
Batch 1400/3125, Loss: 1.0073972940444946
Batch 1450/3125, Loss: 1.0784995555877686
Batch 1500/3125, Loss: 1.0540021657943726
Batch 1550/3125, Loss: 1.0548441410064697
Batch 1600/3125, Loss: 1.051864504814148
Batch 1650/3125, Loss: 1.0245254039764404
Batch 1700/3125, Loss: 1.0380626916885376
Batch 1750/3125, Loss: 1.0003091096878052
Batch 1800/3125, Loss: 1.0089943408966064
Batch 1850/3125, Loss: 0.9945511817932129
Batch 1900/3125, Loss: 0.999971330165863
Batch 1950/3125, Loss: 1.1047018766403198
Batch 2000/3125, Loss: 1.0478018522262573
Batch 2050/3125, Loss: 1.0329704284667969
Batch 2100/3125, Loss: 1.031559944152832
Batch 2150/3125, Loss: 1.023494839668274
Batch 2200/3125, Loss: 1.0960338115692139
Batch 2250/3125, Loss: 1.3715810775756836
Batch 2300/3125, Loss: 1.0465363264083862
Batch 2350/3125, Loss: 1.025120496749878
Batch 2400/3125, Loss: 0.994912326335907
Batch 2450/3125, Loss: 1.0143959522247314
Batch 2500/3125, Loss: 0.9992411136627197
Batch 2550/3125, Loss: 1.0438036918640137
Batch 2600/3125, Loss: 1.0294843912124634
Batch 2650/3125, Loss: 1.0629997253417969
Batch 2700/3125, Loss: 4.953083515167236
Batch 2750/3125, Loss: 1.047659993171692
Batch 2800/3125, Loss: 0.9992100596427917
Batch 2850/3125, Loss: 1.0542653799057007
Batch 2900/3125, Loss: 1.0194495916366577
Batch 2950/3125, Loss: 0.9982755184173584
Batch 3000/3125, Loss: 1.067960262298584
Batch 3050/3125, Loss: 1.007235050201416
Batch 3100/3125, Loss: 1.010407567024231

Start of epoch 30
Batch 0/3125, Loss: 0.970926821231842
Batch 50/3125, Loss: 1.0084598064422607
Batch 100/3125, Loss: 0.9905467629432678
Batch 150/3125, Loss: 1.116283655166626
Batch 200/3125, Loss: 1.0365999937057495
Batch 250/3125, Loss: 1.0462032556533813
Batch 300/3125, Loss: 1.1023404598236084
Batch 350/3125, Loss: 1.070399522781372
Batch 400/3125, Loss: 1.0209354162216187
Batch 450/3125, Loss: 1.050915002822876
Batch 500/3125, Loss: 1.0351892709732056
Batch 550/3125, Loss: 1.0073293447494507
Batch 600/3125, Loss: 0.9835318326950073
Batch 650/3125, Loss: 1.026893973350525
Batch 700/3125, Loss: 1.1109346151351929
Batch 750/3125, Loss: 1.1452603340148926
Batch 800/3125, Loss: 1.1128380298614502
Batch 850/3125, Loss: 1.0837411880493164
Batch 900/3125, Loss: 1.0270800590515137
Batch 950/3125, Loss: 1.0455420017242432
Batch 1000/3125, Loss: 1.0082474946975708
Batch 1050/3125, Loss: 1.006976842880249
Batch 1100/3125, Loss: 1.005678653717041
Batch 1150/3125, Loss: 1.0172663927078247
Batch 1200/3125, Loss: 1.0099215507507324
Batch 1250/3125, Loss: 1.0108513832092285
Batch 1300/3125, Loss: 1.0228959321975708
Batch 1350/3125, Loss: 1.1230731010437012
Batch 1400/3125, Loss: 0.986988365650177
Batch 1450/3125, Loss: 1.0996161699295044
Batch 1500/3125, Loss: 1.030656337738037
Batch 1550/3125, Loss: 1.0195131301879883
Batch 1600/3125, Loss: 1.0420832633972168
Batch 1650/3125, Loss: 1.0643309354782104
Batch 1700/3125, Loss: 1.0987485647201538
Batch 1750/3125, Loss: 0.9936782121658325
Batch 1800/3125, Loss: 1.0786900520324707
Batch 1850/3125, Loss: 1.296423077583313
Batch 1900/3125, Loss: 1.1895298957824707
Batch 1950/3125, Loss: 1.0795972347259521
Batch 2000/3125, Loss: 0.9923179149627686
Batch 2050/3125, Loss: 1.0503846406936646
Batch 2100/3125, Loss: 1.0625464916229248
Batch 2150/3125, Loss: 0.9829766154289246
Batch 2200/3125, Loss: 1.079419493675232
Batch 2250/3125, Loss: 1.0161160230636597
Batch 2300/3125, Loss: 0.9932237267494202
Batch 2350/3125, Loss: 1.0451645851135254
Batch 2400/3125, Loss: 1.048022747039795
Batch 2450/3125, Loss: 1.0386666059494019
Batch 2500/3125, Loss: 1.0419400930404663
Batch 2550/3125, Loss: 1.0790777206420898
Batch 2600/3125, Loss: 1.0226529836654663
Batch 2650/3125, Loss: 1.0244646072387695
Batch 2700/3125, Loss: 1.0088679790496826
Batch 2750/3125, Loss: 1.003524661064148
Batch 2800/3125, Loss: 1.047277808189392
Batch 2850/3125, Loss: 0.9824299812316895
Batch 2900/3125, Loss: 1.0349655151367188
Batch 2950/3125, Loss: 1.0565835237503052
Batch 3000/3125, Loss: 1.043174386024475
Batch 3050/3125, Loss: 1.1710981130599976
Batch 3100/3125, Loss: 1.0839344263076782

Start of epoch 31
Batch 0/3125, Loss: 1.1230201721191406
Batch 50/3125, Loss: 1.6887346506118774
Batch 100/3125, Loss: 1.0824148654937744
Batch 150/3125, Loss: 0.9925014972686768
Batch 200/3125, Loss: 1.0193767547607422
Batch 250/3125, Loss: 1.0319355726242065
Batch 300/3125, Loss: 1.009369969367981
Batch 350/3125, Loss: 1.0213524103164673
Batch 400/3125, Loss: 1.2866981029510498
Batch 450/3125, Loss: 1.0348681211471558
Batch 500/3125, Loss: 1.0369150638580322
Batch 550/3125, Loss: 1.0442010164260864
Batch 600/3125, Loss: 1.0631029605865479
Batch 650/3125, Loss: 1.0419565439224243
Batch 700/3125, Loss: 0.9788454174995422
Batch 750/3125, Loss: 1.0133967399597168
Batch 800/3125, Loss: 1.0392223596572876
Batch 850/3125, Loss: 1.0367757081985474
Batch 900/3125, Loss: 1.0018994808197021
Batch 950/3125, Loss: 1.0216444730758667
Batch 1000/3125, Loss: 1.0523930788040161
Batch 1050/3125, Loss: 1.0174134969711304
Batch 1100/3125, Loss: 1.1577913761138916
Batch 1150/3125, Loss: 1.0430998802185059
Batch 1200/3125, Loss: 1.0623104572296143
Batch 1250/3125, Loss: 1.0123788118362427
Batch 1300/3125, Loss: 0.9945152997970581
Batch 1350/3125, Loss: 1.0229392051696777
Batch 1400/3125, Loss: 1.0693634748458862
Batch 1450/3125, Loss: 1.0399271249771118
Batch 1500/3125, Loss: 1.0557925701141357
Batch 1550/3125, Loss: 1.0335928201675415
Batch 1600/3125, Loss: 1.0540953874588013
Batch 1650/3125, Loss: 1.1029099225997925
Batch 1700/3125, Loss: 1.0103975534439087
Batch 1750/3125, Loss: 1.0314595699310303
Batch 1800/3125, Loss: 1.025565505027771
Batch 1850/3125, Loss: 1.0153346061706543
Batch 1900/3125, Loss: 1.0504438877105713
Batch 1950/3125, Loss: 1.0640089511871338
Batch 2000/3125, Loss: 1.025206208229065
Batch 2050/3125, Loss: 2.418437957763672
Batch 2100/3125, Loss: 1.2727457284927368
Batch 2150/3125, Loss: 1.069577932357788
Batch 2200/3125, Loss: 1.045357584953308
Batch 2250/3125, Loss: 1.0564854145050049
Batch 2300/3125, Loss: 1.0224874019622803
Batch 2350/3125, Loss: 1.0405890941619873
Batch 2400/3125, Loss: 0.9976938962936401
Batch 2450/3125, Loss: 1.0078219175338745
Batch 2500/3125, Loss: 1.0041520595550537
Batch 2550/3125, Loss: 1.0140916109085083
Batch 2600/3125, Loss: 1.036327838897705
Batch 2650/3125, Loss: 1.0254312753677368
Batch 2700/3125, Loss: 1.0429679155349731
Batch 2750/3125, Loss: 1.0081968307495117
Batch 2800/3125, Loss: 1.059368371963501
Batch 2850/3125, Loss: 0.9991785287857056
Batch 2900/3125, Loss: 1.0126715898513794
Batch 2950/3125, Loss: 1.140022873878479
Batch 3000/3125, Loss: 1.0292420387268066
Batch 3050/3125, Loss: 1.0371298789978027
Batch 3100/3125, Loss: 0.9669984579086304

Start of epoch 32
Batch 0/3125, Loss: 1.0213154554367065
Batch 50/3125, Loss: 1.0318690538406372
Batch 100/3125, Loss: 1.0335001945495605
Batch 150/3125, Loss: 1.0321146249771118
Batch 200/3125, Loss: 1.0483531951904297
Batch 250/3125, Loss: 1.0228989124298096
Batch 300/3125, Loss: 0.9800598621368408
Batch 350/3125, Loss: 1.0391845703125
Batch 400/3125, Loss: 1.0190891027450562
Batch 450/3125, Loss: 0.9838159084320068
Batch 500/3125, Loss: 1.005232334136963
Batch 550/3125, Loss: 1.0041364431381226
Batch 600/3125, Loss: 1.063350796699524
Batch 650/3125, Loss: 1.023927927017212
Batch 700/3125, Loss: 0.9998044967651367
Batch 750/3125, Loss: 1.0230213403701782
Batch 800/3125, Loss: 1.016715168952942
Batch 850/3125, Loss: 1.031533122062683
Batch 900/3125, Loss: 1.0082054138183594
Batch 950/3125, Loss: 1.0221909284591675
Batch 1000/3125, Loss: 1.0012855529785156
Batch 1050/3125, Loss: 1.0391818284988403
Batch 1100/3125, Loss: 1.0607527494430542
Batch 1150/3125, Loss: 0.9862178564071655
Batch 1200/3125, Loss: 1.006132960319519
Batch 1250/3125, Loss: 1.0042452812194824
Batch 1300/3125, Loss: 1.0927823781967163
Batch 1350/3125, Loss: 1.0207762718200684
Batch 1400/3125, Loss: 1.0262423753738403
Batch 1450/3125, Loss: 1.0292699337005615
Batch 1500/3125, Loss: 1.475602149963379
Batch 1550/3125, Loss: 1.0759583711624146
Batch 1600/3125, Loss: 1.0180145502090454
Batch 1650/3125, Loss: 1.020482063293457
Batch 1700/3125, Loss: 1.0222409963607788
Batch 1750/3125, Loss: 1.0466289520263672
Batch 1800/3125, Loss: 0.9802992939949036
Batch 1850/3125, Loss: 1.0317424535751343
Batch 1900/3125, Loss: 1.0186593532562256
Batch 1950/3125, Loss: 0.9901312589645386
Batch 2000/3125, Loss: 1.0327489376068115
Batch 2050/3125, Loss: 1.0439717769622803
Batch 2100/3125, Loss: 1.049419641494751
Batch 2150/3125, Loss: 1.5192375183105469
Batch 2200/3125, Loss: 1.1051740646362305
Batch 2250/3125, Loss: 1.0067157745361328
Batch 2300/3125, Loss: 1.0020365715026855
Batch 2350/3125, Loss: 1.0303053855895996
Batch 2400/3125, Loss: 1.070123314857483
Batch 2450/3125, Loss: 1.00504469871521
Batch 2500/3125, Loss: 1.0021331310272217
Batch 2550/3125, Loss: 1.0420104265213013
Batch 2600/3125, Loss: 1.034231424331665
Batch 2650/3125, Loss: 0.9911372065544128
Batch 2700/3125, Loss: 0.9875285625457764
Batch 2750/3125, Loss: 1.1297754049301147
Batch 2800/3125, Loss: 1.0099220275878906
Batch 2850/3125, Loss: 1.0200886726379395
Batch 2900/3125, Loss: 1.0825529098510742
Batch 2950/3125, Loss: 1.0652704238891602
Batch 3000/3125, Loss: 1.0629576444625854
Batch 3050/3125, Loss: 1.0643060207366943
Batch 3100/3125, Loss: 3.9893267154693604

Start of epoch 33
Batch 0/3125, Loss: 2.612116575241089
Batch 50/3125, Loss: 1.0808887481689453
Batch 100/3125, Loss: 1.035920262336731
Batch 150/3125, Loss: 1.0222324132919312
Batch 200/3125, Loss: 0.9904469847679138
Batch 250/3125, Loss: 1.0197402238845825
Batch 300/3125, Loss: 1.0182552337646484
Batch 350/3125, Loss: 1.0013017654418945
Batch 400/3125, Loss: 0.9828090071678162
Batch 450/3125, Loss: 1.0371094942092896
Batch 500/3125, Loss: 1.0052398443222046
Batch 550/3125, Loss: 1.0151984691619873
Batch 600/3125, Loss: 1.0139539241790771
Batch 650/3125, Loss: 1.0656397342681885
Batch 700/3125, Loss: 1.0460562705993652
Batch 750/3125, Loss: 0.9533126950263977
Batch 800/3125, Loss: 1.1077650785446167
Batch 850/3125, Loss: 1.0497537851333618
Batch 900/3125, Loss: 1.0770870447158813
Batch 950/3125, Loss: 0.9711117744445801
Batch 1000/3125, Loss: 1.046477198600769
Batch 1050/3125, Loss: 1.0151569843292236
Batch 1100/3125, Loss: 1.675472617149353
Batch 1150/3125, Loss: 1.014906406402588
Batch 1200/3125, Loss: 1.036954402923584
Batch 1250/3125, Loss: 1.0364303588867188
Batch 1300/3125, Loss: 0.9965463280677795
Batch 1350/3125, Loss: 1.0070488452911377
Batch 1400/3125, Loss: 1.0255787372589111
Batch 1450/3125, Loss: 1.041535496711731
Batch 1500/3125, Loss: 1.1496381759643555
Batch 1550/3125, Loss: 1.124398112297058
Batch 1600/3125, Loss: 1.0115762948989868
Batch 1650/3125, Loss: 1.053236484527588
Batch 1700/3125, Loss: 1.0371581315994263
Batch 1750/3125, Loss: 1.006643533706665
Batch 1800/3125, Loss: 1.0247142314910889
Batch 1850/3125, Loss: 1.0035874843597412
Batch 1900/3125, Loss: 1.1261639595031738
Batch 1950/3125, Loss: 1.0080888271331787
Batch 2000/3125, Loss: 1.0024601221084595
Batch 2050/3125, Loss: 1.0961464643478394
Batch 2100/3125, Loss: 1.0245240926742554
Batch 2150/3125, Loss: 1.0392920970916748
Batch 2200/3125, Loss: 1.021679162979126
Batch 2250/3125, Loss: 1.0478533506393433
Batch 2300/3125, Loss: 1.0419992208480835
Batch 2350/3125, Loss: 1.0718796253204346
Batch 2400/3125, Loss: 1.1169286966323853
Batch 2450/3125, Loss: 0.9967865943908691
Batch 2500/3125, Loss: 1.0806257724761963
Batch 2550/3125, Loss: 1.0603035688400269
Batch 2600/3125, Loss: 1.0484541654586792
Batch 2650/3125, Loss: 1.0152126550674438
Batch 2700/3125, Loss: 0.971377968788147
Batch 2750/3125, Loss: 1.0159509181976318
Batch 2800/3125, Loss: 1.0406112670898438
Batch 2850/3125, Loss: 1.0115492343902588
Batch 2900/3125, Loss: 1.0371019840240479
Batch 2950/3125, Loss: 1.2890890836715698
Batch 3000/3125, Loss: 2.2542309761047363
Batch 3050/3125, Loss: 0.9652385115623474
Batch 3100/3125, Loss: 1.0412969589233398

Start of epoch 34
Batch 0/3125, Loss: 1.0356777906417847
Batch 50/3125, Loss: 1.0509940385818481
Batch 100/3125, Loss: 1.0305516719818115
Batch 150/3125, Loss: 1.0024189949035645
Batch 200/3125, Loss: 0.9645164608955383
Batch 250/3125, Loss: 1.0014426708221436
Batch 300/3125, Loss: 1.0344897508621216
Batch 350/3125, Loss: 1.0128735303878784
Batch 400/3125, Loss: 0.9961459040641785
Batch 450/3125, Loss: 1.0368245840072632
Batch 500/3125, Loss: 1.011343002319336
Batch 550/3125, Loss: 1.0185706615447998
Batch 600/3125, Loss: 0.9962626099586487
Batch 650/3125, Loss: 0.9877259731292725
Batch 700/3125, Loss: 1.0094478130340576
Batch 750/3125, Loss: 0.9958856701850891
Batch 800/3125, Loss: 1.1268126964569092
Batch 850/3125, Loss: 0.99162358045578
Batch 900/3125, Loss: 0.9975994825363159
Batch 950/3125, Loss: 0.9881417751312256
Batch 1000/3125, Loss: 0.9699335098266602
Batch 1050/3125, Loss: 0.9846323132514954
Batch 1100/3125, Loss: 1.0074273347854614
Batch 1150/3125, Loss: 0.9922501444816589
Batch 1200/3125, Loss: 1.1396591663360596
Batch 1250/3125, Loss: 1.2017664909362793
Batch 1300/3125, Loss: 1.0599404573440552
Batch 1350/3125, Loss: 0.9953646659851074
Batch 1400/3125, Loss: 0.9783015251159668
Batch 1450/3125, Loss: 0.9939765930175781
Batch 1500/3125, Loss: 1.012502670288086
Batch 1550/3125, Loss: 1.0246005058288574
Batch 1600/3125, Loss: 1.0356944799423218
Batch 1650/3125, Loss: 1.133299708366394
Batch 1700/3125, Loss: 1.0674035549163818
Batch 1750/3125, Loss: 0.9903843402862549
Batch 1800/3125, Loss: 1.0117019414901733
Batch 1850/3125, Loss: 1.0516486167907715
Batch 1900/3125, Loss: 1.0135793685913086
Batch 1950/3125, Loss: 1.0173836946487427
Batch 2000/3125, Loss: 1.011922001838684
Batch 2050/3125, Loss: 0.9750836491584778
Batch 2100/3125, Loss: 1.0274229049682617
Batch 2150/3125, Loss: 1.0111955404281616
Batch 2200/3125, Loss: 1.224024772644043
Batch 2250/3125, Loss: 1.0228427648544312
Batch 2300/3125, Loss: 1.0111078023910522
Batch 2350/3125, Loss: 1.3457746505737305
Batch 2400/3125, Loss: 1.1893647909164429
Batch 2450/3125, Loss: 1.0165468454360962
Batch 2500/3125, Loss: 1.0256834030151367
Batch 2550/3125, Loss: 1.0019550323486328
Batch 2600/3125, Loss: 0.996155321598053
Batch 2650/3125, Loss: 0.9776067137718201
Batch 2700/3125, Loss: 1.0097064971923828
Batch 2750/3125, Loss: 1.0082262754440308
Batch 2800/3125, Loss: 1.0569549798965454
Batch 2850/3125, Loss: 1.001819133758545
Batch 2900/3125, Loss: 1.0316342115402222
Batch 2950/3125, Loss: 1.1195753812789917
Batch 3000/3125, Loss: 1.346445918083191
Batch 3050/3125, Loss: 1.0636682510375977
Batch 3100/3125, Loss: 1.0324755907058716

Start of epoch 35
Batch 0/3125, Loss: 0.9959585070610046
Batch 50/3125, Loss: 1.0481576919555664
Batch 100/3125, Loss: 1.0485020875930786
Batch 150/3125, Loss: 0.9970512390136719
Batch 200/3125, Loss: 1.0326732397079468
Batch 250/3125, Loss: 1.1250038146972656
Batch 300/3125, Loss: 1.0290684700012207
Batch 350/3125, Loss: 1.0343552827835083
Batch 400/3125, Loss: 1.002524971961975
Batch 450/3125, Loss: 1.00498628616333
Batch 500/3125, Loss: 1.0503997802734375
Batch 550/3125, Loss: 1.248764157295227
Batch 600/3125, Loss: 1.104699730873108
Batch 650/3125, Loss: 1.0117477178573608
Batch 700/3125, Loss: 1.0280520915985107
Batch 750/3125, Loss: 1.0508077144622803
Batch 800/3125, Loss: 1.0776026248931885
Batch 850/3125, Loss: 1.0116981267929077
Batch 900/3125, Loss: 0.980949342250824
Batch 950/3125, Loss: 1.0397025346755981
Batch 1000/3125, Loss: 1.00639009475708
Batch 1050/3125, Loss: 1.0189085006713867
Batch 1100/3125, Loss: 0.9628870487213135
Batch 1150/3125, Loss: 1.1316291093826294
Batch 1200/3125, Loss: 1.0109269618988037
Batch 1250/3125, Loss: 0.9862701892852783
Batch 1300/3125, Loss: 1.0056886672973633
Batch 1350/3125, Loss: 1.034518837928772
Batch 1400/3125, Loss: 1.0015822649002075
Batch 1450/3125, Loss: 1.039060354232788
Batch 1500/3125, Loss: 1.0375001430511475
Batch 1550/3125, Loss: 0.994581401348114
Batch 1600/3125, Loss: 1.0736277103424072
Batch 1650/3125, Loss: 2.2826943397521973
Batch 1700/3125, Loss: 1.0263769626617432
Batch 1750/3125, Loss: 0.9764031767845154
Batch 1800/3125, Loss: 0.9762364029884338
Batch 1850/3125, Loss: 1.0587114095687866
Batch 1900/3125, Loss: 1.0143516063690186
Batch 1950/3125, Loss: 0.9400296211242676
Batch 2000/3125, Loss: 0.9909629225730896
Batch 2050/3125, Loss: 1.0550047159194946
Batch 2100/3125, Loss: 1.0070708990097046
Batch 2150/3125, Loss: 0.976948082447052
Batch 2200/3125, Loss: 1.038780927658081
Batch 2250/3125, Loss: 0.9970570206642151
Batch 2300/3125, Loss: 0.9717804193496704
Batch 2350/3125, Loss: 1.1019673347473145
Batch 2400/3125, Loss: 1.0318838357925415
Batch 2450/3125, Loss: 0.9866217970848083
Batch 2500/3125, Loss: 1.0085241794586182
Batch 2550/3125, Loss: 1.001690149307251
Batch 2600/3125, Loss: 1.027269721031189
Batch 2650/3125, Loss: 1.0010970830917358
Batch 2700/3125, Loss: 1.0588479042053223
Batch 2750/3125, Loss: 0.9663287401199341
Batch 2800/3125, Loss: 1.0612274408340454
Batch 2850/3125, Loss: 1.021794319152832
Batch 2900/3125, Loss: 0.9804821014404297
Batch 2950/3125, Loss: 1.003596305847168
Batch 3000/3125, Loss: 1.0005593299865723
Batch 3050/3125, Loss: 1.0454790592193604
Batch 3100/3125, Loss: 1.1923376321792603

Start of epoch 36
Batch 0/3125, Loss: 1.0828310251235962
Batch 50/3125, Loss: 1.0381652116775513
Batch 100/3125, Loss: 0.9916226267814636
Batch 150/3125, Loss: 1.0099725723266602
Batch 200/3125, Loss: 1.025769829750061
Batch 250/3125, Loss: 1.0350197553634644
Batch 300/3125, Loss: 1.0192197561264038
Batch 350/3125, Loss: 1.0366960763931274
Batch 400/3125, Loss: 0.982873260974884
Batch 450/3125, Loss: 1.2405047416687012
Batch 500/3125, Loss: 1.6687134504318237
Batch 550/3125, Loss: 1.0132087469100952
Batch 600/3125, Loss: 1.02760648727417
Batch 650/3125, Loss: 1.002768635749817
Batch 700/3125, Loss: 1.4170726537704468
Batch 750/3125, Loss: 0.9832453727722168
Batch 800/3125, Loss: 0.9777868986129761
Batch 850/3125, Loss: 1.0008090734481812
Batch 900/3125, Loss: 1.0059911012649536
Batch 950/3125, Loss: 1.0102111101150513
Batch 1000/3125, Loss: 1.0331872701644897
Batch 1050/3125, Loss: 1.0049614906311035
Batch 1100/3125, Loss: 1.0022259950637817
Batch 1150/3125, Loss: 0.9639359712600708
Batch 1200/3125, Loss: 1.1229667663574219
Batch 1250/3125, Loss: 1.0168102979660034
Batch 1300/3125, Loss: 1.0839771032333374
Batch 1350/3125, Loss: 1.011940836906433
Batch 1400/3125, Loss: 1.0046534538269043
Batch 1450/3125, Loss: 1.0363434553146362
Batch 1500/3125, Loss: 1.052223563194275
Batch 1550/3125, Loss: 0.9915528297424316
Batch 1600/3125, Loss: 0.9681665897369385
Batch 1650/3125, Loss: 1.0304276943206787
Batch 1700/3125, Loss: 1.0037829875946045
Batch 1750/3125, Loss: 0.9844910502433777
Batch 1800/3125, Loss: 1.2454111576080322
Batch 1850/3125, Loss: 0.9819427132606506
Batch 1900/3125, Loss: 1.0461403131484985
Batch 1950/3125, Loss: 0.9591850638389587
Batch 2000/3125, Loss: 1.0497441291809082
Batch 2050/3125, Loss: 1.0365580320358276
Batch 2100/3125, Loss: 1.010481834411621
Batch 2150/3125, Loss: 0.9809795618057251
Batch 2200/3125, Loss: 1.0158376693725586
Batch 2250/3125, Loss: 1.0102782249450684
Batch 2300/3125, Loss: 0.9786253571510315
Batch 2350/3125, Loss: 0.9561669230461121
Batch 2400/3125, Loss: 0.9822834730148315
Batch 2450/3125, Loss: 0.9872459173202515
Batch 2500/3125, Loss: 1.236352562904358
Batch 2550/3125, Loss: 1.0722784996032715
Batch 2600/3125, Loss: 0.9911518096923828
Batch 2650/3125, Loss: 0.9842292666435242
Batch 2700/3125, Loss: 1.0069234371185303
Batch 2750/3125, Loss: 0.9731957316398621
Batch 2800/3125, Loss: 1.0151381492614746
Batch 2850/3125, Loss: 0.9753788113594055
Batch 2900/3125, Loss: 0.9965900182723999
Batch 2950/3125, Loss: 1.0117511749267578
Batch 3000/3125, Loss: 1.046025276184082
Batch 3050/3125, Loss: 1.0166600942611694
Batch 3100/3125, Loss: 1.0263868570327759

Start of epoch 37
Batch 0/3125, Loss: 1.040917992591858
Batch 50/3125, Loss: 1.0413159132003784
Batch 100/3125, Loss: 0.9996588826179504
Batch 150/3125, Loss: 1.0352956056594849
Batch 200/3125, Loss: 1.0775330066680908
Batch 250/3125, Loss: 1.0801503658294678
Batch 300/3125, Loss: 1.0342953205108643
Batch 350/3125, Loss: 0.9818038940429688
Batch 400/3125, Loss: 1.0306830406188965
Batch 450/3125, Loss: 1.0260432958602905
Batch 500/3125, Loss: 1.015278935432434
Batch 550/3125, Loss: 1.007326602935791
Batch 600/3125, Loss: 0.9985648393630981
Batch 650/3125, Loss: 0.9858438372612
Batch 700/3125, Loss: 1.0357239246368408
Batch 750/3125, Loss: 1.059535264968872
Batch 800/3125, Loss: 1.2967936992645264
Batch 850/3125, Loss: 1.8271636962890625
Batch 900/3125, Loss: 1.0469448566436768
Batch 950/3125, Loss: 1.0577601194381714
Batch 1000/3125, Loss: 0.9884986281394958
Batch 1050/3125, Loss: 1.0250133275985718
Batch 1100/3125, Loss: 0.9828691482543945
Batch 1150/3125, Loss: 1.001537799835205
Batch 1200/3125, Loss: 1.0429856777191162
Batch 1250/3125, Loss: 0.9785505533218384
Batch 1300/3125, Loss: 1.0298446416854858
Batch 1350/3125, Loss: 0.9974320530891418
Batch 1400/3125, Loss: 1.023445963859558
Batch 1450/3125, Loss: 1.0000802278518677
Batch 1500/3125, Loss: 1.0494742393493652
Batch 1550/3125, Loss: 0.9988471865653992
Batch 1600/3125, Loss: 1.16541588306427
Batch 1650/3125, Loss: 1.0344138145446777
Batch 1700/3125, Loss: 0.9980720281600952
Batch 1750/3125, Loss: 1.0327656269073486
Batch 1800/3125, Loss: 0.9584871530532837
Batch 1850/3125, Loss: 0.9995100498199463
Batch 1900/3125, Loss: 0.9747805595397949
Batch 1950/3125, Loss: 1.035964012145996
Batch 2000/3125, Loss: 1.0413708686828613
Batch 2050/3125, Loss: 1.056156873703003
Batch 2100/3125, Loss: 1.0481230020523071
Batch 2150/3125, Loss: 0.9954473376274109
Batch 2200/3125, Loss: 0.9823687672615051
Batch 2250/3125, Loss: 1.0116732120513916
Batch 2300/3125, Loss: 1.0463677644729614
Batch 2350/3125, Loss: 0.9678459763526917
Batch 2400/3125, Loss: 1.0130205154418945
Batch 2450/3125, Loss: 1.0285946130752563
Batch 2500/3125, Loss: 1.6891002655029297
Batch 2550/3125, Loss: 1.007751226425171
Batch 2600/3125, Loss: 0.9970323443412781
Batch 2650/3125, Loss: 1.0577987432479858
Batch 2700/3125, Loss: 0.9783411622047424
Batch 2750/3125, Loss: 1.0035197734832764
Batch 2800/3125, Loss: 0.982236385345459
Batch 2850/3125, Loss: 1.0104783773422241
Batch 2900/3125, Loss: 1.024827241897583
Batch 2950/3125, Loss: 1.0207207202911377
Batch 3000/3125, Loss: 1.0366872549057007
Batch 3050/3125, Loss: 0.9741510152816772
Batch 3100/3125, Loss: 1.0627003908157349

Start of epoch 38
Batch 0/3125, Loss: 1.0269986391067505
Batch 50/3125, Loss: 1.013473391532898
Batch 100/3125, Loss: 1.0801470279693604
Batch 150/3125, Loss: 1.0556838512420654
Batch 200/3125, Loss: 1.1058669090270996
Batch 250/3125, Loss: 1.0315510034561157
Batch 300/3125, Loss: 1.3065240383148193
Batch 350/3125, Loss: 1.0040372610092163
Batch 400/3125, Loss: 1.0026750564575195
Batch 450/3125, Loss: 1.1703335046768188
Batch 500/3125, Loss: 1.0307013988494873
Batch 550/3125, Loss: 1.156887412071228
Batch 600/3125, Loss: 0.9916538596153259
Batch 650/3125, Loss: 0.9896199107170105
Batch 700/3125, Loss: 0.9659304618835449
Batch 750/3125, Loss: 1.0145988464355469
Batch 800/3125, Loss: 0.9688318967819214
Batch 850/3125, Loss: 1.0434088706970215
Batch 900/3125, Loss: 1.378341555595398
Batch 950/3125, Loss: 0.9913716316223145
Batch 1000/3125, Loss: 0.965145468711853
Batch 1050/3125, Loss: 0.9972904324531555
Batch 1100/3125, Loss: 0.9954195618629456
Batch 1150/3125, Loss: 1.063263177871704
Batch 1200/3125, Loss: 0.9982413649559021
Batch 1250/3125, Loss: 0.9533311724662781
Batch 1300/3125, Loss: 1.0101449489593506
Batch 1350/3125, Loss: 1.1236793994903564
Batch 1400/3125, Loss: 3.27341365814209
Batch 1450/3125, Loss: 1.0222079753875732
Batch 1500/3125, Loss: 0.9970992803573608
Batch 1550/3125, Loss: 1.0092203617095947
Batch 1600/3125, Loss: 1.0436828136444092
Batch 1650/3125, Loss: 1.0183310508728027
Batch 1700/3125, Loss: 0.9854692816734314
Batch 1750/3125, Loss: 1.0262600183486938
Batch 1800/3125, Loss: 0.9754645824432373
Batch 1850/3125, Loss: 1.000144362449646
Batch 1900/3125, Loss: 1.0497297048568726
Batch 1950/3125, Loss: 1.0451513528823853
Batch 2000/3125, Loss: 1.0078076124191284
Batch 2050/3125, Loss: 1.0159003734588623
Batch 2100/3125, Loss: 0.9848735332489014
Batch 2150/3125, Loss: 1.0285652875900269
Batch 2200/3125, Loss: 1.0078403949737549
Batch 2250/3125, Loss: 0.9895485639572144
Batch 2300/3125, Loss: 0.9777414202690125
Batch 2350/3125, Loss: 1.0128535032272339
Batch 2400/3125, Loss: 1.0416258573532104
Batch 2450/3125, Loss: 1.0185787677764893
Batch 2500/3125, Loss: 1.0320384502410889
Batch 2550/3125, Loss: 1.0221112966537476
Batch 2600/3125, Loss: 1.0043532848358154
Batch 2650/3125, Loss: 1.0345182418823242
Batch 2700/3125, Loss: 1.039603590965271
Batch 2750/3125, Loss: 0.9840362668037415
Batch 2800/3125, Loss: 0.9878920316696167
Batch 2850/3125, Loss: 1.010245442390442
Batch 2900/3125, Loss: 1.037583827972412
Batch 2950/3125, Loss: 0.9783241748809814
Batch 3000/3125, Loss: 1.034908413887024
Batch 3050/3125, Loss: 1.190003514289856
Batch 3100/3125, Loss: 1.0459375381469727

Start of epoch 39
Batch 0/3125, Loss: 0.9776253700256348
Batch 50/3125, Loss: 0.9861476421356201
Batch 100/3125, Loss: 0.9981034994125366
Batch 150/3125, Loss: 1.0223188400268555
Batch 200/3125, Loss: 1.0180467367172241
Batch 250/3125, Loss: 0.9889025092124939
Batch 300/3125, Loss: 1.001422643661499
Batch 350/3125, Loss: 0.9965088963508606
Batch 400/3125, Loss: 1.0064183473587036
Batch 450/3125, Loss: 0.9758143424987793
Batch 500/3125, Loss: 1.0048487186431885
Batch 550/3125, Loss: 1.043403148651123
Batch 600/3125, Loss: 1.0222314596176147
Batch 650/3125, Loss: 1.0298155546188354
Batch 700/3125, Loss: 1.1347984075546265
Batch 750/3125, Loss: 1.0279299020767212
Batch 800/3125, Loss: 0.9399528503417969
Batch 850/3125, Loss: 1.012577772140503
Batch 900/3125, Loss: 0.9910414814949036
Batch 950/3125, Loss: 0.9888829588890076
Batch 1000/3125, Loss: 1.0073273181915283
Batch 1050/3125, Loss: 1.0569415092468262
Batch 1100/3125, Loss: 1.0123144388198853
Batch 1150/3125, Loss: 1.0321624279022217
Batch 1200/3125, Loss: 1.0000137090682983
Batch 1250/3125, Loss: 1.0051119327545166
Batch 1300/3125, Loss: 1.648149013519287
Batch 1350/3125, Loss: 1.1209750175476074
Batch 1400/3125, Loss: 1.1293911933898926
Batch 1450/3125, Loss: 1.0266181230545044
Batch 1500/3125, Loss: 1.2495940923690796
Batch 1550/3125, Loss: 1.813927173614502
Batch 1600/3125, Loss: 0.9983332753181458
Batch 1650/3125, Loss: 1.0272066593170166
Batch 1700/3125, Loss: 0.9943477511405945
Batch 1750/3125, Loss: 1.0183182954788208
Batch 1800/3125, Loss: 0.9960315227508545
Batch 1850/3125, Loss: 1.0307385921478271
Batch 1900/3125, Loss: 0.9827989339828491
Batch 1950/3125, Loss: 1.003220796585083
Batch 2000/3125, Loss: 1.0095832347869873
Batch 2050/3125, Loss: 1.0289373397827148
Batch 2100/3125, Loss: 0.9510149359703064
Batch 2150/3125, Loss: 1.0332939624786377
Batch 2200/3125, Loss: 0.9994349479675293
Batch 2250/3125, Loss: 1.0122214555740356
Batch 2300/3125, Loss: 1.0191247463226318
Batch 2350/3125, Loss: 1.0436023473739624
Batch 2400/3125, Loss: 1.0063011646270752
Batch 2450/3125, Loss: 1.0583547353744507
Batch 2500/3125, Loss: 0.9970027208328247
Batch 2550/3125, Loss: 1.040694236755371
Batch 2600/3125, Loss: 1.020951509475708
Batch 2650/3125, Loss: 1.0186833143234253
Batch 2700/3125, Loss: 1.0178569555282593
Batch 2750/3125, Loss: 1.0258979797363281
Batch 2800/3125, Loss: 1.0053952932357788
Batch 2850/3125, Loss: 1.0263175964355469
Batch 2900/3125, Loss: 1.0153199434280396
Batch 2950/3125, Loss: 1.026633620262146
Batch 3000/3125, Loss: 1.0845619440078735
Batch 3050/3125, Loss: 1.035627841949463
Batch 3100/3125, Loss: 1.003360629081726

Start of epoch 40
Batch 0/3125, Loss: 0.9735522270202637
Batch 50/3125, Loss: 1.380332112312317
Batch 100/3125, Loss: 1.030334711074829
Batch 150/3125, Loss: 0.9503767490386963
Batch 200/3125, Loss: 0.9831557273864746
Batch 250/3125, Loss: 0.9802895784378052
Batch 300/3125, Loss: 1.0038020610809326
Batch 350/3125, Loss: 0.9968870878219604
Batch 400/3125, Loss: 0.9713122844696045
Batch 450/3125, Loss: 0.9660487174987793
Batch 500/3125, Loss: 0.9935968518257141
Batch 550/3125, Loss: 1.0418821573257446
Batch 600/3125, Loss: 1.0572930574417114
Batch 650/3125, Loss: 0.99286288022995
Batch 700/3125, Loss: 1.0071803331375122
Batch 750/3125, Loss: 1.025463342666626
Batch 800/3125, Loss: 1.0267137289047241
Batch 850/3125, Loss: 1.0249491930007935
Batch 900/3125, Loss: 0.9478932619094849
Batch 950/3125, Loss: 1.0118205547332764
Batch 1000/3125, Loss: 0.986520528793335
Batch 1050/3125, Loss: 1.01045560836792
Batch 1100/3125, Loss: 1.0184326171875
Batch 1150/3125, Loss: 1.036905288696289
Batch 1200/3125, Loss: 1.033112645149231
Batch 1250/3125, Loss: 1.146259069442749
Batch 1300/3125, Loss: 0.9969532489776611
Batch 1350/3125, Loss: 0.9831880331039429
Batch 1400/3125, Loss: 1.008681297302246
Batch 1450/3125, Loss: 1.073425531387329
Batch 1500/3125, Loss: 1.0310850143432617
Batch 1550/3125, Loss: 1.0123608112335205
Batch 1600/3125, Loss: 1.000509262084961
Batch 1650/3125, Loss: 1.0130908489227295
Batch 1700/3125, Loss: 1.0810967683792114
Batch 1750/3125, Loss: 0.9976934790611267
Batch 1800/3125, Loss: 1.0152268409729004
Batch 1850/3125, Loss: 1.215523362159729
Batch 1900/3125, Loss: 1.0936903953552246
Batch 1950/3125, Loss: 1.010130763053894
Batch 2000/3125, Loss: 1.0144139528274536
Batch 2050/3125, Loss: 0.9531102180480957
Batch 2100/3125, Loss: 1.0250581502914429
Batch 2150/3125, Loss: 0.9714691638946533
Batch 2200/3125, Loss: 1.012558937072754
Batch 2250/3125, Loss: 0.980627179145813
Batch 2300/3125, Loss: 0.9939466714859009
Batch 2350/3125, Loss: 0.9681330919265747
Batch 2400/3125, Loss: 0.9930033683776855
Batch 2450/3125, Loss: 0.9970507621765137
Batch 2500/3125, Loss: 0.9837582111358643
Batch 2550/3125, Loss: 0.9733477234840393
Batch 2600/3125, Loss: 1.036758303642273
Batch 2650/3125, Loss: 1.0278980731964111
Batch 2700/3125, Loss: 0.9982515573501587
Batch 2750/3125, Loss: 1.041733980178833
Batch 2800/3125, Loss: 1.119857668876648
Batch 2850/3125, Loss: 3.9382176399230957
Batch 2900/3125, Loss: 1.0909159183502197
Batch 2950/3125, Loss: 0.9647043347358704
Batch 3000/3125, Loss: 1.0071035623550415
Batch 3050/3125, Loss: 1.0016677379608154
Batch 3100/3125, Loss: 1.0197999477386475

Start of epoch 41
Batch 0/3125, Loss: 0.997165858745575
Batch 50/3125, Loss: 0.9738253355026245
Batch 100/3125, Loss: 1.0048303604125977
Batch 150/3125, Loss: 1.0190479755401611
Batch 200/3125, Loss: 1.0075172185897827
Batch 250/3125, Loss: 0.9800843000411987
Batch 300/3125, Loss: 0.9692498445510864
Batch 350/3125, Loss: 1.0301600694656372
Batch 400/3125, Loss: 1.0132876634597778
Batch 450/3125, Loss: 1.4259331226348877
Batch 500/3125, Loss: 1.0387670993804932
Batch 550/3125, Loss: 1.345192790031433
Batch 600/3125, Loss: 1.3936965465545654
Batch 650/3125, Loss: 1.0294114351272583
Batch 700/3125, Loss: 0.9730410575866699
Batch 750/3125, Loss: 1.0181312561035156
Batch 800/3125, Loss: 0.9464246034622192
Batch 850/3125, Loss: 0.971876323223114
Batch 900/3125, Loss: 0.9854726195335388
Batch 950/3125, Loss: 1.011362075805664
Batch 1000/3125, Loss: 0.9737564325332642
Batch 1050/3125, Loss: 0.9818256497383118
Batch 1100/3125, Loss: 1.0390002727508545
Batch 1150/3125, Loss: 0.9833717942237854
Batch 1200/3125, Loss: 0.9821354746818542
Batch 1250/3125, Loss: 1.8437304496765137
Batch 1300/3125, Loss: 1.0115673542022705
Batch 1350/3125, Loss: 0.9604045152664185
Batch 1400/3125, Loss: 1.0282506942749023
Batch 1450/3125, Loss: 0.9808029532432556
Batch 1500/3125, Loss: 1.1723918914794922
Batch 1550/3125, Loss: 0.9844209551811218
Batch 1600/3125, Loss: 0.9856236577033997
Batch 1650/3125, Loss: 1.0694659948349
Batch 1700/3125, Loss: 1.0231870412826538
Batch 1750/3125, Loss: 0.9899286031723022
Batch 1800/3125, Loss: 1.0003111362457275
Batch 1850/3125, Loss: 0.9852899312973022
Batch 1900/3125, Loss: 0.9442949891090393
Batch 1950/3125, Loss: 0.9525449275970459
Batch 2000/3125, Loss: 1.008049488067627
Batch 2050/3125, Loss: 0.978127121925354
Batch 2100/3125, Loss: 1.0314477682113647
Batch 2150/3125, Loss: 0.9971126317977905
Batch 2200/3125, Loss: 0.9773619771003723
Batch 2250/3125, Loss: 0.9967085719108582
Batch 2300/3125, Loss: 0.9816219806671143
Batch 2350/3125, Loss: 0.9842135310173035
Batch 2400/3125, Loss: 1.0147968530654907
Batch 2450/3125, Loss: 0.991664469242096
Batch 2500/3125, Loss: 0.9998450875282288
Batch 2550/3125, Loss: 1.0380059480667114
Batch 2600/3125, Loss: 1.0190937519073486
Batch 2650/3125, Loss: 1.0542714595794678
Batch 2700/3125, Loss: 0.9792399406433105
Batch 2750/3125, Loss: 0.9974327683448792
Batch 2800/3125, Loss: 0.9914142489433289
Batch 2850/3125, Loss: 0.9989995956420898
Batch 2900/3125, Loss: 0.9347236752510071
Batch 2950/3125, Loss: 0.9803688526153564
Batch 3000/3125, Loss: 1.009272575378418
Batch 3050/3125, Loss: 1.0103309154510498
Batch 3100/3125, Loss: 0.9853022694587708

Start of epoch 42
Batch 0/3125, Loss: 0.9954352974891663
Batch 50/3125, Loss: 1.1159573793411255
Batch 100/3125, Loss: 1.003750205039978
Batch 150/3125, Loss: 1.0340121984481812
Batch 200/3125, Loss: 1.0674350261688232
Batch 250/3125, Loss: 0.9710023403167725
Batch 300/3125, Loss: 0.9940786957740784
Batch 350/3125, Loss: 1.3433176279067993
Batch 400/3125, Loss: 1.6222325563430786
Batch 450/3125, Loss: 0.9924591779708862
Batch 500/3125, Loss: 1.011006236076355
Batch 550/3125, Loss: 0.9183753728866577
Batch 600/3125, Loss: 1.0241310596466064
Batch 650/3125, Loss: 0.962221622467041
Batch 700/3125, Loss: 0.9984349012374878
Batch 750/3125, Loss: 1.0036410093307495
Batch 800/3125, Loss: 1.0108391046524048
Batch 850/3125, Loss: 1.0336618423461914
Batch 900/3125, Loss: 0.9965811967849731
Batch 950/3125, Loss: 0.9788517951965332
Batch 1000/3125, Loss: 1.0057777166366577
Batch 1050/3125, Loss: 0.9558670520782471
Batch 1100/3125, Loss: 1.0327634811401367
Batch 1150/3125, Loss: 0.9619603157043457
Batch 1200/3125, Loss: 0.99544757604599
Batch 1250/3125, Loss: 1.0257859230041504
Batch 1300/3125, Loss: 0.9398086667060852
Batch 1350/3125, Loss: 0.9807329773902893
Batch 1400/3125, Loss: 1.0286331176757812
Batch 1450/3125, Loss: 0.9894174933433533
Batch 1500/3125, Loss: 0.9962344169616699
Batch 1550/3125, Loss: 0.9634827971458435
Batch 1600/3125, Loss: 1.0289782285690308
Batch 1650/3125, Loss: 1.0339559316635132
Batch 1700/3125, Loss: 1.6017951965332031
Batch 1750/3125, Loss: 0.9786003828048706
Batch 1800/3125, Loss: 0.9648202061653137
Batch 1850/3125, Loss: 1.0320035219192505
Batch 1900/3125, Loss: 1.0164700746536255
Batch 1950/3125, Loss: 0.9725309610366821
Batch 2000/3125, Loss: 1.0264592170715332
Batch 2050/3125, Loss: 1.0214141607284546
Batch 2100/3125, Loss: 0.9917840957641602
Batch 2150/3125, Loss: 0.9553821682929993
Batch 2200/3125, Loss: 0.9947265386581421
Batch 2250/3125, Loss: 0.979072630405426
Batch 2300/3125, Loss: 1.0524699687957764
Batch 2350/3125, Loss: 1.005918025970459
Batch 2400/3125, Loss: 1.0342257022857666
Batch 2450/3125, Loss: 3.993849277496338
Batch 2500/3125, Loss: 0.9942642450332642
Batch 2550/3125, Loss: 1.0192279815673828
Batch 2600/3125, Loss: 0.978006899356842
Batch 2650/3125, Loss: 0.9619013667106628
Batch 2700/3125, Loss: 0.9901391267776489
Batch 2750/3125, Loss: 0.9799097180366516
Batch 2800/3125, Loss: 0.978540301322937
Batch 2850/3125, Loss: 0.977284848690033
Batch 2900/3125, Loss: 0.9451609253883362
Batch 2950/3125, Loss: 1.0447261333465576
Batch 3000/3125, Loss: 0.9819347858428955
Batch 3050/3125, Loss: 1.0228338241577148
Batch 3100/3125, Loss: 0.9981447458267212

Start of epoch 43
Batch 0/3125, Loss: 0.9978489279747009
Batch 50/3125, Loss: 0.9970632791519165
Batch 100/3125, Loss: 0.9850092530250549
Batch 150/3125, Loss: 0.9780107140541077
Batch 200/3125, Loss: 1.0220685005187988
Batch 250/3125, Loss: 1.0285677909851074
Batch 300/3125, Loss: 0.9999891519546509
Batch 350/3125, Loss: 0.9994484782218933
Batch 400/3125, Loss: 1.0433439016342163
Batch 450/3125, Loss: 0.9670732617378235
Batch 500/3125, Loss: 1.0082025527954102
Batch 550/3125, Loss: 1.0286787748336792
Batch 600/3125, Loss: 0.9771390557289124
Batch 650/3125, Loss: 0.9997358322143555
Batch 700/3125, Loss: 1.0096185207366943
Batch 750/3125, Loss: 1.019656777381897
Batch 800/3125, Loss: 0.9938995838165283
Batch 850/3125, Loss: 0.9683235883712769
Batch 900/3125, Loss: 0.9770206809043884
Batch 950/3125, Loss: 0.9732417464256287
Batch 1000/3125, Loss: 0.9941898584365845
Batch 1050/3125, Loss: 0.9921966791152954
Batch 1100/3125, Loss: 0.9661336541175842
Batch 1150/3125, Loss: 1.0267683267593384
Batch 1200/3125, Loss: 1.0776152610778809
Batch 1250/3125, Loss: 0.9579360485076904
Batch 1300/3125, Loss: 1.171292781829834
Batch 1350/3125, Loss: 1.2382500171661377
Batch 1400/3125, Loss: 1.016436219215393
Batch 1450/3125, Loss: 0.9609006643295288
Batch 1500/3125, Loss: 0.9566817879676819
Batch 1550/3125, Loss: 0.97626793384552
Batch 1600/3125, Loss: 0.9975010752677917
Batch 1650/3125, Loss: 0.9912400245666504
Batch 1700/3125, Loss: 2.3162612915039062
Batch 1750/3125, Loss: 1.0090572834014893
Batch 1800/3125, Loss: 1.0048550367355347
Batch 1850/3125, Loss: 0.9816726446151733
Batch 1900/3125, Loss: 0.9698095917701721
Batch 1950/3125, Loss: 0.983425498008728
Batch 2000/3125, Loss: 1.0015573501586914
Batch 2050/3125, Loss: 0.9940732717514038
Batch 2100/3125, Loss: 1.0153312683105469
Batch 2150/3125, Loss: 1.0000104904174805
Batch 2200/3125, Loss: 0.9508572816848755
Batch 2250/3125, Loss: 1.000032901763916
Batch 2300/3125, Loss: 1.010361909866333
Batch 2350/3125, Loss: 1.015390157699585
Batch 2400/3125, Loss: 1.0052833557128906
Batch 2450/3125, Loss: 1.0218030214309692
Batch 2500/3125, Loss: 1.0077283382415771
Batch 2550/3125, Loss: 1.0180870294570923
Batch 2600/3125, Loss: 0.9740460515022278
Batch 2650/3125, Loss: 0.9837065935134888
Batch 2700/3125, Loss: 0.984017014503479
Batch 2750/3125, Loss: 0.9885876774787903
Batch 2800/3125, Loss: 1.008350133895874
Batch 2850/3125, Loss: 0.9846683740615845
Batch 2900/3125, Loss: 1.0172243118286133
Batch 2950/3125, Loss: 1.0218300819396973
Batch 3000/3125, Loss: 0.9981260299682617
Batch 3050/3125, Loss: 0.9857949018478394
Batch 3100/3125, Loss: 0.9939773082733154

Start of epoch 44
Batch 0/3125, Loss: 1.0073421001434326
Batch 50/3125, Loss: 1.0190839767456055
Batch 100/3125, Loss: 0.9621096253395081
Batch 150/3125, Loss: 0.9919534921646118
Batch 200/3125, Loss: 1.0025827884674072
Batch 250/3125, Loss: 1.3804231882095337
Batch 300/3125, Loss: 1.014202356338501
Batch 350/3125, Loss: 1.29947030544281
Batch 400/3125, Loss: 1.0191196203231812
Batch 450/3125, Loss: 1.0064077377319336
Batch 500/3125, Loss: 1.0462629795074463
Batch 550/3125, Loss: 0.9600962400436401
Batch 600/3125, Loss: 1.0231781005859375
Batch 650/3125, Loss: 1.2196755409240723
Batch 700/3125, Loss: 0.9733855128288269
Batch 750/3125, Loss: 0.9655200242996216
Batch 800/3125, Loss: 1.0461630821228027
Batch 850/3125, Loss: 0.9595754742622375
Batch 900/3125, Loss: 1.0029491186141968
Batch 950/3125, Loss: 1.0054700374603271
Batch 1000/3125, Loss: 0.9620199203491211
Batch 1050/3125, Loss: 1.0488749742507935
Batch 1100/3125, Loss: 0.9960750937461853
Batch 1150/3125, Loss: 3.83254075050354
Batch 1200/3125, Loss: 1.0257002115249634
Batch 1250/3125, Loss: 0.960273265838623
Batch 1300/3125, Loss: 0.998126745223999
Batch 1350/3125, Loss: 1.0098580121994019
Batch 1400/3125, Loss: 0.9993961453437805
Batch 1450/3125, Loss: 0.9668307900428772
Batch 1500/3125, Loss: 1.0139737129211426
Batch 1550/3125, Loss: 1.00069260597229
Batch 1600/3125, Loss: 0.9697372317314148
Batch 1650/3125, Loss: 0.9533790349960327
Batch 1700/3125, Loss: 0.9667571783065796
Batch 1750/3125, Loss: 0.9875544905662537
Batch 1800/3125, Loss: 1.036487102508545
Batch 1850/3125, Loss: 0.9559760689735413
Batch 1900/3125, Loss: 1.0114423036575317
Batch 1950/3125, Loss: 0.9763708710670471
Batch 2000/3125, Loss: 1.026187777519226
Batch 2050/3125, Loss: 1.019296646118164
Batch 2100/3125, Loss: 1.0037827491760254
Batch 2150/3125, Loss: 1.0358906984329224
Batch 2200/3125, Loss: 1.146681785583496
Batch 2250/3125, Loss: 1.0105888843536377
Batch 2300/3125, Loss: 0.9600379467010498
Batch 2350/3125, Loss: 0.9775688052177429
Batch 2400/3125, Loss: 0.9825199842453003
Batch 2450/3125, Loss: 1.0194034576416016
Batch 2500/3125, Loss: 1.0163836479187012
Batch 2550/3125, Loss: 0.9948756694793701
Batch 2600/3125, Loss: 1.002636194229126
Batch 2650/3125, Loss: 0.9841772317886353
Batch 2700/3125, Loss: 1.7798347473144531
Batch 2750/3125, Loss: 0.9737164974212646
Batch 2800/3125, Loss: 1.0074361562728882
Batch 2850/3125, Loss: 1.0543230772018433
Batch 2900/3125, Loss: 1.0076488256454468
Batch 2950/3125, Loss: 0.9677563905715942
Batch 3000/3125, Loss: 0.9987318515777588
Batch 3050/3125, Loss: 0.952306866645813
Batch 3100/3125, Loss: 0.9430853724479675

Start of epoch 45
Batch 0/3125, Loss: 0.9838205575942993
Batch 50/3125, Loss: 0.9556052684783936
Batch 100/3125, Loss: 0.9739363193511963
Batch 150/3125, Loss: 0.9919129014015198
Batch 200/3125, Loss: 0.9606249332427979
Batch 250/3125, Loss: 0.9759895205497742
Batch 300/3125, Loss: 1.0112199783325195
Batch 350/3125, Loss: 1.0513861179351807
Batch 400/3125, Loss: 1.0868499279022217
Batch 450/3125, Loss: 1.2279462814331055
Batch 500/3125, Loss: 1.0497633218765259
Batch 550/3125, Loss: 0.9937475919723511
Batch 600/3125, Loss: 0.9457003474235535
Batch 650/3125, Loss: 1.018629550933838
Batch 700/3125, Loss: 0.9901142716407776
Batch 750/3125, Loss: 0.9984773397445679
Batch 800/3125, Loss: 0.9705921411514282
Batch 850/3125, Loss: 0.9967080950737
Batch 900/3125, Loss: 1.0114426612854004
Batch 950/3125, Loss: 0.9747260212898254
Batch 1000/3125, Loss: 0.9921172261238098
Batch 1050/3125, Loss: 0.9343957304954529
Batch 1100/3125, Loss: 0.9491072297096252
Batch 1150/3125, Loss: 0.9842025637626648
Batch 1200/3125, Loss: 0.9930014610290527
Batch 1250/3125, Loss: 0.9955291152000427
Batch 1300/3125, Loss: 0.9786044359207153
Batch 1350/3125, Loss: 0.9747089147567749
Batch 1400/3125, Loss: 0.979875385761261
Batch 1450/3125, Loss: 0.9745360612869263
Batch 1500/3125, Loss: 0.9927587509155273
Batch 1550/3125, Loss: 0.9843564033508301
Batch 1600/3125, Loss: 1.0237910747528076
Batch 1650/3125, Loss: 0.9989485144615173
Batch 1700/3125, Loss: 1.0151104927062988
Batch 1750/3125, Loss: 1.0293004512786865
Batch 1800/3125, Loss: 0.9970264434814453
Batch 1850/3125, Loss: 1.0456057786941528
Batch 1900/3125, Loss: 0.9953017830848694
Batch 1950/3125, Loss: 1.0011651515960693
Batch 2000/3125, Loss: 1.0074594020843506
Batch 2050/3125, Loss: 1.0488160848617554
Batch 2100/3125, Loss: 0.9733889698982239
Batch 2150/3125, Loss: 1.0207360982894897
Batch 2200/3125, Loss: 1.0077965259552002
Batch 2250/3125, Loss: 0.9653465151786804
Batch 2300/3125, Loss: 1.0301934480667114
Batch 2350/3125, Loss: 1.002486228942871
Batch 2400/3125, Loss: 0.958552896976471
Batch 2450/3125, Loss: 1.021708607673645
Batch 2500/3125, Loss: 0.9909706115722656
Batch 2550/3125, Loss: 0.9725508689880371
Batch 2600/3125, Loss: 0.9920181632041931
Batch 2650/3125, Loss: 1.0960273742675781
Batch 2700/3125, Loss: 1.1889255046844482
Batch 2750/3125, Loss: 1.007256031036377
Batch 2800/3125, Loss: 0.9853302240371704
Batch 2850/3125, Loss: 0.977226734161377
Batch 2900/3125, Loss: 0.9560430645942688
Batch 2950/3125, Loss: 1.0235317945480347
Batch 3000/3125, Loss: 0.973020076751709
Batch 3050/3125, Loss: 1.0377991199493408
Batch 3100/3125, Loss: 0.9568973183631897

Start of epoch 46
Batch 0/3125, Loss: 0.98356032371521
Batch 50/3125, Loss: 0.9815855026245117
Batch 100/3125, Loss: 1.0445764064788818
Batch 150/3125, Loss: 0.9826289415359497
Batch 200/3125, Loss: 1.0061891078948975
Batch 250/3125, Loss: 1.0168654918670654
Batch 300/3125, Loss: 0.9446714520454407
Batch 350/3125, Loss: 0.969975471496582
Batch 400/3125, Loss: 0.9909734725952148
Batch 450/3125, Loss: 0.9968905448913574
Batch 500/3125, Loss: 0.9537012577056885
Batch 550/3125, Loss: 1.0261449813842773
Batch 600/3125, Loss: 0.9915139675140381
Batch 650/3125, Loss: 0.9513428807258606
Batch 700/3125, Loss: 1.0017186403274536
Batch 750/3125, Loss: 0.9689061045646667
Batch 800/3125, Loss: 1.0497477054595947
Batch 850/3125, Loss: 0.9530077576637268
Batch 900/3125, Loss: 0.98592609167099
Batch 950/3125, Loss: 0.9680364727973938
Batch 1000/3125, Loss: 0.9932891726493835
Batch 1050/3125, Loss: 1.0074081420898438
Batch 1100/3125, Loss: 0.9521955251693726
Batch 1150/3125, Loss: 0.9868125915527344
Batch 1200/3125, Loss: 0.9705777764320374
Batch 1250/3125, Loss: 0.9948081374168396
Batch 1300/3125, Loss: 2.822805166244507
Batch 1350/3125, Loss: 1.1075186729431152
Batch 1400/3125, Loss: 0.9781543612480164
Batch 1450/3125, Loss: 0.9954532980918884
Batch 1500/3125, Loss: 0.9753472208976746
Batch 1550/3125, Loss: 1.0024526119232178
Batch 1600/3125, Loss: 0.9485834836959839
Batch 1650/3125, Loss: 0.9982550144195557
Batch 1700/3125, Loss: 0.9827706813812256
Batch 1750/3125, Loss: 0.9844286441802979
Batch 1800/3125, Loss: 0.9609659314155579
Batch 1850/3125, Loss: 1.0083587169647217
Batch 1900/3125, Loss: 0.9913111925125122
Batch 1950/3125, Loss: 1.0071837902069092
Batch 2000/3125, Loss: 1.001024842262268
Batch 2050/3125, Loss: 1.087192177772522
Batch 2100/3125, Loss: 1.025865912437439
Batch 2150/3125, Loss: 1.030060052871704
Batch 2200/3125, Loss: 1.0205914974212646
Batch 2250/3125, Loss: 1.0486438274383545
Batch 2300/3125, Loss: 1.3100295066833496
Batch 2350/3125, Loss: 0.9786783456802368
Batch 2400/3125, Loss: 1.037866473197937
Batch 2450/3125, Loss: 1.0246776342391968
Batch 2500/3125, Loss: 0.9492668509483337
Batch 2550/3125, Loss: 1.0059986114501953
Batch 2600/3125, Loss: 0.9544530510902405
Batch 2650/3125, Loss: 1.0263783931732178
Batch 2700/3125, Loss: 1.12578284740448
Batch 2750/3125, Loss: 0.9658902883529663
Batch 2800/3125, Loss: 0.9856570959091187
Batch 2850/3125, Loss: 1.023581862449646
Batch 2900/3125, Loss: 0.9838647842407227
Batch 2950/3125, Loss: 1.0030137300491333
Batch 3000/3125, Loss: 0.9675368666648865
Batch 3050/3125, Loss: 1.0051997900009155
Batch 3100/3125, Loss: 0.973895788192749

Start of epoch 47
Batch 0/3125, Loss: 1.0171470642089844
Batch 50/3125, Loss: 0.9958851933479309
Batch 100/3125, Loss: 1.1823451519012451
Batch 150/3125, Loss: 0.9938066601753235
Batch 200/3125, Loss: 1.0097564458847046
Batch 250/3125, Loss: 0.9345601797103882
Batch 300/3125, Loss: 0.9470964074134827
Batch 350/3125, Loss: 1.0143208503723145
Batch 400/3125, Loss: 1.0017629861831665
Batch 450/3125, Loss: 0.9833803772926331
Batch 500/3125, Loss: 1.1558952331542969
Batch 550/3125, Loss: 0.980955183506012
Batch 600/3125, Loss: 0.9622011184692383
Batch 650/3125, Loss: 1.013401746749878
Batch 700/3125, Loss: 0.9991334080696106
Batch 750/3125, Loss: 0.9666218757629395
Batch 800/3125, Loss: 0.9722462892532349
Batch 850/3125, Loss: 1.0236328840255737
Batch 900/3125, Loss: 0.9939354658126831
Batch 950/3125, Loss: 0.9867557883262634
Batch 1000/3125, Loss: 0.9627276062965393
Batch 1050/3125, Loss: 1.006477952003479
Batch 1100/3125, Loss: 1.0206714868545532
Batch 1150/3125, Loss: 0.9886291027069092
Batch 1200/3125, Loss: 1.033620834350586
Batch 1250/3125, Loss: 1.0069419145584106
Batch 1300/3125, Loss: 1.0068252086639404
Batch 1350/3125, Loss: 1.1197841167449951
Batch 1400/3125, Loss: 0.9931550621986389
Batch 1450/3125, Loss: 0.9790236949920654
Batch 1500/3125, Loss: 0.9657739400863647
Batch 1550/3125, Loss: 1.035553216934204
Batch 1600/3125, Loss: 1.0501189231872559
Batch 1650/3125, Loss: 0.9613841772079468
Batch 1700/3125, Loss: 0.9141578078269958
Batch 1750/3125, Loss: 0.9567418694496155
Batch 1800/3125, Loss: 0.9837086796760559
Batch 1850/3125, Loss: 1.0028934478759766
Batch 1900/3125, Loss: 1.0016703605651855
Batch 1950/3125, Loss: 1.0181838274002075
Batch 2000/3125, Loss: 0.9894695281982422
Batch 2050/3125, Loss: 1.0056670904159546
Batch 2100/3125, Loss: 1.0777196884155273
Batch 2150/3125, Loss: 0.9890145063400269
Batch 2200/3125, Loss: 1.0013456344604492
Batch 2250/3125, Loss: 0.9897727370262146
Batch 2300/3125, Loss: 0.9961848855018616
Batch 2350/3125, Loss: 2.123077630996704
Batch 2400/3125, Loss: 0.9775491952896118
Batch 2450/3125, Loss: 0.9989627599716187
Batch 2500/3125, Loss: 0.9927470088005066
Batch 2550/3125, Loss: 0.9426262378692627
Batch 2600/3125, Loss: 0.9801794290542603
Batch 2650/3125, Loss: 0.991926908493042
Batch 2700/3125, Loss: 0.9745514392852783
Batch 2750/3125, Loss: 0.9952934384346008
Batch 2800/3125, Loss: 1.010925531387329
Batch 2850/3125, Loss: 0.9834922552108765
Batch 2900/3125, Loss: 0.955888569355011
Batch 2950/3125, Loss: 1.0225293636322021
Batch 3000/3125, Loss: 0.9646854996681213
Batch 3050/3125, Loss: 0.9509784579277039
Batch 3100/3125, Loss: 1.0100752115249634

Start of epoch 48
Batch 0/3125, Loss: 0.9689538478851318
Batch 50/3125, Loss: 0.9887089729309082
Batch 100/3125, Loss: 0.9434268474578857
Batch 150/3125, Loss: 1.0066906213760376
Batch 200/3125, Loss: 0.9970724582672119
Batch 250/3125, Loss: 1.0462796688079834
Batch 300/3125, Loss: 1.1140849590301514
Batch 350/3125, Loss: 0.9824976921081543
Batch 400/3125, Loss: 0.9995917081832886
Batch 450/3125, Loss: 0.9587630033493042
Batch 500/3125, Loss: 0.9599482417106628
Batch 550/3125, Loss: 1.183321475982666
Batch 600/3125, Loss: 1.1030246019363403
Batch 650/3125, Loss: 1.0975217819213867
Batch 700/3125, Loss: 0.9899129271507263
Batch 750/3125, Loss: 1.0335863828659058
Batch 800/3125, Loss: 0.9940282702445984
Batch 850/3125, Loss: 1.0089318752288818
Batch 900/3125, Loss: 1.144534707069397
Batch 950/3125, Loss: 1.028838872909546
Batch 1000/3125, Loss: 0.9951456785202026
Batch 1050/3125, Loss: 1.0021028518676758
Batch 1100/3125, Loss: 1.021477460861206
Batch 1150/3125, Loss: 0.9686418175697327
Batch 1200/3125, Loss: 0.9779014587402344
Batch 1250/3125, Loss: 0.9777504801750183
Batch 1300/3125, Loss: 1.412649154663086
Batch 1350/3125, Loss: 1.0219134092330933
Batch 1400/3125, Loss: 1.028163194656372
Batch 1450/3125, Loss: 0.9912821650505066
Batch 1500/3125, Loss: 0.9824137687683105
Batch 1550/3125, Loss: 0.9705085158348083
Batch 1600/3125, Loss: 0.9923017024993896
Batch 1650/3125, Loss: 0.965916097164154
Batch 1700/3125, Loss: 0.9890202283859253
Batch 1750/3125, Loss: 1.005014181137085
Batch 1800/3125, Loss: 0.9956027269363403
Batch 1850/3125, Loss: 0.9639508724212646
Batch 1900/3125, Loss: 1.001969337463379
Batch 1950/3125, Loss: 0.9337896108627319
Batch 2000/3125, Loss: 1.0102959871292114
Batch 2050/3125, Loss: 1.0187451839447021
Batch 2100/3125, Loss: 0.9524100422859192
Batch 2150/3125, Loss: 1.0000511407852173
Batch 2200/3125, Loss: 1.0024223327636719
Batch 2250/3125, Loss: 1.0017386674880981
Batch 2300/3125, Loss: 0.9801701307296753
Batch 2350/3125, Loss: 0.9856099486351013
Batch 2400/3125, Loss: 0.9660950899124146
Batch 2450/3125, Loss: 0.9922152757644653
Batch 2500/3125, Loss: 0.9427436590194702
Batch 2550/3125, Loss: 0.9959971904754639
Batch 2600/3125, Loss: 1.2313562631607056
Batch 2650/3125, Loss: 0.9897093176841736
Batch 2700/3125, Loss: 1.0157612562179565
Batch 2750/3125, Loss: 0.9767236709594727
Batch 2800/3125, Loss: 0.9614349603652954
Batch 2850/3125, Loss: 1.181806206703186
Batch 2900/3125, Loss: 1.009497880935669
Batch 2950/3125, Loss: 1.0028420686721802
Batch 3000/3125, Loss: 0.9791079759597778
Batch 3050/3125, Loss: 0.9781608581542969
Batch 3100/3125, Loss: 1.1207454204559326

Start of epoch 49
Batch 0/3125, Loss: 1.0406099557876587
Batch 50/3125, Loss: 0.9983916878700256
Batch 100/3125, Loss: 1.0192617177963257
Batch 150/3125, Loss: 1.0042978525161743
Batch 200/3125, Loss: 1.0467472076416016
Batch 250/3125, Loss: 0.9662483334541321
Batch 300/3125, Loss: 1.0085010528564453
Batch 350/3125, Loss: 0.9967167377471924
Batch 400/3125, Loss: 0.9615365266799927
Batch 450/3125, Loss: 1.05389404296875
Batch 500/3125, Loss: 0.9730863571166992
Batch 550/3125, Loss: 0.9772233963012695
Batch 600/3125, Loss: 0.9945842027664185
Batch 650/3125, Loss: 1.023449420928955
Batch 700/3125, Loss: 1.062654733657837
Batch 750/3125, Loss: 0.9726464152336121
Batch 800/3125, Loss: 0.989090085029602
Batch 850/3125, Loss: 0.9684692621231079
Batch 900/3125, Loss: 1.204545497894287
Batch 950/3125, Loss: 0.9869378209114075
Batch 1000/3125, Loss: 0.996960461139679
Batch 1050/3125, Loss: 0.9471539855003357
Batch 1100/3125, Loss: 0.9385738372802734
Batch 1150/3125, Loss: 0.9711753129959106
Batch 1200/3125, Loss: 1.0176990032196045
Batch 1250/3125, Loss: 1.019885540008545
Batch 1300/3125, Loss: 0.9564796090126038
Batch 1350/3125, Loss: 0.9944376349449158
Batch 1400/3125, Loss: 0.9761295318603516
Batch 1450/3125, Loss: 0.9949020743370056
Batch 1500/3125, Loss: 0.9711248278617859
Batch 1550/3125, Loss: 1.0637520551681519
Batch 1600/3125, Loss: 0.9585893154144287
Batch 1650/3125, Loss: 0.9621813297271729
Batch 1700/3125, Loss: 1.0003851652145386
Batch 1750/3125, Loss: 1.007154941558838
Batch 1800/3125, Loss: 0.9861645698547363
Batch 1850/3125, Loss: 1.0669574737548828
Batch 1900/3125, Loss: 1.292880892753601
Batch 1950/3125, Loss: 0.9961053133010864
Batch 2000/3125, Loss: 0.998237133026123
Batch 2050/3125, Loss: 1.0841807126998901
Batch 2100/3125, Loss: 1.0207308530807495
Batch 2150/3125, Loss: 0.9804258942604065
Batch 2200/3125, Loss: 0.9735663533210754
Batch 2250/3125, Loss: 0.9784703254699707
Batch 2300/3125, Loss: 1.0482728481292725
Batch 2350/3125, Loss: 1.0001392364501953
Batch 2400/3125, Loss: 0.9882769584655762
Batch 2450/3125, Loss: 1.0065876245498657
Batch 2500/3125, Loss: 1.0614821910858154
Batch 2550/3125, Loss: 1.0333893299102783
Batch 2600/3125, Loss: 0.9951832890510559
Batch 2650/3125, Loss: 0.9994596242904663
Batch 2700/3125, Loss: 0.9739574790000916
Batch 2750/3125, Loss: 0.9906848073005676
Batch 2800/3125, Loss: 1.007157564163208
Batch 2850/3125, Loss: 1.0090254545211792
Batch 2900/3125, Loss: 0.9748788475990295
Batch 2950/3125, Loss: 1.0111843347549438
Batch 3000/3125, Loss: 0.9896135330200195
Batch 3050/3125, Loss: 0.9672222137451172
Batch 3100/3125, Loss: 1.0083540678024292

Start of epoch 50
Batch 0/3125, Loss: 0.9792909622192383
Batch 50/3125, Loss: 1.0025323629379272
Batch 100/3125, Loss: 0.9770340919494629
Batch 150/3125, Loss: 1.0008305311203003
Batch 200/3125, Loss: 1.029677152633667
Batch 250/3125, Loss: 0.9376073479652405
Batch 300/3125, Loss: 0.9595947265625
Batch 350/3125, Loss: 2.965865135192871
Batch 400/3125, Loss: 1.034899353981018
Batch 450/3125, Loss: 0.9609808325767517
Batch 500/3125, Loss: 0.9596606492996216
Batch 550/3125, Loss: 0.99129718542099
Batch 600/3125, Loss: 1.0216972827911377
Batch 650/3125, Loss: 0.9735997915267944
Batch 700/3125, Loss: 0.9449249505996704
Batch 750/3125, Loss: 0.9934718012809753
Batch 800/3125, Loss: 1.027609944343567
Batch 850/3125, Loss: 1.0049564838409424
Batch 900/3125, Loss: 0.977125883102417
Batch 950/3125, Loss: 0.9890841245651245
Batch 1000/3125, Loss: 0.9982876181602478
Batch 1050/3125, Loss: 1.2075451612472534
Batch 1100/3125, Loss: 1.0081835985183716
Batch 1150/3125, Loss: 1.011994481086731
Batch 1200/3125, Loss: 0.9607706069946289
Batch 1250/3125, Loss: 1.4452530145645142
Batch 1300/3125, Loss: 0.9572317004203796
Batch 1350/3125, Loss: 0.9953309297561646
Batch 1400/3125, Loss: 1.0492748022079468
Batch 1450/3125, Loss: 0.976015567779541
Batch 1500/3125, Loss: 0.9745608568191528
Batch 1550/3125, Loss: 1.0341891050338745
Batch 1600/3125, Loss: 0.9848321676254272
Batch 1650/3125, Loss: 1.0285663604736328
Batch 1700/3125, Loss: 1.1310899257659912
Batch 1750/3125, Loss: 0.993998110294342
Batch 1800/3125, Loss: 0.9858396053314209
Batch 1850/3125, Loss: 0.9396125674247742
Batch 1900/3125, Loss: 0.9871472716331482
Batch 1950/3125, Loss: 0.9703072905540466
Batch 2000/3125, Loss: 0.9667119383811951
Batch 2050/3125, Loss: 0.9829038977622986
Batch 2100/3125, Loss: 0.9799728989601135
Batch 2150/3125, Loss: 0.9748361110687256
Batch 2200/3125, Loss: 1.0197099447250366
Batch 2250/3125, Loss: 1.000933051109314
Batch 2300/3125, Loss: 0.9780435562133789
Batch 2350/3125, Loss: 0.9640980362892151
Batch 2400/3125, Loss: 1.0079684257507324
Batch 2450/3125, Loss: 1.867954134941101
Batch 2500/3125, Loss: 1.012457013130188
Batch 2550/3125, Loss: 1.0539863109588623
Batch 2600/3125, Loss: 0.9855892062187195
Batch 2650/3125, Loss: 0.9531947374343872
Batch 2700/3125, Loss: 0.9872643947601318
Batch 2750/3125, Loss: 1.0368760824203491
Batch 2800/3125, Loss: 0.9609248638153076
Batch 2850/3125, Loss: 0.9350139498710632
Batch 2900/3125, Loss: 0.9674364924430847
Batch 2950/3125, Loss: 0.9687563180923462
Batch 3000/3125, Loss: 1.0132484436035156
Batch 3050/3125, Loss: 0.9605886340141296
Batch 3100/3125, Loss: 0.959749698638916

Start of epoch 51
Batch 0/3125, Loss: 0.988572359085083
Batch 50/3125, Loss: 0.9880757927894592
Batch 100/3125, Loss: 1.038013219833374
Batch 150/3125, Loss: 0.9980199337005615
Batch 200/3125, Loss: 0.9678291082382202
Batch 250/3125, Loss: 0.9587038159370422
Batch 300/3125, Loss: 0.9944784641265869
Batch 350/3125, Loss: 0.9593220353126526
Batch 400/3125, Loss: 0.9694526791572571
Batch 450/3125, Loss: 1.025646686553955
Batch 500/3125, Loss: 1.0406688451766968
Batch 550/3125, Loss: 0.962255597114563
Batch 600/3125, Loss: 0.9525229930877686
Batch 650/3125, Loss: 0.9694210886955261
Batch 700/3125, Loss: 1.002935528755188
Batch 750/3125, Loss: 1.2143518924713135
Batch 800/3125, Loss: 0.9653316736221313
Batch 850/3125, Loss: 0.9735749959945679
Batch 900/3125, Loss: 0.9539302587509155
Batch 950/3125, Loss: 0.9970008730888367
Batch 1000/3125, Loss: 0.9531866908073425
Batch 1050/3125, Loss: 0.959818422794342
Batch 1100/3125, Loss: 0.9937247633934021
Batch 1150/3125, Loss: 0.9731844067573547
Batch 1200/3125, Loss: 0.9567837119102478
Batch 1250/3125, Loss: 0.9675886034965515
Batch 1300/3125, Loss: 0.9738022089004517
Batch 1350/3125, Loss: 0.9771665334701538
Batch 1400/3125, Loss: 0.9728104472160339
Batch 1450/3125, Loss: 0.9814059138298035
Batch 1500/3125, Loss: 0.9830325841903687
Batch 1550/3125, Loss: 1.0083800554275513
Batch 1600/3125, Loss: 0.9654872417449951
Batch 1650/3125, Loss: 0.9893644452095032
Batch 1700/3125, Loss: 1.0059013366699219
Batch 1750/3125, Loss: 1.0685346126556396
Batch 1800/3125, Loss: 0.9872974753379822
Batch 1850/3125, Loss: 0.968795657157898
Batch 1900/3125, Loss: 0.9644172191619873
Batch 1950/3125, Loss: 1.2161437273025513
Batch 2000/3125, Loss: 1.0020636320114136
Batch 2050/3125, Loss: 0.979863166809082
Batch 2100/3125, Loss: 0.9275895357131958
Batch 2150/3125, Loss: 0.9387202262878418
Batch 2200/3125, Loss: 0.991316020488739
Batch 2250/3125, Loss: 0.996751070022583
Batch 2300/3125, Loss: 0.9613945484161377
Batch 2350/3125, Loss: 0.9794581532478333
Batch 2400/3125, Loss: 0.936765730381012
Batch 2450/3125, Loss: 0.9711793661117554
Batch 2500/3125, Loss: 1.0241994857788086
Batch 2550/3125, Loss: 0.9800251722335815
Batch 2600/3125, Loss: 0.9922249913215637
Batch 2650/3125, Loss: 0.9721129536628723
Batch 2700/3125, Loss: 1.0246831178665161
Batch 2750/3125, Loss: 0.9712978601455688
Batch 2800/3125, Loss: 0.997077226638794
Batch 2850/3125, Loss: 0.9272924661636353
Batch 2900/3125, Loss: 0.9864385724067688
Batch 2950/3125, Loss: 1.004475712776184
Batch 3000/3125, Loss: 0.9770606160163879
Batch 3050/3125, Loss: 1.036156415939331
Batch 3100/3125, Loss: 1.0624879598617554

Start of epoch 52
Batch 0/3125, Loss: 0.989461362361908
Batch 50/3125, Loss: 1.094696283340454
Batch 100/3125, Loss: 0.9653584361076355
Batch 150/3125, Loss: 1.828361988067627
Batch 200/3125, Loss: 0.9930775165557861
Batch 250/3125, Loss: 1.0049488544464111
Batch 300/3125, Loss: 0.9619395136833191
Batch 350/3125, Loss: 0.941288948059082
Batch 400/3125, Loss: 0.9835379123687744
Batch 450/3125, Loss: 0.9506439566612244
Batch 500/3125, Loss: 0.9657978415489197
Batch 550/3125, Loss: 0.9885007739067078
Batch 600/3125, Loss: 0.9873090386390686
Batch 650/3125, Loss: 0.9665311574935913
Batch 700/3125, Loss: 1.0114682912826538
Batch 750/3125, Loss: 0.9849268794059753
Batch 800/3125, Loss: 1.0064094066619873
Batch 850/3125, Loss: 0.9867620468139648
Batch 900/3125, Loss: 1.0060356855392456
Batch 950/3125, Loss: 0.9665048122406006
Batch 1000/3125, Loss: 0.9719655513763428
Batch 1050/3125, Loss: 0.958747923374176
Batch 1100/3125, Loss: 2.003251075744629
Batch 1150/3125, Loss: 0.987546443939209
Batch 1200/3125, Loss: 0.9415478706359863
Batch 1250/3125, Loss: 0.9728049635887146
Batch 1300/3125, Loss: 0.9864897727966309
Batch 1350/3125, Loss: 0.9210847616195679
Batch 1400/3125, Loss: 0.9787112474441528
Batch 1450/3125, Loss: 0.9554828405380249
Batch 1500/3125, Loss: 0.9755492806434631
Batch 1550/3125, Loss: 0.967595636844635
Batch 1600/3125, Loss: 0.9718730449676514
Batch 1650/3125, Loss: 0.9926544427871704
Batch 1700/3125, Loss: 0.9927855134010315
Batch 1750/3125, Loss: 1.0032157897949219
Batch 1800/3125, Loss: 1.019104242324829
Batch 1850/3125, Loss: 0.9899465441703796
Batch 1900/3125, Loss: 0.9347667098045349
Batch 1950/3125, Loss: 1.000309705734253
Batch 2000/3125, Loss: 0.9680750966072083
Batch 2050/3125, Loss: 1.0390326976776123
Batch 2100/3125, Loss: 0.992709755897522
Batch 2150/3125, Loss: 1.0068070888519287
Batch 2200/3125, Loss: 1.0009329319000244
Batch 2250/3125, Loss: 0.9680066704750061
Batch 2300/3125, Loss: 0.9703283309936523
Batch 2350/3125, Loss: 1.0048410892486572
Batch 2400/3125, Loss: 1.5955548286437988
Batch 2450/3125, Loss: 0.9892727136611938
Batch 2500/3125, Loss: 1.008435606956482
Batch 2550/3125, Loss: 0.981774091720581
Batch 2600/3125, Loss: 0.9964234232902527
Batch 2650/3125, Loss: 0.972163200378418
Batch 2700/3125, Loss: 0.955663800239563
Batch 2750/3125, Loss: 1.0253896713256836
Batch 2800/3125, Loss: 0.9582397937774658
Batch 2850/3125, Loss: 0.9830229878425598
Batch 2900/3125, Loss: 0.9721052646636963
Batch 2950/3125, Loss: 0.9636512398719788
Batch 3000/3125, Loss: 0.9773755073547363
Batch 3050/3125, Loss: 0.9792361259460449
Batch 3100/3125, Loss: 1.0267295837402344

Start of epoch 53
Batch 0/3125, Loss: 1.0886857509613037
Batch 50/3125, Loss: 1.237949013710022
Batch 100/3125, Loss: 0.981483519077301
Batch 150/3125, Loss: 0.9581648707389832
Batch 200/3125, Loss: 0.9801327586174011
Batch 250/3125, Loss: 0.9909443259239197
Batch 300/3125, Loss: 0.985542893409729
Batch 350/3125, Loss: 1.0039081573486328
Batch 400/3125, Loss: 1.167851448059082
Batch 450/3125, Loss: 1.2543469667434692
Batch 500/3125, Loss: 1.0964940786361694
Batch 550/3125, Loss: 0.9879875779151917
Batch 600/3125, Loss: 0.9693249464035034
Batch 650/3125, Loss: 1.0082930326461792
Batch 700/3125, Loss: 0.9788313508033752
Batch 750/3125, Loss: 0.9906214475631714
Batch 800/3125, Loss: 0.9566019773483276
Batch 850/3125, Loss: 0.9794232845306396
Batch 900/3125, Loss: 0.9357118606567383
Batch 950/3125, Loss: 0.9566606879234314
Batch 1000/3125, Loss: 1.0457806587219238
Batch 1050/3125, Loss: 0.985063910484314
Batch 1100/3125, Loss: 0.9915858507156372
Batch 1150/3125, Loss: 0.9595468640327454
Batch 1200/3125, Loss: 0.9940781593322754
Batch 1250/3125, Loss: 0.9263558387756348
Batch 1300/3125, Loss: 1.0153112411499023
Batch 1350/3125, Loss: 0.9544355273246765
Batch 1400/3125, Loss: 0.9770952463150024
Batch 1450/3125, Loss: 0.9639639854431152
Batch 1500/3125, Loss: 1.036968469619751
Batch 1550/3125, Loss: 0.9471113681793213
Batch 1600/3125, Loss: 0.9766080379486084
Batch 1650/3125, Loss: 0.9978909492492676
Batch 1700/3125, Loss: 0.9805656671524048
Batch 1750/3125, Loss: 1.0094482898712158
Batch 1800/3125, Loss: 1.866685390472412
Batch 1850/3125, Loss: 0.9924556612968445
Batch 1900/3125, Loss: 0.943191409111023
Batch 1950/3125, Loss: 0.9924486875534058
Batch 2000/3125, Loss: 0.9649001955986023
Batch 2050/3125, Loss: 0.9834948778152466
Batch 2100/3125, Loss: 0.9736028909683228
Batch 2150/3125, Loss: 1.0169050693511963
Batch 2200/3125, Loss: 0.9541319012641907
Batch 2250/3125, Loss: 0.9622681736946106
Batch 2300/3125, Loss: 1.0031108856201172
Batch 2350/3125, Loss: 1.0110197067260742
Batch 2400/3125, Loss: 0.9798806309700012
Batch 2450/3125, Loss: 0.9863643646240234
Batch 2500/3125, Loss: 1.0211559534072876
Batch 2550/3125, Loss: 0.9929438829421997
Batch 2600/3125, Loss: 0.9771785736083984
Batch 2650/3125, Loss: 0.957713782787323
Batch 2700/3125, Loss: 0.9518662691116333
Batch 2750/3125, Loss: 0.9610909223556519
Batch 2800/3125, Loss: 0.9744150042533875
Batch 2850/3125, Loss: 0.973198413848877
Batch 2900/3125, Loss: 1.0142961740493774
Batch 2950/3125, Loss: 0.9667290449142456
Batch 3000/3125, Loss: 0.9927716255187988
Batch 3050/3125, Loss: 0.9817568063735962
Batch 3100/3125, Loss: 0.9857900738716125

Start of epoch 54
Batch 0/3125, Loss: 0.9863156676292419
Batch 50/3125, Loss: 0.9362760186195374
Batch 100/3125, Loss: 0.9642541408538818
Batch 150/3125, Loss: 0.9794892072677612
Batch 200/3125, Loss: 0.992587685585022
Batch 250/3125, Loss: 0.966335654258728
Batch 300/3125, Loss: 1.0310672521591187
Batch 350/3125, Loss: 0.99482262134552
Batch 400/3125, Loss: 1.0198906660079956
Batch 450/3125, Loss: 0.9677605032920837
Batch 500/3125, Loss: 0.9900718927383423
Batch 550/3125, Loss: 0.9759987592697144
Batch 600/3125, Loss: 1.0619088411331177
Batch 650/3125, Loss: 0.9622032642364502
Batch 700/3125, Loss: 0.9844427108764648
Batch 750/3125, Loss: 0.9886504411697388
Batch 800/3125, Loss: 1.126725435256958
Batch 850/3125, Loss: 1.0026566982269287
Batch 900/3125, Loss: 0.96030592918396
Batch 950/3125, Loss: 0.9905794262886047
Batch 1000/3125, Loss: 0.9700086712837219
Batch 1050/3125, Loss: 0.9934200644493103
Batch 1100/3125, Loss: 0.9659821391105652
Batch 1150/3125, Loss: 0.9644838571548462
Batch 1200/3125, Loss: 1.0081207752227783
Batch 1250/3125, Loss: 0.9525091052055359
Batch 1300/3125, Loss: 0.9760288596153259
Batch 1350/3125, Loss: 1.0082380771636963
Batch 1400/3125, Loss: 1.0087450742721558
Batch 1450/3125, Loss: 1.2702388763427734
Batch 1500/3125, Loss: 0.983314573764801
Batch 1550/3125, Loss: 0.9864897727966309
Batch 1600/3125, Loss: 0.9646721482276917
Batch 1650/3125, Loss: 0.9476520419120789
Batch 1700/3125, Loss: 0.9270749688148499
Batch 1750/3125, Loss: 1.0198200941085815
Batch 1800/3125, Loss: 0.996639609336853
Batch 1850/3125, Loss: 1.0187382698059082
Batch 1900/3125, Loss: 0.9533604383468628
Batch 1950/3125, Loss: 0.9618512392044067
Batch 2000/3125, Loss: 0.9646323919296265
Batch 2050/3125, Loss: 0.9838434457778931
Batch 2100/3125, Loss: 0.9847832918167114
Batch 2150/3125, Loss: 1.0002309083938599
Batch 2200/3125, Loss: 1.9466986656188965
Batch 2250/3125, Loss: 0.9687351584434509
Batch 2300/3125, Loss: 0.9780482649803162
Batch 2350/3125, Loss: 0.9830058217048645
Batch 2400/3125, Loss: 0.9900185465812683
Batch 2450/3125, Loss: 0.9828014969825745
Batch 2500/3125, Loss: 0.9898348450660706
Batch 2550/3125, Loss: 0.9850032329559326
Batch 2600/3125, Loss: 0.9985119700431824
Batch 2650/3125, Loss: 0.9573612809181213
Batch 2700/3125, Loss: 0.9929956197738647
Batch 2750/3125, Loss: 0.9404066205024719
Batch 2800/3125, Loss: 0.9770840406417847
Batch 2850/3125, Loss: 0.9767904877662659
Batch 2900/3125, Loss: 0.9506198167800903
Batch 2950/3125, Loss: 0.978551983833313
Batch 3000/3125, Loss: 0.980891764163971
Batch 3050/3125, Loss: 1.0587515830993652
Batch 3100/3125, Loss: 1.0158954858779907

Start of epoch 55
Batch 0/3125, Loss: 1.0290778875350952
Batch 50/3125, Loss: 0.961283266544342
Batch 100/3125, Loss: 0.9636255502700806
Batch 150/3125, Loss: 0.9588987231254578
Batch 200/3125, Loss: 0.9566242694854736
Batch 250/3125, Loss: 0.9937991499900818
Batch 300/3125, Loss: 0.9527227878570557
Batch 350/3125, Loss: 1.0336341857910156
Batch 400/3125, Loss: 0.9441252946853638
Batch 450/3125, Loss: 0.9907473921775818
Batch 500/3125, Loss: 0.9614360332489014
Batch 550/3125, Loss: 1.0048882961273193
Batch 600/3125, Loss: 0.959130048751831
Batch 650/3125, Loss: 0.9496123194694519
Batch 700/3125, Loss: 1.0468809604644775
Batch 750/3125, Loss: 2.6908719539642334
Batch 800/3125, Loss: 1.11509370803833
Batch 850/3125, Loss: 0.9480574727058411
Batch 900/3125, Loss: 0.9426642060279846
Batch 950/3125, Loss: 0.9847999811172485
Batch 1000/3125, Loss: 0.9622811079025269
Batch 1050/3125, Loss: 0.9855126738548279
Batch 1100/3125, Loss: 0.9774842262268066
Batch 1150/3125, Loss: 0.9791224598884583
Batch 1200/3125, Loss: 0.9397187829017639
Batch 1250/3125, Loss: 0.9497076869010925
Batch 1300/3125, Loss: 1.0179201364517212
Batch 1350/3125, Loss: 0.9701361656188965
Batch 1400/3125, Loss: 1.0202436447143555
Batch 1450/3125, Loss: 1.024873971939087
Batch 1500/3125, Loss: 1.0012657642364502
Batch 1550/3125, Loss: 0.9729790091514587
Batch 1600/3125, Loss: 0.9512845873832703
Batch 1650/3125, Loss: 1.0030328035354614
Batch 1700/3125, Loss: 0.9770031571388245
Batch 1750/3125, Loss: 0.9335454106330872
Batch 1800/3125, Loss: 0.9827726483345032
Batch 1850/3125, Loss: 1.0687127113342285
Batch 1900/3125, Loss: 1.0358632802963257
Batch 1950/3125, Loss: 1.0399671792984009
Batch 2000/3125, Loss: 1.0054984092712402
Batch 2050/3125, Loss: 0.9720135927200317
Batch 2100/3125, Loss: 0.973551869392395
Batch 2150/3125, Loss: 0.9317666292190552
Batch 2200/3125, Loss: 0.9598439931869507
Batch 2250/3125, Loss: 0.9696434140205383
Batch 2300/3125, Loss: 0.9561400413513184
Batch 2350/3125, Loss: 0.9506595134735107
Batch 2400/3125, Loss: 0.9706913828849792
Batch 2450/3125, Loss: 0.9543073773384094
Batch 2500/3125, Loss: 0.9695106744766235
Batch 2550/3125, Loss: 1.8787564039230347
Batch 2600/3125, Loss: 1.3191218376159668
Batch 2650/3125, Loss: 0.9862746596336365
Batch 2700/3125, Loss: 0.9930829405784607
Batch 2750/3125, Loss: 0.9598571062088013
Batch 2800/3125, Loss: 1.0032305717468262
Batch 2850/3125, Loss: 0.9687552452087402
Batch 2900/3125, Loss: 0.9386439919471741
Batch 2950/3125, Loss: 0.9748310446739197
Batch 3000/3125, Loss: 0.999189555644989
Batch 3050/3125, Loss: 0.97231125831604
Batch 3100/3125, Loss: 0.9915828108787537

Start of epoch 56
Batch 0/3125, Loss: 1.0254091024398804
Batch 50/3125, Loss: 0.9783340692520142
Batch 100/3125, Loss: 0.9626135230064392
Batch 150/3125, Loss: 0.9684832692146301
Batch 200/3125, Loss: 0.9974427223205566
Batch 250/3125, Loss: 0.9751749038696289
Batch 300/3125, Loss: 0.9201065301895142
Batch 350/3125, Loss: 1.164961576461792
Batch 400/3125, Loss: 1.0115323066711426
Batch 450/3125, Loss: 1.0532565116882324
Batch 500/3125, Loss: 1.315091848373413
Batch 550/3125, Loss: 0.9978616237640381
Batch 600/3125, Loss: 0.9970134496688843
Batch 650/3125, Loss: 0.9703049063682556
Batch 700/3125, Loss: 0.9962300062179565
Batch 750/3125, Loss: 0.9755837321281433
Batch 800/3125, Loss: 1.0034476518630981
Batch 850/3125, Loss: 0.9581570029258728
Batch 900/3125, Loss: 1.0122488737106323
Batch 950/3125, Loss: 0.9782066941261292
Batch 1000/3125, Loss: 0.9349343776702881
Batch 1050/3125, Loss: 0.9920167922973633
Batch 1100/3125, Loss: 1.0204932689666748
Batch 1150/3125, Loss: 1.0179798603057861
Batch 1200/3125, Loss: 0.9565870761871338
Batch 1250/3125, Loss: 0.994232714176178
Batch 1300/3125, Loss: 1.0101063251495361
Batch 1350/3125, Loss: 0.9668248891830444
Batch 1400/3125, Loss: 0.9895869493484497
Batch 1450/3125, Loss: 0.9690238833427429
Batch 1500/3125, Loss: 1.1586769819259644
Batch 1550/3125, Loss: 0.9691174030303955
Batch 1600/3125, Loss: 0.9738608598709106
Batch 1650/3125, Loss: 1.021644115447998
Batch 1700/3125, Loss: 0.9989195466041565
Batch 1750/3125, Loss: 0.9661121964454651
Batch 1800/3125, Loss: 1.101226806640625
Batch 1850/3125, Loss: 0.9949537515640259
Batch 1900/3125, Loss: 0.9693830013275146
Batch 1950/3125, Loss: 1.006331205368042
Batch 2000/3125, Loss: 0.9976215958595276
Batch 2050/3125, Loss: 0.9886758327484131
Batch 2100/3125, Loss: 1.0035251379013062
Batch 2150/3125, Loss: 1.0825079679489136
Batch 2200/3125, Loss: 0.9818702936172485
Batch 2250/3125, Loss: 1.0091485977172852
Batch 2300/3125, Loss: 0.9842569828033447
Batch 2350/3125, Loss: 1.0088801383972168
Batch 2400/3125, Loss: 1.0016493797302246
Batch 2450/3125, Loss: 1.0188989639282227
Batch 2500/3125, Loss: 0.9480547904968262
Batch 2550/3125, Loss: 1.0118660926818848
Batch 2600/3125, Loss: 0.9999982714653015
Batch 2650/3125, Loss: 0.9722437262535095
Batch 2700/3125, Loss: 0.9721967577934265
Batch 2750/3125, Loss: 1.1659486293792725
Batch 2800/3125, Loss: 0.9877711534500122
Batch 2850/3125, Loss: 1.0149298906326294
Batch 2900/3125, Loss: 0.9143816232681274
Batch 2950/3125, Loss: 0.9902056455612183
Batch 3000/3125, Loss: 0.9780434966087341
Batch 3050/3125, Loss: 0.9539215564727783
Batch 3100/3125, Loss: 0.9950175285339355

Start of epoch 57
Batch 0/3125, Loss: 1.0241501331329346
Batch 50/3125, Loss: 0.9934595823287964
Batch 100/3125, Loss: 1.1075797080993652
Batch 150/3125, Loss: 0.9180813431739807
Batch 200/3125, Loss: 0.9502578377723694
Batch 250/3125, Loss: 0.9593228101730347
Batch 300/3125, Loss: 0.9871416091918945
Batch 350/3125, Loss: 0.9919711351394653
Batch 400/3125, Loss: 0.9544702768325806
Batch 450/3125, Loss: 1.0089117288589478
Batch 500/3125, Loss: 0.9715586304664612
Batch 550/3125, Loss: 0.9797745943069458
Batch 600/3125, Loss: 0.9796491861343384
Batch 650/3125, Loss: 1.2792407274246216
Batch 700/3125, Loss: 1.4959343671798706
Batch 750/3125, Loss: 1.2648128271102905
Batch 800/3125, Loss: 0.9672336578369141
Batch 850/3125, Loss: 0.9886132478713989
Batch 900/3125, Loss: 0.9429965615272522
Batch 950/3125, Loss: 0.9596155881881714
Batch 1000/3125, Loss: 0.9512332081794739
Batch 1050/3125, Loss: 1.0186712741851807
Batch 1100/3125, Loss: 0.9684544801712036
Batch 1150/3125, Loss: 0.9806613922119141
Batch 1200/3125, Loss: 0.9933815002441406
Batch 1250/3125, Loss: 0.979600191116333
Batch 1300/3125, Loss: 0.9589698314666748
Batch 1350/3125, Loss: 0.9810701608657837
Batch 1400/3125, Loss: 1.039806604385376
Batch 1450/3125, Loss: 0.9530085325241089
Batch 1500/3125, Loss: 0.9899721741676331
Batch 1550/3125, Loss: 0.9395617246627808
Batch 1600/3125, Loss: 0.9954598546028137
Batch 1650/3125, Loss: 0.976799726486206
Batch 1700/3125, Loss: 0.9509441256523132
Batch 1750/3125, Loss: 1.0679659843444824
Batch 1800/3125, Loss: 1.0656119585037231
Batch 1850/3125, Loss: 1.0027005672454834
Batch 1900/3125, Loss: 1.0008459091186523
Batch 1950/3125, Loss: 0.9813116788864136
Batch 2000/3125, Loss: 0.947730302810669
Batch 2050/3125, Loss: 1.0183031558990479
Batch 2100/3125, Loss: 1.418999195098877
Batch 2150/3125, Loss: 0.9834588170051575
Batch 2200/3125, Loss: 0.9805225729942322
Batch 2250/3125, Loss: 0.97853684425354
Batch 2300/3125, Loss: 1.006813883781433
Batch 2350/3125, Loss: 0.9706213474273682
Batch 2400/3125, Loss: 0.9904171228408813
Batch 2450/3125, Loss: 0.9637234807014465
Batch 2500/3125, Loss: 0.9664101600646973
Batch 2550/3125, Loss: 0.9816510081291199
Batch 2600/3125, Loss: 1.0070654153823853
Batch 2650/3125, Loss: 0.9665234088897705
Batch 2700/3125, Loss: 0.9721590280532837
Batch 2750/3125, Loss: 2.3289942741394043
Batch 2800/3125, Loss: 1.000187873840332
Batch 2850/3125, Loss: 1.0196819305419922
Batch 2900/3125, Loss: 0.9664530158042908
Batch 2950/3125, Loss: 0.9519429802894592
Batch 3000/3125, Loss: 0.9300447106361389
Batch 3050/3125, Loss: 1.0084608793258667
Batch 3100/3125, Loss: 0.995376706123352

Start of epoch 58
Batch 0/3125, Loss: 0.9731693267822266
Batch 50/3125, Loss: 0.9793770909309387
Batch 100/3125, Loss: 0.9967349767684937
Batch 150/3125, Loss: 0.995241105556488
Batch 200/3125, Loss: 0.9578808546066284
Batch 250/3125, Loss: 1.1738648414611816
Batch 300/3125, Loss: 1.1716482639312744
Batch 350/3125, Loss: 0.9653323292732239
Batch 400/3125, Loss: 0.958755612373352
Batch 450/3125, Loss: 0.9801062345504761
Batch 500/3125, Loss: 1.0068879127502441
Batch 550/3125, Loss: 0.99936443567276
Batch 600/3125, Loss: 0.9802795052528381
Batch 650/3125, Loss: 0.9586028456687927
Batch 700/3125, Loss: 0.968159556388855
Batch 750/3125, Loss: 0.97051602602005
Batch 800/3125, Loss: 1.0130422115325928
Batch 850/3125, Loss: 0.9891238808631897
Batch 900/3125, Loss: 1.1400257349014282
Batch 950/3125, Loss: 0.9965904951095581
Batch 1000/3125, Loss: 0.9853598475456238
Batch 1050/3125, Loss: 1.060657262802124
Batch 1100/3125, Loss: 0.9917786717414856
Batch 1150/3125, Loss: 1.123595118522644
Batch 1200/3125, Loss: 0.9928091764450073
Batch 1250/3125, Loss: 0.9788609147071838
Batch 1300/3125, Loss: 0.945465087890625
Batch 1350/3125, Loss: 0.9925162196159363
Batch 1400/3125, Loss: 1.030371904373169
Batch 1450/3125, Loss: 0.9518900513648987
Batch 1500/3125, Loss: 0.9800264239311218
Batch 1550/3125, Loss: 0.9835569858551025
Batch 1600/3125, Loss: 0.9818528890609741
Batch 1650/3125, Loss: 0.9481911659240723
Batch 1700/3125, Loss: 1.0020420551300049
Batch 1750/3125, Loss: 0.974505603313446
Batch 1800/3125, Loss: 0.9847252368927002
Batch 1850/3125, Loss: 0.9710123538970947
Batch 1900/3125, Loss: 0.9367342591285706
Batch 1950/3125, Loss: 1.0106455087661743
Batch 2000/3125, Loss: 0.9381219148635864
Batch 2050/3125, Loss: 1.1761583089828491
Batch 2100/3125, Loss: 1.001072883605957
Batch 2150/3125, Loss: 1.0280849933624268
Batch 2200/3125, Loss: 1.2096447944641113
Batch 2250/3125, Loss: 1.0067713260650635
Batch 2300/3125, Loss: 0.9664897918701172
Batch 2350/3125, Loss: 0.9903020858764648
Batch 2400/3125, Loss: 0.970044732093811
Batch 2450/3125, Loss: 0.9792185425758362
Batch 2500/3125, Loss: 0.951755940914154
Batch 2550/3125, Loss: 0.9456888437271118
Batch 2600/3125, Loss: 0.9962007999420166
Batch 2650/3125, Loss: 0.9926678538322449
Batch 2700/3125, Loss: 1.0536357164382935
Batch 2750/3125, Loss: 1.1918882131576538
Batch 2800/3125, Loss: 0.9665501713752747
Batch 2850/3125, Loss: 1.0165622234344482
Batch 2900/3125, Loss: 0.9777486324310303
Batch 2950/3125, Loss: 0.9930347800254822
Batch 3000/3125, Loss: 0.9724501371383667
Batch 3050/3125, Loss: 0.9849931001663208
Batch 3100/3125, Loss: 1.0358140468597412

Start of epoch 59
Batch 0/3125, Loss: 0.9847078919410706
Batch 50/3125, Loss: 0.9390937089920044
Batch 100/3125, Loss: 1.007865071296692
Batch 150/3125, Loss: 0.9705289006233215
Batch 200/3125, Loss: 0.9825871586799622
Batch 250/3125, Loss: 0.9905208945274353
Batch 300/3125, Loss: 1.035881519317627
Batch 350/3125, Loss: 0.9689038991928101
Batch 400/3125, Loss: 0.9949764013290405
Batch 450/3125, Loss: 0.9483018517494202
Batch 500/3125, Loss: 1.039151906967163
Batch 550/3125, Loss: 0.9403672814369202
Batch 600/3125, Loss: 0.9361519813537598
Batch 650/3125, Loss: 0.9911561012268066
Batch 700/3125, Loss: 1.0723336935043335
Batch 750/3125, Loss: 0.9718858599662781
Batch 800/3125, Loss: 0.9528868198394775
Batch 850/3125, Loss: 0.9848836064338684
Batch 900/3125, Loss: 0.9416490197181702
Batch 950/3125, Loss: 0.9836194515228271
Batch 1000/3125, Loss: 0.9986557364463806
Batch 1050/3125, Loss: 0.9565816521644592
Batch 1100/3125, Loss: 1.0208712816238403
Batch 1150/3125, Loss: 0.9658163189888
Batch 1200/3125, Loss: 0.9769306778907776
Batch 1250/3125, Loss: 0.9591162800788879
Batch 1300/3125, Loss: 0.9849305152893066
Batch 1350/3125, Loss: 0.9691792726516724
Batch 1400/3125, Loss: 0.9756610989570618
Batch 1450/3125, Loss: 0.9888381958007812
Batch 1500/3125, Loss: 0.9665316343307495
Batch 1550/3125, Loss: 0.9917035698890686
Batch 1600/3125, Loss: 0.9531553983688354
Batch 1650/3125, Loss: 0.9442907571792603
Batch 1700/3125, Loss: 1.014252781867981
Batch 1750/3125, Loss: 1.0026930570602417
Batch 1800/3125, Loss: 0.9440702199935913
Batch 1850/3125, Loss: 0.9859809279441833
Batch 1900/3125, Loss: 0.9799744486808777
Batch 1950/3125, Loss: 0.9908264875411987
Batch 2000/3125, Loss: 0.9820098876953125
Batch 2050/3125, Loss: 1.0064997673034668
Batch 2100/3125, Loss: 0.9853124618530273
Batch 2150/3125, Loss: 0.9747301340103149
Batch 2200/3125, Loss: 0.9869975447654724
Batch 2250/3125, Loss: 0.9800654053688049
Batch 2300/3125, Loss: 0.9721437692642212
Batch 2350/3125, Loss: 0.9737746715545654
Batch 2400/3125, Loss: 0.9468225240707397
Batch 2450/3125, Loss: 0.9394596219062805
Batch 2500/3125, Loss: 0.9937716722488403
Batch 2550/3125, Loss: 0.9941988587379456
Batch 2600/3125, Loss: 0.9706802368164062
Batch 2650/3125, Loss: 1.1970263719558716
Batch 2700/3125, Loss: 0.9737637042999268
Batch 2750/3125, Loss: 0.9689901471138
Batch 2800/3125, Loss: 0.979121744632721
Batch 2850/3125, Loss: 0.9897424578666687
Batch 2900/3125, Loss: 1.0004976987838745
Batch 2950/3125, Loss: 0.9601291418075562
Batch 3000/3125, Loss: 0.9459449052810669
Batch 3050/3125, Loss: 0.9752905368804932
Batch 3100/3125, Loss: 1.0160976648330688

Start of epoch 60
Batch 0/3125, Loss: 1.0147113800048828
Batch 50/3125, Loss: 0.9661164283752441
Batch 100/3125, Loss: 1.1512895822525024
Batch 150/3125, Loss: 1.0401524305343628
Batch 200/3125, Loss: 0.981085479259491
Batch 250/3125, Loss: 0.9573466181755066
Batch 300/3125, Loss: 0.9519045352935791
Batch 350/3125, Loss: 0.9095146059989929
Batch 400/3125, Loss: 0.9748479723930359
Batch 450/3125, Loss: 0.966343104839325
Batch 500/3125, Loss: 0.9515350461006165
Batch 550/3125, Loss: 0.9290541410446167
Batch 600/3125, Loss: 1.017599105834961
Batch 650/3125, Loss: 0.9887283444404602
Batch 700/3125, Loss: 0.977488100528717
Batch 750/3125, Loss: 0.970851480960846
Batch 800/3125, Loss: 0.9900250434875488
Batch 850/3125, Loss: 0.9762470722198486
Batch 900/3125, Loss: 1.058762788772583
Batch 950/3125, Loss: 1.8830201625823975
Batch 1000/3125, Loss: 0.9634445905685425
Batch 1050/3125, Loss: 0.987477719783783
Batch 1100/3125, Loss: 0.9914142489433289
Batch 1150/3125, Loss: 0.9375813603401184
Batch 1200/3125, Loss: 0.9742997288703918
Batch 1250/3125, Loss: 0.9864868521690369
Batch 1300/3125, Loss: 0.9597140550613403
Batch 1350/3125, Loss: 0.9689942598342896
Batch 1400/3125, Loss: 1.0155062675476074
Batch 1450/3125, Loss: 1.8792426586151123
Batch 1500/3125, Loss: 1.0634434223175049
Batch 1550/3125, Loss: 0.9695712924003601
Batch 1600/3125, Loss: 0.9639756083488464
Batch 1650/3125, Loss: 0.9833166003227234
Batch 1700/3125, Loss: 0.9422122836112976
Batch 1750/3125, Loss: 0.9808000326156616
Batch 1800/3125, Loss: 0.968068540096283
Batch 1850/3125, Loss: 0.9858278036117554
Batch 1900/3125, Loss: 0.9748703241348267
Batch 1950/3125, Loss: 1.0025174617767334
Batch 2000/3125, Loss: 0.9472049474716187
Batch 2050/3125, Loss: 0.9636844992637634
Batch 2100/3125, Loss: 0.9560022354125977
Batch 2150/3125, Loss: 0.9630047678947449
Batch 2200/3125, Loss: 0.9806926846504211
Batch 2250/3125, Loss: 0.9416279196739197
Batch 2300/3125, Loss: 0.9685771465301514
Batch 2350/3125, Loss: 0.9685554504394531
Batch 2400/3125, Loss: 0.9770962595939636
Batch 2450/3125, Loss: 1.0023705959320068
Batch 2500/3125, Loss: 0.9884793162345886
Batch 2550/3125, Loss: 1.0061897039413452
Batch 2600/3125, Loss: 0.9603176712989807
Batch 2650/3125, Loss: 0.9748938083648682
Batch 2700/3125, Loss: 0.9809049963951111
Batch 2750/3125, Loss: 0.991456151008606
Batch 2800/3125, Loss: 0.9783275723457336
Batch 2850/3125, Loss: 0.9654024839401245
Batch 2900/3125, Loss: 0.9598363637924194
Batch 2950/3125, Loss: 1.0517627000808716
Batch 3000/3125, Loss: 0.9624091386795044
Batch 3050/3125, Loss: 0.9726412296295166
Batch 3100/3125, Loss: 0.9545968770980835

Start of epoch 61
Batch 0/3125, Loss: 1.0017621517181396
Batch 50/3125, Loss: 0.9830134510993958
Batch 100/3125, Loss: 0.967228353023529
Batch 150/3125, Loss: 0.9222075939178467
Batch 200/3125, Loss: 0.9774328470230103
Batch 250/3125, Loss: 0.9308041334152222
Batch 300/3125, Loss: 0.96435546875
Batch 350/3125, Loss: 1.009296178817749
Batch 400/3125, Loss: 0.9581516981124878
Batch 450/3125, Loss: 0.9658372402191162
Batch 500/3125, Loss: 0.9670825004577637
Batch 550/3125, Loss: 1.3645304441452026
Batch 600/3125, Loss: 0.9502984285354614
Batch 650/3125, Loss: 0.9337533712387085
Batch 700/3125, Loss: 1.030127763748169
Batch 750/3125, Loss: 1.1137597560882568
Batch 800/3125, Loss: 1.0006672143936157
Batch 850/3125, Loss: 1.0613281726837158
Batch 900/3125, Loss: 0.968585729598999
Batch 950/3125, Loss: 0.9759211540222168
Batch 1000/3125, Loss: 0.9543602466583252
Batch 1050/3125, Loss: 0.9985466003417969
Batch 1100/3125, Loss: 0.911699652671814
Batch 1150/3125, Loss: 0.9397857785224915
Batch 1200/3125, Loss: 0.9738703966140747
Batch 1250/3125, Loss: 0.9616678953170776
Batch 1300/3125, Loss: 0.9846391677856445
Batch 1350/3125, Loss: 0.9523438215255737
Batch 1400/3125, Loss: 0.9693809747695923
Batch 1450/3125, Loss: 0.9570487141609192
Batch 1500/3125, Loss: 0.9775061011314392
Batch 1550/3125, Loss: 0.9803315997123718
Batch 1600/3125, Loss: 0.9715754985809326
Batch 1650/3125, Loss: 0.9690179824829102
Batch 1700/3125, Loss: 1.1932319402694702
Batch 1750/3125, Loss: 1.1748934984207153
Batch 1800/3125, Loss: 0.9465991258621216
Batch 1850/3125, Loss: 0.9651004672050476
Batch 1900/3125, Loss: 0.9849080443382263
Batch 1950/3125, Loss: 0.9738924503326416
Batch 2000/3125, Loss: 1.00413179397583
Batch 2050/3125, Loss: 0.9485427141189575
Batch 2100/3125, Loss: 0.9993715286254883
Batch 2150/3125, Loss: 0.9641568064689636
Batch 2200/3125, Loss: 0.9534003734588623
Batch 2250/3125, Loss: 1.0095897912979126
Batch 2300/3125, Loss: 0.9823097586631775
Batch 2350/3125, Loss: 1.3524237871170044
Batch 2400/3125, Loss: 1.1513350009918213
Batch 2450/3125, Loss: 0.9784188866615295
Batch 2500/3125, Loss: 0.9731153845787048
Batch 2550/3125, Loss: 0.9396053552627563
Batch 2600/3125, Loss: 0.940487265586853
Batch 2650/3125, Loss: 0.9734729528427124
Batch 2700/3125, Loss: 0.9664082527160645
Batch 2750/3125, Loss: 0.9751327037811279
Batch 2800/3125, Loss: 0.9776319861412048
Batch 2850/3125, Loss: 0.9621762633323669
Batch 2900/3125, Loss: 0.9889739155769348
Batch 2950/3125, Loss: 0.9699923396110535
Batch 3000/3125, Loss: 0.9535556435585022
Batch 3050/3125, Loss: 0.9583879709243774
Batch 3100/3125, Loss: 0.9663578271865845

Start of epoch 62
Batch 0/3125, Loss: 0.9648422002792358
Batch 50/3125, Loss: 0.9533788561820984
Batch 100/3125, Loss: 0.9946700930595398
Batch 150/3125, Loss: 1.087004542350769
Batch 200/3125, Loss: 1.0784803628921509
Batch 250/3125, Loss: 0.9372608661651611
Batch 300/3125, Loss: 0.9795981645584106
Batch 350/3125, Loss: 0.9725610613822937
Batch 400/3125, Loss: 1.1531270742416382
Batch 450/3125, Loss: 0.9723826050758362
Batch 500/3125, Loss: 1.4720957279205322
Batch 550/3125, Loss: 1.0086344480514526
Batch 600/3125, Loss: 0.9789727926254272
Batch 650/3125, Loss: 0.9595471024513245
Batch 700/3125, Loss: 0.9799544215202332
Batch 750/3125, Loss: 0.9732743501663208
Batch 800/3125, Loss: 0.9753677845001221
Batch 850/3125, Loss: 0.9667470455169678
Batch 900/3125, Loss: 0.9668545722961426
Batch 950/3125, Loss: 0.9556819200515747
Batch 1000/3125, Loss: 0.9756143689155579
Batch 1050/3125, Loss: 0.943949818611145
Batch 1100/3125, Loss: 0.9982064366340637
Batch 1150/3125, Loss: 1.0032682418823242
Batch 1200/3125, Loss: 1.0049307346343994
Batch 1250/3125, Loss: 0.9854077696800232
Batch 1300/3125, Loss: 0.9974260926246643
Batch 1350/3125, Loss: 0.9894522428512573
Batch 1400/3125, Loss: 0.9282168745994568
Batch 1450/3125, Loss: 0.9449533820152283
Batch 1500/3125, Loss: 1.0195175409317017
Batch 1550/3125, Loss: 0.9665772914886475
Batch 1600/3125, Loss: 0.9875859618186951
Batch 1650/3125, Loss: 0.973361611366272
Batch 1700/3125, Loss: 0.9681555032730103
Batch 1750/3125, Loss: 0.9568148851394653
Batch 1800/3125, Loss: 1.027308464050293
Batch 1850/3125, Loss: 0.9267416596412659
Batch 1900/3125, Loss: 0.9968376755714417
Batch 1950/3125, Loss: 0.9693053364753723
Batch 2000/3125, Loss: 0.9482846260070801
Batch 2050/3125, Loss: 1.081668734550476
Batch 2100/3125, Loss: 0.9912571310997009
Batch 2150/3125, Loss: 1.2563071250915527
Batch 2200/3125, Loss: 0.9708578586578369
Batch 2250/3125, Loss: 0.9965542554855347
Batch 2300/3125, Loss: 0.9917322397232056
Batch 2350/3125, Loss: 0.9905755519866943
Batch 2400/3125, Loss: 0.9894399046897888
Batch 2450/3125, Loss: 0.9785824418067932
Batch 2500/3125, Loss: 0.9648717641830444
Batch 2550/3125, Loss: 1.4247902631759644
Batch 2600/3125, Loss: 0.9904906749725342
Batch 2650/3125, Loss: 0.9590461254119873
Batch 2700/3125, Loss: 0.9626092910766602
Batch 2750/3125, Loss: 0.9525541663169861
Batch 2800/3125, Loss: 0.9611653685569763
Batch 2850/3125, Loss: 0.9586993455886841
Batch 2900/3125, Loss: 0.9755215048789978
Batch 2950/3125, Loss: 0.9612072706222534
Batch 3000/3125, Loss: 1.0351250171661377
Batch 3050/3125, Loss: 0.9793514609336853
Batch 3100/3125, Loss: 0.9594259262084961

Start of epoch 63
Batch 0/3125, Loss: 0.9841612577438354
Batch 50/3125, Loss: 0.9280416369438171
Batch 100/3125, Loss: 0.9437881708145142
Batch 150/3125, Loss: 0.9653064608573914
Batch 200/3125, Loss: 0.9988157153129578
Batch 250/3125, Loss: 1.0307430028915405
Batch 300/3125, Loss: 0.9641735553741455
Batch 350/3125, Loss: 0.944871723651886
Batch 400/3125, Loss: 0.9486005306243896
Batch 450/3125, Loss: 0.9524632096290588
Batch 500/3125, Loss: 0.9430651664733887
Batch 550/3125, Loss: 0.9767159819602966
Batch 600/3125, Loss: 0.9437464475631714
Batch 650/3125, Loss: 1.0028547048568726
Batch 700/3125, Loss: 1.1373085975646973
Batch 750/3125, Loss: 1.3489611148834229
Batch 800/3125, Loss: 0.9925904273986816
Batch 850/3125, Loss: 1.0579558610916138
Batch 900/3125, Loss: 0.9536336064338684
Batch 950/3125, Loss: 0.9670275449752808
Batch 1000/3125, Loss: 1.0252398252487183
Batch 1050/3125, Loss: 1.0165826082229614
Batch 1100/3125, Loss: 1.0074342489242554
Batch 1150/3125, Loss: 1.0426979064941406
Batch 1200/3125, Loss: 1.0007141828536987
Batch 1250/3125, Loss: 0.954503059387207
Batch 1300/3125, Loss: 0.999800443649292
Batch 1350/3125, Loss: 0.9796075224876404
Batch 1400/3125, Loss: 0.9463882446289062
Batch 1450/3125, Loss: 0.9694032669067383
Batch 1500/3125, Loss: 1.0422354936599731
Batch 1550/3125, Loss: 0.9515892267227173
Batch 1600/3125, Loss: 0.9633597135543823
Batch 1650/3125, Loss: 0.9731597900390625
Batch 1700/3125, Loss: 2.017457962036133
Batch 1750/3125, Loss: 0.9932960867881775
Batch 1800/3125, Loss: 0.9948025941848755
Batch 1850/3125, Loss: 0.9885227680206299
Batch 1900/3125, Loss: 0.9902549386024475
Batch 1950/3125, Loss: 0.9541493058204651
Batch 2000/3125, Loss: 0.9998205304145813
Batch 2050/3125, Loss: 1.0029950141906738
Batch 2100/3125, Loss: 0.927757203578949
Batch 2150/3125, Loss: 0.9940283894538879
Batch 2200/3125, Loss: 0.9356938004493713
Batch 2250/3125, Loss: 0.9656339287757874
Batch 2300/3125, Loss: 0.9709163904190063
Batch 2350/3125, Loss: 1.0588549375534058
Batch 2400/3125, Loss: 1.0032522678375244
Batch 2450/3125, Loss: 1.022111177444458
Batch 2500/3125, Loss: 0.9533601999282837
Batch 2550/3125, Loss: 0.951839804649353
Batch 2600/3125, Loss: 0.9800899624824524
Batch 2650/3125, Loss: 0.9664464592933655
Batch 2700/3125, Loss: 0.9903182983398438
Batch 2750/3125, Loss: 0.9398910999298096
Batch 2800/3125, Loss: 0.9436789751052856
Batch 2850/3125, Loss: 0.9543282985687256
Batch 2900/3125, Loss: 0.9869351387023926
Batch 2950/3125, Loss: 0.9349876046180725
Batch 3000/3125, Loss: 0.9240719676017761
Batch 3050/3125, Loss: 1.0586575269699097
Batch 3100/3125, Loss: 0.9815021753311157

Start of epoch 64
Batch 0/3125, Loss: 0.9673473834991455
Batch 50/3125, Loss: 0.9982166290283203
Batch 100/3125, Loss: 0.9816673398017883
Batch 150/3125, Loss: 0.9857971668243408
Batch 200/3125, Loss: 0.9773291945457458
Batch 250/3125, Loss: 1.7438844442367554
Batch 300/3125, Loss: 0.9850358366966248
Batch 350/3125, Loss: 0.9773393869400024
Batch 400/3125, Loss: 0.9531583786010742
Batch 450/3125, Loss: 0.9422945380210876
Batch 500/3125, Loss: 0.9511022567749023
Batch 550/3125, Loss: 0.9501652121543884
Batch 600/3125, Loss: 0.9710260629653931
Batch 650/3125, Loss: 1.016026258468628
Batch 700/3125, Loss: 0.9336138963699341
Batch 750/3125, Loss: 0.9721706509590149
Batch 800/3125, Loss: 0.9700955748558044
Batch 850/3125, Loss: 0.9565573334693909
Batch 900/3125, Loss: 0.9894461035728455
Batch 950/3125, Loss: 0.9716609716415405
Batch 1000/3125, Loss: 1.0064750909805298
Batch 1050/3125, Loss: 0.945983350276947
Batch 1100/3125, Loss: 0.9566895961761475
Batch 1150/3125, Loss: 0.9297695755958557
Batch 1200/3125, Loss: 0.9834442138671875
Batch 1250/3125, Loss: 0.9387515783309937
Batch 1300/3125, Loss: 0.9269630312919617
Batch 1350/3125, Loss: 1.0197175741195679
Batch 1400/3125, Loss: 0.9830064177513123
Batch 1450/3125, Loss: 1.0391873121261597
Batch 1500/3125, Loss: 0.9839898347854614
Batch 1550/3125, Loss: 0.9515027403831482
Batch 1600/3125, Loss: 0.982876181602478
Batch 1650/3125, Loss: 1.0060086250305176
Batch 1700/3125, Loss: 0.9800887107849121
Batch 1750/3125, Loss: 1.0661646127700806
Batch 1800/3125, Loss: 1.0175102949142456
Batch 1850/3125, Loss: 0.9925377368927002
Batch 1900/3125, Loss: 0.9770928621292114
Batch 1950/3125, Loss: 0.9584769010543823
Batch 2000/3125, Loss: 0.9509243369102478
Batch 2050/3125, Loss: 0.9657085537910461
Batch 2100/3125, Loss: 0.9849662780761719
Batch 2150/3125, Loss: 0.9537174105644226
Batch 2200/3125, Loss: 0.9638335704803467
Batch 2250/3125, Loss: 1.0038514137268066
Batch 2300/3125, Loss: 0.9559057950973511
Batch 2350/3125, Loss: 1.0047285556793213
Batch 2400/3125, Loss: 0.979848325252533
Batch 2450/3125, Loss: 0.9719672799110413
Batch 2500/3125, Loss: 0.9570167064666748
Batch 2550/3125, Loss: 0.9976078271865845
Batch 2600/3125, Loss: 1.006777286529541
Batch 2650/3125, Loss: 0.9352860450744629
Batch 2700/3125, Loss: 1.9071400165557861
Batch 2750/3125, Loss: 0.9549077749252319
Batch 2800/3125, Loss: 0.9641153812408447
Batch 2850/3125, Loss: 0.9461495876312256
Batch 2900/3125, Loss: 0.9805548787117004
Batch 2950/3125, Loss: 0.9622166156768799
Batch 3000/3125, Loss: 0.9614335298538208
Batch 3050/3125, Loss: 0.9682710766792297
Batch 3100/3125, Loss: 0.9820526838302612

Start of epoch 65
Batch 0/3125, Loss: 0.9633563160896301
Batch 50/3125, Loss: 0.9527234435081482
Batch 100/3125, Loss: 0.9875013828277588
Batch 150/3125, Loss: 0.9582653045654297
Batch 200/3125, Loss: 0.9626327753067017
Batch 250/3125, Loss: 0.9751364588737488
Batch 300/3125, Loss: 1.0087469816207886
Batch 350/3125, Loss: 1.0124706029891968
Batch 400/3125, Loss: 0.9324419498443604
Batch 450/3125, Loss: 1.0034253597259521
Batch 500/3125, Loss: 1.4930676221847534
Batch 550/3125, Loss: 1.0373351573944092
Batch 600/3125, Loss: 0.9848512411117554
Batch 650/3125, Loss: 0.9768943786621094
Batch 700/3125, Loss: 0.9599485397338867
Batch 750/3125, Loss: 1.0343921184539795
Batch 800/3125, Loss: 0.9920443296432495
Batch 850/3125, Loss: 0.9199095368385315
Batch 900/3125, Loss: 0.9873831868171692
Batch 950/3125, Loss: 0.981844961643219
Batch 1000/3125, Loss: 0.9398254156112671
Batch 1050/3125, Loss: 0.9914507269859314
Batch 1100/3125, Loss: 0.9506990909576416
Batch 1150/3125, Loss: 0.949884831905365
Batch 1200/3125, Loss: 0.9663895964622498
Batch 1250/3125, Loss: 0.9705697298049927
Batch 1300/3125, Loss: 1.0042129755020142
Batch 1350/3125, Loss: 0.9737409353256226
Batch 1400/3125, Loss: 0.9994837641716003
Batch 1450/3125, Loss: 1.5468536615371704
Batch 1500/3125, Loss: 0.9664283990859985
Batch 1550/3125, Loss: 0.9307984113693237
Batch 1600/3125, Loss: 0.9691600203514099
Batch 1650/3125, Loss: 0.9828665256500244
Batch 1700/3125, Loss: 0.9635151028633118
Batch 1750/3125, Loss: 0.9375687837600708
Batch 1800/3125, Loss: 0.9226087927818298
Batch 1850/3125, Loss: 0.9762245416641235
Batch 1900/3125, Loss: 0.961838960647583
Batch 1950/3125, Loss: 0.9649053812026978
Batch 2000/3125, Loss: 0.9938395619392395
Batch 2050/3125, Loss: 0.9945861101150513
Batch 2100/3125, Loss: 0.9706780910491943
Batch 2150/3125, Loss: 0.9601359367370605
Batch 2200/3125, Loss: 0.9431971907615662
Batch 2250/3125, Loss: 0.9619120359420776
Batch 2300/3125, Loss: 0.9638420343399048
Batch 2350/3125, Loss: 1.0059068202972412
Batch 2400/3125, Loss: 1.5142056941986084
Batch 2450/3125, Loss: 0.9557479619979858
Batch 2500/3125, Loss: 0.9530951976776123
Batch 2550/3125, Loss: 0.9196531772613525
Batch 2600/3125, Loss: 0.9624109268188477
Batch 2650/3125, Loss: 0.9600804448127747
Batch 2700/3125, Loss: 0.9163294434547424
Batch 2750/3125, Loss: 0.9627614617347717
Batch 2800/3125, Loss: 0.966776967048645
Batch 2850/3125, Loss: 0.9580206274986267
Batch 2900/3125, Loss: 0.9698085188865662
Batch 2950/3125, Loss: 0.9717589616775513
Batch 3000/3125, Loss: 0.9839448928833008
Batch 3050/3125, Loss: 0.9941550493240356
Batch 3100/3125, Loss: 0.9262761473655701

Start of epoch 66
Batch 0/3125, Loss: 0.9928250312805176
Batch 50/3125, Loss: 0.9320642948150635
Batch 100/3125, Loss: 0.9441341161727905
Batch 150/3125, Loss: 0.9838120937347412
Batch 200/3125, Loss: 1.04697585105896
Batch 250/3125, Loss: 0.9666309952735901
Batch 300/3125, Loss: 0.9859117865562439
Batch 350/3125, Loss: 0.9875351786613464
Batch 400/3125, Loss: 0.98790442943573
Batch 450/3125, Loss: 1.0998135805130005
Batch 500/3125, Loss: 1.0150361061096191
Batch 550/3125, Loss: 0.9624288082122803
Batch 600/3125, Loss: 1.0000804662704468
Batch 650/3125, Loss: 0.9833055734634399
Batch 700/3125, Loss: 1.0341371297836304
Batch 750/3125, Loss: 1.321495771408081
Batch 800/3125, Loss: 0.9866893291473389
Batch 850/3125, Loss: 0.9901583790779114
Batch 900/3125, Loss: 0.9600480794906616
Batch 950/3125, Loss: 0.9200493097305298
Batch 1000/3125, Loss: 1.0463405847549438
Batch 1050/3125, Loss: 1.043033480644226
Batch 1100/3125, Loss: 0.9611655473709106
Batch 1150/3125, Loss: 1.014268159866333
Batch 1200/3125, Loss: 0.9790250658988953
Batch 1250/3125, Loss: 1.0049138069152832
Batch 1300/3125, Loss: 0.9533353447914124
Batch 1350/3125, Loss: 0.9546539783477783
Batch 1400/3125, Loss: 0.9766777753829956
Batch 1450/3125, Loss: 0.9172850251197815
Batch 1500/3125, Loss: 0.9415602684020996
Batch 1550/3125, Loss: 0.9962332844734192
Batch 1600/3125, Loss: 0.9528074264526367
Batch 1650/3125, Loss: 0.9501264095306396
Batch 1700/3125, Loss: 0.953927218914032
Batch 1750/3125, Loss: 0.9916120171546936
Batch 1800/3125, Loss: 0.9366370439529419
Batch 1850/3125, Loss: 0.9514145851135254
Batch 1900/3125, Loss: 0.9493003487586975
Batch 1950/3125, Loss: 0.9341132640838623
Batch 2000/3125, Loss: 0.9515070915222168
Batch 2050/3125, Loss: 0.9862865805625916
Batch 2100/3125, Loss: 0.9840028882026672
Batch 2150/3125, Loss: 0.942236602306366
Batch 2200/3125, Loss: 0.9991448521614075
Batch 2250/3125, Loss: 0.9856762290000916
Batch 2300/3125, Loss: 0.9890590310096741
Batch 2350/3125, Loss: 0.9384681582450867
Batch 2400/3125, Loss: 1.002920150756836
Batch 2450/3125, Loss: 1.0609350204467773
Batch 2500/3125, Loss: 0.9983032941818237
Batch 2550/3125, Loss: 0.9439802169799805
Batch 2600/3125, Loss: 0.9415410757064819
Batch 2650/3125, Loss: 0.9948295950889587
Batch 2700/3125, Loss: 0.9374980330467224
Batch 2750/3125, Loss: 0.9888726472854614
Batch 2800/3125, Loss: 1.0064523220062256
Batch 2850/3125, Loss: 0.9593021869659424
Batch 2900/3125, Loss: 0.9736089706420898
Batch 2950/3125, Loss: 0.9532848000526428
Batch 3000/3125, Loss: 0.9863764643669128
Batch 3050/3125, Loss: 0.9161284565925598
Batch 3100/3125, Loss: 0.9893032312393188

Start of epoch 67
Batch 0/3125, Loss: 1.1348646879196167
Batch 50/3125, Loss: 1.2587730884552002
Batch 100/3125, Loss: 1.008238434791565
Batch 150/3125, Loss: 0.9662172198295593
Batch 200/3125, Loss: 0.9932564496994019
Batch 250/3125, Loss: 0.944614827632904
Batch 300/3125, Loss: 0.9626561403274536
Batch 350/3125, Loss: 0.9595955610275269
Batch 400/3125, Loss: 0.9797974228858948
Batch 450/3125, Loss: 0.9746903777122498
Batch 500/3125, Loss: 0.960838794708252
Batch 550/3125, Loss: 1.3506879806518555
Batch 600/3125, Loss: 1.0594402551651
Batch 650/3125, Loss: 0.9500963687896729
Batch 700/3125, Loss: 0.9398796558380127
Batch 750/3125, Loss: 0.9535549879074097
Batch 800/3125, Loss: 0.9689919352531433
Batch 850/3125, Loss: 0.992526113986969
Batch 900/3125, Loss: 0.9776380658149719
Batch 950/3125, Loss: 0.9911383986473083
Batch 1000/3125, Loss: 0.9752768278121948
Batch 1050/3125, Loss: 0.9339194297790527
Batch 1100/3125, Loss: 0.9798541069030762
Batch 1150/3125, Loss: 0.9536145329475403
Batch 1200/3125, Loss: 0.9548733830451965
Batch 1250/3125, Loss: 0.9184770584106445
Batch 1300/3125, Loss: 0.9569127559661865
Batch 1350/3125, Loss: 0.9558758735656738
Batch 1400/3125, Loss: 0.9536399245262146
Batch 1450/3125, Loss: 0.9770621061325073
Batch 1500/3125, Loss: 0.9788593053817749
Batch 1550/3125, Loss: 1.0899020433425903
Batch 1600/3125, Loss: 0.9816318154335022
Batch 1650/3125, Loss: 0.9564114809036255
Batch 1700/3125, Loss: 0.9824779629707336
Batch 1750/3125, Loss: 0.9496031403541565
Batch 1800/3125, Loss: 1.010735034942627
Batch 1850/3125, Loss: 0.9467270374298096
Batch 1900/3125, Loss: 0.995309054851532
Batch 1950/3125, Loss: 1.0063899755477905
Batch 2000/3125, Loss: 1.046549677848816
Batch 2050/3125, Loss: 0.9868923425674438
Batch 2100/3125, Loss: 0.9551069736480713
Batch 2150/3125, Loss: 0.9674218893051147
Batch 2200/3125, Loss: 0.9763363599777222
Batch 2250/3125, Loss: 0.9421283602714539
Batch 2300/3125, Loss: 0.966618537902832
Batch 2350/3125, Loss: 0.9500827789306641
Batch 2400/3125, Loss: 0.989355742931366
Batch 2450/3125, Loss: 0.9822551012039185
Batch 2500/3125, Loss: 0.9768718481063843
Batch 2550/3125, Loss: 0.9813910722732544
Batch 2600/3125, Loss: 0.9490375518798828
Batch 2650/3125, Loss: 0.9163961410522461
Batch 2700/3125, Loss: 0.9325793385505676
Batch 2750/3125, Loss: 1.0160269737243652
Batch 2800/3125, Loss: 0.9784704446792603
Batch 2850/3125, Loss: 0.9885287880897522
Batch 2900/3125, Loss: 1.1190444231033325
Batch 2950/3125, Loss: 0.990939199924469
Batch 3000/3125, Loss: 0.9762216210365295
Batch 3050/3125, Loss: 0.9168458580970764
Batch 3100/3125, Loss: 0.9488565921783447

Start of epoch 68
Batch 0/3125, Loss: 0.9855297207832336
Batch 50/3125, Loss: 0.9855180382728577
Batch 100/3125, Loss: 0.9514424204826355
Batch 150/3125, Loss: 0.9217364192008972
Batch 200/3125, Loss: 2.5871288776397705
Batch 250/3125, Loss: 0.9782309532165527
Batch 300/3125, Loss: 0.9176949262619019
Batch 350/3125, Loss: 0.9676521420478821
Batch 400/3125, Loss: 0.9509501457214355
Batch 450/3125, Loss: 0.9443049430847168
Batch 500/3125, Loss: 0.9514232873916626
Batch 550/3125, Loss: 0.9899762868881226
Batch 600/3125, Loss: 0.976662278175354
Batch 650/3125, Loss: 0.9567931890487671
Batch 700/3125, Loss: 0.9368563890457153
Batch 750/3125, Loss: 0.9913325309753418
Batch 800/3125, Loss: 0.9248253107070923
Batch 850/3125, Loss: 0.9321280717849731
Batch 900/3125, Loss: 0.9724780321121216
Batch 950/3125, Loss: 0.9514275789260864
Batch 1000/3125, Loss: 0.9335264563560486
Batch 1050/3125, Loss: 0.9893462657928467
Batch 1100/3125, Loss: 0.9430953860282898
Batch 1150/3125, Loss: 0.9325624108314514
Batch 1200/3125, Loss: 0.9498084783554077
Batch 1250/3125, Loss: 0.9240180850028992
Batch 1300/3125, Loss: 1.0530940294265747
Batch 1350/3125, Loss: 1.0174123048782349
Batch 1400/3125, Loss: 0.963951826095581
Batch 1450/3125, Loss: 0.9506887793540955
Batch 1500/3125, Loss: 0.9664992690086365
Batch 1550/3125, Loss: 0.9546602964401245
Batch 1600/3125, Loss: 0.9277163743972778
Batch 1650/3125, Loss: 0.9666551351547241
Batch 1700/3125, Loss: 0.9984750747680664
Batch 1750/3125, Loss: 1.0001221895217896
Batch 1800/3125, Loss: 1.043295979499817
Batch 1850/3125, Loss: 0.9693635106086731
Batch 1900/3125, Loss: 0.96922367811203
Batch 1950/3125, Loss: 0.9566594958305359
Batch 2000/3125, Loss: 0.956050455570221
Batch 2050/3125, Loss: 1.8540102243423462
Batch 2100/3125, Loss: 1.0728907585144043
Batch 2150/3125, Loss: 0.9597412347793579
Batch 2200/3125, Loss: 0.9814416766166687
Batch 2250/3125, Loss: 1.0068769454956055
Batch 2300/3125, Loss: 0.9280744194984436
Batch 2350/3125, Loss: 0.9237005114555359
Batch 2400/3125, Loss: 0.9553875923156738
Batch 2450/3125, Loss: 0.9644644856452942
Batch 2500/3125, Loss: 0.9706541895866394
Batch 2550/3125, Loss: 0.9655797481536865
Batch 2600/3125, Loss: 1.0519964694976807
Batch 2650/3125, Loss: 0.9945710897445679
Batch 2700/3125, Loss: 1.0041238069534302
Batch 2750/3125, Loss: 0.9858040809631348
Batch 2800/3125, Loss: 0.9322085380554199
Batch 2850/3125, Loss: 0.9475796222686768
Batch 2900/3125, Loss: 1.3256125450134277
Batch 2950/3125, Loss: 0.9791866540908813
Batch 3000/3125, Loss: 1.019420862197876
Batch 3050/3125, Loss: 1.7590909004211426
Batch 3100/3125, Loss: 1.0868747234344482

Start of epoch 69
Batch 0/3125, Loss: 0.9812087416648865
Batch 50/3125, Loss: 0.9754981994628906
Batch 100/3125, Loss: 0.9499972462654114
Batch 150/3125, Loss: 0.9782260060310364
Batch 200/3125, Loss: 0.9911409616470337
Batch 250/3125, Loss: 0.9642671942710876
Batch 300/3125, Loss: 1.010758876800537
Batch 350/3125, Loss: 0.9656921029090881
Batch 400/3125, Loss: 0.9942110776901245
Batch 450/3125, Loss: 0.9466936588287354
Batch 500/3125, Loss: 0.9714380502700806
Batch 550/3125, Loss: 0.981954038143158
Batch 600/3125, Loss: 0.9659404754638672
Batch 650/3125, Loss: 0.9374345541000366
Batch 700/3125, Loss: 0.9978920221328735
Batch 750/3125, Loss: 0.9374308586120605
Batch 800/3125, Loss: 0.969398558139801
Batch 850/3125, Loss: 0.994619607925415
Batch 900/3125, Loss: 1.0906105041503906
Batch 950/3125, Loss: 0.9973982572555542
Batch 1000/3125, Loss: 0.9545091390609741
Batch 1050/3125, Loss: 0.9403685927391052
Batch 1100/3125, Loss: 0.9428109526634216
Batch 1150/3125, Loss: 0.9824967384338379
Batch 1200/3125, Loss: 0.95018470287323
Batch 1250/3125, Loss: 1.0225731134414673
Batch 1300/3125, Loss: 0.9306957721710205
Batch 1350/3125, Loss: 0.9591498374938965
Batch 1400/3125, Loss: 0.9653862118721008
Batch 1450/3125, Loss: 0.9550102353096008
Batch 1500/3125, Loss: 0.9604305624961853
Batch 1550/3125, Loss: 0.9376078248023987
Batch 1600/3125, Loss: 0.9801415801048279
Batch 1650/3125, Loss: 1.3322628736495972
Batch 1700/3125, Loss: 1.857818603515625
Batch 1750/3125, Loss: 0.9513219594955444
Batch 1800/3125, Loss: 0.9957184195518494
Batch 1850/3125, Loss: 0.9422973394393921
Batch 1900/3125, Loss: 0.9337326884269714
Batch 1950/3125, Loss: 0.9572622776031494
Batch 2000/3125, Loss: 0.9581642746925354
Batch 2050/3125, Loss: 0.9762192964553833
Batch 2100/3125, Loss: 0.9784777164459229
Batch 2150/3125, Loss: 0.9593649506568909
Batch 2200/3125, Loss: 0.9369974732398987
Batch 2250/3125, Loss: 0.9627070426940918
Batch 2300/3125, Loss: 0.9735787510871887
Batch 2350/3125, Loss: 0.9574702382087708
Batch 2400/3125, Loss: 0.9582695960998535
Batch 2450/3125, Loss: 0.9429741501808167
Batch 2500/3125, Loss: 0.9982617497444153
Batch 2550/3125, Loss: 0.9667375683784485
Batch 2600/3125, Loss: 0.9462824463844299
Batch 2650/3125, Loss: 1.1964894533157349
Batch 2700/3125, Loss: 1.067259430885315
Batch 2750/3125, Loss: 0.9767174124717712
Batch 2800/3125, Loss: 0.9484491944313049
Batch 2850/3125, Loss: 0.9038435816764832
Batch 2900/3125, Loss: 0.9804996252059937
Batch 2950/3125, Loss: 0.9358606338500977
Batch 3000/3125, Loss: 0.9255786538124084
Batch 3050/3125, Loss: 0.9858375787734985
Batch 3100/3125, Loss: 0.9843379259109497

Start of epoch 70
Batch 0/3125, Loss: 0.9210954308509827
Batch 50/3125, Loss: 0.9335227012634277
Batch 100/3125, Loss: 0.9870318174362183
Batch 150/3125, Loss: 1.0252364873886108
Batch 200/3125, Loss: 0.9745895266532898
Batch 250/3125, Loss: 0.9717419147491455
Batch 300/3125, Loss: 0.9720012545585632
Batch 350/3125, Loss: 0.9237157106399536
Batch 400/3125, Loss: 1.035401463508606
Batch 450/3125, Loss: 0.9466429352760315
Batch 500/3125, Loss: 1.0289020538330078
Batch 550/3125, Loss: 1.149289846420288
Batch 600/3125, Loss: 0.9640834927558899
Batch 650/3125, Loss: 0.9531307220458984
Batch 700/3125, Loss: 0.9447641968727112
Batch 750/3125, Loss: 0.9548155069351196
Batch 800/3125, Loss: 0.9695395827293396
Batch 850/3125, Loss: 0.9600851535797119
Batch 900/3125, Loss: 0.9574519991874695
Batch 950/3125, Loss: 0.9641307592391968
Batch 1000/3125, Loss: 1.0333468914031982
Batch 1050/3125, Loss: 0.939807116985321
Batch 1100/3125, Loss: 1.0075454711914062
Batch 1150/3125, Loss: 1.0124702453613281
Batch 1200/3125, Loss: 1.2032572031021118
Batch 1250/3125, Loss: 1.0083616971969604
Batch 1300/3125, Loss: 0.9996170401573181
Batch 1350/3125, Loss: 0.9562424421310425
Batch 1400/3125, Loss: 0.9867783188819885
Batch 1450/3125, Loss: 0.9626551866531372
Batch 1500/3125, Loss: 0.9099236726760864
Batch 1550/3125, Loss: 0.9873992204666138
Batch 1600/3125, Loss: 0.9234232306480408
Batch 1650/3125, Loss: 0.9557143449783325
Batch 1700/3125, Loss: 0.955624520778656
Batch 1750/3125, Loss: 0.9653076529502869
Batch 1800/3125, Loss: 0.9470010995864868
Batch 1850/3125, Loss: 0.9829676747322083
Batch 1900/3125, Loss: 0.9702936410903931
Batch 1950/3125, Loss: 0.9280623197555542
Batch 2000/3125, Loss: 0.9495189189910889
Batch 2050/3125, Loss: 0.9396129846572876
Batch 2100/3125, Loss: 0.938988983631134
Batch 2150/3125, Loss: 0.9313789010047913
Batch 2200/3125, Loss: 0.9273989200592041
Batch 2250/3125, Loss: 0.9462851881980896
Batch 2300/3125, Loss: 0.9608609676361084
Batch 2350/3125, Loss: 0.9180583953857422
Batch 2400/3125, Loss: 0.978906512260437
Batch 2450/3125, Loss: 0.9997925758361816
Batch 2500/3125, Loss: 1.002388596534729
Batch 2550/3125, Loss: 0.921145498752594
Batch 2600/3125, Loss: 0.9331191182136536
Batch 2650/3125, Loss: 1.573768138885498
Batch 2700/3125, Loss: 0.9923145174980164
Batch 2750/3125, Loss: 0.9754303693771362
Batch 2800/3125, Loss: 0.9410419464111328
Batch 2850/3125, Loss: 0.974947452545166
Batch 2900/3125, Loss: 0.9449974298477173
Batch 2950/3125, Loss: 0.9763160943984985
Batch 3000/3125, Loss: 0.9718030095100403
Batch 3050/3125, Loss: 0.9414831399917603
Batch 3100/3125, Loss: 0.9630225896835327

Start of epoch 71
Batch 0/3125, Loss: 0.992115318775177
Batch 50/3125, Loss: 1.8489289283752441
Batch 100/3125, Loss: 1.015702486038208
Batch 150/3125, Loss: 0.9732853174209595
Batch 200/3125, Loss: 0.9323651194572449
Batch 250/3125, Loss: 0.9501771926879883
Batch 300/3125, Loss: 0.9932716488838196
Batch 350/3125, Loss: 0.967654824256897
Batch 400/3125, Loss: 0.9677720665931702
Batch 450/3125, Loss: 0.9235965013504028
Batch 500/3125, Loss: 0.9440746307373047
Batch 550/3125, Loss: 0.9883015751838684
Batch 600/3125, Loss: 0.9279511570930481
Batch 650/3125, Loss: 0.9661014676094055
Batch 700/3125, Loss: 0.9712811708450317
Batch 750/3125, Loss: 0.9447163343429565
Batch 800/3125, Loss: 0.9614167809486389
Batch 850/3125, Loss: 0.9078218936920166
Batch 900/3125, Loss: 0.9687479734420776
Batch 950/3125, Loss: 0.937355637550354
Batch 1000/3125, Loss: 0.9404432773590088
Batch 1050/3125, Loss: 1.0225732326507568
Batch 1100/3125, Loss: 0.9855136871337891
Batch 1150/3125, Loss: 1.253899335861206
Batch 1200/3125, Loss: 1.298224925994873
Batch 1250/3125, Loss: 0.9588434100151062
Batch 1300/3125, Loss: 0.9420465230941772
Batch 1350/3125, Loss: 0.9759527444839478
Batch 1400/3125, Loss: 0.9533736109733582
Batch 1450/3125, Loss: 0.9282286167144775
Batch 1500/3125, Loss: 0.9507980346679688
Batch 1550/3125, Loss: 0.9430282115936279
Batch 1600/3125, Loss: 0.9667011499404907
Batch 1650/3125, Loss: 0.9375336170196533
Batch 1700/3125, Loss: 0.9258235096931458
Batch 1750/3125, Loss: 0.9422820210456848
Batch 1800/3125, Loss: 0.944696307182312
Batch 1850/3125, Loss: 0.9851755499839783
Batch 1900/3125, Loss: 1.2286255359649658
Batch 1950/3125, Loss: 0.9302864670753479
Batch 2000/3125, Loss: 0.9651740789413452
Batch 2050/3125, Loss: 0.9402891993522644
Batch 2100/3125, Loss: 0.9458751678466797
Batch 2150/3125, Loss: 0.9633140563964844
Batch 2200/3125, Loss: 0.9443616271018982
Batch 2250/3125, Loss: 0.9479239583015442
Batch 2300/3125, Loss: 0.9940435886383057
Batch 2350/3125, Loss: 1.2530723810195923
Batch 2400/3125, Loss: 0.9657937288284302
Batch 2450/3125, Loss: 0.9777754545211792
Batch 2500/3125, Loss: 1.8604826927185059
Batch 2550/3125, Loss: 0.9584171175956726
Batch 2600/3125, Loss: 0.9661598801612854
Batch 2650/3125, Loss: 0.9525514841079712
Batch 2700/3125, Loss: 0.9791649580001831
Batch 2750/3125, Loss: 0.9572837948799133
Batch 2800/3125, Loss: 0.94322270154953
Batch 2850/3125, Loss: 0.9966045618057251
Batch 2900/3125, Loss: 0.9720173478126526
Batch 2950/3125, Loss: 0.9885050654411316
Batch 3000/3125, Loss: 0.9330242872238159
Batch 3050/3125, Loss: 0.9228051900863647
Batch 3100/3125, Loss: 0.9735375046730042

Start of epoch 72
Batch 0/3125, Loss: 0.9650466442108154
Batch 50/3125, Loss: 0.9452750086784363
Batch 100/3125, Loss: 0.9585618376731873
Batch 150/3125, Loss: 0.9330780506134033
Batch 200/3125, Loss: 0.9875897169113159
Batch 250/3125, Loss: 0.9312146902084351
Batch 300/3125, Loss: 1.0465772151947021
Batch 350/3125, Loss: 0.9368363618850708
Batch 400/3125, Loss: 0.934378981590271
Batch 450/3125, Loss: 0.9441494345664978
Batch 500/3125, Loss: 1.010084629058838
Batch 550/3125, Loss: 0.9082163572311401
Batch 600/3125, Loss: 0.9993910789489746
Batch 650/3125, Loss: 0.9449936747550964
Batch 700/3125, Loss: 1.01569402217865
Batch 750/3125, Loss: 0.9653468132019043
Batch 800/3125, Loss: 1.126807689666748
Batch 850/3125, Loss: 1.1935070753097534
Batch 900/3125, Loss: 1.0048803091049194
Batch 950/3125, Loss: 0.9795406460762024
Batch 1000/3125, Loss: 0.9589722156524658
Batch 1050/3125, Loss: 0.9392459392547607
Batch 1100/3125, Loss: 1.0075756311416626
Batch 1150/3125, Loss: 0.9405438303947449
Batch 1200/3125, Loss: 0.9371813535690308
Batch 1250/3125, Loss: 1.0061689615249634
Batch 1300/3125, Loss: 0.9772014021873474
Batch 1350/3125, Loss: 1.2072213888168335
Batch 1400/3125, Loss: 1.0585267543792725
Batch 1450/3125, Loss: 0.9339611530303955
Batch 1500/3125, Loss: 0.9755421280860901
Batch 1550/3125, Loss: 0.9785497784614563
Batch 1600/3125, Loss: 0.9920821785926819
Batch 1650/3125, Loss: 1.087666392326355
Batch 1700/3125, Loss: 1.052612066268921
Batch 1750/3125, Loss: 0.9470252990722656
Batch 1800/3125, Loss: 0.9670947790145874
Batch 1850/3125, Loss: 0.9257270097732544
Batch 1900/3125, Loss: 0.9567822217941284
Batch 1950/3125, Loss: 0.9715673923492432
Batch 2000/3125, Loss: 0.9478668570518494
Batch 2050/3125, Loss: 0.9333664178848267
Batch 2100/3125, Loss: 0.942065954208374
Batch 2150/3125, Loss: 0.9748647809028625
Batch 2200/3125, Loss: 0.9496756196022034
Batch 2250/3125, Loss: 0.9626112580299377
Batch 2300/3125, Loss: 0.9673070907592773
Batch 2350/3125, Loss: 0.9948154091835022
Batch 2400/3125, Loss: 0.9564850330352783
Batch 2450/3125, Loss: 0.9773479700088501
Batch 2500/3125, Loss: 1.3425625562667847
Batch 2550/3125, Loss: 0.9601379036903381
Batch 2600/3125, Loss: 0.9504429697990417
Batch 2650/3125, Loss: 0.9159451127052307
Batch 2700/3125, Loss: 0.9562899470329285
Batch 2750/3125, Loss: 0.9610570073127747
Batch 2800/3125, Loss: 0.9684678912162781
Batch 2850/3125, Loss: 0.9516131281852722
Batch 2900/3125, Loss: 0.9896142482757568
Batch 2950/3125, Loss: 0.9178746938705444
Batch 3000/3125, Loss: 0.9561650156974792
Batch 3050/3125, Loss: 0.9829235076904297
Batch 3100/3125, Loss: 0.9391244649887085

Start of epoch 73
Batch 0/3125, Loss: 0.9483449459075928
Batch 50/3125, Loss: 1.2731519937515259
Batch 100/3125, Loss: 0.9339607357978821
Batch 150/3125, Loss: 1.1283038854599
Batch 200/3125, Loss: 1.5434455871582031
Batch 250/3125, Loss: 0.9825568795204163
Batch 300/3125, Loss: 0.9607608914375305
Batch 350/3125, Loss: 0.9739188551902771
Batch 400/3125, Loss: 0.9296636581420898
Batch 450/3125, Loss: 0.9426913857460022
Batch 500/3125, Loss: 0.9717720746994019
Batch 550/3125, Loss: 0.9715889692306519
Batch 600/3125, Loss: 0.9325659871101379
Batch 650/3125, Loss: 0.9281899929046631
Batch 700/3125, Loss: 0.9659143686294556
Batch 750/3125, Loss: 0.9205230474472046
Batch 800/3125, Loss: 1.007729411125183
Batch 850/3125, Loss: 0.9568725228309631
Batch 900/3125, Loss: 1.0047547817230225
Batch 950/3125, Loss: 1.0105963945388794
Batch 1000/3125, Loss: 0.976701021194458
Batch 1050/3125, Loss: 0.9705960154533386
Batch 1100/3125, Loss: 0.9719986915588379
Batch 1150/3125, Loss: 0.9445897936820984
Batch 1200/3125, Loss: 0.9651811718940735
Batch 1250/3125, Loss: 0.9602174758911133
Batch 1300/3125, Loss: 0.90878826379776
Batch 1350/3125, Loss: 0.9515931606292725
Batch 1400/3125, Loss: 0.9692274928092957
Batch 1450/3125, Loss: 0.9431818723678589
Batch 1500/3125, Loss: 1.0452228784561157
Batch 1550/3125, Loss: 1.1864166259765625
Batch 1600/3125, Loss: 0.9158565998077393
Batch 1650/3125, Loss: 0.9637584090232849
Batch 1700/3125, Loss: 0.9884145259857178
Batch 1750/3125, Loss: 0.9785473942756653
Batch 1800/3125, Loss: 0.9860228896141052
Batch 1850/3125, Loss: 0.9633392691612244
Batch 1900/3125, Loss: 0.9142763018608093
Batch 1950/3125, Loss: 0.9162625670433044
Batch 2000/3125, Loss: 0.9454315304756165
Batch 2050/3125, Loss: 0.9502362012863159
Batch 2100/3125, Loss: 0.9587069749832153
Batch 2150/3125, Loss: 0.9552417397499084
Batch 2200/3125, Loss: 0.9723351001739502
Batch 2250/3125, Loss: 0.9638863801956177
Batch 2300/3125, Loss: 0.9564037322998047
Batch 2350/3125, Loss: 0.9134491086006165
Batch 2400/3125, Loss: 0.971842885017395
Batch 2450/3125, Loss: 1.0810247659683228
Batch 2500/3125, Loss: 0.9663538932800293
Batch 2550/3125, Loss: 0.9752153158187866
Batch 2600/3125, Loss: 0.996878981590271
Batch 2650/3125, Loss: 1.0994782447814941
Batch 2700/3125, Loss: 1.0322672128677368
Batch 2750/3125, Loss: 1.000465989112854
Batch 2800/3125, Loss: 1.0507806539535522
Batch 2850/3125, Loss: 0.9463475942611694
Batch 2900/3125, Loss: 0.9586294889450073
Batch 2950/3125, Loss: 0.9317439198493958
Batch 3000/3125, Loss: 0.9586291313171387
Batch 3050/3125, Loss: 1.3931400775909424
Batch 3100/3125, Loss: 1.0373708009719849

Start of epoch 74
Batch 0/3125, Loss: 0.9346284866333008
Batch 50/3125, Loss: 0.9606397151947021
Batch 100/3125, Loss: 0.9336270093917847
Batch 150/3125, Loss: 0.9028522372245789
Batch 200/3125, Loss: 0.9770784974098206
Batch 250/3125, Loss: 0.9243184328079224
Batch 300/3125, Loss: 0.9303095936775208
Batch 350/3125, Loss: 0.9899038672447205
Batch 400/3125, Loss: 0.9745175838470459
Batch 450/3125, Loss: 0.9578205943107605
Batch 500/3125, Loss: 0.9674896001815796
Batch 550/3125, Loss: 0.950036346912384
Batch 600/3125, Loss: 0.9459291100502014
Batch 650/3125, Loss: 0.9650031328201294
Batch 700/3125, Loss: 1.003934383392334
Batch 750/3125, Loss: 1.2415461540222168
Batch 800/3125, Loss: 1.007288932800293
Batch 850/3125, Loss: 0.9712878465652466
Batch 900/3125, Loss: 0.9818094968795776
Batch 950/3125, Loss: 0.9475682973861694
Batch 1000/3125, Loss: 0.9996764659881592
Batch 1050/3125, Loss: 0.9282885193824768
Batch 1100/3125, Loss: 0.9670093655586243
Batch 1150/3125, Loss: 0.9421672821044922
Batch 1200/3125, Loss: 1.0945204496383667
Batch 1250/3125, Loss: 0.9894123673439026
Batch 1300/3125, Loss: 0.9422579407691956
Batch 1350/3125, Loss: 0.9301298260688782
Batch 1400/3125, Loss: 0.9996815919876099
Batch 1450/3125, Loss: 0.9334622621536255
Batch 1500/3125, Loss: 1.0003963708877563
Batch 1550/3125, Loss: 0.9704066514968872
Batch 1600/3125, Loss: 0.9753766059875488
Batch 1650/3125, Loss: 0.9621715545654297
Batch 1700/3125, Loss: 0.9278814792633057
Batch 1750/3125, Loss: 0.9154748916625977
Batch 1800/3125, Loss: 1.056760311126709
Batch 1850/3125, Loss: 0.9418811798095703
Batch 1900/3125, Loss: 1.4450072050094604
Batch 1950/3125, Loss: 1.1335912942886353
Batch 2000/3125, Loss: 0.9637298583984375
Batch 2050/3125, Loss: 0.9773432016372681
Batch 2100/3125, Loss: 0.9801321625709534
Batch 2150/3125, Loss: 0.9279565215110779
Batch 2200/3125, Loss: 0.9385883212089539
Batch 2250/3125, Loss: 0.9832529425621033
Batch 2300/3125, Loss: 0.9371757507324219
Batch 2350/3125, Loss: 0.9786904454231262
Batch 2400/3125, Loss: 1.0121057033538818
Batch 2450/3125, Loss: 0.9300805926322937
Batch 2500/3125, Loss: 0.9255468845367432
Batch 2550/3125, Loss: 0.9777314066886902
Batch 2600/3125, Loss: 0.9749782681465149
Batch 2650/3125, Loss: 0.9482595324516296
Batch 2700/3125, Loss: 1.510941982269287
Batch 2750/3125, Loss: 0.969637393951416
Batch 2800/3125, Loss: 1.0128320455551147
Batch 2850/3125, Loss: 0.9913732409477234
Batch 2900/3125, Loss: 0.9663690328598022
Batch 2950/3125, Loss: 0.9629312753677368
Batch 3000/3125, Loss: 0.9368229508399963
Batch 3050/3125, Loss: 0.9355279207229614
Batch 3100/3125, Loss: 0.9666046500205994

Start of epoch 75
Batch 0/3125, Loss: 0.9926440119743347
Batch 50/3125, Loss: 0.9789727330207825
Batch 100/3125, Loss: 0.9556615352630615
Batch 150/3125, Loss: 0.9693655371665955
Batch 200/3125, Loss: 0.928866982460022
Batch 250/3125, Loss: 0.9305405616760254
Batch 300/3125, Loss: 0.9552544355392456
Batch 350/3125, Loss: 0.9331368207931519
Batch 400/3125, Loss: 0.9478027820587158
Batch 450/3125, Loss: 0.9216745495796204
Batch 500/3125, Loss: 0.9489098191261292
Batch 550/3125, Loss: 0.9818713665008545
Batch 600/3125, Loss: 0.9572105407714844
Batch 650/3125, Loss: 0.9814994931221008
Batch 700/3125, Loss: 0.9398902654647827
Batch 750/3125, Loss: 0.9762420058250427
Batch 800/3125, Loss: 1.1374480724334717
Batch 850/3125, Loss: 0.9623064398765564
Batch 900/3125, Loss: 0.9888764023780823
Batch 950/3125, Loss: 0.9645501971244812
Batch 1000/3125, Loss: 0.9928185939788818
Batch 1050/3125, Loss: 0.9321039319038391
Batch 1100/3125, Loss: 0.9704355597496033
Batch 1150/3125, Loss: 1.0077447891235352
Batch 1200/3125, Loss: 0.9879787564277649
Batch 1250/3125, Loss: 0.9448078870773315
Batch 1300/3125, Loss: 0.9307074546813965
Batch 1350/3125, Loss: 0.9714971780776978
Batch 1400/3125, Loss: 0.988516092300415
Batch 1450/3125, Loss: 0.928158164024353
Batch 1500/3125, Loss: 0.9833193421363831
Batch 1550/3125, Loss: 0.9581360816955566
Batch 1600/3125, Loss: 0.956908643245697
Batch 1650/3125, Loss: 0.9539360404014587
Batch 1700/3125, Loss: 0.9665769338607788
Batch 1750/3125, Loss: 0.9513267278671265
Batch 1800/3125, Loss: 0.9644147157669067
Batch 1850/3125, Loss: 0.9406639933586121
Batch 1900/3125, Loss: 0.9162114858627319
Batch 1950/3125, Loss: 1.528010368347168
Batch 2000/3125, Loss: 0.9865244030952454
Batch 2050/3125, Loss: 0.9209970831871033
Batch 2100/3125, Loss: 0.9404708743095398
Batch 2150/3125, Loss: 0.9397251009941101
Batch 2200/3125, Loss: 0.9664896726608276
Batch 2250/3125, Loss: 0.9369254112243652
Batch 2300/3125, Loss: 0.9215151071548462
Batch 2350/3125, Loss: 0.945794403553009
Batch 2400/3125, Loss: 0.9671499133110046
Batch 2450/3125, Loss: 0.9771929979324341
Batch 2500/3125, Loss: 1.0483170747756958
Batch 2550/3125, Loss: 0.9747520685195923
Batch 2600/3125, Loss: 0.9785474538803101
Batch 2650/3125, Loss: 0.950096845626831
Batch 2700/3125, Loss: 0.9669618606567383
Batch 2750/3125, Loss: 1.0027191638946533
Batch 2800/3125, Loss: 1.0032925605773926
Batch 2850/3125, Loss: 0.9893853068351746
Batch 2900/3125, Loss: 0.9465885162353516
Batch 2950/3125, Loss: 0.953883707523346
Batch 3000/3125, Loss: 0.9393633604049683
Batch 3050/3125, Loss: 0.9215006232261658
Batch 3100/3125, Loss: 0.9242315292358398

Start of epoch 76
Batch 0/3125, Loss: 0.9631801247596741
Batch 50/3125, Loss: 13.292481422424316
Batch 100/3125, Loss: 0.9970158934593201
Batch 150/3125, Loss: 0.964322030544281
Batch 200/3125, Loss: 0.9659425616264343
Batch 250/3125, Loss: 0.9713446497917175
Batch 300/3125, Loss: 0.9189720153808594
Batch 350/3125, Loss: 0.9414925575256348
Batch 400/3125, Loss: 0.9746363759040833
Batch 450/3125, Loss: 0.9584974646568298
Batch 500/3125, Loss: 0.9585970044136047
Batch 550/3125, Loss: 0.9188365936279297
Batch 600/3125, Loss: 0.9647175669670105
Batch 650/3125, Loss: 0.9734146595001221
Batch 700/3125, Loss: 0.971489667892456
Batch 750/3125, Loss: 0.9598852396011353
Batch 800/3125, Loss: 0.9669447541236877
Batch 850/3125, Loss: 0.9573102593421936
Batch 900/3125, Loss: 0.9312219619750977
Batch 950/3125, Loss: 0.9807713627815247
Batch 1000/3125, Loss: 0.9572077393531799
Batch 1050/3125, Loss: 0.9688208103179932
Batch 1100/3125, Loss: 0.9710353016853333
Batch 1150/3125, Loss: 0.9406254291534424
Batch 1200/3125, Loss: 0.9495710730552673
Batch 1250/3125, Loss: 0.9707197546958923
Batch 1300/3125, Loss: 0.9259114861488342
Batch 1350/3125, Loss: 0.9409052133560181
Batch 1400/3125, Loss: 0.9760107398033142
Batch 1450/3125, Loss: 0.965822160243988
Batch 1500/3125, Loss: 0.960150957107544
Batch 1550/3125, Loss: 0.945907711982727
Batch 1600/3125, Loss: 0.9565949440002441
Batch 1650/3125, Loss: 0.975290834903717
Batch 1700/3125, Loss: 0.9664042592048645
Batch 1750/3125, Loss: 0.9615637063980103
Batch 1800/3125, Loss: 0.9783291220664978
Batch 1850/3125, Loss: 0.9879636764526367
Batch 1900/3125, Loss: 0.936998724937439
Batch 1950/3125, Loss: 0.9694515466690063
Batch 2000/3125, Loss: 1.0538783073425293
Batch 2050/3125, Loss: 0.9353703856468201
Batch 2100/3125, Loss: 0.9631410837173462
Batch 2150/3125, Loss: 0.947725236415863
Batch 2200/3125, Loss: 0.9474570751190186
Batch 2250/3125, Loss: 1.1157501935958862
Batch 2300/3125, Loss: 0.9328356981277466
Batch 2350/3125, Loss: 1.0603102445602417
Batch 2400/3125, Loss: 0.9507580399513245
Batch 2450/3125, Loss: 0.9485295414924622
Batch 2500/3125, Loss: 0.9848916530609131
Batch 2550/3125, Loss: 0.919568657875061
Batch 2600/3125, Loss: 0.9915063381195068
Batch 2650/3125, Loss: 0.9259605407714844
Batch 2700/3125, Loss: 0.9636058211326599
Batch 2750/3125, Loss: 0.937993049621582
Batch 2800/3125, Loss: 0.96258544921875
Batch 2850/3125, Loss: 0.948087215423584
Batch 2900/3125, Loss: 0.9536091685295105
Batch 2950/3125, Loss: 0.9400478005409241
Batch 3000/3125, Loss: 0.9354963302612305
Batch 3050/3125, Loss: 0.9690291285514832
Batch 3100/3125, Loss: 0.922333836555481

Start of epoch 77
Batch 0/3125, Loss: 0.9616344571113586
Batch 50/3125, Loss: 1.2170864343643188
Batch 100/3125, Loss: 1.013325572013855
Batch 150/3125, Loss: 1.140354871749878
Batch 200/3125, Loss: 0.971372663974762
Batch 250/3125, Loss: 0.9432433247566223
Batch 300/3125, Loss: 0.9969543814659119
Batch 350/3125, Loss: 0.9609949588775635
Batch 400/3125, Loss: 0.91206294298172
Batch 450/3125, Loss: 0.9455974698066711
Batch 500/3125, Loss: 0.9502586126327515
Batch 550/3125, Loss: 0.965511679649353
Batch 600/3125, Loss: 0.9829270243644714
Batch 650/3125, Loss: 0.9436642527580261
Batch 700/3125, Loss: 0.9576366543769836
Batch 750/3125, Loss: 0.9273024201393127
Batch 800/3125, Loss: 0.9745643734931946
Batch 850/3125, Loss: 0.9303173422813416
Batch 900/3125, Loss: 0.9731370806694031
Batch 950/3125, Loss: 1.0171737670898438
Batch 1000/3125, Loss: 0.956884503364563
Batch 1050/3125, Loss: 1.1344619989395142
Batch 1100/3125, Loss: 1.0984275341033936
Batch 1150/3125, Loss: 1.002485752105713
Batch 1200/3125, Loss: 0.9466300010681152
Batch 1250/3125, Loss: 2.04226016998291
Batch 1300/3125, Loss: 0.9532486200332642
Batch 1350/3125, Loss: 0.9161090850830078
Batch 1400/3125, Loss: 0.9678667783737183
Batch 1450/3125, Loss: 0.9504444599151611
Batch 1500/3125, Loss: 0.9522533416748047
Batch 1550/3125, Loss: 0.955763578414917
Batch 1600/3125, Loss: 0.9184660911560059
Batch 1650/3125, Loss: 0.9151317477226257
Batch 1700/3125, Loss: 0.9605997800827026
Batch 1750/3125, Loss: 0.9501818418502808
Batch 1800/3125, Loss: 0.9583094716072083
Batch 1850/3125, Loss: 0.9456018805503845
Batch 1900/3125, Loss: 0.9450355768203735
Batch 1950/3125, Loss: 1.302744746208191
Batch 2000/3125, Loss: 1.0315877199172974
Batch 2050/3125, Loss: 0.9928413033485413
Batch 2100/3125, Loss: 0.9565314054489136
Batch 2150/3125, Loss: 0.9323690533638
Batch 2200/3125, Loss: 0.9537869691848755
Batch 2250/3125, Loss: 0.9681932330131531
Batch 2300/3125, Loss: 0.9492179751396179
Batch 2350/3125, Loss: 0.9393010139465332
Batch 2400/3125, Loss: 1.0076779127120972
Batch 2450/3125, Loss: 0.9460181593894958
Batch 2500/3125, Loss: 0.9417431950569153
Batch 2550/3125, Loss: 0.9799661040306091
Batch 2600/3125, Loss: 0.9565707445144653
Batch 2650/3125, Loss: 0.9212017059326172
Batch 2700/3125, Loss: 0.9486514329910278
Batch 2750/3125, Loss: 0.9514443874359131
Batch 2800/3125, Loss: 0.965705156326294
Batch 2850/3125, Loss: 1.009364366531372
Batch 2900/3125, Loss: 0.9230622053146362
Batch 2950/3125, Loss: 0.990384578704834
Batch 3000/3125, Loss: 0.9852001070976257
Batch 3050/3125, Loss: 0.9301517605781555
Batch 3100/3125, Loss: 0.9675079584121704

Start of epoch 78
Batch 0/3125, Loss: 0.963943362236023
Batch 50/3125, Loss: 0.9646767377853394
Batch 100/3125, Loss: 0.9525507688522339
Batch 150/3125, Loss: 0.9795767664909363
Batch 200/3125, Loss: 0.9448692798614502
Batch 250/3125, Loss: 0.9671522974967957
Batch 300/3125, Loss: 0.96214359998703
Batch 350/3125, Loss: 0.9700565934181213
Batch 400/3125, Loss: 0.9507657289505005
Batch 450/3125, Loss: 0.9896048903465271
Batch 500/3125, Loss: 0.9529914259910583
Batch 550/3125, Loss: 0.9483252763748169
Batch 600/3125, Loss: 0.9760753512382507
Batch 650/3125, Loss: 0.9583369493484497
Batch 700/3125, Loss: 0.9465681314468384
Batch 750/3125, Loss: 1.00037682056427
Batch 800/3125, Loss: 0.9698668122291565
Batch 850/3125, Loss: 0.9423834681510925
Batch 900/3125, Loss: 0.9860958456993103
Batch 950/3125, Loss: 0.9647468328475952
Batch 1000/3125, Loss: 0.952627420425415
Batch 1050/3125, Loss: 0.9405719637870789
Batch 1100/3125, Loss: 0.9332202672958374
Batch 1150/3125, Loss: 0.9505330920219421
Batch 1200/3125, Loss: 1.0904982089996338
Batch 1250/3125, Loss: 0.9587156176567078
Batch 1300/3125, Loss: 0.9804476499557495
Batch 1350/3125, Loss: 0.9417962431907654
Batch 1400/3125, Loss: 0.9274104833602905
Batch 1450/3125, Loss: 0.9635851383209229
Batch 1500/3125, Loss: 0.9347660541534424
Batch 1550/3125, Loss: 0.9744403958320618
Batch 1600/3125, Loss: 0.9653217792510986
Batch 1650/3125, Loss: 0.9878363609313965
Batch 1700/3125, Loss: 0.9703864455223083
Batch 1750/3125, Loss: 0.9346139430999756
Batch 1800/3125, Loss: 0.9286168813705444
Batch 1850/3125, Loss: 0.8936831951141357
Batch 1900/3125, Loss: 0.9517838358879089
Batch 1950/3125, Loss: 0.9426426291465759
Batch 2000/3125, Loss: 0.9925822019577026
Batch 2050/3125, Loss: 0.9285261034965515
Batch 2100/3125, Loss: 0.9642255306243896
Batch 2150/3125, Loss: 0.954289972782135
Batch 2200/3125, Loss: 0.9087024927139282
Batch 2250/3125, Loss: 0.9648758769035339
Batch 2300/3125, Loss: 0.9311265349388123
Batch 2350/3125, Loss: 1.1113289594650269
Batch 2400/3125, Loss: 0.9556108117103577
Batch 2450/3125, Loss: 0.952934741973877
Batch 2500/3125, Loss: 0.9669685363769531
Batch 2550/3125, Loss: 0.9830760955810547
Batch 2600/3125, Loss: 0.9753003120422363
Batch 2650/3125, Loss: 0.9542597532272339
Batch 2700/3125, Loss: 1.0136233568191528
Batch 2750/3125, Loss: 1.0259443521499634
Batch 2800/3125, Loss: 0.9791375398635864
Batch 2850/3125, Loss: 0.9676439166069031
Batch 2900/3125, Loss: 0.9881912469863892
Batch 2950/3125, Loss: 0.9681127667427063
Batch 3000/3125, Loss: 1.0093227624893188
Batch 3050/3125, Loss: 0.9633545875549316
Batch 3100/3125, Loss: 0.9446777701377869

Start of epoch 79
Batch 0/3125, Loss: 0.9631479978561401
Batch 50/3125, Loss: 0.9766849875450134
Batch 100/3125, Loss: 0.9942812919616699
Batch 150/3125, Loss: 0.9604515433311462
Batch 200/3125, Loss: 0.9349918961524963
Batch 250/3125, Loss: 0.9808055758476257
Batch 300/3125, Loss: 0.9716050028800964
Batch 350/3125, Loss: 0.9483883380889893
Batch 400/3125, Loss: 0.966947078704834
Batch 450/3125, Loss: 0.9629966616630554
Batch 500/3125, Loss: 0.9483736753463745
Batch 550/3125, Loss: 1.395758867263794
Batch 600/3125, Loss: 0.9572166204452515
Batch 650/3125, Loss: 0.9835873246192932
Batch 700/3125, Loss: 0.9784497618675232
Batch 750/3125, Loss: 0.9774173498153687
Batch 800/3125, Loss: 0.9566909670829773
Batch 850/3125, Loss: 0.9708361029624939
Batch 900/3125, Loss: 0.9744275212287903
Batch 950/3125, Loss: 0.918135941028595
Batch 1000/3125, Loss: 0.9169710874557495
Batch 1050/3125, Loss: 0.9832980632781982
Batch 1100/3125, Loss: 0.9599741697311401
Batch 1150/3125, Loss: 0.9670975804328918
Batch 1200/3125, Loss: 0.991435706615448
Batch 1250/3125, Loss: 0.9679657816886902
Batch 1300/3125, Loss: 1.0033103227615356
Batch 1350/3125, Loss: 0.9885725975036621
Batch 1400/3125, Loss: 1.0079498291015625
Batch 1450/3125, Loss: 0.9502019286155701
Batch 1500/3125, Loss: 0.9422799348831177
Batch 1550/3125, Loss: 0.9325641989707947
Batch 1600/3125, Loss: 0.9413012266159058
Batch 1650/3125, Loss: 0.9608497619628906
Batch 1700/3125, Loss: 0.9321218729019165
Batch 1750/3125, Loss: 0.963385820388794
Batch 1800/3125, Loss: 0.9692622423171997
Batch 1850/3125, Loss: 0.9945055842399597
Batch 1900/3125, Loss: 1.0265189409255981
Batch 1950/3125, Loss: 0.9937387108802795
Batch 2000/3125, Loss: 0.968294084072113
Batch 2050/3125, Loss: 0.9752193689346313
Batch 2100/3125, Loss: 0.9717296957969666
Batch 2150/3125, Loss: 0.923801064491272
Batch 2200/3125, Loss: 0.9373729825019836
Batch 2250/3125, Loss: 0.9668799042701721
Batch 2300/3125, Loss: 1.4019120931625366
Batch 2350/3125, Loss: 0.9368131160736084
Batch 2400/3125, Loss: 0.9307901263237
Batch 2450/3125, Loss: 0.9511935114860535
Batch 2500/3125, Loss: 0.9760441780090332
Batch 2550/3125, Loss: 0.9910534620285034
Batch 2600/3125, Loss: 0.9966036677360535
Batch 2650/3125, Loss: 0.994299054145813
Batch 2700/3125, Loss: 1.9371248483657837
Batch 2750/3125, Loss: 0.9654501676559448
Batch 2800/3125, Loss: 0.972149670124054
Batch 2850/3125, Loss: 0.9603099822998047
Batch 2900/3125, Loss: 0.9515425562858582
Batch 2950/3125, Loss: 0.923927903175354
Batch 3000/3125, Loss: 0.9618561863899231
Batch 3050/3125, Loss: 0.9464160799980164
Batch 3100/3125, Loss: 0.9590627551078796
Saved checkpoint for step 80: /work/home/candratschke/spectral_reconstruction_methods/supervised_ml/tf.ckpts/ckpt-1
----------------------------------------
Test loss on fixed set: 0.9480798840522766
----------------------------------------
Training time: 75241.35 seconds
========================================
Fitting correlator sample 1/10
========================================
----------------------------------------
========================================
Fitting correlator sample 2/10
========================================
----------------------------------------
========================================
Fitting correlator sample 3/10
========================================
----------------------------------------
========================================
Fitting correlator sample 4/10
========================================
----------------------------------------
========================================
Fitting correlator sample 5/10
========================================
----------------------------------------
========================================
Fitting correlator sample 6/10
========================================
----------------------------------------
========================================
Fitting correlator sample 7/10
========================================
----------------------------------------
========================================
Fitting correlator sample 8/10
========================================
----------------------------------------
========================================
Fitting correlator sample 9/10
========================================
----------------------------------------
========================================
Fitting correlator sample 10/10
========================================
----------------------------------------
End  | 57590 supervised_spec_rec | v27.clusternet | /work/home/candratschke/spectral_reconstruction_methods 


+------------------------------------------------------------------------------+
Successfully retrieved statistics for job: 57590. 
+------------------------------------------------------------------------------+
| Summary                                                                      |
+====================================+=========================================+
|-----  Execution Stats  ------------+-----------------------------------------|
| Start Time                         | Mon Sep 14 19:58:31 2026                |
| End Time                           | Tue Sep 15 16:54:05 2026                |
| Total Execution Time (sec)         | 75333.3                                 |
| No. of Processes                   | 8                                       |
+-----  Performance Stats  ----------+-----------------------------------------+
| Energy Consumed (Joules)           | 3795872                                 |
| Power Usage (Watts)                | Avg: 1056.44, Max: N/A, Min: N/A        |
| Max GPU Memory Used (bytes)        | 32981909504                             |
| Clocks and PCIe Performance        | Available per GPU in verbose mode       |
+-----  Event Stats  ----------------+-----------------------------------------+
| Single Bit ECC Errors              | Not Specified                           |
| Double Bit ECC Errors              | 0                                       |
| PCIe Replay Warnings               | 0                                       |
| Critical XID Errors                | 0                                       |
+-----  Slowdown Stats  -------------+-----------------------------------------+
| Due to - Power (%)                 | 0                                       |
|        - Thermal (%)               | 0                                       |
|        - Reliability (%)           | Not Supported                           |
|        - Board Limit (%)           | Not Supported                           |
|        - Low Utilization (%)       | Not Supported                           |
|        - Sync Boost (%)            | 0                                       |
+-----  Overall Health  -------------+-----------------------------------------+
| Overall Health                     | Healthy                                 |
+------------------------------------+-----------------------------------------+

