Start 2026-09-16 11:26:50 | 59737 supervised_spec_rec | v28.clusternet | /work/home/candratschke/spectral_reconstruction_methods 

****************************************
Calling program for method:
KadesFC
Launching supervisedml.py from /work/home/candratschke/spectral_reconstruction_methods/supervised_ml/
Python executable: /work/home/candratschke/.venv/bin/python
Working directory exists: True
Script exists: True
Starting supervisedml.py
2.21.0
Finished imports
****************************************
Running fits with the following parameters:
{'FiniteT_kernel': False,
 'Nt': 36,
 'batch_size': 128,
 'correlatorCols': '3:',
 'correlatorFile': '/work/data/candratschke/mock-data-main/zero_T/uncorrelated_data/BW/mock_corr_BW_Nt36_noise2.dat',
 'data_noise': 0.001,
 'epochs': [120],
 'errorCol': 2,
 'errorWeighting': True,
 'errormethod': 'jackknife',
 'eval_model': False,
 'extractedQuantity': 'Rho',
 'lambda_g': [0.1],
 'lambda_l2': [0.0001],
 'lambda_s': [1e-06],
 'learning_rate': [1e-05],
 'meanCol': 1,
 'model_file': 'KadesFC_Nt36_nbw3.keras',
 'networkStructure': 'KadesFC',
 'omega_max': 2,
 'omega_min': 0,
 'omega_points': 500,
 'outputDir': './outputs/',
 'outputFile': '',
 'saveLossHistory': True,
 'saveParams': True,
 'verbose': True,
 'xCol': 0}
Created FitRunner
========================================
Fitting mean correlator
========================================
Loaded the dataset
Initializing from scratch.
Training for 120 epochs

Start of epoch 0
Batch 0/4687, Loss: 4686.05517578125
Batch 50/4687, Loss: 4372.5302734375
Batch 100/4687, Loss: 3352.0615234375
Batch 150/4687, Loss: 1788.543212890625
Batch 200/4687, Loss: 786.3423461914062
Batch 250/4687, Loss: 437.5489501953125
Batch 300/4687, Loss: 306.3165283203125
Batch 350/4687, Loss: 174.80389404296875
Batch 400/4687, Loss: 194.58804321289062
Batch 450/4687, Loss: 119.75947570800781
Batch 500/4687, Loss: 122.63648223876953
Batch 550/4687, Loss: 98.87041473388672
Batch 600/4687, Loss: 91.41915130615234
Batch 650/4687, Loss: 77.20185089111328
Batch 700/4687, Loss: 76.79557800292969
Batch 750/4687, Loss: 55.44731903076172
Batch 800/4687, Loss: 52.18891525268555
Batch 850/4687, Loss: 45.09373092651367
Batch 900/4687, Loss: 40.462928771972656
Batch 950/4687, Loss: 37.72863006591797
Batch 1000/4687, Loss: 27.664220809936523
Batch 1050/4687, Loss: 24.921092987060547
Batch 1100/4687, Loss: 22.657024383544922
Batch 1150/4687, Loss: 21.759410858154297
Batch 1200/4687, Loss: 16.960067749023438
Batch 1250/4687, Loss: 15.208734512329102
Batch 1300/4687, Loss: 12.473587036132812
Batch 1350/4687, Loss: 11.824119567871094
Batch 1400/4687, Loss: 11.596750259399414
Batch 1450/4687, Loss: 10.557979583740234
Batch 1500/4687, Loss: 9.606852531433105
Batch 1550/4687, Loss: 8.455940246582031
Batch 1600/4687, Loss: 8.628070831298828
Batch 1650/4687, Loss: 9.112597465515137
Batch 1700/4687, Loss: 6.810046195983887
Batch 1750/4687, Loss: 7.243569374084473
Batch 1800/4687, Loss: 6.896537780761719
Batch 1850/4687, Loss: 6.36922550201416
Batch 1900/4687, Loss: 5.836803913116455
Batch 1950/4687, Loss: 5.719622611999512
Batch 2000/4687, Loss: 5.363424777984619
Batch 2050/4687, Loss: 5.25233268737793
Batch 2100/4687, Loss: 5.249269485473633
Batch 2150/4687, Loss: 4.854416847229004
Batch 2200/4687, Loss: 4.825338363647461
Batch 2250/4687, Loss: 4.234004020690918
Batch 2300/4687, Loss: 4.63170051574707
Batch 2350/4687, Loss: 4.784683704376221
Batch 2400/4687, Loss: 4.753965854644775
Batch 2450/4687, Loss: 5.044816017150879
Batch 2500/4687, Loss: 4.756960868835449
Batch 2550/4687, Loss: 4.186763286590576
Batch 2600/4687, Loss: 3.5623130798339844
Batch 2650/4687, Loss: 4.293456077575684
Batch 2700/4687, Loss: 3.785073757171631
Batch 2750/4687, Loss: 3.5965893268585205
Batch 2800/4687, Loss: 3.470331907272339
Batch 2850/4687, Loss: 4.18139123916626
Batch 2900/4687, Loss: 4.188971996307373
Batch 2950/4687, Loss: 4.296799659729004
Batch 3000/4687, Loss: 3.466681957244873
Batch 3050/4687, Loss: 4.14565896987915
Batch 3100/4687, Loss: 3.631696939468384
Batch 3150/4687, Loss: 4.187209606170654
Batch 3200/4687, Loss: 3.1998984813690186
Batch 3250/4687, Loss: 3.9319660663604736
Batch 3300/4687, Loss: 3.5143747329711914
Batch 3350/4687, Loss: 3.4996964931488037
Batch 3400/4687, Loss: 4.275592803955078
Batch 3450/4687, Loss: 3.8026294708251953
Batch 3500/4687, Loss: 3.2935118675231934
Batch 3550/4687, Loss: 3.4748048782348633
Batch 3600/4687, Loss: 3.4532999992370605
Batch 3650/4687, Loss: 3.542569160461426
Batch 3700/4687, Loss: 3.7064919471740723
Batch 3750/4687, Loss: 3.707319736480713
Batch 3800/4687, Loss: 4.011471271514893
Batch 3850/4687, Loss: 3.291189193725586
Batch 3900/4687, Loss: 3.095043659210205
Batch 3950/4687, Loss: 3.6791985034942627
Batch 4000/4687, Loss: 3.5536129474639893
Batch 4050/4687, Loss: 3.9706811904907227
Batch 4100/4687, Loss: 3.8367393016815186
Batch 4150/4687, Loss: 2.6896772384643555
Batch 4200/4687, Loss: 3.3253417015075684
Batch 4250/4687, Loss: 4.011131763458252
Batch 4300/4687, Loss: 4.344268321990967
Batch 4350/4687, Loss: 3.0680112838745117
Batch 4400/4687, Loss: 2.701584815979004
Batch 4450/4687, Loss: 3.056297540664673
Batch 4500/4687, Loss: 3.140639543533325
Batch 4550/4687, Loss: 3.2309608459472656
Batch 4600/4687, Loss: 2.7859530448913574
Batch 4650/4687, Loss: 4.067898750305176

Start of epoch 1
Batch 0/4687, Loss: 3.8763985633850098
Batch 50/4687, Loss: 2.930515766143799
Batch 100/4687, Loss: 3.251164197921753
Batch 150/4687, Loss: 3.829282522201538
Batch 200/4687, Loss: 3.204204559326172
Batch 250/4687, Loss: 3.1637954711914062
Batch 300/4687, Loss: 3.13527250289917
Batch 350/4687, Loss: 3.038787603378296
Batch 400/4687, Loss: 2.5024967193603516
Batch 450/4687, Loss: 2.709209442138672
Batch 500/4687, Loss: 3.2668330669403076
Batch 550/4687, Loss: 2.941488742828369
Batch 600/4687, Loss: 3.381903886795044
Batch 650/4687, Loss: 3.2042226791381836
Batch 700/4687, Loss: 2.8311166763305664
Batch 750/4687, Loss: 3.303187131881714
Batch 800/4687, Loss: 3.38901686668396
Batch 850/4687, Loss: 2.839784622192383
Batch 900/4687, Loss: 3.5942025184631348
Batch 950/4687, Loss: 2.978872537612915
Batch 1000/4687, Loss: 2.888314962387085
Batch 1050/4687, Loss: 3.160301685333252
Batch 1100/4687, Loss: 3.0794849395751953
Batch 1150/4687, Loss: 2.936331272125244
Batch 1200/4687, Loss: 3.3506999015808105
Batch 1250/4687, Loss: 3.8619773387908936
Batch 1300/4687, Loss: 2.58396315574646
Batch 1350/4687, Loss: 3.2749781608581543
Batch 1400/4687, Loss: 2.6913411617279053
Batch 1450/4687, Loss: 4.271758079528809
Batch 1500/4687, Loss: 3.662078857421875
Batch 1550/4687, Loss: 3.1388702392578125
Batch 1600/4687, Loss: 3.2744126319885254
Batch 1650/4687, Loss: 2.9931092262268066
Batch 1700/4687, Loss: 2.780707359313965
Batch 1750/4687, Loss: 3.2636940479278564
Batch 1800/4687, Loss: 3.799406051635742
Batch 1850/4687, Loss: 2.779087543487549
Batch 1900/4687, Loss: 2.862471342086792
Batch 1950/4687, Loss: 3.1718387603759766
Batch 2000/4687, Loss: 3.32975172996521
Batch 2050/4687, Loss: 2.521453619003296
Batch 2100/4687, Loss: 3.682990312576294
Batch 2150/4687, Loss: 3.069633722305298
Batch 2200/4687, Loss: 3.7163381576538086
Batch 2250/4687, Loss: 2.840726613998413
Batch 2300/4687, Loss: 3.5363669395446777
Batch 2350/4687, Loss: 2.9235165119171143
Batch 2400/4687, Loss: 3.042926549911499
Batch 2450/4687, Loss: 3.5263009071350098
Batch 2500/4687, Loss: 3.4146342277526855
Batch 2550/4687, Loss: 3.109099864959717
Batch 2600/4687, Loss: 3.954637289047241
Batch 2650/4687, Loss: 3.486208438873291
Batch 2700/4687, Loss: 2.720149040222168
Batch 2750/4687, Loss: 3.1473464965820312
Batch 2800/4687, Loss: 2.8151450157165527
Batch 2850/4687, Loss: 3.9761955738067627
Batch 2900/4687, Loss: 3.011040687561035
Batch 2950/4687, Loss: 3.2276835441589355
Batch 3000/4687, Loss: 2.790393114089966
Batch 3050/4687, Loss: 3.0552756786346436
Batch 3100/4687, Loss: 3.428537368774414
Batch 3150/4687, Loss: 3.4686431884765625
Batch 3200/4687, Loss: 3.2284703254699707
Batch 3250/4687, Loss: 3.2754154205322266
Batch 3300/4687, Loss: 3.3522109985351562
Batch 3350/4687, Loss: 3.1725809574127197
Batch 3400/4687, Loss: 2.6052441596984863
Batch 3450/4687, Loss: 3.493251085281372
Batch 3500/4687, Loss: 2.7160139083862305
Batch 3550/4687, Loss: 3.1539993286132812
Batch 3600/4687, Loss: 3.033292293548584
Batch 3650/4687, Loss: 2.666254758834839
Batch 3700/4687, Loss: 2.9707717895507812
Batch 3750/4687, Loss: 2.713003396987915
Batch 3800/4687, Loss: 2.708038091659546
Batch 3850/4687, Loss: 3.492666721343994
Batch 3900/4687, Loss: 2.997403383255005
Batch 3950/4687, Loss: 2.9794886112213135
Batch 4000/4687, Loss: 2.956772804260254
Batch 4050/4687, Loss: 2.9290335178375244
Batch 4100/4687, Loss: 2.658942222595215
Batch 4150/4687, Loss: 2.8409056663513184
Batch 4200/4687, Loss: 2.329266309738159
Batch 4250/4687, Loss: 3.3842782974243164
Batch 4300/4687, Loss: 2.8329286575317383
Batch 4350/4687, Loss: 2.725276231765747
Batch 4400/4687, Loss: 2.7497129440307617
Batch 4450/4687, Loss: 2.290804624557495
Batch 4500/4687, Loss: 2.8671154975891113
Batch 4550/4687, Loss: 2.694443702697754
Batch 4600/4687, Loss: 2.891911745071411
Batch 4650/4687, Loss: 3.2917497158050537

Start of epoch 2
Batch 0/4687, Loss: 2.9045825004577637
Batch 50/4687, Loss: 2.821453809738159
Batch 100/4687, Loss: 2.9327688217163086
Batch 150/4687, Loss: 2.5494775772094727
Batch 200/4687, Loss: 2.983954429626465
Batch 250/4687, Loss: 2.8842673301696777
Batch 300/4687, Loss: 2.9153268337249756
Batch 350/4687, Loss: 2.641601800918579
Batch 400/4687, Loss: 2.9714884757995605
Batch 450/4687, Loss: 2.688401222229004
Batch 500/4687, Loss: 2.7455365657806396
Batch 550/4687, Loss: 2.4831104278564453
Batch 600/4687, Loss: 2.618326187133789
Batch 650/4687, Loss: 2.603102922439575
Batch 700/4687, Loss: 2.231353282928467
Batch 750/4687, Loss: 2.57985782623291
Batch 800/4687, Loss: 2.284512996673584
Batch 850/4687, Loss: 2.719832181930542
Batch 900/4687, Loss: 2.387582778930664
Batch 950/4687, Loss: 2.430431604385376
Batch 1000/4687, Loss: 2.689624071121216
Batch 1050/4687, Loss: 2.5495998859405518
Batch 1100/4687, Loss: 2.602057456970215
Batch 1150/4687, Loss: 2.5299220085144043
Batch 1200/4687, Loss: 2.2693064212799072
Batch 1250/4687, Loss: 2.055205821990967
Batch 1300/4687, Loss: 2.1727030277252197
Batch 1350/4687, Loss: 2.4346346855163574
Batch 1400/4687, Loss: 2.228715181350708
Batch 1450/4687, Loss: 2.4236602783203125
Batch 1500/4687, Loss: 2.434837818145752
Batch 1550/4687, Loss: 2.214240550994873
Batch 1600/4687, Loss: 2.5880134105682373
Batch 1650/4687, Loss: 2.3405346870422363
Batch 1700/4687, Loss: 1.969486951828003
Batch 1750/4687, Loss: 2.592524766921997
Batch 1800/4687, Loss: 2.18571400642395
Batch 1850/4687, Loss: 2.782986879348755
Batch 1900/4687, Loss: 2.510474681854248
Batch 1950/4687, Loss: 2.4479761123657227
Batch 2000/4687, Loss: 2.4050543308258057
Batch 2050/4687, Loss: 2.615574836730957
Batch 2100/4687, Loss: 2.183242082595825
Batch 2150/4687, Loss: 2.325068235397339
Batch 2200/4687, Loss: 2.018580436706543
Batch 2250/4687, Loss: 2.2481861114501953
Batch 2300/4687, Loss: 2.4534964561462402
Batch 2350/4687, Loss: 2.484726667404175
Batch 2400/4687, Loss: 1.9123845100402832
Batch 2450/4687, Loss: 2.372659206390381
Batch 2500/4687, Loss: 2.2189486026763916
Batch 2550/4687, Loss: 2.3911523818969727
Batch 2600/4687, Loss: 2.3490166664123535
Batch 2650/4687, Loss: 2.4222464561462402
Batch 2700/4687, Loss: 2.119288206100464
Batch 2750/4687, Loss: 2.269550323486328
Batch 2800/4687, Loss: 2.665149211883545
Batch 2850/4687, Loss: 2.1176371574401855
Batch 2900/4687, Loss: 2.0707736015319824
Batch 2950/4687, Loss: 2.3487725257873535
Batch 3000/4687, Loss: 2.2521488666534424
Batch 3050/4687, Loss: 1.893750548362732
Batch 3100/4687, Loss: 2.0018491744995117
Batch 3150/4687, Loss: 2.2755775451660156
Batch 3200/4687, Loss: 2.2825822830200195
Batch 3250/4687, Loss: 2.3781027793884277
Batch 3300/4687, Loss: 2.2400941848754883
Batch 3350/4687, Loss: 2.384528875350952
Batch 3400/4687, Loss: 1.9349839687347412
Batch 3450/4687, Loss: 2.234194755554199
Batch 3500/4687, Loss: 2.0529873371124268
Batch 3550/4687, Loss: 2.398120641708374
Batch 3600/4687, Loss: 2.3043081760406494
Batch 3650/4687, Loss: 2.1765713691711426
Batch 3700/4687, Loss: 2.3257739543914795
Batch 3750/4687, Loss: 2.5229647159576416
Batch 3800/4687, Loss: 2.382740020751953
Batch 3850/4687, Loss: 2.1238903999328613
Batch 3900/4687, Loss: 2.21020245552063
Batch 3950/4687, Loss: 2.6950225830078125
Batch 4000/4687, Loss: 2.3414716720581055
Batch 4050/4687, Loss: 2.0707335472106934
Batch 4100/4687, Loss: 1.9985867738723755
Batch 4150/4687, Loss: 2.314858913421631
Batch 4200/4687, Loss: 2.1123809814453125
Batch 4250/4687, Loss: 2.0924594402313232
Batch 4300/4687, Loss: 2.3566362857818604
Batch 4350/4687, Loss: 2.465419292449951
Batch 4400/4687, Loss: 2.1651883125305176
Batch 4450/4687, Loss: 1.9042129516601562
Batch 4500/4687, Loss: 2.158931016921997
Batch 4550/4687, Loss: 2.2145509719848633
Batch 4600/4687, Loss: 1.872739553451538
Batch 4650/4687, Loss: 2.2160210609436035

Start of epoch 3
Batch 0/4687, Loss: 2.132296085357666
Batch 50/4687, Loss: 2.2016499042510986
Batch 100/4687, Loss: 2.5622055530548096
Batch 150/4687, Loss: 2.2317421436309814
Batch 200/4687, Loss: 2.0945188999176025
Batch 250/4687, Loss: 2.027585029602051
Batch 300/4687, Loss: 2.259354591369629
Batch 350/4687, Loss: 2.0857019424438477
Batch 400/4687, Loss: 1.9060249328613281
Batch 450/4687, Loss: 2.399588108062744
Batch 500/4687, Loss: 2.305842876434326
Batch 550/4687, Loss: 2.1777610778808594
Batch 600/4687, Loss: 2.3397176265716553
Batch 650/4687, Loss: 2.7647147178649902
Batch 700/4687, Loss: 2.1983726024627686
Batch 750/4687, Loss: 2.0557422637939453
Batch 800/4687, Loss: 2.1580898761749268
Batch 850/4687, Loss: 2.056253433227539
Batch 900/4687, Loss: 2.459646224975586
Batch 950/4687, Loss: 1.9121618270874023
Batch 1000/4687, Loss: 2.3394179344177246
Batch 1050/4687, Loss: 2.1672110557556152
Batch 1100/4687, Loss: 1.8961429595947266
Batch 1150/4687, Loss: 2.281121253967285
Batch 1200/4687, Loss: 1.8424620628356934
Batch 1250/4687, Loss: 2.2109310626983643
Batch 1300/4687, Loss: 2.429975748062134
Batch 1350/4687, Loss: 1.989290475845337
Batch 1400/4687, Loss: 1.7679837942123413
Batch 1450/4687, Loss: 1.907684087753296
Batch 1500/4687, Loss: 1.9024839401245117
Batch 1550/4687, Loss: 1.977135419845581
Batch 1600/4687, Loss: 1.9958223104476929
Batch 1650/4687, Loss: 2.222759485244751
Batch 1700/4687, Loss: 2.1403675079345703
Batch 1750/4687, Loss: 2.110753059387207
Batch 1800/4687, Loss: 2.0874199867248535
Batch 1850/4687, Loss: 2.036406993865967
Batch 1900/4687, Loss: 2.238245964050293
Batch 1950/4687, Loss: 2.4281539916992188
Batch 2000/4687, Loss: 2.2259325981140137
Batch 2050/4687, Loss: 1.8339720964431763
Batch 2100/4687, Loss: 2.2366185188293457
Batch 2150/4687, Loss: 2.1489529609680176
Batch 2200/4687, Loss: 1.9701274633407593
Batch 2250/4687, Loss: 1.8779734373092651
Batch 2300/4687, Loss: 2.4292173385620117
Batch 2350/4687, Loss: 1.8919037580490112
Batch 2400/4687, Loss: 1.9664400815963745
Batch 2450/4687, Loss: 2.0777266025543213
Batch 2500/4687, Loss: 2.1644175052642822
Batch 2550/4687, Loss: 1.7933199405670166
Batch 2600/4687, Loss: 2.182361602783203
Batch 2650/4687, Loss: 1.9275332689285278
Batch 2700/4687, Loss: 2.3103525638580322
Batch 2750/4687, Loss: 2.053091526031494
Batch 2800/4687, Loss: 2.4805073738098145
Batch 2850/4687, Loss: 2.1699211597442627
Batch 2900/4687, Loss: 2.1939496994018555
Batch 2950/4687, Loss: 2.0349621772766113
Batch 3000/4687, Loss: 2.0748980045318604
Batch 3050/4687, Loss: 2.328197479248047
Batch 3100/4687, Loss: 2.1579010486602783
Batch 3150/4687, Loss: 2.3268463611602783
Batch 3200/4687, Loss: 1.789949893951416
Batch 3250/4687, Loss: 2.1189818382263184
Batch 3300/4687, Loss: 2.294658660888672
Batch 3350/4687, Loss: 2.1534276008605957
Batch 3400/4687, Loss: 2.1595470905303955
Batch 3450/4687, Loss: 1.9502925872802734
Batch 3500/4687, Loss: 1.9373174905776978
Batch 3550/4687, Loss: 2.3601560592651367
Batch 3600/4687, Loss: 2.272998809814453
Batch 3650/4687, Loss: 2.1983749866485596
Batch 3700/4687, Loss: 1.8130772113800049
Batch 3750/4687, Loss: 1.9834519624710083
Batch 3800/4687, Loss: 2.179137706756592
Batch 3850/4687, Loss: 1.8722895383834839
Batch 3900/4687, Loss: 2.082753896713257
Batch 3950/4687, Loss: 2.1338047981262207
Batch 4000/4687, Loss: 2.00618314743042
Batch 4050/4687, Loss: 1.9934526681900024
Batch 4100/4687, Loss: 1.9639942646026611
Batch 4150/4687, Loss: 2.0865767002105713
Batch 4200/4687, Loss: 1.8321449756622314
Batch 4250/4687, Loss: 2.044862747192383
Batch 4300/4687, Loss: 1.9162565469741821
Batch 4350/4687, Loss: 2.1550915241241455
Batch 4400/4687, Loss: 2.167335033416748
Batch 4450/4687, Loss: 2.1881039142608643
Batch 4500/4687, Loss: 2.0335898399353027
Batch 4550/4687, Loss: 2.2021901607513428
Batch 4600/4687, Loss: 2.2646217346191406
Batch 4650/4687, Loss: 2.019331455230713

Start of epoch 4
Batch 0/4687, Loss: 2.090066432952881
Batch 50/4687, Loss: 2.4008138179779053
Batch 100/4687, Loss: 1.9272099733352661
Batch 150/4687, Loss: 1.9113764762878418
Batch 200/4687, Loss: 1.8888907432556152
Batch 250/4687, Loss: 2.057461738586426
Batch 300/4687, Loss: 2.0424458980560303
Batch 350/4687, Loss: 2.2643723487854004
Batch 400/4687, Loss: 1.7489548921585083
Batch 450/4687, Loss: 1.988741397857666
Batch 500/4687, Loss: 2.1354215145111084
Batch 550/4687, Loss: 1.8239772319793701
Batch 600/4687, Loss: 1.8701162338256836
Batch 650/4687, Loss: 2.2416911125183105
Batch 700/4687, Loss: 1.8940494060516357
Batch 750/4687, Loss: 1.8427900075912476
Batch 800/4687, Loss: 2.0065808296203613
Batch 850/4687, Loss: 2.0359537601470947
Batch 900/4687, Loss: 1.916276454925537
Batch 950/4687, Loss: 2.228989362716675
Batch 1000/4687, Loss: 1.8898990154266357
Batch 1050/4687, Loss: 2.0392653942108154
Batch 1100/4687, Loss: 1.6953768730163574
Batch 1150/4687, Loss: 1.6803004741668701
Batch 1200/4687, Loss: 1.9110057353973389
Batch 1250/4687, Loss: 2.117733955383301
Batch 1300/4687, Loss: 1.8144174814224243
Batch 1350/4687, Loss: 1.8488342761993408
Batch 1400/4687, Loss: 1.7601871490478516
Batch 1450/4687, Loss: 1.730725884437561
Batch 1500/4687, Loss: 2.1341514587402344
Batch 1550/4687, Loss: 1.6468602418899536
Batch 1600/4687, Loss: 1.8871372938156128
Batch 1650/4687, Loss: 1.801835060119629
Batch 1700/4687, Loss: 1.9809585809707642
Batch 1750/4687, Loss: 2.0282957553863525
Batch 1800/4687, Loss: 2.310347080230713
Batch 1850/4687, Loss: 2.2572975158691406
Batch 1900/4687, Loss: 2.2370407581329346
Batch 1950/4687, Loss: 2.2151572704315186
Batch 2000/4687, Loss: 1.782419204711914
Batch 2050/4687, Loss: 1.7910819053649902
Batch 2100/4687, Loss: 1.8693830966949463
Batch 2150/4687, Loss: 2.059331178665161
Batch 2200/4687, Loss: 1.912796974182129
Batch 2250/4687, Loss: 1.998633861541748
Batch 2300/4687, Loss: 1.940983772277832
Batch 2350/4687, Loss: 1.888998031616211
Batch 2400/4687, Loss: 1.8895273208618164
Batch 2450/4687, Loss: 1.8600457906723022
Batch 2500/4687, Loss: 2.021933078765869
Batch 2550/4687, Loss: 1.9331501722335815
Batch 2600/4687, Loss: 1.9498831033706665
Batch 2650/4687, Loss: 1.839721918106079
Batch 2700/4687, Loss: 2.1465985774993896
Batch 2750/4687, Loss: 2.153585910797119
Batch 2800/4687, Loss: 1.899875283241272
Batch 2850/4687, Loss: 2.0794801712036133
Batch 2900/4687, Loss: 2.0508902072906494
Batch 2950/4687, Loss: 1.953137993812561
Batch 3000/4687, Loss: 2.034271001815796
Batch 3050/4687, Loss: 1.76238214969635
Batch 3100/4687, Loss: 1.9312498569488525
Batch 3150/4687, Loss: 1.6950013637542725
Batch 3200/4687, Loss: 2.0216152667999268
Batch 3250/4687, Loss: 1.8284473419189453
Batch 3300/4687, Loss: 1.8003572225570679
Batch 3350/4687, Loss: 1.9662874937057495
Batch 3400/4687, Loss: 1.9906771183013916
Batch 3450/4687, Loss: 1.8924319744110107
Batch 3500/4687, Loss: 1.7540595531463623
Batch 3550/4687, Loss: 1.6707887649536133
Batch 3600/4687, Loss: 1.9911468029022217
Batch 3650/4687, Loss: 2.0429062843322754
Batch 3700/4687, Loss: 2.035932779312134
Batch 3750/4687, Loss: 1.8702023029327393
Batch 3800/4687, Loss: 1.8416115045547485
Batch 3850/4687, Loss: 1.830406665802002
Batch 3900/4687, Loss: 1.8091628551483154
Batch 3950/4687, Loss: 1.8852988481521606
Batch 4000/4687, Loss: 2.004897117614746
Batch 4050/4687, Loss: 1.8385765552520752
Batch 4100/4687, Loss: 1.7057104110717773
Batch 4150/4687, Loss: 1.8938336372375488
Batch 4200/4687, Loss: 2.0255720615386963
Batch 4250/4687, Loss: 1.768311858177185
Batch 4300/4687, Loss: 1.8781096935272217
Batch 4350/4687, Loss: 1.6502583026885986
Batch 4400/4687, Loss: 1.8496899604797363
Batch 4450/4687, Loss: 1.7059862613677979
Batch 4500/4687, Loss: 1.8025487661361694
Batch 4550/4687, Loss: 1.9819695949554443
Batch 4600/4687, Loss: 1.850846767425537
Batch 4650/4687, Loss: 1.7881499528884888

Start of epoch 5
Batch 0/4687, Loss: 1.8030952215194702
Batch 50/4687, Loss: 2.188450813293457
Batch 100/4687, Loss: 1.7954716682434082
Batch 150/4687, Loss: 1.7026299238204956
Batch 200/4687, Loss: 1.6570372581481934
Batch 250/4687, Loss: 1.8857548236846924
Batch 300/4687, Loss: 2.099102020263672
Batch 350/4687, Loss: 1.59676992893219
Batch 400/4687, Loss: 2.0735158920288086
Batch 450/4687, Loss: 2.067998170852661
Batch 500/4687, Loss: 2.248809337615967
Batch 550/4687, Loss: 2.0986344814300537
Batch 600/4687, Loss: 1.9104806184768677
Batch 650/4687, Loss: 2.064736843109131
Batch 700/4687, Loss: 1.6873602867126465
Batch 750/4687, Loss: 2.1866207122802734
Batch 800/4687, Loss: 2.310429811477661
Batch 850/4687, Loss: 1.8700487613677979
Batch 900/4687, Loss: 2.0292813777923584
Batch 950/4687, Loss: 1.83059823513031
Batch 1000/4687, Loss: 2.047328233718872
Batch 1050/4687, Loss: 1.8263288736343384
Batch 1100/4687, Loss: 1.9565916061401367
Batch 1150/4687, Loss: 1.865339994430542
Batch 1200/4687, Loss: 1.962107539176941
Batch 1250/4687, Loss: 2.162999153137207
Batch 1300/4687, Loss: 1.5859946012496948
Batch 1350/4687, Loss: 1.909532070159912
Batch 1400/4687, Loss: 1.7815539836883545
Batch 1450/4687, Loss: 1.9231173992156982
Batch 1500/4687, Loss: 1.96999192237854
Batch 1550/4687, Loss: 2.203439950942993
Batch 1600/4687, Loss: 2.2132530212402344
Batch 1650/4687, Loss: 2.038632869720459
Batch 1700/4687, Loss: 1.667064905166626
Batch 1750/4687, Loss: 1.941726803779602
Batch 1800/4687, Loss: 2.082123041152954
Batch 1850/4687, Loss: 1.823582649230957
Batch 1900/4687, Loss: 1.8199057579040527
Batch 1950/4687, Loss: 1.9337836503982544
Batch 2000/4687, Loss: 1.6532740592956543
Batch 2050/4687, Loss: 2.0185446739196777
Batch 2100/4687, Loss: 1.6256474256515503
Batch 2150/4687, Loss: 1.5340209007263184
Batch 2200/4687, Loss: 2.0905110836029053
Batch 2250/4687, Loss: 1.9915387630462646
Batch 2300/4687, Loss: 1.8804504871368408
Batch 2350/4687, Loss: 1.9991633892059326
Batch 2400/4687, Loss: 1.7622714042663574
Batch 2450/4687, Loss: 1.8757489919662476
Batch 2500/4687, Loss: 1.7942732572555542
Batch 2550/4687, Loss: 1.827356219291687
Batch 2600/4687, Loss: 1.902431607246399
Batch 2650/4687, Loss: 1.783126711845398
Batch 2700/4687, Loss: 1.8500670194625854
Batch 2750/4687, Loss: 1.71012282371521
Batch 2800/4687, Loss: 1.7685861587524414
Batch 2850/4687, Loss: 1.6705996990203857
Batch 2900/4687, Loss: 1.726387858390808
Batch 2950/4687, Loss: 1.7932767868041992
Batch 3000/4687, Loss: 1.7574310302734375
Batch 3050/4687, Loss: 1.6822530031204224
Batch 3100/4687, Loss: 1.8580163717269897
Batch 3150/4687, Loss: 1.9555984735488892
Batch 3200/4687, Loss: 1.7987631559371948
Batch 3250/4687, Loss: 1.8243259191513062
Batch 3300/4687, Loss: 1.9339052438735962
Batch 3350/4687, Loss: 2.2477238178253174
Batch 3400/4687, Loss: 1.5827186107635498
Batch 3450/4687, Loss: 1.9336192607879639
Batch 3500/4687, Loss: 1.5867265462875366
Batch 3550/4687, Loss: 1.5887377262115479
Batch 3600/4687, Loss: 1.859039068222046
Batch 3650/4687, Loss: 1.4424822330474854
Batch 3700/4687, Loss: 1.7951228618621826
Batch 3750/4687, Loss: 1.74753999710083
Batch 3800/4687, Loss: 1.711205244064331
Batch 3850/4687, Loss: 2.0992672443389893
Batch 3900/4687, Loss: 1.9628942012786865
Batch 3950/4687, Loss: 1.7673968076705933
Batch 4000/4687, Loss: 1.684508204460144
Batch 4050/4687, Loss: 1.7755354642868042
Batch 4100/4687, Loss: 1.9991660118103027
Batch 4150/4687, Loss: 1.7777283191680908
Batch 4200/4687, Loss: 1.7978836297988892
Batch 4250/4687, Loss: 1.6387859582901
Batch 4300/4687, Loss: 1.752910852432251
Batch 4350/4687, Loss: 1.8096365928649902
Batch 4400/4687, Loss: 1.794203281402588
Batch 4450/4687, Loss: 1.6742621660232544
Batch 4500/4687, Loss: 1.8797286748886108
Batch 4550/4687, Loss: 1.6941771507263184
Batch 4600/4687, Loss: 1.6060537099838257
Batch 4650/4687, Loss: 1.9401040077209473

Start of epoch 6
Batch 0/4687, Loss: 1.9977614879608154
Batch 50/4687, Loss: 1.6824959516525269
Batch 100/4687, Loss: 1.8299310207366943
Batch 150/4687, Loss: 1.5010030269622803
Batch 200/4687, Loss: 1.865860939025879
Batch 250/4687, Loss: 1.8517816066741943
Batch 300/4687, Loss: 1.802804946899414
Batch 350/4687, Loss: 1.6278562545776367
Batch 400/4687, Loss: 1.683203101158142
Batch 450/4687, Loss: 1.8891608715057373
Batch 500/4687, Loss: 1.8836641311645508
Batch 550/4687, Loss: 2.151296615600586
Batch 600/4687, Loss: 2.0713438987731934
Batch 650/4687, Loss: 1.8221534490585327
Batch 700/4687, Loss: 1.6099915504455566
Batch 750/4687, Loss: 1.917487621307373
Batch 800/4687, Loss: 1.8895527124404907
Batch 850/4687, Loss: 1.6092517375946045
Batch 900/4687, Loss: 1.6406384706497192
Batch 950/4687, Loss: 1.452010154724121
Batch 1000/4687, Loss: 1.6978355646133423
Batch 1050/4687, Loss: 1.7502914667129517
Batch 1100/4687, Loss: 1.8615089654922485
Batch 1150/4687, Loss: 1.7615293264389038
Batch 1200/4687, Loss: 2.0398566722869873
Batch 1250/4687, Loss: 1.9251867532730103
Batch 1300/4687, Loss: 1.4897944927215576
Batch 1350/4687, Loss: 1.7714542150497437
Batch 1400/4687, Loss: 1.900651454925537
Batch 1450/4687, Loss: 1.805315375328064
Batch 1500/4687, Loss: 1.7178348302841187
Batch 1550/4687, Loss: 1.8062095642089844
Batch 1600/4687, Loss: 1.95363450050354
Batch 1650/4687, Loss: 1.7748866081237793
Batch 1700/4687, Loss: 1.7181799411773682
Batch 1750/4687, Loss: 1.7512656450271606
Batch 1800/4687, Loss: 1.9356012344360352
Batch 1850/4687, Loss: 1.8175948858261108
Batch 1900/4687, Loss: 1.923797845840454
Batch 1950/4687, Loss: 1.8530123233795166
Batch 2000/4687, Loss: 1.8372235298156738
Batch 2050/4687, Loss: 1.8206406831741333
Batch 2100/4687, Loss: 1.742981195449829
Batch 2150/4687, Loss: 2.1868159770965576
Batch 2200/4687, Loss: 1.7003471851348877
Batch 2250/4687, Loss: 1.7756494283676147
Batch 2300/4687, Loss: 1.7996201515197754
Batch 2350/4687, Loss: 1.9112533330917358
Batch 2400/4687, Loss: 1.6686749458312988
Batch 2450/4687, Loss: 1.9039745330810547
Batch 2500/4687, Loss: 1.749519944190979
Batch 2550/4687, Loss: 1.6829864978790283
Batch 2600/4687, Loss: 2.007127523422241
Batch 2650/4687, Loss: 2.0369858741760254
Batch 2700/4687, Loss: 1.9005404710769653
Batch 2750/4687, Loss: 1.738789677619934
Batch 2800/4687, Loss: 1.7810978889465332
Batch 2850/4687, Loss: 2.1325736045837402
Batch 2900/4687, Loss: 1.8008341789245605
Batch 2950/4687, Loss: 1.9207731485366821
Batch 3000/4687, Loss: 1.7391366958618164
Batch 3050/4687, Loss: 1.8139824867248535
Batch 3100/4687, Loss: 1.761376976966858
Batch 3150/4687, Loss: 2.109833240509033
Batch 3200/4687, Loss: 2.1127376556396484
Batch 3250/4687, Loss: 1.700596809387207
Batch 3300/4687, Loss: 1.8723149299621582
Batch 3350/4687, Loss: 1.7825978994369507
Batch 3400/4687, Loss: 1.5499396324157715
Batch 3450/4687, Loss: 1.6656848192214966
Batch 3500/4687, Loss: 1.48481023311615
Batch 3550/4687, Loss: 1.972156047821045
Batch 3600/4687, Loss: 1.6006604433059692
Batch 3650/4687, Loss: 1.6993639469146729
Batch 3700/4687, Loss: 1.6377291679382324
Batch 3750/4687, Loss: 1.7031071186065674
Batch 3800/4687, Loss: 1.5886129140853882
Batch 3850/4687, Loss: 1.4962270259857178
Batch 3900/4687, Loss: 1.9405043125152588
Batch 3950/4687, Loss: 1.6009609699249268
Batch 4000/4687, Loss: 1.7874081134796143
Batch 4050/4687, Loss: 1.7067533731460571
Batch 4100/4687, Loss: 1.5933327674865723
Batch 4150/4687, Loss: 1.6733593940734863
Batch 4200/4687, Loss: 2.043456554412842
Batch 4250/4687, Loss: 1.8670341968536377
Batch 4300/4687, Loss: 1.6061493158340454
Batch 4350/4687, Loss: 1.8313560485839844
Batch 4400/4687, Loss: 1.8171157836914062
Batch 4450/4687, Loss: 1.7901860475540161
Batch 4500/4687, Loss: 2.140990972518921
Batch 4550/4687, Loss: 1.6255838871002197
Batch 4600/4687, Loss: 1.8557548522949219
Batch 4650/4687, Loss: 2.0975005626678467

Start of epoch 7
Batch 0/4687, Loss: 1.5195832252502441
Batch 50/4687, Loss: 1.593269944190979
Batch 100/4687, Loss: 2.066215991973877
Batch 150/4687, Loss: 1.7679001092910767
Batch 200/4687, Loss: 1.79508376121521
Batch 250/4687, Loss: 1.7684001922607422
Batch 300/4687, Loss: 1.463295817375183
Batch 350/4687, Loss: 1.8316748142242432
Batch 400/4687, Loss: 1.937574863433838
Batch 450/4687, Loss: 1.5858325958251953
Batch 500/4687, Loss: 1.8291205167770386
Batch 550/4687, Loss: 1.8465831279754639
Batch 600/4687, Loss: 1.809894323348999
Batch 650/4687, Loss: 1.6470398902893066
Batch 700/4687, Loss: 1.852533221244812
Batch 750/4687, Loss: 1.72983980178833
Batch 800/4687, Loss: 1.6309102773666382
Batch 850/4687, Loss: 1.831482172012329
Batch 900/4687, Loss: 1.8160120248794556
Batch 950/4687, Loss: 1.7985471487045288
Batch 1000/4687, Loss: 1.8546981811523438
Batch 1050/4687, Loss: 1.7204554080963135
Batch 1100/4687, Loss: 1.633705735206604
Batch 1150/4687, Loss: 1.8280863761901855
Batch 1200/4687, Loss: 1.7353595495224
Batch 1250/4687, Loss: 1.5662460327148438
Batch 1300/4687, Loss: 1.6636333465576172
Batch 1350/4687, Loss: 1.712564468383789
Batch 1400/4687, Loss: 1.685016393661499
Batch 1450/4687, Loss: 1.7966214418411255
Batch 1500/4687, Loss: 1.858690857887268
Batch 1550/4687, Loss: 1.991084098815918
Batch 1600/4687, Loss: 1.8589026927947998
Batch 1650/4687, Loss: 1.9683200120925903
Batch 1700/4687, Loss: 1.9336262941360474
Batch 1750/4687, Loss: 1.7054357528686523
Batch 1800/4687, Loss: 1.9488216638565063
Batch 1850/4687, Loss: 1.6147242784500122
Batch 1900/4687, Loss: 1.2997239828109741
Batch 1950/4687, Loss: 1.926617980003357
Batch 2000/4687, Loss: 1.6525882482528687
Batch 2050/4687, Loss: 1.8662139177322388
Batch 2100/4687, Loss: 1.7130593061447144
Batch 2150/4687, Loss: 1.6721382141113281
Batch 2200/4687, Loss: 1.6430883407592773
Batch 2250/4687, Loss: 1.5756710767745972
Batch 2300/4687, Loss: 1.7007992267608643
Batch 2350/4687, Loss: 1.7766897678375244
Batch 2400/4687, Loss: 1.4230509996414185
Batch 2450/4687, Loss: 1.433258056640625
Batch 2500/4687, Loss: 2.00193190574646
Batch 2550/4687, Loss: 1.8645715713500977
Batch 2600/4687, Loss: 1.7640607357025146
Batch 2650/4687, Loss: 1.923410177230835
Batch 2700/4687, Loss: 1.9082691669464111
Batch 2750/4687, Loss: 1.8742033243179321
Batch 2800/4687, Loss: 2.0696051120758057
Batch 2850/4687, Loss: 1.8448842763900757
Batch 2900/4687, Loss: 1.9340685606002808
Batch 2950/4687, Loss: 1.6117172241210938
Batch 3000/4687, Loss: 2.0652053356170654
Batch 3050/4687, Loss: 1.882728934288025
Batch 3100/4687, Loss: 1.7554746866226196
Batch 3150/4687, Loss: 1.5972617864608765
Batch 3200/4687, Loss: 1.5392160415649414
Batch 3250/4687, Loss: 1.5776832103729248
Batch 3300/4687, Loss: 1.7468539476394653
Batch 3350/4687, Loss: 1.7773542404174805
Batch 3400/4687, Loss: 1.7319189310073853
Batch 3450/4687, Loss: 1.6967785358428955
Batch 3500/4687, Loss: 2.082669496536255
Batch 3550/4687, Loss: 1.7558518648147583
Batch 3600/4687, Loss: 1.8139857053756714
Batch 3650/4687, Loss: 1.6423547267913818
Batch 3700/4687, Loss: 1.8280272483825684
Batch 3750/4687, Loss: 1.7710237503051758
Batch 3800/4687, Loss: 1.7226178646087646
Batch 3850/4687, Loss: 1.895790457725525
Batch 3900/4687, Loss: 1.5045450925827026
Batch 3950/4687, Loss: 1.696435809135437
Batch 4000/4687, Loss: 1.6317890882492065
Batch 4050/4687, Loss: 1.5510305166244507
Batch 4100/4687, Loss: 1.7342324256896973
Batch 4150/4687, Loss: 1.8393372297286987
Batch 4200/4687, Loss: 1.871739149093628
Batch 4250/4687, Loss: 1.7703568935394287
Batch 4300/4687, Loss: 1.596505045890808
Batch 4350/4687, Loss: 1.7198872566223145
Batch 4400/4687, Loss: 1.7194288969039917
Batch 4450/4687, Loss: 1.8089579343795776
Batch 4500/4687, Loss: 1.785193681716919
Batch 4550/4687, Loss: 1.767610788345337
Batch 4600/4687, Loss: 1.9047447443008423
Batch 4650/4687, Loss: 1.8183673620224

Start of epoch 8
Batch 0/4687, Loss: 1.7803255319595337
Batch 50/4687, Loss: 1.673806071281433
Batch 100/4687, Loss: 1.5831019878387451
Batch 150/4687, Loss: 1.8135817050933838
Batch 200/4687, Loss: 1.8260412216186523
Batch 250/4687, Loss: 1.8246843814849854
Batch 300/4687, Loss: 1.6223288774490356
Batch 350/4687, Loss: 1.6375575065612793
Batch 400/4687, Loss: 1.8386815786361694
Batch 450/4687, Loss: 1.7214157581329346
Batch 500/4687, Loss: 1.8515807390213013
Batch 550/4687, Loss: 1.8854519128799438
Batch 600/4687, Loss: 1.729278802871704
Batch 650/4687, Loss: 1.7324649095535278
Batch 700/4687, Loss: 1.8324894905090332
Batch 750/4687, Loss: 1.7638623714447021
Batch 800/4687, Loss: 1.718475580215454
Batch 850/4687, Loss: 1.9231114387512207
Batch 900/4687, Loss: 1.8466322422027588
Batch 950/4687, Loss: 1.649043321609497
Batch 1000/4687, Loss: 1.662253499031067
Batch 1050/4687, Loss: 1.8502446413040161
Batch 1100/4687, Loss: 1.8253233432769775
Batch 1150/4687, Loss: 1.8278768062591553
Batch 1200/4687, Loss: 1.6458083391189575
Batch 1250/4687, Loss: 1.5488075017929077
Batch 1300/4687, Loss: 1.6968587636947632
Batch 1350/4687, Loss: 1.6436020135879517
Batch 1400/4687, Loss: 1.5974575281143188
Batch 1450/4687, Loss: 1.7170876264572144
Batch 1500/4687, Loss: 1.8764370679855347
Batch 1550/4687, Loss: 1.545367956161499
Batch 1600/4687, Loss: 1.4815069437026978
Batch 1650/4687, Loss: 1.8637574911117554
Batch 1700/4687, Loss: 1.5103601217269897
Batch 1750/4687, Loss: 1.5217435359954834
Batch 1800/4687, Loss: 1.7440969944000244
Batch 1850/4687, Loss: 1.940596342086792
Batch 1900/4687, Loss: 1.8569589853286743
Batch 1950/4687, Loss: 1.6278743743896484
Batch 2000/4687, Loss: 1.500536561012268
Batch 2050/4687, Loss: 1.7715673446655273
Batch 2100/4687, Loss: 1.57344388961792
Batch 2150/4687, Loss: 1.6398594379425049
Batch 2200/4687, Loss: 1.54278564453125
Batch 2250/4687, Loss: 1.8321768045425415
Batch 2300/4687, Loss: 1.9314606189727783
Batch 2350/4687, Loss: 1.7292934656143188
Batch 2400/4687, Loss: 1.6981005668640137
Batch 2450/4687, Loss: 1.4442524909973145
Batch 2500/4687, Loss: 1.6035237312316895
Batch 2550/4687, Loss: 1.523888349533081
Batch 2600/4687, Loss: 1.8877272605895996
Batch 2650/4687, Loss: 1.7563406229019165
Batch 2700/4687, Loss: 1.7315627336502075
Batch 2750/4687, Loss: 1.606744647026062
Batch 2800/4687, Loss: 1.4740846157073975
Batch 2850/4687, Loss: 1.541482925415039
Batch 2900/4687, Loss: 1.4543180465698242
Batch 2950/4687, Loss: 1.6945319175720215
Batch 3000/4687, Loss: 1.5257341861724854
Batch 3050/4687, Loss: 1.8202908039093018
Batch 3100/4687, Loss: 1.6874765157699585
Batch 3150/4687, Loss: 1.7574938535690308
Batch 3200/4687, Loss: 1.713215708732605
Batch 3250/4687, Loss: 1.7925128936767578
Batch 3300/4687, Loss: 1.9243608713150024
Batch 3350/4687, Loss: 1.5636857748031616
Batch 3400/4687, Loss: 1.7478188276290894
Batch 3450/4687, Loss: 1.7765517234802246
Batch 3500/4687, Loss: 1.6764552593231201
Batch 3550/4687, Loss: 1.461241602897644
Batch 3600/4687, Loss: 1.6969980001449585
Batch 3650/4687, Loss: 1.51412832736969
Batch 3700/4687, Loss: 1.496976613998413
Batch 3750/4687, Loss: 1.5129685401916504
Batch 3800/4687, Loss: 1.7497698068618774
Batch 3850/4687, Loss: 1.5075663328170776
Batch 3900/4687, Loss: 1.7278878688812256
Batch 3950/4687, Loss: 1.385102391242981
Batch 4000/4687, Loss: 1.7173388004302979
Batch 4050/4687, Loss: 1.5053439140319824
Batch 4100/4687, Loss: 1.4717246294021606
Batch 4150/4687, Loss: 1.5993949174880981
Batch 4200/4687, Loss: 1.6093997955322266
Batch 4250/4687, Loss: 1.7832119464874268
Batch 4300/4687, Loss: 1.6782323122024536
Batch 4350/4687, Loss: 1.9272143840789795
Batch 4400/4687, Loss: 1.52582848072052
Batch 4450/4687, Loss: 1.4388210773468018
Batch 4500/4687, Loss: 1.702065110206604
Batch 4550/4687, Loss: 1.6159552335739136
Batch 4600/4687, Loss: 1.9035475254058838
Batch 4650/4687, Loss: 1.7530421018600464

Start of epoch 9
Batch 0/4687, Loss: 1.596575140953064
Batch 50/4687, Loss: 1.5982145071029663
Batch 100/4687, Loss: 1.6073615550994873
Batch 150/4687, Loss: 2.0028223991394043
Batch 200/4687, Loss: 1.6391054391860962
Batch 250/4687, Loss: 1.4285874366760254
Batch 300/4687, Loss: 1.7440193891525269
Batch 350/4687, Loss: 1.784297227859497
Batch 400/4687, Loss: 1.6061972379684448
Batch 450/4687, Loss: 1.7499011754989624
Batch 500/4687, Loss: 1.5032492876052856
Batch 550/4687, Loss: 1.6585142612457275
Batch 600/4687, Loss: 1.8864425420761108
Batch 650/4687, Loss: 1.802983045578003
Batch 700/4687, Loss: 1.8848111629486084
Batch 750/4687, Loss: 1.6881697177886963
Batch 800/4687, Loss: 1.460523009300232
Batch 850/4687, Loss: 1.6636852025985718
Batch 900/4687, Loss: 1.6445138454437256
Batch 950/4687, Loss: 1.7304482460021973
Batch 1000/4687, Loss: 1.7166351079940796
Batch 1050/4687, Loss: 1.7433769702911377
Batch 1100/4687, Loss: 1.5685038566589355
Batch 1150/4687, Loss: 1.5973420143127441
Batch 1200/4687, Loss: 1.943643569946289
Batch 1250/4687, Loss: 1.560974359512329
Batch 1300/4687, Loss: 1.7924556732177734
Batch 1350/4687, Loss: 1.4520645141601562
Batch 1400/4687, Loss: 1.8214190006256104
Batch 1450/4687, Loss: 1.7577829360961914
Batch 1500/4687, Loss: 1.46267569065094
Batch 1550/4687, Loss: 1.816349983215332
Batch 1600/4687, Loss: 1.9047422409057617
Batch 1650/4687, Loss: 1.4195374250411987
Batch 1700/4687, Loss: 2.069373369216919
Batch 1750/4687, Loss: 1.8987303972244263
Batch 1800/4687, Loss: 1.6987049579620361
Batch 1850/4687, Loss: 1.5714020729064941
Batch 1900/4687, Loss: 1.6561493873596191
Batch 1950/4687, Loss: 1.4503709077835083
Batch 2000/4687, Loss: 1.8076870441436768
Batch 2050/4687, Loss: 1.8051307201385498
Batch 2100/4687, Loss: 1.5000687837600708
Batch 2150/4687, Loss: 1.8070164918899536
Batch 2200/4687, Loss: 1.5360368490219116
Batch 2250/4687, Loss: 1.8762645721435547
Batch 2300/4687, Loss: 1.9101536273956299
Batch 2350/4687, Loss: 1.475427269935608
Batch 2400/4687, Loss: 1.889108657836914
Batch 2450/4687, Loss: 1.7333033084869385
Batch 2500/4687, Loss: 1.6323624849319458
Batch 2550/4687, Loss: 1.825558066368103
Batch 2600/4687, Loss: 1.7856730222702026
Batch 2650/4687, Loss: 1.4460515975952148
Batch 2700/4687, Loss: 1.5887362957000732
Batch 2750/4687, Loss: 1.4676398038864136
Batch 2800/4687, Loss: 1.4846737384796143
Batch 2850/4687, Loss: 1.5446293354034424
Batch 2900/4687, Loss: 1.6483935117721558
Batch 2950/4687, Loss: 1.6547048091888428
Batch 3000/4687, Loss: 1.620098352432251
Batch 3050/4687, Loss: 1.5343255996704102
Batch 3100/4687, Loss: 1.7632811069488525
Batch 3150/4687, Loss: 1.5212239027023315
Batch 3200/4687, Loss: 1.7629790306091309
Batch 3250/4687, Loss: 1.3944393396377563
Batch 3300/4687, Loss: 1.4806402921676636
Batch 3350/4687, Loss: 1.682552695274353
Batch 3400/4687, Loss: 1.8678302764892578
Batch 3450/4687, Loss: 1.6041089296340942
Batch 3500/4687, Loss: 1.6462515592575073
Batch 3550/4687, Loss: 1.904858112335205
Batch 3600/4687, Loss: 1.6804463863372803
Batch 3650/4687, Loss: 1.613712191581726
Batch 3700/4687, Loss: 1.668146014213562
Batch 3750/4687, Loss: 1.7152714729309082
Batch 3800/4687, Loss: 1.6715563535690308
Batch 3850/4687, Loss: 1.7033414840698242
Batch 3900/4687, Loss: 1.7944468259811401
Batch 3950/4687, Loss: 1.5999877452850342
Batch 4000/4687, Loss: 1.4832513332366943
Batch 4050/4687, Loss: 1.5081812143325806
Batch 4100/4687, Loss: 1.9416348934173584
Batch 4150/4687, Loss: 1.6945401430130005
Batch 4200/4687, Loss: 1.6382848024368286
Batch 4250/4687, Loss: 1.5978305339813232
Batch 4300/4687, Loss: 1.590504765510559
Batch 4350/4687, Loss: 1.9021326303482056
Batch 4400/4687, Loss: 1.4757134914398193
Batch 4450/4687, Loss: 1.876278281211853
Batch 4500/4687, Loss: 1.4708060026168823
Batch 4550/4687, Loss: 1.4849306344985962
Batch 4600/4687, Loss: 1.5737228393554688
Batch 4650/4687, Loss: 1.7567514181137085

Start of epoch 10
Batch 0/4687, Loss: 1.7432247400283813
Batch 50/4687, Loss: 1.8539406061172485
Batch 100/4687, Loss: 1.8232439756393433
Batch 150/4687, Loss: 1.7509779930114746
Batch 200/4687, Loss: 1.5680365562438965
Batch 250/4687, Loss: 1.468540906906128
Batch 300/4687, Loss: 1.2982548475265503
Batch 350/4687, Loss: 1.8700238466262817
Batch 400/4687, Loss: 1.582640290260315
Batch 450/4687, Loss: 1.5472705364227295
Batch 500/4687, Loss: 1.5687246322631836
Batch 550/4687, Loss: 1.7343599796295166
Batch 600/4687, Loss: 1.6675982475280762
Batch 650/4687, Loss: 1.63041353225708
Batch 700/4687, Loss: 1.8957265615463257
Batch 750/4687, Loss: 1.5345412492752075
Batch 800/4687, Loss: 1.5701769590377808
Batch 850/4687, Loss: 1.8448615074157715
Batch 900/4687, Loss: 1.461530327796936
Batch 950/4687, Loss: 1.626104712486267
Batch 1000/4687, Loss: 1.8266748189926147
Batch 1050/4687, Loss: 1.9532514810562134
Batch 1100/4687, Loss: 1.509949803352356
Batch 1150/4687, Loss: 1.6137124300003052
Batch 1200/4687, Loss: 1.4245507717132568
Batch 1250/4687, Loss: 1.676055908203125
Batch 1300/4687, Loss: 1.472100853919983
Batch 1350/4687, Loss: 1.3672730922698975
Batch 1400/4687, Loss: 1.539263129234314
Batch 1450/4687, Loss: 1.4632631540298462
Batch 1500/4687, Loss: 1.4568955898284912
Batch 1550/4687, Loss: 1.8366883993148804
Batch 1600/4687, Loss: 1.6691665649414062
Batch 1650/4687, Loss: 1.3197221755981445
Batch 1700/4687, Loss: 1.7647202014923096
Batch 1750/4687, Loss: 1.7734050750732422
Batch 1800/4687, Loss: 1.5650595426559448
Batch 1850/4687, Loss: 1.577162504196167
Batch 1900/4687, Loss: 1.5095525979995728
Batch 1950/4687, Loss: 1.8254475593566895
Batch 2000/4687, Loss: 1.7409058809280396
Batch 2050/4687, Loss: 1.6587519645690918
Batch 2100/4687, Loss: 1.7642617225646973
Batch 2150/4687, Loss: 1.8018476963043213
Batch 2200/4687, Loss: 1.5861438512802124
Batch 2250/4687, Loss: 1.877632975578308
Batch 2300/4687, Loss: 1.8631279468536377
Batch 2350/4687, Loss: 1.612780213356018
Batch 2400/4687, Loss: 1.920682430267334
Batch 2450/4687, Loss: 1.378317952156067
Batch 2500/4687, Loss: 1.9920133352279663
Batch 2550/4687, Loss: 1.6363532543182373
Batch 2600/4687, Loss: 1.3170740604400635
Batch 2650/4687, Loss: 1.687035322189331
Batch 2700/4687, Loss: 1.9276889562606812
Batch 2750/4687, Loss: 1.3748995065689087
Batch 2800/4687, Loss: 1.511955976486206
Batch 2850/4687, Loss: 1.8611211776733398
Batch 2900/4687, Loss: 1.7719959020614624
Batch 2950/4687, Loss: 2.0297610759735107
Batch 3000/4687, Loss: 1.5532944202423096
Batch 3050/4687, Loss: 1.5786651372909546
Batch 3100/4687, Loss: 1.6024302244186401
Batch 3150/4687, Loss: 1.9715819358825684
Batch 3200/4687, Loss: 1.7202250957489014
Batch 3250/4687, Loss: 1.6994109153747559
Batch 3300/4687, Loss: 1.6950918436050415
Batch 3350/4687, Loss: 1.686571478843689
Batch 3400/4687, Loss: 1.5835355520248413
Batch 3450/4687, Loss: 1.5420130491256714
Batch 3500/4687, Loss: 1.3938430547714233
Batch 3550/4687, Loss: 1.716958999633789
Batch 3600/4687, Loss: 1.654146432876587
Batch 3650/4687, Loss: 1.741845965385437
Batch 3700/4687, Loss: 1.6266916990280151
Batch 3750/4687, Loss: 1.6877586841583252
Batch 3800/4687, Loss: 1.878936529159546
Batch 3850/4687, Loss: 1.557565689086914
Batch 3900/4687, Loss: 1.7418036460876465
Batch 3950/4687, Loss: 1.5034105777740479
Batch 4000/4687, Loss: 1.5550086498260498
Batch 4050/4687, Loss: 1.9468920230865479
Batch 4100/4687, Loss: 1.6635576486587524
Batch 4150/4687, Loss: 1.5587279796600342
Batch 4200/4687, Loss: 1.6568732261657715
Batch 4250/4687, Loss: 1.614027976989746
Batch 4300/4687, Loss: 1.8148784637451172
Batch 4350/4687, Loss: 1.4639136791229248
Batch 4400/4687, Loss: 1.5945552587509155
Batch 4450/4687, Loss: 1.8978540897369385
Batch 4500/4687, Loss: 1.8801931142807007
Batch 4550/4687, Loss: 1.5532370805740356
Batch 4600/4687, Loss: 1.9944630861282349
Batch 4650/4687, Loss: 1.6602072715759277

Start of epoch 11
Batch 0/4687, Loss: 1.6031715869903564
Batch 50/4687, Loss: 1.4540643692016602
Batch 100/4687, Loss: 1.5864895582199097
Batch 150/4687, Loss: 1.8785898685455322
Batch 200/4687, Loss: 1.4988845586776733
Batch 250/4687, Loss: 1.6227598190307617
Batch 300/4687, Loss: 1.4599621295928955
Batch 350/4687, Loss: 1.5418517589569092
Batch 400/4687, Loss: 1.7749959230422974
Batch 450/4687, Loss: 1.4522887468338013
Batch 500/4687, Loss: 1.7476505041122437
Batch 550/4687, Loss: 1.5180010795593262
Batch 600/4687, Loss: 1.645999789237976
Batch 650/4687, Loss: 1.7194228172302246
Batch 700/4687, Loss: 1.5968523025512695
Batch 750/4687, Loss: 1.5714424848556519
Batch 800/4687, Loss: 1.461032748222351
Batch 850/4687, Loss: 1.5493061542510986
Batch 900/4687, Loss: 1.5870333909988403
Batch 950/4687, Loss: 1.6036310195922852
Batch 1000/4687, Loss: 1.7755811214447021
Batch 1050/4687, Loss: 1.6926054954528809
Batch 1100/4687, Loss: 1.6651346683502197
Batch 1150/4687, Loss: 1.6159650087356567
Batch 1200/4687, Loss: 1.6722640991210938
Batch 1250/4687, Loss: 1.506905198097229
Batch 1300/4687, Loss: 1.6796618700027466
Batch 1350/4687, Loss: 1.8074802160263062
Batch 1400/4687, Loss: 1.500027060508728
Batch 1450/4687, Loss: 1.4529973268508911
Batch 1500/4687, Loss: 1.5203036069869995
Batch 1550/4687, Loss: 1.5586121082305908
Batch 1600/4687, Loss: 1.5012307167053223
Batch 1650/4687, Loss: 1.7634875774383545
Batch 1700/4687, Loss: 1.535550594329834
Batch 1750/4687, Loss: 1.858128309249878
Batch 1800/4687, Loss: 1.5997705459594727
Batch 1850/4687, Loss: 1.6803585290908813
Batch 1900/4687, Loss: 1.6511030197143555
Batch 1950/4687, Loss: 1.6650869846343994
Batch 2000/4687, Loss: 1.626725196838379
Batch 2050/4687, Loss: 1.8895750045776367
Batch 2100/4687, Loss: 1.564835786819458
Batch 2150/4687, Loss: 1.5210411548614502
Batch 2200/4687, Loss: 2.02142596244812
Batch 2250/4687, Loss: 1.4683709144592285
Batch 2300/4687, Loss: 1.6000609397888184
Batch 2350/4687, Loss: 1.6051220893859863
Batch 2400/4687, Loss: 1.930823564529419
Batch 2450/4687, Loss: 2.30228328704834
Batch 2500/4687, Loss: 1.4705196619033813
Batch 2550/4687, Loss: 1.4953702688217163
Batch 2600/4687, Loss: 1.4174538850784302
Batch 2650/4687, Loss: 1.472413420677185
Batch 2700/4687, Loss: 1.6688671112060547
Batch 2750/4687, Loss: 1.5967628955841064
Batch 2800/4687, Loss: 1.6234720945358276
Batch 2850/4687, Loss: 1.573552131652832
Batch 2900/4687, Loss: 1.529754400253296
Batch 2950/4687, Loss: 1.6697698831558228
Batch 3000/4687, Loss: 1.475071907043457
Batch 3050/4687, Loss: 1.3666508197784424
Batch 3100/4687, Loss: 1.6651575565338135
Batch 3150/4687, Loss: 1.6185128688812256
Batch 3200/4687, Loss: 1.693583607673645
Batch 3250/4687, Loss: 1.6517994403839111
Batch 3300/4687, Loss: 1.654110312461853
Batch 3350/4687, Loss: 1.9311333894729614
Batch 3400/4687, Loss: 1.59624445438385
Batch 3450/4687, Loss: 1.432013750076294
Batch 3500/4687, Loss: 1.601854920387268
Batch 3550/4687, Loss: 1.459432601928711
Batch 3600/4687, Loss: 1.3787165880203247
Batch 3650/4687, Loss: 1.994309663772583
Batch 3700/4687, Loss: 1.6365787982940674
Batch 3750/4687, Loss: 1.4359960556030273
Batch 3800/4687, Loss: 1.6535900831222534
Batch 3850/4687, Loss: 1.3903677463531494
Batch 3900/4687, Loss: 1.713384985923767
Batch 3950/4687, Loss: 1.8442684412002563
Batch 4000/4687, Loss: 1.4322530031204224
Batch 4050/4687, Loss: 1.5583223104476929
Batch 4100/4687, Loss: 1.6172964572906494
Batch 4150/4687, Loss: 1.5394517183303833
Batch 4200/4687, Loss: 1.6871758699417114
Batch 4250/4687, Loss: 1.326748251914978
Batch 4300/4687, Loss: 1.6002639532089233
Batch 4350/4687, Loss: 1.6606475114822388
Batch 4400/4687, Loss: 1.817041039466858
Batch 4450/4687, Loss: 1.509354829788208
Batch 4500/4687, Loss: 1.5341099500656128
Batch 4550/4687, Loss: 1.636111855506897
Batch 4600/4687, Loss: 1.5412030220031738
Batch 4650/4687, Loss: 1.2755125761032104

Start of epoch 12
Batch 0/4687, Loss: 1.5728973150253296
Batch 50/4687, Loss: 1.6181426048278809
Batch 100/4687, Loss: 1.2979997396469116
Batch 150/4687, Loss: 1.4267151355743408
Batch 200/4687, Loss: 1.349437952041626
Batch 250/4687, Loss: 1.6152491569519043
Batch 300/4687, Loss: 1.6845909357070923
Batch 350/4687, Loss: 1.607215166091919
Batch 400/4687, Loss: 1.4905526638031006
Batch 450/4687, Loss: 1.4513261318206787
Batch 500/4687, Loss: 1.6468442678451538
Batch 550/4687, Loss: 1.510820984840393
Batch 600/4687, Loss: 1.546820878982544
Batch 650/4687, Loss: 1.3762924671173096
Batch 700/4687, Loss: 1.5263227224349976
Batch 750/4687, Loss: 1.3559539318084717
Batch 800/4687, Loss: 1.4561922550201416
Batch 850/4687, Loss: 1.6477785110473633
Batch 900/4687, Loss: 1.579646348953247
Batch 950/4687, Loss: 1.6759368181228638
Batch 1000/4687, Loss: 1.6047886610031128
Batch 1050/4687, Loss: 1.3173983097076416
Batch 1100/4687, Loss: 1.640560269355774
Batch 1150/4687, Loss: 1.6427912712097168
Batch 1200/4687, Loss: 1.6326781511306763
Batch 1250/4687, Loss: 1.5144503116607666
Batch 1300/4687, Loss: 1.62400484085083
Batch 1350/4687, Loss: 1.7853201627731323
Batch 1400/4687, Loss: 1.452078938484192
Batch 1450/4687, Loss: 1.634626865386963
Batch 1500/4687, Loss: 1.5877271890640259
Batch 1550/4687, Loss: 1.7008264064788818
Batch 1600/4687, Loss: 1.528167724609375
Batch 1650/4687, Loss: 1.696927547454834
Batch 1700/4687, Loss: 1.8643845319747925
Batch 1750/4687, Loss: 1.702809453010559
Batch 1800/4687, Loss: 1.4264274835586548
Batch 1850/4687, Loss: 1.7098891735076904
Batch 1900/4687, Loss: 1.4027243852615356
Batch 1950/4687, Loss: 1.5651378631591797
Batch 2000/4687, Loss: 1.4599260091781616
Batch 2050/4687, Loss: 1.479474663734436
Batch 2100/4687, Loss: 1.5194352865219116
Batch 2150/4687, Loss: 1.9896283149719238
Batch 2200/4687, Loss: 1.7144397497177124
Batch 2250/4687, Loss: 1.425634741783142
Batch 2300/4687, Loss: 1.551931619644165
Batch 2350/4687, Loss: 1.5440599918365479
Batch 2400/4687, Loss: 1.6438641548156738
Batch 2450/4687, Loss: 1.782986044883728
Batch 2500/4687, Loss: 1.6425303220748901
Batch 2550/4687, Loss: 1.3112763166427612
Batch 2600/4687, Loss: 1.671661376953125
Batch 2650/4687, Loss: 1.3742027282714844
Batch 2700/4687, Loss: 1.2977713346481323
Batch 2750/4687, Loss: 1.815806269645691
Batch 2800/4687, Loss: 1.596360683441162
Batch 2850/4687, Loss: 1.6142194271087646
Batch 2900/4687, Loss: 1.708577275276184
Batch 2950/4687, Loss: 1.5014166831970215
Batch 3000/4687, Loss: 1.5794838666915894
Batch 3050/4687, Loss: 1.453391671180725
Batch 3100/4687, Loss: 1.475897192955017
Batch 3150/4687, Loss: 1.792367935180664
Batch 3200/4687, Loss: 1.5774211883544922
Batch 3250/4687, Loss: 1.4739726781845093
Batch 3300/4687, Loss: 1.4750922918319702
Batch 3350/4687, Loss: 1.7147296667099
Batch 3400/4687, Loss: 1.5114878416061401
Batch 3450/4687, Loss: 1.710607647895813
Batch 3500/4687, Loss: 1.448895812034607
Batch 3550/4687, Loss: 1.7594287395477295
Batch 3600/4687, Loss: 1.6360403299331665
Batch 3650/4687, Loss: 1.5985478162765503
Batch 3700/4687, Loss: 1.4948079586029053
Batch 3750/4687, Loss: 1.9270910024642944
Batch 3800/4687, Loss: 1.6743886470794678
Batch 3850/4687, Loss: 1.5008466243743896
Batch 3900/4687, Loss: 1.5025537014007568
Batch 3950/4687, Loss: 1.7060190439224243
Batch 4000/4687, Loss: 1.5439250469207764
Batch 4050/4687, Loss: 1.5925509929656982
Batch 4100/4687, Loss: 1.5521366596221924
Batch 4150/4687, Loss: 1.537238359451294
Batch 4200/4687, Loss: 1.694357991218567
Batch 4250/4687, Loss: 1.7389307022094727
Batch 4300/4687, Loss: 1.5530774593353271
Batch 4350/4687, Loss: 1.5529297590255737
Batch 4400/4687, Loss: 1.472991704940796
Batch 4450/4687, Loss: 1.4124252796173096
Batch 4500/4687, Loss: 1.7551497220993042
Batch 4550/4687, Loss: 1.3906126022338867
Batch 4600/4687, Loss: 1.870800495147705
Batch 4650/4687, Loss: 1.4674955606460571

Start of epoch 13
Batch 0/4687, Loss: 1.6649118661880493
Batch 50/4687, Loss: 1.596357822418213
Batch 100/4687, Loss: 1.4254742860794067
Batch 150/4687, Loss: 1.6667782068252563
Batch 200/4687, Loss: 1.6243317127227783
Batch 250/4687, Loss: 1.5413533449172974
Batch 300/4687, Loss: 1.6498031616210938
Batch 350/4687, Loss: 1.4817508459091187
Batch 400/4687, Loss: 1.4912234544754028
Batch 450/4687, Loss: 1.4895256757736206
Batch 500/4687, Loss: 1.826113224029541
Batch 550/4687, Loss: 1.5587574243545532
Batch 600/4687, Loss: 1.3867835998535156
Batch 650/4687, Loss: 1.4013149738311768
Batch 700/4687, Loss: 1.5633699893951416
Batch 750/4687, Loss: 1.7304445505142212
Batch 800/4687, Loss: 1.4172792434692383
Batch 850/4687, Loss: 1.7573847770690918
Batch 900/4687, Loss: 1.533586859703064
Batch 950/4687, Loss: 1.3649307489395142
Batch 1000/4687, Loss: 1.7243354320526123
Batch 1050/4687, Loss: 1.7719159126281738
Batch 1100/4687, Loss: 1.6600611209869385
Batch 1150/4687, Loss: 1.4294025897979736
Batch 1200/4687, Loss: 1.515424132347107
Batch 1250/4687, Loss: 1.555370569229126
Batch 1300/4687, Loss: 1.4016155004501343
Batch 1350/4687, Loss: 1.6543445587158203
Batch 1400/4687, Loss: 1.6174935102462769
Batch 1450/4687, Loss: 1.6411168575286865
Batch 1500/4687, Loss: 1.7426071166992188
Batch 1550/4687, Loss: 1.4211857318878174
Batch 1600/4687, Loss: 1.6619595289230347
Batch 1650/4687, Loss: 1.5316259860992432
Batch 1700/4687, Loss: 1.6052064895629883
Batch 1750/4687, Loss: 1.5291154384613037
Batch 1800/4687, Loss: 1.5789529085159302
Batch 1850/4687, Loss: 1.7575361728668213
Batch 1900/4687, Loss: 1.4093650579452515
Batch 1950/4687, Loss: 1.6326112747192383
Batch 2000/4687, Loss: 1.5838598012924194
Batch 2050/4687, Loss: 1.4431952238082886
Batch 2100/4687, Loss: 1.4749648571014404
Batch 2150/4687, Loss: 1.5289771556854248
Batch 2200/4687, Loss: 1.6249611377716064
Batch 2250/4687, Loss: 1.2096675634384155
Batch 2300/4687, Loss: 1.363370418548584
Batch 2350/4687, Loss: 1.4450703859329224
Batch 2400/4687, Loss: 1.368512511253357
Batch 2450/4687, Loss: 1.496425986289978
Batch 2500/4687, Loss: 1.77524995803833
Batch 2550/4687, Loss: 1.624254822731018
Batch 2600/4687, Loss: 1.5631988048553467
Batch 2650/4687, Loss: 1.6982641220092773
Batch 2700/4687, Loss: 1.317245364189148
Batch 2750/4687, Loss: 1.5956318378448486
Batch 2800/4687, Loss: 1.6950350999832153
Batch 2850/4687, Loss: 1.8653517961502075
Batch 2900/4687, Loss: 1.6517804861068726
Batch 2950/4687, Loss: 1.7598273754119873
Batch 3000/4687, Loss: 1.4652786254882812
Batch 3050/4687, Loss: 1.291614055633545
Batch 3100/4687, Loss: 1.688525676727295
Batch 3150/4687, Loss: 1.4150773286819458
Batch 3200/4687, Loss: 1.4557502269744873
Batch 3250/4687, Loss: 1.4117052555084229
Batch 3300/4687, Loss: 1.7921899557113647
Batch 3350/4687, Loss: 1.5434138774871826
Batch 3400/4687, Loss: 1.5377635955810547
Batch 3450/4687, Loss: 1.7373520135879517
Batch 3500/4687, Loss: 1.6914749145507812
Batch 3550/4687, Loss: 1.6271682977676392
Batch 3600/4687, Loss: 2.1463191509246826
Batch 3650/4687, Loss: 1.4563027620315552
Batch 3700/4687, Loss: 1.5695983171463013
Batch 3750/4687, Loss: 1.6444613933563232
Batch 3800/4687, Loss: 1.5346193313598633
Batch 3850/4687, Loss: 1.657266616821289
Batch 3900/4687, Loss: 1.4857746362686157
Batch 3950/4687, Loss: 1.401580810546875
Batch 4000/4687, Loss: 1.427499771118164
Batch 4050/4687, Loss: 1.7506601810455322
Batch 4100/4687, Loss: 1.2977172136306763
Batch 4150/4687, Loss: 1.285719394683838
Batch 4200/4687, Loss: 1.3965654373168945
Batch 4250/4687, Loss: 1.5662493705749512
Batch 4300/4687, Loss: 1.863455891609192
Batch 4350/4687, Loss: 1.5698771476745605
Batch 4400/4687, Loss: 1.4895310401916504
Batch 4450/4687, Loss: 1.7136589288711548
Batch 4500/4687, Loss: 1.4127206802368164
Batch 4550/4687, Loss: 1.394711971282959
Batch 4600/4687, Loss: 1.4341707229614258
Batch 4650/4687, Loss: 1.61069655418396

Start of epoch 14
Batch 0/4687, Loss: 1.644828200340271
Batch 50/4687, Loss: 1.6072440147399902
Batch 100/4687, Loss: 1.5906603336334229
Batch 150/4687, Loss: 1.2781178951263428
Batch 200/4687, Loss: 1.5735704898834229
Batch 250/4687, Loss: 1.58132004737854
Batch 300/4687, Loss: 1.5354458093643188
Batch 350/4687, Loss: 1.5114550590515137
Batch 400/4687, Loss: 1.4571233987808228
Batch 450/4687, Loss: 1.7044788599014282
Batch 500/4687, Loss: 1.6638505458831787
Batch 550/4687, Loss: 1.3407729864120483
Batch 600/4687, Loss: 1.510985255241394
Batch 650/4687, Loss: 1.723933219909668
Batch 700/4687, Loss: 1.5682590007781982
Batch 750/4687, Loss: 1.300917387008667
Batch 800/4687, Loss: 1.5404913425445557
Batch 850/4687, Loss: 1.4947047233581543
Batch 900/4687, Loss: 1.5206325054168701
Batch 950/4687, Loss: 1.3016003370285034
Batch 1000/4687, Loss: 1.3208467960357666
Batch 1050/4687, Loss: 1.8488271236419678
Batch 1100/4687, Loss: 1.6142388582229614
Batch 1150/4687, Loss: 1.753730297088623
Batch 1200/4687, Loss: 1.3339126110076904
Batch 1250/4687, Loss: 1.4024041891098022
Batch 1300/4687, Loss: 1.458224892616272
Batch 1350/4687, Loss: 1.7817426919937134
Batch 1400/4687, Loss: 1.4304790496826172
Batch 1450/4687, Loss: 1.6492671966552734
Batch 1500/4687, Loss: 1.3938326835632324
Batch 1550/4687, Loss: 1.4630639553070068
Batch 1600/4687, Loss: 1.4606056213378906
Batch 1650/4687, Loss: 1.4722338914871216
Batch 1700/4687, Loss: 1.4455493688583374
Batch 1750/4687, Loss: 1.6296594142913818
Batch 1800/4687, Loss: 1.202909231185913
Batch 1850/4687, Loss: 1.5700291395187378
Batch 1900/4687, Loss: 1.3258395195007324
Batch 1950/4687, Loss: 1.3625775575637817
Batch 2000/4687, Loss: 1.5089010000228882
Batch 2050/4687, Loss: 1.3236331939697266
Batch 2100/4687, Loss: 1.8991591930389404
Batch 2150/4687, Loss: 1.4734671115875244
Batch 2200/4687, Loss: 1.408531665802002
Batch 2250/4687, Loss: 1.5335843563079834
Batch 2300/4687, Loss: 1.5125296115875244
Batch 2350/4687, Loss: 1.2814440727233887
Batch 2400/4687, Loss: 1.5749142169952393
Batch 2450/4687, Loss: 1.3506501913070679
Batch 2500/4687, Loss: 1.298534631729126
Batch 2550/4687, Loss: 1.7850233316421509
Batch 2600/4687, Loss: 1.3353631496429443
Batch 2650/4687, Loss: 1.555776834487915
Batch 2700/4687, Loss: 1.3876720666885376
Batch 2750/4687, Loss: 1.6906111240386963
Batch 2800/4687, Loss: 1.8409515619277954
Batch 2850/4687, Loss: 1.5810952186584473
Batch 2900/4687, Loss: 1.67965829372406
Batch 2950/4687, Loss: 1.610242486000061
Batch 3000/4687, Loss: 1.5989465713500977
Batch 3050/4687, Loss: 1.5259249210357666
Batch 3100/4687, Loss: 1.660150170326233
Batch 3150/4687, Loss: 1.3976476192474365
Batch 3200/4687, Loss: 1.5532584190368652
Batch 3250/4687, Loss: 1.5012224912643433
Batch 3300/4687, Loss: 1.4216647148132324
Batch 3350/4687, Loss: 1.309311866760254
Batch 3400/4687, Loss: 1.4405086040496826
Batch 3450/4687, Loss: 1.4491006135940552
Batch 3500/4687, Loss: 1.1399579048156738
Batch 3550/4687, Loss: 1.2277690172195435
Batch 3600/4687, Loss: 1.1524839401245117
Batch 3650/4687, Loss: 1.596405267715454
Batch 3700/4687, Loss: 1.8016228675842285
Batch 3750/4687, Loss: 1.4620475769042969
Batch 3800/4687, Loss: 1.6683791875839233
Batch 3850/4687, Loss: 1.352720856666565
Batch 3900/4687, Loss: 1.380651593208313
Batch 3950/4687, Loss: 1.5975333452224731
Batch 4000/4687, Loss: 1.7651393413543701
Batch 4050/4687, Loss: 1.491585373878479
Batch 4100/4687, Loss: 1.5246652364730835
Batch 4150/4687, Loss: 1.4278008937835693
Batch 4200/4687, Loss: 1.4529616832733154
Batch 4250/4687, Loss: 1.6195188760757446
Batch 4300/4687, Loss: 1.5220935344696045
Batch 4350/4687, Loss: 1.573061227798462
Batch 4400/4687, Loss: 1.5419882535934448
Batch 4450/4687, Loss: 1.6265199184417725
Batch 4500/4687, Loss: 1.879653811454773
Batch 4550/4687, Loss: 1.453628659248352
Batch 4600/4687, Loss: 1.4484002590179443
Batch 4650/4687, Loss: 1.3988816738128662

Start of epoch 15
Batch 0/4687, Loss: 1.4874993562698364
Batch 50/4687, Loss: 1.5433651208877563
Batch 100/4687, Loss: 1.5656341314315796
Batch 150/4687, Loss: 1.201692819595337
Batch 200/4687, Loss: 1.3761084079742432
Batch 250/4687, Loss: 1.3275995254516602
Batch 300/4687, Loss: 1.4416626691818237
Batch 350/4687, Loss: 1.5642210245132446
Batch 400/4687, Loss: 1.4561665058135986
Batch 450/4687, Loss: 1.4628701210021973
Batch 500/4687, Loss: 1.0976324081420898
Batch 550/4687, Loss: 1.699634313583374
Batch 600/4687, Loss: 1.6673309803009033
Batch 650/4687, Loss: 1.4617048501968384
Batch 700/4687, Loss: 2.05281400680542
Batch 750/4687, Loss: 1.3951961994171143
Batch 800/4687, Loss: 1.2903530597686768
Batch 850/4687, Loss: 1.5867148637771606
Batch 900/4687, Loss: 1.2791913747787476
Batch 950/4687, Loss: 1.6452105045318604
Batch 1000/4687, Loss: 1.5642739534378052
Batch 1050/4687, Loss: 1.5756323337554932
Batch 1100/4687, Loss: 1.6335421800613403
Batch 1150/4687, Loss: 1.0219752788543701
Batch 1200/4687, Loss: 1.5961778163909912
Batch 1250/4687, Loss: 1.487093448638916
Batch 1300/4687, Loss: 1.7078522443771362
Batch 1350/4687, Loss: 1.7073620557785034
Batch 1400/4687, Loss: 1.569582223892212
Batch 1450/4687, Loss: 1.3770281076431274
Batch 1500/4687, Loss: 1.6110706329345703
Batch 1550/4687, Loss: 1.4984005689620972
Batch 1600/4687, Loss: 1.5848398208618164
Batch 1650/4687, Loss: 1.603411316871643
Batch 1700/4687, Loss: 1.741243839263916
Batch 1750/4687, Loss: 1.2901461124420166
Batch 1800/4687, Loss: 1.2925118207931519
Batch 1850/4687, Loss: 1.5589555501937866
Batch 1900/4687, Loss: 1.5373777151107788
Batch 1950/4687, Loss: 1.6333199739456177
Batch 2000/4687, Loss: 1.5236015319824219
Batch 2050/4687, Loss: 1.4586530923843384
Batch 2100/4687, Loss: 1.3314307928085327
Batch 2150/4687, Loss: 1.587270975112915
Batch 2200/4687, Loss: 1.5543779134750366
Batch 2250/4687, Loss: 1.3927520513534546
Batch 2300/4687, Loss: 1.4949851036071777
Batch 2350/4687, Loss: 1.6597169637680054
Batch 2400/4687, Loss: 1.5097863674163818
Batch 2450/4687, Loss: 1.600728154182434
Batch 2500/4687, Loss: 1.617250919342041
Batch 2550/4687, Loss: 1.4090263843536377
Batch 2600/4687, Loss: 1.2381389141082764
Batch 2650/4687, Loss: 1.09135901927948
Batch 2700/4687, Loss: 1.793631672859192
Batch 2750/4687, Loss: 1.3836886882781982
Batch 2800/4687, Loss: 1.535569190979004
Batch 2850/4687, Loss: 1.4224871397018433
Batch 2900/4687, Loss: 1.5548723936080933
Batch 2950/4687, Loss: 1.7031551599502563
Batch 3000/4687, Loss: 1.660222053527832
Batch 3050/4687, Loss: 1.2112704515457153
Batch 3100/4687, Loss: 1.7550041675567627
Batch 3150/4687, Loss: 1.808013677597046
Batch 3200/4687, Loss: 1.4162476062774658
Batch 3250/4687, Loss: 1.3076668977737427
Batch 3300/4687, Loss: 1.2185615301132202
Batch 3350/4687, Loss: 1.4342074394226074
Batch 3400/4687, Loss: 1.3872036933898926
Batch 3450/4687, Loss: 1.554397463798523
Batch 3500/4687, Loss: 1.462781548500061
Batch 3550/4687, Loss: 1.31602942943573
Batch 3600/4687, Loss: 1.6017282009124756
Batch 3650/4687, Loss: 1.719123125076294
Batch 3700/4687, Loss: 1.3050886392593384
Batch 3750/4687, Loss: 1.5584367513656616
Batch 3800/4687, Loss: 1.3782435655593872
Batch 3850/4687, Loss: 1.5251483917236328
Batch 3900/4687, Loss: 1.676785945892334
Batch 3950/4687, Loss: 1.4319571256637573
Batch 4000/4687, Loss: 1.5169179439544678
Batch 4050/4687, Loss: 1.5876784324645996
Batch 4100/4687, Loss: 1.530339002609253
Batch 4150/4687, Loss: 1.6747188568115234
Batch 4200/4687, Loss: 1.4810041189193726
Batch 4250/4687, Loss: 1.2407335042953491
Batch 4300/4687, Loss: 1.5559508800506592
Batch 4350/4687, Loss: 1.3346737623214722
Batch 4400/4687, Loss: 1.3841372728347778
Batch 4450/4687, Loss: 1.4156352281570435
Batch 4500/4687, Loss: 1.4657634496688843
Batch 4550/4687, Loss: 1.626224160194397
Batch 4600/4687, Loss: 1.3858356475830078
Batch 4650/4687, Loss: 1.383139967918396

Start of epoch 16
Batch 0/4687, Loss: 1.4071162939071655
Batch 50/4687, Loss: 1.330203890800476
Batch 100/4687, Loss: 1.450258493423462
Batch 150/4687, Loss: 1.3431141376495361
Batch 200/4687, Loss: 1.4579020738601685
Batch 250/4687, Loss: 1.2424794435501099
Batch 300/4687, Loss: 1.7301175594329834
Batch 350/4687, Loss: 1.363097071647644
Batch 400/4687, Loss: 1.3216578960418701
Batch 450/4687, Loss: 1.8189482688903809
Batch 500/4687, Loss: 1.5113608837127686
Batch 550/4687, Loss: 1.6954371929168701
Batch 600/4687, Loss: 1.7221423387527466
Batch 650/4687, Loss: 1.4949893951416016
Batch 700/4687, Loss: 1.5476303100585938
Batch 750/4687, Loss: 1.5879284143447876
Batch 800/4687, Loss: 1.1703956127166748
Batch 850/4687, Loss: 1.4159064292907715
Batch 900/4687, Loss: 1.3084843158721924
Batch 950/4687, Loss: 1.7277432680130005
Batch 1000/4687, Loss: 1.5614650249481201
Batch 1050/4687, Loss: 1.4340035915374756
Batch 1100/4687, Loss: 1.5712167024612427
Batch 1150/4687, Loss: 1.4935898780822754
Batch 1200/4687, Loss: 1.5772950649261475
Batch 1250/4687, Loss: 1.5542259216308594
Batch 1300/4687, Loss: 1.1890932321548462
Batch 1350/4687, Loss: 1.2090669870376587
Batch 1400/4687, Loss: 1.6163256168365479
Batch 1450/4687, Loss: 1.4851367473602295
Batch 1500/4687, Loss: 1.338135004043579
Batch 1550/4687, Loss: 1.4239661693572998
Batch 1600/4687, Loss: 1.6340746879577637
Batch 1650/4687, Loss: 1.49918532371521
Batch 1700/4687, Loss: 1.6401493549346924
Batch 1750/4687, Loss: 1.3960134983062744
Batch 1800/4687, Loss: 1.4926502704620361
Batch 1850/4687, Loss: 1.4459387063980103
Batch 1900/4687, Loss: 1.3441184759140015
Batch 1950/4687, Loss: 1.4775711297988892
Batch 2000/4687, Loss: 1.5368964672088623
Batch 2050/4687, Loss: 1.4025673866271973
Batch 2100/4687, Loss: 1.4507200717926025
Batch 2150/4687, Loss: 1.5370895862579346
Batch 2200/4687, Loss: 1.4751055240631104
Batch 2250/4687, Loss: 1.4657937288284302
Batch 2300/4687, Loss: 1.2710763216018677
Batch 2350/4687, Loss: 1.566071629524231
Batch 2400/4687, Loss: 1.2445249557495117
Batch 2450/4687, Loss: 1.8645795583724976
Batch 2500/4687, Loss: 1.5586271286010742
Batch 2550/4687, Loss: 1.3390849828720093
Batch 2600/4687, Loss: 1.7181861400604248
Batch 2650/4687, Loss: 1.748154878616333
Batch 2700/4687, Loss: 1.4643009901046753
Batch 2750/4687, Loss: 1.7517032623291016
Batch 2800/4687, Loss: 1.4840688705444336
Batch 2850/4687, Loss: 1.3412595987319946
Batch 2900/4687, Loss: 1.4829561710357666
Batch 2950/4687, Loss: 1.3588814735412598
Batch 3000/4687, Loss: 1.3525073528289795
Batch 3050/4687, Loss: 1.4123198986053467
Batch 3100/4687, Loss: 1.2079421281814575
Batch 3150/4687, Loss: 1.4124689102172852
Batch 3200/4687, Loss: 1.5854368209838867
Batch 3250/4687, Loss: 1.517876148223877
Batch 3300/4687, Loss: 1.8121341466903687
Batch 3350/4687, Loss: 1.3502150774002075
Batch 3400/4687, Loss: 1.6020393371582031
Batch 3450/4687, Loss: 1.2493979930877686
Batch 3500/4687, Loss: 1.5045381784439087
Batch 3550/4687, Loss: 1.4498056173324585
Batch 3600/4687, Loss: 1.603825330734253
Batch 3650/4687, Loss: 1.4085160493850708
Batch 3700/4687, Loss: 1.472825527191162
Batch 3750/4687, Loss: 1.798449158668518
Batch 3800/4687, Loss: 1.5032570362091064
Batch 3850/4687, Loss: 1.4296019077301025
Batch 3900/4687, Loss: 1.3196897506713867
Batch 3950/4687, Loss: 1.4084572792053223
Batch 4000/4687, Loss: 1.45784330368042
Batch 4050/4687, Loss: 1.3475009202957153
Batch 4100/4687, Loss: 1.4876744747161865
Batch 4150/4687, Loss: 1.2504369020462036
Batch 4200/4687, Loss: 1.4028100967407227
Batch 4250/4687, Loss: 1.5915285348892212
Batch 4300/4687, Loss: 1.5114713907241821
Batch 4350/4687, Loss: 1.468291997909546
Batch 4400/4687, Loss: 1.5044065713882446
Batch 4450/4687, Loss: 1.5244075059890747
Batch 4500/4687, Loss: 1.2682795524597168
Batch 4550/4687, Loss: 1.5358132123947144
Batch 4600/4687, Loss: 1.9163280725479126
Batch 4650/4687, Loss: 1.4622747898101807

Start of epoch 17
Batch 0/4687, Loss: 1.5476322174072266
Batch 50/4687, Loss: 1.673691749572754
Batch 100/4687, Loss: 1.2881991863250732
Batch 150/4687, Loss: 1.540018081665039
Batch 200/4687, Loss: 1.5351994037628174
Batch 250/4687, Loss: 1.242189645767212
Batch 300/4687, Loss: 1.2702879905700684
Batch 350/4687, Loss: 1.3406554460525513
Batch 400/4687, Loss: 1.3365232944488525
Batch 450/4687, Loss: 1.6621536016464233
Batch 500/4687, Loss: 1.2731431722640991
Batch 550/4687, Loss: 1.522827386856079
Batch 600/4687, Loss: 1.6615633964538574
Batch 650/4687, Loss: 1.3682283163070679
Batch 700/4687, Loss: 1.3955590724945068
Batch 750/4687, Loss: 1.3655781745910645
Batch 800/4687, Loss: 1.6330251693725586
Batch 850/4687, Loss: 1.4384671449661255
Batch 900/4687, Loss: 1.3003474473953247
Batch 950/4687, Loss: 1.3663830757141113
Batch 1000/4687, Loss: 1.2952098846435547
Batch 1050/4687, Loss: 1.4543386697769165
Batch 1100/4687, Loss: 1.4639482498168945
Batch 1150/4687, Loss: 1.2927055358886719
Batch 1200/4687, Loss: 1.2297579050064087
Batch 1250/4687, Loss: 1.1098880767822266
Batch 1300/4687, Loss: 1.3385968208312988
Batch 1350/4687, Loss: 1.4396809339523315
Batch 1400/4687, Loss: 1.6469672918319702
Batch 1450/4687, Loss: 1.5125293731689453
Batch 1500/4687, Loss: 1.5127949714660645
Batch 1550/4687, Loss: 1.488957405090332
Batch 1600/4687, Loss: 1.2401241064071655
Batch 1650/4687, Loss: 1.4421554803848267
Batch 1700/4687, Loss: 1.374428153038025
Batch 1750/4687, Loss: 1.2963552474975586
Batch 1800/4687, Loss: 1.3016817569732666
Batch 1850/4687, Loss: 1.7005525827407837
Batch 1900/4687, Loss: 1.5832035541534424
Batch 1950/4687, Loss: 1.4363044500350952
Batch 2000/4687, Loss: 1.457137942314148
Batch 2050/4687, Loss: 1.5063368082046509
Batch 2100/4687, Loss: 1.2602746486663818
Batch 2150/4687, Loss: 1.5622919797897339
Batch 2200/4687, Loss: 1.4256246089935303
Batch 2250/4687, Loss: 1.3923605680465698
Batch 2300/4687, Loss: 1.3548204898834229
Batch 2350/4687, Loss: 1.3864439725875854
Batch 2400/4687, Loss: 1.5661524534225464
Batch 2450/4687, Loss: 1.4731123447418213
Batch 2500/4687, Loss: 1.4484877586364746
Batch 2550/4687, Loss: 1.5496972799301147
Batch 2600/4687, Loss: 1.2978737354278564
Batch 2650/4687, Loss: 1.6797688007354736
Batch 2700/4687, Loss: 1.508223533630371
Batch 2750/4687, Loss: 1.6251033544540405
Batch 2800/4687, Loss: 1.5342648029327393
Batch 2850/4687, Loss: 1.2490407228469849
Batch 2900/4687, Loss: 1.3851479291915894
Batch 2950/4687, Loss: 1.5032583475112915
Batch 3000/4687, Loss: 1.6053664684295654
Batch 3050/4687, Loss: 1.4982476234436035
Batch 3100/4687, Loss: 1.3951853513717651
Batch 3150/4687, Loss: 1.7505749464035034
Batch 3200/4687, Loss: 1.3699829578399658
Batch 3250/4687, Loss: 1.51149582862854
Batch 3300/4687, Loss: 1.2123253345489502
Batch 3350/4687, Loss: 1.4715027809143066
Batch 3400/4687, Loss: 1.6695263385772705
Batch 3450/4687, Loss: 1.455461025238037
Batch 3500/4687, Loss: 1.3658123016357422
Batch 3550/4687, Loss: 1.2660738229751587
Batch 3600/4687, Loss: 1.2170145511627197
Batch 3650/4687, Loss: 1.4329873323440552
Batch 3700/4687, Loss: 1.6401549577713013
Batch 3750/4687, Loss: 1.310578465461731
Batch 3800/4687, Loss: 1.429413080215454
Batch 3850/4687, Loss: 1.4270719289779663
Batch 3900/4687, Loss: 1.4879932403564453
Batch 3950/4687, Loss: 1.2873668670654297
Batch 4000/4687, Loss: 1.46392023563385
Batch 4050/4687, Loss: 1.177449345588684
Batch 4100/4687, Loss: 1.300585389137268
Batch 4150/4687, Loss: 1.5325106382369995
Batch 4200/4687, Loss: 1.2892874479293823
Batch 4250/4687, Loss: 1.3215854167938232
Batch 4300/4687, Loss: 1.3968441486358643
Batch 4350/4687, Loss: 1.35764479637146
Batch 4400/4687, Loss: 1.3389524221420288
Batch 4450/4687, Loss: 1.430742621421814
Batch 4500/4687, Loss: 1.5064654350280762
Batch 4550/4687, Loss: 1.3636971712112427
Batch 4600/4687, Loss: 1.4684231281280518
Batch 4650/4687, Loss: 1.4797548055648804

Start of epoch 18
Batch 0/4687, Loss: 1.3203294277191162
Batch 50/4687, Loss: 1.3473577499389648
Batch 100/4687, Loss: 1.1979912519454956
Batch 150/4687, Loss: 1.4858405590057373
Batch 200/4687, Loss: 1.6269056797027588
Batch 250/4687, Loss: 1.3614975214004517
Batch 300/4687, Loss: 1.7912793159484863
Batch 350/4687, Loss: 1.3525663614273071
Batch 400/4687, Loss: 1.6736879348754883
Batch 450/4687, Loss: 1.3404669761657715
Batch 500/4687, Loss: 1.2853071689605713
Batch 550/4687, Loss: 1.2309001684188843
Batch 600/4687, Loss: 1.2657947540283203
Batch 650/4687, Loss: 1.4069103002548218
Batch 700/4687, Loss: 1.3132792711257935
Batch 750/4687, Loss: 1.3125898838043213
Batch 800/4687, Loss: 1.4236972332000732
Batch 850/4687, Loss: 1.4970039129257202
Batch 900/4687, Loss: 1.2518134117126465
Batch 950/4687, Loss: 1.6021318435668945
Batch 1000/4687, Loss: 1.3427404165267944
Batch 1050/4687, Loss: 1.527820110321045
Batch 1100/4687, Loss: 1.4472304582595825
Batch 1150/4687, Loss: 1.5461832284927368
Batch 1200/4687, Loss: 1.410506248474121
Batch 1250/4687, Loss: 1.3223515748977661
Batch 1300/4687, Loss: 1.3578107357025146
Batch 1350/4687, Loss: 1.6296976804733276
Batch 1400/4687, Loss: 1.740537166595459
Batch 1450/4687, Loss: 1.1463327407836914
Batch 1500/4687, Loss: 1.6642986536026
Batch 1550/4687, Loss: 1.0884311199188232
Batch 1600/4687, Loss: 1.722095251083374
Batch 1650/4687, Loss: 1.370958924293518
Batch 1700/4687, Loss: 1.3380241394042969
Batch 1750/4687, Loss: 1.357553482055664
Batch 1800/4687, Loss: 1.6299161911010742
Batch 1850/4687, Loss: 1.348456621170044
Batch 1900/4687, Loss: 1.365681767463684
Batch 1950/4687, Loss: 1.4586553573608398
Batch 2000/4687, Loss: 1.4054944515228271
Batch 2050/4687, Loss: 1.2009814977645874
Batch 2100/4687, Loss: 1.0657142400741577
Batch 2150/4687, Loss: 1.451914668083191
Batch 2200/4687, Loss: 1.359251856803894
Batch 2250/4687, Loss: 1.3866876363754272
Batch 2300/4687, Loss: 1.475468635559082
Batch 2350/4687, Loss: 1.3675811290740967
Batch 2400/4687, Loss: 1.5524630546569824
Batch 2450/4687, Loss: 1.209078311920166
Batch 2500/4687, Loss: 1.2644155025482178
Batch 2550/4687, Loss: 1.5367655754089355
Batch 2600/4687, Loss: 1.4398013353347778
Batch 2650/4687, Loss: 1.4303479194641113
Batch 2700/4687, Loss: 1.3361362218856812
Batch 2750/4687, Loss: 1.1322963237762451
Batch 2800/4687, Loss: 1.3661593198776245
Batch 2850/4687, Loss: 1.3585903644561768
Batch 2900/4687, Loss: 1.5648112297058105
Batch 2950/4687, Loss: 1.5329619646072388
Batch 3000/4687, Loss: 1.6312216520309448
Batch 3050/4687, Loss: 1.2012394666671753
Batch 3100/4687, Loss: 1.235331416130066
Batch 3150/4687, Loss: 1.3908435106277466
Batch 3200/4687, Loss: 1.6416159868240356
Batch 3250/4687, Loss: 1.168789267539978
Batch 3300/4687, Loss: 1.2579752206802368
Batch 3350/4687, Loss: 1.6067211627960205
Batch 3400/4687, Loss: 1.4488006830215454
Batch 3450/4687, Loss: 1.367401123046875
Batch 3500/4687, Loss: 1.3111560344696045
Batch 3550/4687, Loss: 1.6649969816207886
Batch 3600/4687, Loss: 1.133945107460022
Batch 3650/4687, Loss: 1.5160040855407715
Batch 3700/4687, Loss: 1.5630598068237305
Batch 3750/4687, Loss: 1.4493434429168701
Batch 3800/4687, Loss: 1.5727521181106567
Batch 3850/4687, Loss: 1.2458635568618774
Batch 3900/4687, Loss: 1.2856955528259277
Batch 3950/4687, Loss: 1.353981375694275
Batch 4000/4687, Loss: 1.2685587406158447
Batch 4050/4687, Loss: 1.5508383512496948
Batch 4100/4687, Loss: 1.2550809383392334
Batch 4150/4687, Loss: 1.496641755104065
Batch 4200/4687, Loss: 1.5129903554916382
Batch 4250/4687, Loss: 1.2558759450912476
Batch 4300/4687, Loss: 1.535733938217163
Batch 4350/4687, Loss: 1.3769919872283936
Batch 4400/4687, Loss: 1.5876214504241943
Batch 4450/4687, Loss: 1.3333631753921509
Batch 4500/4687, Loss: 1.268447756767273
Batch 4550/4687, Loss: 1.2262587547302246
Batch 4600/4687, Loss: 1.3583214282989502
Batch 4650/4687, Loss: 1.501800298690796

Start of epoch 19
Batch 0/4687, Loss: 1.6232050657272339
Batch 50/4687, Loss: 1.5868744850158691
Batch 100/4687, Loss: 1.4129608869552612
Batch 150/4687, Loss: 1.172298550605774
Batch 200/4687, Loss: 1.6395972967147827
Batch 250/4687, Loss: 1.4821754693984985
Batch 300/4687, Loss: 1.334645390510559
Batch 350/4687, Loss: 1.4323277473449707
Batch 400/4687, Loss: 1.2767657041549683
Batch 450/4687, Loss: 1.4662578105926514
Batch 500/4687, Loss: 1.4627528190612793
Batch 550/4687, Loss: 1.2331984043121338
Batch 600/4687, Loss: 1.3149431943893433
Batch 650/4687, Loss: 1.6348721981048584
Batch 700/4687, Loss: 1.613572359085083
Batch 750/4687, Loss: 1.372907042503357
Batch 800/4687, Loss: 1.3979413509368896
Batch 850/4687, Loss: 1.2283128499984741
Batch 900/4687, Loss: 1.3302133083343506
Batch 950/4687, Loss: 1.2807220220565796
Batch 1000/4687, Loss: 1.4290603399276733
Batch 1050/4687, Loss: 1.295765995979309
Batch 1100/4687, Loss: 1.3669273853302002
Batch 1150/4687, Loss: 1.4898569583892822
Batch 1200/4687, Loss: 1.3539927005767822
Batch 1250/4687, Loss: 1.5287455320358276
Batch 1300/4687, Loss: 1.1394470930099487
Batch 1350/4687, Loss: 1.3803110122680664
Batch 1400/4687, Loss: 1.6293563842773438
Batch 1450/4687, Loss: 1.291481614112854
Batch 1500/4687, Loss: 1.444962501525879
Batch 1550/4687, Loss: 1.261720061302185
Batch 1600/4687, Loss: 1.1956093311309814
Batch 1650/4687, Loss: 1.3582693338394165
Batch 1700/4687, Loss: 1.4556946754455566
Batch 1750/4687, Loss: 1.551444411277771
Batch 1800/4687, Loss: 1.4055225849151611
Batch 1850/4687, Loss: 1.270784854888916
Batch 1900/4687, Loss: 1.3392425775527954
Batch 1950/4687, Loss: 1.2263449430465698
Batch 2000/4687, Loss: 1.4732160568237305
Batch 2050/4687, Loss: 1.296382188796997
Batch 2100/4687, Loss: 1.6442182064056396
Batch 2150/4687, Loss: 1.1700749397277832
Batch 2200/4687, Loss: 1.3280444145202637
Batch 2250/4687, Loss: 1.554771900177002
Batch 2300/4687, Loss: 1.4120616912841797
Batch 2350/4687, Loss: 1.4339252710342407
Batch 2400/4687, Loss: 1.7120321989059448
Batch 2450/4687, Loss: 1.1977455615997314
Batch 2500/4687, Loss: 1.4831724166870117
Batch 2550/4687, Loss: 1.3161303997039795
Batch 2600/4687, Loss: 1.5255823135375977
Batch 2650/4687, Loss: 1.4376471042633057
Batch 2700/4687, Loss: 1.382164478302002
Batch 2750/4687, Loss: 1.410675287246704
Batch 2800/4687, Loss: 1.3463735580444336
Batch 2850/4687, Loss: 1.3780879974365234
Batch 2900/4687, Loss: 1.3218435049057007
Batch 2950/4687, Loss: 1.2584764957427979
Batch 3000/4687, Loss: 1.3265210390090942
Batch 3050/4687, Loss: 1.423245906829834
Batch 3100/4687, Loss: 1.8076956272125244
Batch 3150/4687, Loss: 1.1943343877792358
Batch 3200/4687, Loss: 1.3377375602722168
Batch 3250/4687, Loss: 1.2318593263626099
Batch 3300/4687, Loss: 1.5843693017959595
Batch 3350/4687, Loss: 1.243241786956787
Batch 3400/4687, Loss: 1.2380592823028564
Batch 3450/4687, Loss: 1.062532901763916
Batch 3500/4687, Loss: 1.213401436805725
Batch 3550/4687, Loss: 1.2918753623962402
Batch 3600/4687, Loss: 1.475010633468628
Batch 3650/4687, Loss: 1.2493896484375
Batch 3700/4687, Loss: 0.977637767791748
Batch 3750/4687, Loss: 1.4304544925689697
Batch 3800/4687, Loss: 1.2287611961364746
Batch 3850/4687, Loss: 1.431734323501587
Batch 3900/4687, Loss: 1.3548645973205566
Batch 3950/4687, Loss: 1.4417937994003296
Batch 4000/4687, Loss: 1.0918169021606445
Batch 4050/4687, Loss: 1.1937941312789917
Batch 4100/4687, Loss: 1.2497681379318237
Batch 4150/4687, Loss: 1.3179469108581543
Batch 4200/4687, Loss: 1.5296539068222046
Batch 4250/4687, Loss: 1.2749911546707153
Batch 4300/4687, Loss: 1.4601116180419922
Batch 4350/4687, Loss: 1.408479928970337
Batch 4400/4687, Loss: 1.1629687547683716
Batch 4450/4687, Loss: 1.206432580947876
Batch 4500/4687, Loss: 1.4851473569869995
Batch 4550/4687, Loss: 1.2247568368911743
Batch 4600/4687, Loss: 1.2345339059829712
Batch 4650/4687, Loss: 1.2505933046340942

Start of epoch 20
Batch 0/4687, Loss: 1.4682143926620483
Batch 50/4687, Loss: 1.224776029586792
Batch 100/4687, Loss: 1.1468493938446045
Batch 150/4687, Loss: 1.5376414060592651
Batch 200/4687, Loss: 1.4272278547286987
Batch 250/4687, Loss: 1.2245874404907227
Batch 300/4687, Loss: 1.4128742218017578
Batch 350/4687, Loss: 1.277517557144165
Batch 400/4687, Loss: 1.543691635131836
Batch 450/4687, Loss: 1.0868147611618042
Batch 500/4687, Loss: 1.325107455253601
Batch 550/4687, Loss: 1.33816397190094
Batch 600/4687, Loss: 1.3486766815185547
Batch 650/4687, Loss: 1.28121817111969
Batch 700/4687, Loss: 1.3647382259368896
Batch 750/4687, Loss: 0.9895064830780029
Batch 800/4687, Loss: 1.5905241966247559
Batch 850/4687, Loss: 1.6775423288345337
Batch 900/4687, Loss: 1.4165805578231812
Batch 950/4687, Loss: 1.222855806350708
Batch 1000/4687, Loss: 1.2743463516235352
Batch 1050/4687, Loss: 1.3932220935821533
Batch 1100/4687, Loss: 1.5627228021621704
Batch 1150/4687, Loss: 1.29352867603302
Batch 1200/4687, Loss: 1.1830430030822754
Batch 1250/4687, Loss: 1.4797635078430176
Batch 1300/4687, Loss: 1.3636943101882935
Batch 1350/4687, Loss: 1.373473882675171
Batch 1400/4687, Loss: 1.3254196643829346
Batch 1450/4687, Loss: 1.2578948736190796
Batch 1500/4687, Loss: 1.3885316848754883
Batch 1550/4687, Loss: 1.5184775590896606
Batch 1600/4687, Loss: 1.401505708694458
Batch 1650/4687, Loss: 1.473114252090454
Batch 1700/4687, Loss: 1.5020112991333008
Batch 1750/4687, Loss: 1.1934442520141602
Batch 1800/4687, Loss: 1.632275104522705
Batch 1850/4687, Loss: 1.2961180210113525
Batch 1900/4687, Loss: 1.527036190032959
Batch 1950/4687, Loss: 1.296223521232605
Batch 2000/4687, Loss: 1.4350602626800537
Batch 2050/4687, Loss: 1.279585361480713
Batch 2100/4687, Loss: 1.200240135192871
Batch 2150/4687, Loss: 1.1727187633514404
Batch 2200/4687, Loss: 1.1285094022750854
Batch 2250/4687, Loss: 1.2029993534088135
Batch 2300/4687, Loss: 1.4348772764205933
Batch 2350/4687, Loss: 1.2231909036636353
Batch 2400/4687, Loss: 1.1173902750015259
Batch 2450/4687, Loss: 1.4558849334716797
Batch 2500/4687, Loss: 1.6859747171401978
Batch 2550/4687, Loss: 1.122426986694336
Batch 2600/4687, Loss: 1.3914737701416016
Batch 2650/4687, Loss: 1.3649969100952148
Batch 2700/4687, Loss: 1.45737886428833
Batch 2750/4687, Loss: 1.2516796588897705
Batch 2800/4687, Loss: 1.2930291891098022
Batch 2850/4687, Loss: 1.359225869178772
Batch 2900/4687, Loss: 1.2419753074645996
Batch 2950/4687, Loss: 1.1899586915969849
Batch 3000/4687, Loss: 1.1443867683410645
Batch 3050/4687, Loss: 1.1293108463287354
Batch 3100/4687, Loss: 1.5348072052001953
Batch 3150/4687, Loss: 1.381015658378601
Batch 3200/4687, Loss: 1.1938121318817139
Batch 3250/4687, Loss: 1.3030765056610107
Batch 3300/4687, Loss: 1.1614649295806885
Batch 3350/4687, Loss: 1.597012996673584
Batch 3400/4687, Loss: 1.3644357919692993
Batch 3450/4687, Loss: 1.5999399423599243
Batch 3500/4687, Loss: 1.5952926874160767
Batch 3550/4687, Loss: 1.3195767402648926
Batch 3600/4687, Loss: 1.202604055404663
Batch 3650/4687, Loss: 1.3371614217758179
Batch 3700/4687, Loss: 1.3013497591018677
Batch 3750/4687, Loss: 1.176965594291687
Batch 3800/4687, Loss: 1.2911335229873657
Batch 3850/4687, Loss: 1.1252310276031494
Batch 3900/4687, Loss: 1.242294430732727
Batch 3950/4687, Loss: 1.4327200651168823
Batch 4000/4687, Loss: 1.1718100309371948
Batch 4050/4687, Loss: 1.4500737190246582
Batch 4100/4687, Loss: 1.2689905166625977
Batch 4150/4687, Loss: 1.3885762691497803
Batch 4200/4687, Loss: 1.3509387969970703
Batch 4250/4687, Loss: 1.4821133613586426
Batch 4300/4687, Loss: 1.2751702070236206
Batch 4350/4687, Loss: 1.2695597410202026
Batch 4400/4687, Loss: 1.6007734537124634
Batch 4450/4687, Loss: 1.3202621936798096
Batch 4500/4687, Loss: 1.2411565780639648
Batch 4550/4687, Loss: 1.262382984161377
Batch 4600/4687, Loss: 1.1525261402130127
Batch 4650/4687, Loss: 1.454083800315857

Start of epoch 21
Batch 0/4687, Loss: 1.1035418510437012
Batch 50/4687, Loss: 1.510311484336853
Batch 100/4687, Loss: 1.3022522926330566
Batch 150/4687, Loss: 1.408340573310852
Batch 200/4687, Loss: 1.275036096572876
Batch 250/4687, Loss: 1.1488815546035767
Batch 300/4687, Loss: 1.1849673986434937
Batch 350/4687, Loss: 1.3353501558303833
Batch 400/4687, Loss: 1.2722324132919312
Batch 450/4687, Loss: 1.4118280410766602
Batch 500/4687, Loss: 1.1900449991226196
Batch 550/4687, Loss: 1.3159294128417969
Batch 600/4687, Loss: 1.1659315824508667
Batch 650/4687, Loss: 1.6046366691589355
Batch 700/4687, Loss: 1.094812273979187
Batch 750/4687, Loss: 1.317216396331787
Batch 800/4687, Loss: 1.2986180782318115
Batch 850/4687, Loss: 1.4461770057678223
Batch 900/4687, Loss: 1.3155075311660767
Batch 950/4687, Loss: 1.1614398956298828
Batch 1000/4687, Loss: 1.1966334581375122
Batch 1050/4687, Loss: 1.265238642692566
Batch 1100/4687, Loss: 1.2219910621643066
Batch 1150/4687, Loss: 1.2155991792678833
Batch 1200/4687, Loss: 1.4551281929016113
Batch 1250/4687, Loss: 1.1675668954849243
Batch 1300/4687, Loss: 1.1738446950912476
Batch 1350/4687, Loss: 1.318155288696289
Batch 1400/4687, Loss: 1.401526927947998
Batch 1450/4687, Loss: 1.401301383972168
Batch 1500/4687, Loss: 1.224208116531372
Batch 1550/4687, Loss: 1.1858412027359009
Batch 1600/4687, Loss: 1.1007801294326782
Batch 1650/4687, Loss: 1.2022557258605957
Batch 1700/4687, Loss: 1.2494884729385376
Batch 1750/4687, Loss: 1.3787990808486938
Batch 1800/4687, Loss: 1.1470471620559692
Batch 1850/4687, Loss: 1.187851071357727
Batch 1900/4687, Loss: 1.2124841213226318
Batch 1950/4687, Loss: 1.2901291847229004
Batch 2000/4687, Loss: 1.022207260131836
Batch 2050/4687, Loss: 1.225770115852356
Batch 2100/4687, Loss: 1.1260333061218262
Batch 2150/4687, Loss: 1.2515794038772583
Batch 2200/4687, Loss: 1.0696617364883423
Batch 2250/4687, Loss: 1.1498956680297852
Batch 2300/4687, Loss: 1.099055528640747
Batch 2350/4687, Loss: 1.29443359375
Batch 2400/4687, Loss: 1.3255144357681274
Batch 2450/4687, Loss: 1.353461742401123
Batch 2500/4687, Loss: 1.240523338317871
Batch 2550/4687, Loss: 1.2519943714141846
Batch 2600/4687, Loss: 1.291978359222412
Batch 2650/4687, Loss: 1.5996712446212769
Batch 2700/4687, Loss: 1.503296136856079
Batch 2750/4687, Loss: 1.2980068922042847
Batch 2800/4687, Loss: 1.4329431056976318
Batch 2850/4687, Loss: 1.151389718055725
Batch 2900/4687, Loss: 1.3252243995666504
Batch 2950/4687, Loss: 1.1519775390625
Batch 3000/4687, Loss: 1.0302610397338867
Batch 3050/4687, Loss: 1.180572271347046
Batch 3100/4687, Loss: 1.325647234916687
Batch 3150/4687, Loss: 1.1469624042510986
Batch 3200/4687, Loss: 1.222551703453064
Batch 3250/4687, Loss: 1.3736660480499268
Batch 3300/4687, Loss: 1.3595291376113892
Batch 3350/4687, Loss: 1.2291120290756226
Batch 3400/4687, Loss: 1.2776437997817993
Batch 3450/4687, Loss: 1.1013126373291016
Batch 3500/4687, Loss: 1.1654350757598877
Batch 3550/4687, Loss: 1.316972255706787
Batch 3600/4687, Loss: 1.480719804763794
Batch 3650/4687, Loss: 1.1787283420562744
Batch 3700/4687, Loss: 1.1103988885879517
Batch 3750/4687, Loss: 1.2197299003601074
Batch 3800/4687, Loss: 1.351741909980774
Batch 3850/4687, Loss: 1.0946605205535889
Batch 3900/4687, Loss: 1.156551480293274
Batch 3950/4687, Loss: 1.3294764757156372
Batch 4000/4687, Loss: 1.1837189197540283
Batch 4050/4687, Loss: 1.2512590885162354
Batch 4100/4687, Loss: 1.3637562990188599
Batch 4150/4687, Loss: 1.1532642841339111
Batch 4200/4687, Loss: 1.1484304666519165
Batch 4250/4687, Loss: 1.1123096942901611
Batch 4300/4687, Loss: 1.3714643716812134
Batch 4350/4687, Loss: 1.1581087112426758
Batch 4400/4687, Loss: 1.180808186531067
Batch 4450/4687, Loss: 1.2282973527908325
Batch 4500/4687, Loss: 1.158312201499939
Batch 4550/4687, Loss: 1.2919760942459106
Batch 4600/4687, Loss: 1.4693224430084229
Batch 4650/4687, Loss: 1.3302587270736694

Start of epoch 22
Batch 0/4687, Loss: 1.2027968168258667
Batch 50/4687, Loss: 1.217855453491211
Batch 100/4687, Loss: 1.2334721088409424
Batch 150/4687, Loss: 1.3549948930740356
Batch 200/4687, Loss: 1.1067842245101929
Batch 250/4687, Loss: 1.168465256690979
Batch 300/4687, Loss: 0.9488586187362671
Batch 350/4687, Loss: 1.3153477907180786
Batch 400/4687, Loss: 1.3843798637390137
Batch 450/4687, Loss: 1.3363374471664429
Batch 500/4687, Loss: 1.1188009977340698
Batch 550/4687, Loss: 1.2683688402175903
Batch 600/4687, Loss: 1.2604117393493652
Batch 650/4687, Loss: 1.209055781364441
Batch 700/4687, Loss: 1.3183268308639526
Batch 750/4687, Loss: 1.2067837715148926
Batch 800/4687, Loss: 1.2936502695083618
Batch 850/4687, Loss: 1.1550719738006592
Batch 900/4687, Loss: 1.3621608018875122
Batch 950/4687, Loss: 1.3203861713409424
Batch 1000/4687, Loss: 1.2453035116195679
Batch 1050/4687, Loss: 1.2241883277893066
Batch 1100/4687, Loss: 1.4534668922424316
Batch 1150/4687, Loss: 1.1372218132019043
Batch 1200/4687, Loss: 1.143635869026184
Batch 1250/4687, Loss: 1.1049257516860962
Batch 1300/4687, Loss: 1.0185260772705078
Batch 1350/4687, Loss: 1.3114511966705322
Batch 1400/4687, Loss: 1.0767580270767212
Batch 1450/4687, Loss: 1.3107521533966064
Batch 1500/4687, Loss: 1.2330799102783203
Batch 1550/4687, Loss: 1.3782846927642822
Batch 1600/4687, Loss: 1.0489147901535034
Batch 1650/4687, Loss: 1.3087387084960938
Batch 1700/4687, Loss: 1.2661421298980713
Batch 1750/4687, Loss: 1.394431471824646
Batch 1800/4687, Loss: 1.3107103109359741
Batch 1850/4687, Loss: 1.1926944255828857
Batch 1900/4687, Loss: 1.290230393409729
Batch 1950/4687, Loss: 1.1962356567382812
Batch 2000/4687, Loss: 1.1107436418533325
Batch 2050/4687, Loss: 1.087471842765808
Batch 2100/4687, Loss: 1.5913478136062622
Batch 2150/4687, Loss: 1.1157236099243164
Batch 2200/4687, Loss: 1.2609379291534424
Batch 2250/4687, Loss: 0.966826319694519
Batch 2300/4687, Loss: 1.4016385078430176
Batch 2350/4687, Loss: 1.2934010028839111
Batch 2400/4687, Loss: 1.0725737810134888
Batch 2450/4687, Loss: 1.117842435836792
Batch 2500/4687, Loss: 1.0400824546813965
Batch 2550/4687, Loss: 1.241262674331665
Batch 2600/4687, Loss: 1.2371826171875
Batch 2650/4687, Loss: 1.0316293239593506
Batch 2700/4687, Loss: 1.2634280920028687
Batch 2750/4687, Loss: 1.384793758392334
Batch 2800/4687, Loss: 1.201230764389038
Batch 2850/4687, Loss: 1.5086755752563477
Batch 2900/4687, Loss: 1.1305738687515259
Batch 2950/4687, Loss: 1.1700570583343506
Batch 3000/4687, Loss: 0.9665801525115967
Batch 3050/4687, Loss: 1.2488692998886108
Batch 3100/4687, Loss: 1.1935627460479736
Batch 3150/4687, Loss: 1.2415330410003662
Batch 3200/4687, Loss: 1.1870107650756836
Batch 3250/4687, Loss: 1.0704281330108643
Batch 3300/4687, Loss: 1.2824296951293945
Batch 3350/4687, Loss: 0.9738353490829468
Batch 3400/4687, Loss: 1.4044190645217896
Batch 3450/4687, Loss: 1.2518484592437744
Batch 3500/4687, Loss: 0.9730202555656433
Batch 3550/4687, Loss: 1.2539194822311401
Batch 3600/4687, Loss: 1.29717218875885
Batch 3650/4687, Loss: 1.0322843790054321
Batch 3700/4687, Loss: 1.3834787607192993
Batch 3750/4687, Loss: 1.304849624633789
Batch 3800/4687, Loss: 1.2709482908248901
Batch 3850/4687, Loss: 1.1968836784362793
Batch 3900/4687, Loss: 1.1219810247421265
Batch 3950/4687, Loss: 0.952337384223938
Batch 4000/4687, Loss: 1.3635045289993286
Batch 4050/4687, Loss: 1.0796613693237305
Batch 4100/4687, Loss: 0.9575200080871582
Batch 4150/4687, Loss: 1.274943470954895
Batch 4200/4687, Loss: 1.189740777015686
Batch 4250/4687, Loss: 1.1375250816345215
Batch 4300/4687, Loss: 0.988446056842804
Batch 4350/4687, Loss: 1.1597756147384644
Batch 4400/4687, Loss: 1.1241905689239502
Batch 4450/4687, Loss: 1.1944587230682373
Batch 4500/4687, Loss: 1.158564805984497
Batch 4550/4687, Loss: 1.2772177457809448
Batch 4600/4687, Loss: 1.012549638748169
Batch 4650/4687, Loss: 1.3756744861602783

Start of epoch 23
Batch 0/4687, Loss: 1.261867642402649
Batch 50/4687, Loss: 1.1300930976867676
Batch 100/4687, Loss: 1.1126586198806763
Batch 150/4687, Loss: 1.0672392845153809
Batch 200/4687, Loss: 1.1421531438827515
Batch 250/4687, Loss: 1.273939609527588
Batch 300/4687, Loss: 1.19100821018219
Batch 350/4687, Loss: 1.0566129684448242
Batch 400/4687, Loss: 1.4229774475097656
Batch 450/4687, Loss: 1.3538068532943726
Batch 500/4687, Loss: 1.2755658626556396
Batch 550/4687, Loss: 1.3389430046081543
Batch 600/4687, Loss: 1.2810592651367188
Batch 650/4687, Loss: 1.2259620428085327
Batch 700/4687, Loss: 1.200231909751892
Batch 750/4687, Loss: 0.9822234511375427
Batch 800/4687, Loss: 1.2496856451034546
Batch 850/4687, Loss: 1.1606276035308838
Batch 900/4687, Loss: 1.12248957157135
Batch 950/4687, Loss: 1.251518726348877
Batch 1000/4687, Loss: 1.1711397171020508
Batch 1050/4687, Loss: 1.2264127731323242
Batch 1100/4687, Loss: 1.36212158203125
Batch 1150/4687, Loss: 1.3567523956298828
Batch 1200/4687, Loss: 1.279523491859436
Batch 1250/4687, Loss: 1.1876811981201172
Batch 1300/4687, Loss: 1.16069757938385
Batch 1350/4687, Loss: 1.1694353818893433
Batch 1400/4687, Loss: 1.2797307968139648
Batch 1450/4687, Loss: 1.2720040082931519
Batch 1500/4687, Loss: 1.1557667255401611
Batch 1550/4687, Loss: 1.1039133071899414
Batch 1600/4687, Loss: 1.2044272422790527
Batch 1650/4687, Loss: 1.0880076885223389
Batch 1700/4687, Loss: 1.1045185327529907
Batch 1750/4687, Loss: 1.0809359550476074
Batch 1800/4687, Loss: 1.206069827079773
Batch 1850/4687, Loss: 0.9797327518463135
Batch 1900/4687, Loss: 1.1559902429580688
Batch 1950/4687, Loss: 1.265061378479004
Batch 2000/4687, Loss: 1.0651795864105225
Batch 2050/4687, Loss: 1.0955462455749512
Batch 2100/4687, Loss: 1.3568679094314575
Batch 2150/4687, Loss: 0.9488310217857361
Batch 2200/4687, Loss: 1.1254327297210693
Batch 2250/4687, Loss: 1.2372287511825562
Batch 2300/4687, Loss: 1.5047149658203125
Batch 2350/4687, Loss: 1.0532482862472534
Batch 2400/4687, Loss: 0.9761735796928406
Batch 2450/4687, Loss: 1.1423794031143188
Batch 2500/4687, Loss: 1.2464864253997803
Batch 2550/4687, Loss: 1.3846936225891113
Batch 2600/4687, Loss: 1.154111385345459
Batch 2650/4687, Loss: 1.1251161098480225
Batch 2700/4687, Loss: 1.2243608236312866
Batch 2750/4687, Loss: 0.8432921171188354
Batch 2800/4687, Loss: 1.0723661184310913
Batch 2850/4687, Loss: 1.0302060842514038
Batch 2900/4687, Loss: 0.9948828220367432
Batch 2950/4687, Loss: 1.0565948486328125
Batch 3000/4687, Loss: 0.9823735952377319
Batch 3050/4687, Loss: 1.144300937652588
Batch 3100/4687, Loss: 1.394708514213562
Batch 3150/4687, Loss: 1.2245159149169922
Batch 3200/4687, Loss: 1.4632599353790283
Batch 3250/4687, Loss: 1.2950477600097656
Batch 3300/4687, Loss: 1.0078961849212646
Batch 3350/4687, Loss: 1.2976322174072266
Batch 3400/4687, Loss: 0.9611777663230896
Batch 3450/4687, Loss: 1.13883376121521
Batch 3500/4687, Loss: 1.094089388847351
Batch 3550/4687, Loss: 0.9595597386360168
Batch 3600/4687, Loss: 1.4447362422943115
Batch 3650/4687, Loss: 1.183768391609192
Batch 3700/4687, Loss: 1.2290658950805664
Batch 3750/4687, Loss: 1.1330647468566895
Batch 3800/4687, Loss: 1.1626543998718262
Batch 3850/4687, Loss: 1.1914986371994019
Batch 3900/4687, Loss: 0.926017165184021
Batch 3950/4687, Loss: 1.2858242988586426
Batch 4000/4687, Loss: 1.3611043691635132
Batch 4050/4687, Loss: 1.1773079633712769
Batch 4100/4687, Loss: 1.1775195598602295
Batch 4150/4687, Loss: 0.9699315428733826
Batch 4200/4687, Loss: 0.9776683449745178
Batch 4250/4687, Loss: 1.2231500148773193
Batch 4300/4687, Loss: 0.9635182023048401
Batch 4350/4687, Loss: 1.1410706043243408
Batch 4400/4687, Loss: 1.017411708831787
Batch 4450/4687, Loss: 1.2784435749053955
Batch 4500/4687, Loss: 1.1494652032852173
Batch 4550/4687, Loss: 1.1732282638549805
Batch 4600/4687, Loss: 1.1730284690856934
Batch 4650/4687, Loss: 0.9839849472045898

Start of epoch 24
Batch 0/4687, Loss: 1.2005430459976196
Batch 50/4687, Loss: 1.2888344526290894
Batch 100/4687, Loss: 1.3274011611938477
Batch 150/4687, Loss: 0.9494659304618835
Batch 200/4687, Loss: 1.1253228187561035
Batch 250/4687, Loss: 1.182273507118225
Batch 300/4687, Loss: 1.0882056951522827
Batch 350/4687, Loss: 1.2292433977127075
Batch 400/4687, Loss: 1.2135597467422485
Batch 450/4687, Loss: 1.214275598526001
Batch 500/4687, Loss: 0.9745469689369202
Batch 550/4687, Loss: 1.0988596677780151
Batch 600/4687, Loss: 1.1717815399169922
Batch 650/4687, Loss: 1.282962679862976
Batch 700/4687, Loss: 1.2751007080078125
Batch 750/4687, Loss: 1.3199762105941772
Batch 800/4687, Loss: 1.0267466306686401
Batch 850/4687, Loss: 0.8884137272834778
Batch 900/4687, Loss: 1.1383867263793945
Batch 950/4687, Loss: 1.1353141069412231
Batch 1000/4687, Loss: 1.0621402263641357
Batch 1050/4687, Loss: 1.0247143507003784
Batch 1100/4687, Loss: 1.2597379684448242
Batch 1150/4687, Loss: 1.119490623474121
Batch 1200/4687, Loss: 1.0597419738769531
Batch 1250/4687, Loss: 0.9222667217254639
Batch 1300/4687, Loss: 1.0066782236099243
Batch 1350/4687, Loss: 0.9735385775566101
Batch 1400/4687, Loss: 1.3367739915847778
Batch 1450/4687, Loss: 1.0567084550857544
Batch 1500/4687, Loss: 0.9094324111938477
Batch 1550/4687, Loss: 1.1210598945617676
Batch 1600/4687, Loss: 1.1070650815963745
Batch 1650/4687, Loss: 1.1600301265716553
Batch 1700/4687, Loss: 0.9000921845436096
Batch 1750/4687, Loss: 1.2590351104736328
Batch 1800/4687, Loss: 1.2231392860412598
Batch 1850/4687, Loss: 1.1024478673934937
Batch 1900/4687, Loss: 1.1008363962173462
Batch 1950/4687, Loss: 1.1523690223693848
Batch 2000/4687, Loss: 1.0719581842422485
Batch 2050/4687, Loss: 1.05963134765625
Batch 2100/4687, Loss: 1.2141624689102173
Batch 2150/4687, Loss: 1.192818522453308
Batch 2200/4687, Loss: 1.1558715105056763
Batch 2250/4687, Loss: 1.1272051334381104
Batch 2300/4687, Loss: 0.9455865621566772
Batch 2350/4687, Loss: 1.1276136636734009
Batch 2400/4687, Loss: 0.8778709173202515
Batch 2450/4687, Loss: 0.8984861969947815
Batch 2500/4687, Loss: 1.1767679452896118
Batch 2550/4687, Loss: 1.3426225185394287
Batch 2600/4687, Loss: 0.9259490370750427
Batch 2650/4687, Loss: 0.919187605381012
Batch 2700/4687, Loss: 1.3983850479125977
Batch 2750/4687, Loss: 1.3277313709259033
Batch 2800/4687, Loss: 0.9758356213569641
Batch 2850/4687, Loss: 0.9583163261413574
Batch 2900/4687, Loss: 1.1809728145599365
Batch 2950/4687, Loss: 1.032449722290039
Batch 3000/4687, Loss: 1.209669828414917
Batch 3050/4687, Loss: 0.954675018787384
Batch 3100/4687, Loss: 1.1048427820205688
Batch 3150/4687, Loss: 0.9429919719696045
Batch 3200/4687, Loss: 1.1664708852767944
Batch 3250/4687, Loss: 1.081301212310791
Batch 3300/4687, Loss: 0.9028763771057129
Batch 3350/4687, Loss: 1.0379180908203125
Batch 3400/4687, Loss: 1.1212265491485596
Batch 3450/4687, Loss: 1.1699098348617554
Batch 3500/4687, Loss: 0.9657897353172302
Batch 3550/4687, Loss: 1.3158228397369385
Batch 3600/4687, Loss: 0.9769200682640076
Batch 3650/4687, Loss: 0.9165836572647095
Batch 3700/4687, Loss: 1.1326725482940674
Batch 3750/4687, Loss: 1.3363761901855469
Batch 3800/4687, Loss: 1.120876431465149
Batch 3850/4687, Loss: 1.0109901428222656
Batch 3900/4687, Loss: 1.0999658107757568
Batch 3950/4687, Loss: 1.1805000305175781
Batch 4000/4687, Loss: 1.049965739250183
Batch 4050/4687, Loss: 1.149356484413147
Batch 4100/4687, Loss: 1.1863315105438232
Batch 4150/4687, Loss: 1.245286464691162
Batch 4200/4687, Loss: 1.2534276247024536
Batch 4250/4687, Loss: 1.247292160987854
Batch 4300/4687, Loss: 1.1183412075042725
Batch 4350/4687, Loss: 0.8680394887924194
Batch 4400/4687, Loss: 0.9404715299606323
Batch 4450/4687, Loss: 1.0699611902236938
Batch 4500/4687, Loss: 1.0311015844345093
Batch 4550/4687, Loss: 1.288785457611084
Batch 4600/4687, Loss: 1.0187863111495972
Batch 4650/4687, Loss: 1.010594367980957

Start of epoch 25
Batch 0/4687, Loss: 1.2294447422027588
Batch 50/4687, Loss: 0.9654217958450317
Batch 100/4687, Loss: 1.1512892246246338
Batch 150/4687, Loss: 1.2049790620803833
Batch 200/4687, Loss: 1.093315839767456
Batch 250/4687, Loss: 1.0644274950027466
Batch 300/4687, Loss: 1.1600481271743774
Batch 350/4687, Loss: 1.3956427574157715
Batch 400/4687, Loss: 0.9849928617477417
Batch 450/4687, Loss: 1.288661241531372
Batch 500/4687, Loss: 1.0501816272735596
Batch 550/4687, Loss: 1.0318479537963867
Batch 600/4687, Loss: 1.2955527305603027
Batch 650/4687, Loss: 1.0765165090560913
Batch 700/4687, Loss: 1.0501306056976318
Batch 750/4687, Loss: 1.3864665031433105
Batch 800/4687, Loss: 1.1564319133758545
Batch 850/4687, Loss: 1.083738923072815
Batch 900/4687, Loss: 1.2420086860656738
Batch 950/4687, Loss: 1.1868189573287964
Batch 1000/4687, Loss: 0.9334221482276917
Batch 1050/4687, Loss: 1.11131751537323
Batch 1100/4687, Loss: 1.1336255073547363
Batch 1150/4687, Loss: 1.0083909034729004
Batch 1200/4687, Loss: 0.9199361205101013
Batch 1250/4687, Loss: 1.175997018814087
Batch 1300/4687, Loss: 0.8010134696960449
Batch 1350/4687, Loss: 1.003133773803711
Batch 1400/4687, Loss: 0.9040073752403259
Batch 1450/4687, Loss: 1.0422598123550415
Batch 1500/4687, Loss: 1.0321738719940186
Batch 1550/4687, Loss: 1.0908914804458618
Batch 1600/4687, Loss: 1.0410984754562378
Batch 1650/4687, Loss: 0.9586549997329712
Batch 1700/4687, Loss: 1.0163873434066772
Batch 1750/4687, Loss: 1.130781888961792
Batch 1800/4687, Loss: 1.2401670217514038
Batch 1850/4687, Loss: 0.9859212636947632
Batch 1900/4687, Loss: 1.3379778861999512
Batch 1950/4687, Loss: 1.2310783863067627
Batch 2000/4687, Loss: 1.0425727367401123
Batch 2050/4687, Loss: 1.0529999732971191
Batch 2100/4687, Loss: 1.148514986038208
Batch 2150/4687, Loss: 1.1658879518508911
Batch 2200/4687, Loss: 1.1525053977966309
Batch 2250/4687, Loss: 1.445481538772583
Batch 2300/4687, Loss: 1.1478906869888306
Batch 2350/4687, Loss: 1.070082426071167
Batch 2400/4687, Loss: 1.2163541316986084
Batch 2450/4687, Loss: 1.1741642951965332
Batch 2500/4687, Loss: 1.2755255699157715
Batch 2550/4687, Loss: 1.0614920854568481
Batch 2600/4687, Loss: 1.1272797584533691
Batch 2650/4687, Loss: 0.967204213142395
Batch 2700/4687, Loss: 1.2078030109405518
Batch 2750/4687, Loss: 0.8096071481704712
Batch 2800/4687, Loss: 1.4415743350982666
Batch 2850/4687, Loss: 1.0364346504211426
Batch 2900/4687, Loss: 0.9713284969329834
Batch 2950/4687, Loss: 1.0891380310058594
Batch 3000/4687, Loss: 1.1244864463806152
Batch 3050/4687, Loss: 1.396054983139038
Batch 3100/4687, Loss: 1.100090742111206
Batch 3150/4687, Loss: 1.1367720365524292
Batch 3200/4687, Loss: 1.2629406452178955
Batch 3250/4687, Loss: 0.8864213824272156
Batch 3300/4687, Loss: 1.238817572593689
Batch 3350/4687, Loss: 1.212281584739685
Batch 3400/4687, Loss: 1.020350456237793
Batch 3450/4687, Loss: 0.9732730984687805
Batch 3500/4687, Loss: 1.2997926473617554
Batch 3550/4687, Loss: 1.0697948932647705
Batch 3600/4687, Loss: 0.9947493076324463
Batch 3650/4687, Loss: 1.0681309700012207
Batch 3700/4687, Loss: 1.3104567527770996
Batch 3750/4687, Loss: 1.1780683994293213
Batch 3800/4687, Loss: 1.1056928634643555
Batch 3850/4687, Loss: 0.9272317886352539
Batch 3900/4687, Loss: 1.0012308359146118
Batch 3950/4687, Loss: 1.097604751586914
Batch 4000/4687, Loss: 1.324522852897644
Batch 4050/4687, Loss: 1.1054350137710571
Batch 4100/4687, Loss: 1.0858287811279297
Batch 4150/4687, Loss: 0.9840540289878845
Batch 4200/4687, Loss: 1.2491767406463623
Batch 4250/4687, Loss: 1.0703063011169434
Batch 4300/4687, Loss: 1.1393121480941772
Batch 4350/4687, Loss: 1.2129409313201904
Batch 4400/4687, Loss: 1.125524878501892
Batch 4450/4687, Loss: 1.163718581199646
Batch 4500/4687, Loss: 1.231601595878601
Batch 4550/4687, Loss: 1.1451058387756348
Batch 4600/4687, Loss: 1.2659378051757812
Batch 4650/4687, Loss: 1.2912182807922363

Start of epoch 26
Batch 0/4687, Loss: 0.9539426565170288
Batch 50/4687, Loss: 1.170538306236267
Batch 100/4687, Loss: 1.290853500366211
Batch 150/4687, Loss: 0.9305676221847534
Batch 200/4687, Loss: 1.0564861297607422
Batch 250/4687, Loss: 0.9950711131095886
Batch 300/4687, Loss: 0.9132950901985168
Batch 350/4687, Loss: 0.803444504737854
Batch 400/4687, Loss: 1.252379298210144
Batch 450/4687, Loss: 1.124623417854309
Batch 500/4687, Loss: 1.570103645324707
Batch 550/4687, Loss: 1.03890061378479
Batch 600/4687, Loss: 0.9989323616027832
Batch 650/4687, Loss: 1.0852434635162354
Batch 700/4687, Loss: 1.1997493505477905
Batch 750/4687, Loss: 1.1832138299942017
Batch 800/4687, Loss: 1.097783088684082
Batch 850/4687, Loss: 0.9570070505142212
Batch 900/4687, Loss: 1.1886807680130005
Batch 950/4687, Loss: 1.180798053741455
Batch 1000/4687, Loss: 1.0376601219177246
Batch 1050/4687, Loss: 1.1747527122497559
Batch 1100/4687, Loss: 1.155327320098877
Batch 1150/4687, Loss: 1.091054916381836
Batch 1200/4687, Loss: 0.9459768533706665
Batch 1250/4687, Loss: 0.9982698559761047
Batch 1300/4687, Loss: 1.275747537612915
Batch 1350/4687, Loss: 1.0043399333953857
Batch 1400/4687, Loss: 1.3492554426193237
Batch 1450/4687, Loss: 0.9721074104309082
Batch 1500/4687, Loss: 1.3489446640014648
Batch 1550/4687, Loss: 1.0760992765426636
Batch 1600/4687, Loss: 0.9605028033256531
Batch 1650/4687, Loss: 0.7601222991943359
Batch 1700/4687, Loss: 0.9744921922683716
Batch 1750/4687, Loss: 0.929252564907074
Batch 1800/4687, Loss: 1.0299396514892578
Batch 1850/4687, Loss: 0.9745438694953918
Batch 1900/4687, Loss: 1.1096028089523315
Batch 1950/4687, Loss: 0.9883840084075928
Batch 2000/4687, Loss: 1.0603283643722534
Batch 2050/4687, Loss: 1.3016411066055298
Batch 2100/4687, Loss: 0.9152411222457886
Batch 2150/4687, Loss: 1.0538979768753052
Batch 2200/4687, Loss: 1.0222761631011963
Batch 2250/4687, Loss: 1.0077184438705444
Batch 2300/4687, Loss: 0.9712616801261902
Batch 2350/4687, Loss: 0.9667290449142456
Batch 2400/4687, Loss: 1.1381558179855347
Batch 2450/4687, Loss: 1.0801644325256348
Batch 2500/4687, Loss: 1.025378704071045
Batch 2550/4687, Loss: 0.9959462285041809
Batch 2600/4687, Loss: 1.1517707109451294
Batch 2650/4687, Loss: 0.8601691126823425
Batch 2700/4687, Loss: 0.832097589969635
Batch 2750/4687, Loss: 1.3657269477844238
Batch 2800/4687, Loss: 1.178218960762024
Batch 2850/4687, Loss: 1.0586624145507812
Batch 2900/4687, Loss: 1.1461589336395264
Batch 2950/4687, Loss: 0.9142323732376099
Batch 3000/4687, Loss: 1.038453459739685
Batch 3050/4687, Loss: 0.9606717824935913
Batch 3100/4687, Loss: 1.045674443244934
Batch 3150/4687, Loss: 0.765453577041626
Batch 3200/4687, Loss: 1.1404348611831665
Batch 3250/4687, Loss: 1.1843657493591309
Batch 3300/4687, Loss: 1.0539193153381348
Batch 3350/4687, Loss: 1.409863829612732
Batch 3400/4687, Loss: 1.16014564037323
Batch 3450/4687, Loss: 1.2367238998413086
Batch 3500/4687, Loss: 0.9530255794525146
Batch 3550/4687, Loss: 1.0558395385742188
Batch 3600/4687, Loss: 1.4151990413665771
Batch 3650/4687, Loss: 0.9067220687866211
Batch 3700/4687, Loss: 1.233438491821289
Batch 3750/4687, Loss: 1.1889132261276245
Batch 3800/4687, Loss: 0.9419803023338318
Batch 3850/4687, Loss: 1.0446209907531738
Batch 3900/4687, Loss: 0.9502225518226624
Batch 3950/4687, Loss: 0.9926349520683289
Batch 4000/4687, Loss: 1.0873585939407349
Batch 4050/4687, Loss: 0.944219708442688
Batch 4100/4687, Loss: 1.0607070922851562
Batch 4150/4687, Loss: 1.0803427696228027
Batch 4200/4687, Loss: 1.0690250396728516
Batch 4250/4687, Loss: 1.0071537494659424
Batch 4300/4687, Loss: 0.8269988298416138
Batch 4350/4687, Loss: 1.0023728609085083
Batch 4400/4687, Loss: 1.0685991048812866
Batch 4450/4687, Loss: 0.8840851187705994
Batch 4500/4687, Loss: 0.9541127681732178
Batch 4550/4687, Loss: 0.7949588894844055
Batch 4600/4687, Loss: 0.954132616519928
Batch 4650/4687, Loss: 1.0749775171279907

Start of epoch 27
Batch 0/4687, Loss: 1.0207164287567139
Batch 50/4687, Loss: 1.2746753692626953
Batch 100/4687, Loss: 1.092026948928833
Batch 150/4687, Loss: 0.8864246010780334
Batch 200/4687, Loss: 0.9810737371444702
Batch 250/4687, Loss: 1.0095981359481812
Batch 300/4687, Loss: 1.068721055984497
Batch 350/4687, Loss: 0.8574267625808716
Batch 400/4687, Loss: 0.8959639668464661
Batch 450/4687, Loss: 1.2158746719360352
Batch 500/4687, Loss: 0.9097403287887573
Batch 550/4687, Loss: 1.0727977752685547
Batch 600/4687, Loss: 1.075270414352417
Batch 650/4687, Loss: 0.8784339427947998
Batch 700/4687, Loss: 1.130189061164856
Batch 750/4687, Loss: 1.1984699964523315
Batch 800/4687, Loss: 1.3629250526428223
Batch 850/4687, Loss: 1.0970968008041382
Batch 900/4687, Loss: 0.9066255688667297
Batch 950/4687, Loss: 1.0222108364105225
Batch 1000/4687, Loss: 1.0221519470214844
Batch 1050/4687, Loss: 1.0909206867218018
Batch 1100/4687, Loss: 0.9517084956169128
Batch 1150/4687, Loss: 0.9546651244163513
Batch 1200/4687, Loss: 1.0137743949890137
Batch 1250/4687, Loss: 1.236199140548706
Batch 1300/4687, Loss: 1.0836641788482666
Batch 1350/4687, Loss: 1.0614341497421265
Batch 1400/4687, Loss: 1.1515716314315796
Batch 1450/4687, Loss: 0.8825711011886597
Batch 1500/4687, Loss: 0.9984359741210938
Batch 1550/4687, Loss: 1.235138177871704
Batch 1600/4687, Loss: 0.9789315462112427
Batch 1650/4687, Loss: 1.029451847076416
Batch 1700/4687, Loss: 0.9068793058395386
Batch 1750/4687, Loss: 0.9620989561080933
Batch 1800/4687, Loss: 0.8152107000350952
Batch 1850/4687, Loss: 1.1137007474899292
Batch 1900/4687, Loss: 1.0211515426635742
Batch 1950/4687, Loss: 1.1355693340301514
Batch 2000/4687, Loss: 0.9460813403129578
Batch 2050/4687, Loss: 0.9874272346496582
Batch 2100/4687, Loss: 1.038597822189331
Batch 2150/4687, Loss: 1.3701595067977905
Batch 2200/4687, Loss: 1.0306657552719116
Batch 2250/4687, Loss: 0.9105467796325684
Batch 2300/4687, Loss: 0.9713542461395264
Batch 2350/4687, Loss: 1.031064748764038
Batch 2400/4687, Loss: 0.8154423832893372
Batch 2450/4687, Loss: 0.8559447526931763
Batch 2500/4687, Loss: 1.0658236742019653
Batch 2550/4687, Loss: 0.8796400427818298
Batch 2600/4687, Loss: 1.1258153915405273
Batch 2650/4687, Loss: 1.080224633216858
Batch 2700/4687, Loss: 0.9528234004974365
Batch 2750/4687, Loss: 1.297524333000183
Batch 2800/4687, Loss: 0.7589548230171204
Batch 2850/4687, Loss: 0.8364706635475159
Batch 2900/4687, Loss: 0.9579074382781982
Batch 2950/4687, Loss: 0.9439019560813904
Batch 3000/4687, Loss: 1.0791136026382446
Batch 3050/4687, Loss: 0.9718597531318665
Batch 3100/4687, Loss: 0.9509150385856628
Batch 3150/4687, Loss: 0.7243558764457703
Batch 3200/4687, Loss: 1.0415046215057373
Batch 3250/4687, Loss: 0.9399508833885193
Batch 3300/4687, Loss: 1.0200326442718506
Batch 3350/4687, Loss: 0.8983660340309143
Batch 3400/4687, Loss: 0.9494885206222534
Batch 3450/4687, Loss: 1.1766934394836426
Batch 3500/4687, Loss: 0.9779295921325684
Batch 3550/4687, Loss: 0.9335599541664124
Batch 3600/4687, Loss: 1.2191245555877686
Batch 3650/4687, Loss: 1.155369758605957
Batch 3700/4687, Loss: 0.9724714159965515
Batch 3750/4687, Loss: 0.9842401146888733
Batch 3800/4687, Loss: 1.1190110445022583
Batch 3850/4687, Loss: 0.841427206993103
Batch 3900/4687, Loss: 1.3690192699432373
Batch 3950/4687, Loss: 1.0768585205078125
Batch 4000/4687, Loss: 0.8814732432365417
Batch 4050/4687, Loss: 1.0389320850372314
Batch 4100/4687, Loss: 0.9980331659317017
Batch 4150/4687, Loss: 0.9666003584861755
Batch 4200/4687, Loss: 0.8948832750320435
Batch 4250/4687, Loss: 0.9998002648353577
Batch 4300/4687, Loss: 0.9195259809494019
Batch 4350/4687, Loss: 0.8957730531692505
Batch 4400/4687, Loss: 1.068270206451416
Batch 4450/4687, Loss: 0.9612999558448792
Batch 4500/4687, Loss: 0.9004314541816711
Batch 4550/4687, Loss: 1.0541088581085205
Batch 4600/4687, Loss: 0.9710697531700134
Batch 4650/4687, Loss: 0.9445090293884277

Start of epoch 28
Batch 0/4687, Loss: 0.9814687967300415
Batch 50/4687, Loss: 0.9591320753097534
Batch 100/4687, Loss: 1.1118462085723877
Batch 150/4687, Loss: 0.9044770002365112
Batch 200/4687, Loss: 0.8468948602676392
Batch 250/4687, Loss: 1.1594635248184204
Batch 300/4687, Loss: 0.865494430065155
Batch 350/4687, Loss: 0.9128332138061523
Batch 400/4687, Loss: 0.9542179703712463
Batch 450/4687, Loss: 1.0657153129577637
Batch 500/4687, Loss: 0.8721570372581482
Batch 550/4687, Loss: 0.9819747805595398
Batch 600/4687, Loss: 0.9114327430725098
Batch 650/4687, Loss: 1.0358632802963257
Batch 700/4687, Loss: 1.0670032501220703
Batch 750/4687, Loss: 1.0084340572357178
Batch 800/4687, Loss: 0.7919819355010986
Batch 850/4687, Loss: 0.9795345664024353
Batch 900/4687, Loss: 1.077632188796997
Batch 950/4687, Loss: 0.8078495264053345
Batch 1000/4687, Loss: 1.0820658206939697
Batch 1050/4687, Loss: 1.0333325862884521
Batch 1100/4687, Loss: 0.9200325012207031
Batch 1150/4687, Loss: 0.8673504590988159
Batch 1200/4687, Loss: 0.9052945375442505
Batch 1250/4687, Loss: 0.9659427404403687
Batch 1300/4687, Loss: 1.1441351175308228
Batch 1350/4687, Loss: 1.0732147693634033
Batch 1400/4687, Loss: 0.9363595843315125
Batch 1450/4687, Loss: 1.1581486463546753
Batch 1500/4687, Loss: 0.9993415474891663
Batch 1550/4687, Loss: 0.809242844581604
Batch 1600/4687, Loss: 0.8966562747955322
Batch 1650/4687, Loss: 0.9778543710708618
Batch 1700/4687, Loss: 1.0012315511703491
Batch 1750/4687, Loss: 0.9003411531448364
Batch 1800/4687, Loss: 0.9611283540725708
Batch 1850/4687, Loss: 0.8409228324890137
Batch 1900/4687, Loss: 0.9295946359634399
Batch 1950/4687, Loss: 0.8732701539993286
Batch 2000/4687, Loss: 0.9534143209457397
Batch 2050/4687, Loss: 0.8273649215698242
Batch 2100/4687, Loss: 1.0911448001861572
Batch 2150/4687, Loss: 0.9749734401702881
Batch 2200/4687, Loss: 0.9766879677772522
Batch 2250/4687, Loss: 1.0940229892730713
Batch 2300/4687, Loss: 0.9650600552558899
Batch 2350/4687, Loss: 0.9151259064674377
Batch 2400/4687, Loss: 1.0991811752319336
Batch 2450/4687, Loss: 0.9219657182693481
Batch 2500/4687, Loss: 0.854565441608429
Batch 2550/4687, Loss: 0.7331783771514893
Batch 2600/4687, Loss: 0.9651058316230774
Batch 2650/4687, Loss: 1.20924711227417
Batch 2700/4687, Loss: 0.887827455997467
Batch 2750/4687, Loss: 0.9032416939735413
Batch 2800/4687, Loss: 1.0367826223373413
Batch 2850/4687, Loss: 1.1146788597106934
Batch 2900/4687, Loss: 0.8529090285301208
Batch 2950/4687, Loss: 0.9918996691703796
Batch 3000/4687, Loss: 0.8360987305641174
Batch 3050/4687, Loss: 0.8730255365371704
Batch 3100/4687, Loss: 0.9369305968284607
Batch 3150/4687, Loss: 0.9841979146003723
Batch 3200/4687, Loss: 1.1139676570892334
Batch 3250/4687, Loss: 1.049047827720642
Batch 3300/4687, Loss: 1.0955915451049805
Batch 3350/4687, Loss: 0.7733315229415894
Batch 3400/4687, Loss: 0.9003463387489319
Batch 3450/4687, Loss: 0.8028029799461365
Batch 3500/4687, Loss: 0.8879872560501099
Batch 3550/4687, Loss: 1.1643623113632202
Batch 3600/4687, Loss: 0.8495806455612183
Batch 3650/4687, Loss: 0.8461484313011169
Batch 3700/4687, Loss: 1.053772211074829
Batch 3750/4687, Loss: 0.8047203421592712
Batch 3800/4687, Loss: 1.1828559637069702
Batch 3850/4687, Loss: 0.8311430215835571
Batch 3900/4687, Loss: 1.0894474983215332
Batch 3950/4687, Loss: 1.0381892919540405
Batch 4000/4687, Loss: 0.976456344127655
Batch 4050/4687, Loss: 0.9274414777755737
Batch 4100/4687, Loss: 0.8883547782897949
Batch 4150/4687, Loss: 0.703941285610199
Batch 4200/4687, Loss: 0.978655993938446
Batch 4250/4687, Loss: 0.9888380169868469
Batch 4300/4687, Loss: 0.7988966703414917
Batch 4350/4687, Loss: 0.993968665599823
Batch 4400/4687, Loss: 0.984444260597229
Batch 4450/4687, Loss: 1.0100293159484863
Batch 4500/4687, Loss: 0.792698323726654
Batch 4550/4687, Loss: 0.9361115097999573
Batch 4600/4687, Loss: 0.9969370365142822
Batch 4650/4687, Loss: 0.8401247262954712

Start of epoch 29
Batch 0/4687, Loss: 0.9742786884307861
Batch 50/4687, Loss: 0.7931808233261108
Batch 100/4687, Loss: 0.8483179211616516
Batch 150/4687, Loss: 0.8958798050880432
Batch 200/4687, Loss: 0.9384068250656128
Batch 250/4687, Loss: 0.7851624488830566
Batch 300/4687, Loss: 0.9229421615600586
Batch 350/4687, Loss: 1.202620267868042
Batch 400/4687, Loss: 0.9188516736030579
Batch 450/4687, Loss: 0.8950207233428955
Batch 500/4687, Loss: 0.9028449654579163
Batch 550/4687, Loss: 0.9798195958137512
Batch 600/4687, Loss: 0.7275429368019104
Batch 650/4687, Loss: 0.7484198212623596
Batch 700/4687, Loss: 0.818753719329834
Batch 750/4687, Loss: 0.7197921872138977
Batch 800/4687, Loss: 0.9579492807388306
Batch 850/4687, Loss: 0.8582535982131958
Batch 900/4687, Loss: 0.9568239450454712
Batch 950/4687, Loss: 0.8286489248275757
Batch 1000/4687, Loss: 0.8302856087684631
Batch 1050/4687, Loss: 0.9741634726524353
Batch 1100/4687, Loss: 0.9870125651359558
Batch 1150/4687, Loss: 1.1236549615859985
Batch 1200/4687, Loss: 0.8671529293060303
Batch 1250/4687, Loss: 0.8761911392211914
Batch 1300/4687, Loss: 1.25791335105896
Batch 1350/4687, Loss: 0.8242446184158325
Batch 1400/4687, Loss: 1.041412115097046
Batch 1450/4687, Loss: 0.9778298139572144
Batch 1500/4687, Loss: 1.0460646152496338
Batch 1550/4687, Loss: 0.8824471235275269
Batch 1600/4687, Loss: 0.8355359435081482
Batch 1650/4687, Loss: 1.0420705080032349
Batch 1700/4687, Loss: 1.057508945465088
Batch 1750/4687, Loss: 0.8957215547561646
Batch 1800/4687, Loss: 1.3108503818511963
Batch 1850/4687, Loss: 1.0522265434265137
Batch 1900/4687, Loss: 0.9355480670928955
Batch 1950/4687, Loss: 1.0802605152130127
Batch 2000/4687, Loss: 0.9475367665290833
Batch 2050/4687, Loss: 0.7900747060775757
Batch 2100/4687, Loss: 0.9913294911384583
Batch 2150/4687, Loss: 0.8002166748046875
Batch 2200/4687, Loss: 0.8373584747314453
Batch 2250/4687, Loss: 0.8528152704238892
Batch 2300/4687, Loss: 0.7339193820953369
Batch 2350/4687, Loss: 0.7849934697151184
Batch 2400/4687, Loss: 0.6676390171051025
Batch 2450/4687, Loss: 1.1622951030731201
Batch 2500/4687, Loss: 1.3766387701034546
Batch 2550/4687, Loss: 0.7154360413551331
Batch 2600/4687, Loss: 0.864404559135437
Batch 2650/4687, Loss: 0.9333968162536621
Batch 2700/4687, Loss: 0.8401271104812622
Batch 2750/4687, Loss: 0.9476916790008545
Batch 2800/4687, Loss: 0.95502769947052
Batch 2850/4687, Loss: 0.864064633846283
Batch 2900/4687, Loss: 1.0662598609924316
Batch 2950/4687, Loss: 0.8490360975265503
Batch 3000/4687, Loss: 0.9399034976959229
Batch 3050/4687, Loss: 0.744345486164093
Batch 3100/4687, Loss: 0.8573902249336243
Batch 3150/4687, Loss: 0.8819705247879028
Batch 3200/4687, Loss: 0.7326570153236389
Batch 3250/4687, Loss: 1.1666131019592285
Batch 3300/4687, Loss: 0.8194531202316284
Batch 3350/4687, Loss: 0.8369776606559753
Batch 3400/4687, Loss: 0.8192040324211121
Batch 3450/4687, Loss: 0.7360162138938904
Batch 3500/4687, Loss: 0.8278581500053406
Batch 3550/4687, Loss: 1.0494375228881836
Batch 3600/4687, Loss: 1.0516339540481567
Batch 3650/4687, Loss: 0.8667507171630859
Batch 3700/4687, Loss: 0.731358528137207
Batch 3750/4687, Loss: 0.9102077484130859
Batch 3800/4687, Loss: 0.9748196601867676
Batch 3850/4687, Loss: 0.9589807987213135
Batch 3900/4687, Loss: 0.7294471859931946
Batch 3950/4687, Loss: 0.9083616733551025
Batch 4000/4687, Loss: 0.994738757610321
Batch 4050/4687, Loss: 0.804772138595581
Batch 4100/4687, Loss: 1.0134594440460205
Batch 4150/4687, Loss: 1.1134722232818604
Batch 4200/4687, Loss: 0.9551118612289429
Batch 4250/4687, Loss: 0.7537421584129333
Batch 4300/4687, Loss: 0.7750954627990723
Batch 4350/4687, Loss: 0.785029411315918
Batch 4400/4687, Loss: 1.0729211568832397
Batch 4450/4687, Loss: 1.0712478160858154
Batch 4500/4687, Loss: 0.8649444580078125
Batch 4550/4687, Loss: 1.2604355812072754
Batch 4600/4687, Loss: 0.7843755483627319
Batch 4650/4687, Loss: 0.9027032256126404

Start of epoch 30
Batch 0/4687, Loss: 0.845566987991333
Batch 50/4687, Loss: 0.7721747159957886
Batch 100/4687, Loss: 0.8056653738021851
Batch 150/4687, Loss: 0.804253101348877
Batch 200/4687, Loss: 0.7275605201721191
Batch 250/4687, Loss: 1.2575232982635498
Batch 300/4687, Loss: 1.07467520236969
Batch 350/4687, Loss: 0.7867687940597534
Batch 400/4687, Loss: 1.0097566843032837
Batch 450/4687, Loss: 1.0493141412734985
Batch 500/4687, Loss: 0.964128851890564
Batch 550/4687, Loss: 1.1232686042785645
Batch 600/4687, Loss: 1.101175308227539
Batch 650/4687, Loss: 0.9936108589172363
Batch 700/4687, Loss: 0.7953252196311951
Batch 750/4687, Loss: 0.7261264324188232
Batch 800/4687, Loss: 0.6851584911346436
Batch 850/4687, Loss: 1.0097650289535522
Batch 900/4687, Loss: 0.6990959048271179
Batch 950/4687, Loss: 0.8164520859718323
Batch 1000/4687, Loss: 0.8097741007804871
Batch 1050/4687, Loss: 0.7344748973846436
Batch 1100/4687, Loss: 1.1068687438964844
Batch 1150/4687, Loss: 1.263690710067749
Batch 1200/4687, Loss: 0.8436367511749268
Batch 1250/4687, Loss: 0.9438603520393372
Batch 1300/4687, Loss: 0.8569892644882202
Batch 1350/4687, Loss: 0.6697506904602051
Batch 1400/4687, Loss: 1.0303319692611694
Batch 1450/4687, Loss: 0.8734782934188843
Batch 1500/4687, Loss: 0.8548665046691895
Batch 1550/4687, Loss: 1.0209097862243652
Batch 1600/4687, Loss: 0.5975381731987
Batch 1650/4687, Loss: 0.9247442483901978
Batch 1700/4687, Loss: 0.9190900921821594
Batch 1750/4687, Loss: 0.8741419315338135
Batch 1800/4687, Loss: 1.1824358701705933
Batch 1850/4687, Loss: 0.8286063075065613
Batch 1900/4687, Loss: 0.7327935099601746
Batch 1950/4687, Loss: 0.8822309970855713
Batch 2000/4687, Loss: 0.863706111907959
Batch 2050/4687, Loss: 0.8985247015953064
Batch 2100/4687, Loss: 0.8262614011764526
Batch 2150/4687, Loss: 0.944880485534668
Batch 2200/4687, Loss: 1.1283206939697266
Batch 2250/4687, Loss: 0.8867061138153076
Batch 2300/4687, Loss: 0.8824985027313232
Batch 2350/4687, Loss: 1.1562402248382568
Batch 2400/4687, Loss: 0.994684100151062
Batch 2450/4687, Loss: 0.6641619801521301
Batch 2500/4687, Loss: 0.8783248662948608
Batch 2550/4687, Loss: 1.0449409484863281
Batch 2600/4687, Loss: 0.7731687426567078
Batch 2650/4687, Loss: 0.8910561800003052
Batch 2700/4687, Loss: 0.7511700391769409
Batch 2750/4687, Loss: 0.7555785179138184
Batch 2800/4687, Loss: 0.9570234417915344
Batch 2850/4687, Loss: 1.075249433517456
Batch 2900/4687, Loss: 1.0019253492355347
Batch 2950/4687, Loss: 0.8560734987258911
Batch 3000/4687, Loss: 0.9927405714988708
Batch 3050/4687, Loss: 0.7479904890060425
Batch 3100/4687, Loss: 0.7026592493057251
Batch 3150/4687, Loss: 1.1044052839279175
Batch 3200/4687, Loss: 0.9113386869430542
Batch 3250/4687, Loss: 0.7301403880119324
Batch 3300/4687, Loss: 0.8886367678642273
Batch 3350/4687, Loss: 0.6988875865936279
Batch 3400/4687, Loss: 0.9630889892578125
Batch 3450/4687, Loss: 1.1343036890029907
Batch 3500/4687, Loss: 0.7649143934249878
Batch 3550/4687, Loss: 0.9785774350166321
Batch 3600/4687, Loss: 1.0819977521896362
Batch 3650/4687, Loss: 0.8730586767196655
Batch 3700/4687, Loss: 0.9351547360420227
Batch 3750/4687, Loss: 0.9563990831375122
Batch 3800/4687, Loss: 0.9555114507675171
Batch 3850/4687, Loss: 0.737285852432251
Batch 3900/4687, Loss: 0.8817721605300903
Batch 3950/4687, Loss: 0.8963345885276794
Batch 4000/4687, Loss: 0.7845013737678528
Batch 4050/4687, Loss: 0.8958364725112915
Batch 4100/4687, Loss: 0.8661961555480957
Batch 4150/4687, Loss: 0.9240854978561401
Batch 4200/4687, Loss: 0.7648366689682007
Batch 4250/4687, Loss: 0.9201534986495972
Batch 4300/4687, Loss: 0.7311195731163025
Batch 4350/4687, Loss: 0.9341864585876465
Batch 4400/4687, Loss: 0.8130402565002441
Batch 4450/4687, Loss: 0.81118243932724
Batch 4500/4687, Loss: 0.9308329224586487
Batch 4550/4687, Loss: 0.766768217086792
Batch 4600/4687, Loss: 0.856786847114563
Batch 4650/4687, Loss: 0.9318771362304688

Start of epoch 31
Batch 0/4687, Loss: 0.976287305355072
Batch 50/4687, Loss: 0.8165968656539917
Batch 100/4687, Loss: 0.8963194489479065
Batch 150/4687, Loss: 0.822952389717102
Batch 200/4687, Loss: 0.7996445298194885
Batch 250/4687, Loss: 0.7834835648536682
Batch 300/4687, Loss: 0.8423513770103455
Batch 350/4687, Loss: 1.1113481521606445
Batch 400/4687, Loss: 0.8090742230415344
Batch 450/4687, Loss: 0.766729474067688
Batch 500/4687, Loss: 0.9711598753929138
Batch 550/4687, Loss: 0.799402117729187
Batch 600/4687, Loss: 0.9204134941101074
Batch 650/4687, Loss: 0.7339375615119934
Batch 700/4687, Loss: 0.689304769039154
Batch 750/4687, Loss: 0.7899557948112488
Batch 800/4687, Loss: 0.7758874893188477
Batch 850/4687, Loss: 0.9199638366699219
Batch 900/4687, Loss: 0.7841025590896606
Batch 950/4687, Loss: 0.9444646239280701
Batch 1000/4687, Loss: 0.9356522560119629
Batch 1050/4687, Loss: 0.9718281626701355
Batch 1100/4687, Loss: 0.9440246820449829
Batch 1150/4687, Loss: 0.835792064666748
Batch 1200/4687, Loss: 0.7423504590988159
Batch 1250/4687, Loss: 0.7868598103523254
Batch 1300/4687, Loss: 0.7036111354827881
Batch 1350/4687, Loss: 0.8232828378677368
Batch 1400/4687, Loss: 0.8379607796669006
Batch 1450/4687, Loss: 0.8961238861083984
Batch 1500/4687, Loss: 0.8399412631988525
Batch 1550/4687, Loss: 0.7312542200088501
Batch 1600/4687, Loss: 0.7724235653877258
Batch 1650/4687, Loss: 0.609495997428894
Batch 1700/4687, Loss: 0.9046538472175598
Batch 1750/4687, Loss: 0.9938051104545593
Batch 1800/4687, Loss: 0.8127608895301819
Batch 1850/4687, Loss: 0.8380877375602722
Batch 1900/4687, Loss: 0.9780285954475403
Batch 1950/4687, Loss: 0.8295693397521973
Batch 2000/4687, Loss: 0.9017181992530823
Batch 2050/4687, Loss: 0.7915637493133545
Batch 2100/4687, Loss: 0.9322587847709656
Batch 2150/4687, Loss: 0.7125127911567688
Batch 2200/4687, Loss: 0.9210875630378723
Batch 2250/4687, Loss: 0.653884768486023
Batch 2300/4687, Loss: 0.7946938872337341
Batch 2350/4687, Loss: 0.8011518716812134
Batch 2400/4687, Loss: 0.8245786428451538
Batch 2450/4687, Loss: 0.9831439256668091
Batch 2500/4687, Loss: 0.8302179574966431
Batch 2550/4687, Loss: 1.0931051969528198
Batch 2600/4687, Loss: 0.7873196005821228
Batch 2650/4687, Loss: 0.8944096565246582
Batch 2700/4687, Loss: 0.706007719039917
Batch 2750/4687, Loss: 0.9312734603881836
Batch 2800/4687, Loss: 0.83537757396698
Batch 2850/4687, Loss: 0.6814888715744019
Batch 2900/4687, Loss: 0.8176891803741455
Batch 2950/4687, Loss: 0.9075209498405457
Batch 3000/4687, Loss: 0.554532527923584
Batch 3050/4687, Loss: 0.899854838848114
Batch 3100/4687, Loss: 0.9156842231750488
Batch 3150/4687, Loss: 0.7863231301307678
Batch 3200/4687, Loss: 0.7651975750923157
Batch 3250/4687, Loss: 0.7419483661651611
Batch 3300/4687, Loss: 0.6518480777740479
Batch 3350/4687, Loss: 0.6366231441497803
Batch 3400/4687, Loss: 0.6363645195960999
Batch 3450/4687, Loss: 0.7853169441223145
Batch 3500/4687, Loss: 0.8449064493179321
Batch 3550/4687, Loss: 0.6338470578193665
Batch 3600/4687, Loss: 0.768128514289856
Batch 3650/4687, Loss: 0.9210445880889893
Batch 3700/4687, Loss: 0.9015703797340393
Batch 3750/4687, Loss: 0.7585756182670593
Batch 3800/4687, Loss: 0.9497788548469543
Batch 3850/4687, Loss: 0.7976135611534119
Batch 3900/4687, Loss: 0.7549538612365723
Batch 3950/4687, Loss: 0.721712589263916
Batch 4000/4687, Loss: 0.7362576723098755
Batch 4050/4687, Loss: 0.7059347033500671
Batch 4100/4687, Loss: 0.6104313135147095
Batch 4150/4687, Loss: 0.8758342862129211
Batch 4200/4687, Loss: 0.7570686340332031
Batch 4250/4687, Loss: 0.7764369249343872
Batch 4300/4687, Loss: 0.6601688265800476
Batch 4350/4687, Loss: 1.1105217933654785
Batch 4400/4687, Loss: 0.94154292345047
Batch 4450/4687, Loss: 0.8652840256690979
Batch 4500/4687, Loss: 0.7233676910400391
Batch 4550/4687, Loss: 1.3527171611785889
Batch 4600/4687, Loss: 0.6259239912033081
Batch 4650/4687, Loss: 0.8933387398719788

Start of epoch 32
Batch 0/4687, Loss: 0.835797131061554
Batch 50/4687, Loss: 0.7203391790390015
Batch 100/4687, Loss: 0.8398014307022095
Batch 150/4687, Loss: 0.654213011264801
Batch 200/4687, Loss: 0.6946078538894653
Batch 250/4687, Loss: 0.6719387769699097
Batch 300/4687, Loss: 0.9899066090583801
Batch 350/4687, Loss: 0.7599361538887024
Batch 400/4687, Loss: 0.7837519645690918
Batch 450/4687, Loss: 0.7220197319984436
Batch 500/4687, Loss: 0.6893017292022705
Batch 550/4687, Loss: 0.6138914823532104
Batch 600/4687, Loss: 0.6267975568771362
Batch 650/4687, Loss: 0.8063644766807556
Batch 700/4687, Loss: 0.7345818281173706
Batch 750/4687, Loss: 0.7885466814041138
Batch 800/4687, Loss: 0.7195093631744385
Batch 850/4687, Loss: 1.1055374145507812
Batch 900/4687, Loss: 0.9774964451789856
Batch 950/4687, Loss: 0.7144856452941895
Batch 1000/4687, Loss: 0.7853536605834961
Batch 1050/4687, Loss: 0.908980667591095
Batch 1100/4687, Loss: 0.7063120603561401
Batch 1150/4687, Loss: 0.7171635031700134
Batch 1200/4687, Loss: 0.6942448616027832
Batch 1250/4687, Loss: 0.7023592591285706
Batch 1300/4687, Loss: 0.8042314052581787
Batch 1350/4687, Loss: 0.9047746062278748
Batch 1400/4687, Loss: 0.8970485925674438
Batch 1450/4687, Loss: 0.5864475965499878
Batch 1500/4687, Loss: 0.9450061917304993
Batch 1550/4687, Loss: 0.7980741858482361
Batch 1600/4687, Loss: 0.7836270928382874
Batch 1650/4687, Loss: 0.809818685054779
Batch 1700/4687, Loss: 0.8753007054328918
Batch 1750/4687, Loss: 1.2412172555923462
Batch 1800/4687, Loss: 0.7681378722190857
Batch 1850/4687, Loss: 0.7673474550247192
Batch 1900/4687, Loss: 0.6351622939109802
Batch 1950/4687, Loss: 0.8834918737411499
Batch 2000/4687, Loss: 0.7767614126205444
Batch 2050/4687, Loss: 0.7520248889923096
Batch 2100/4687, Loss: 0.6709001064300537
Batch 2150/4687, Loss: 0.6977530121803284
Batch 2200/4687, Loss: 0.692093551158905
Batch 2250/4687, Loss: 0.8474705815315247
Batch 2300/4687, Loss: 0.7477936744689941
Batch 2350/4687, Loss: 1.1122231483459473
Batch 2400/4687, Loss: 0.9272136092185974
Batch 2450/4687, Loss: 0.7021427154541016
Batch 2500/4687, Loss: 0.7736848592758179
Batch 2550/4687, Loss: 0.7159533500671387
Batch 2600/4687, Loss: 1.2179172039031982
Batch 2650/4687, Loss: 0.8600733876228333
Batch 2700/4687, Loss: 0.9233983159065247
Batch 2750/4687, Loss: 0.7403919696807861
Batch 2800/4687, Loss: 0.7773687839508057
Batch 2850/4687, Loss: 0.8811122179031372
Batch 2900/4687, Loss: 0.7917653918266296
Batch 2950/4687, Loss: 1.029429316520691
Batch 3000/4687, Loss: 0.8659976720809937
Batch 3050/4687, Loss: 0.7126314043998718
Batch 3100/4687, Loss: 0.7669240236282349
Batch 3150/4687, Loss: 0.9017812013626099
Batch 3200/4687, Loss: 0.8886739015579224
Batch 3250/4687, Loss: 0.6815400719642639
Batch 3300/4687, Loss: 0.7283375263214111
Batch 3350/4687, Loss: 0.6096338629722595
Batch 3400/4687, Loss: 0.8127272725105286
Batch 3450/4687, Loss: 0.9655805230140686
Batch 3500/4687, Loss: 0.7561748027801514
Batch 3550/4687, Loss: 0.8188673257827759
Batch 3600/4687, Loss: 0.6590467691421509
Batch 3650/4687, Loss: 0.6917656064033508
Batch 3700/4687, Loss: 0.7971065640449524
Batch 3750/4687, Loss: 0.6688767075538635
Batch 3800/4687, Loss: 0.7620090246200562
Batch 3850/4687, Loss: 0.857325553894043
Batch 3900/4687, Loss: 0.7489484548568726
Batch 3950/4687, Loss: 0.8607874512672424
Batch 4000/4687, Loss: 0.7924879193305969
Batch 4050/4687, Loss: 0.7202407121658325
Batch 4100/4687, Loss: 0.8127750158309937
Batch 4150/4687, Loss: 0.7005662322044373
Batch 4200/4687, Loss: 0.6464018821716309
Batch 4250/4687, Loss: 0.6016082763671875
Batch 4300/4687, Loss: 0.652367115020752
Batch 4350/4687, Loss: 0.6688110828399658
Batch 4400/4687, Loss: 0.6317293643951416
Batch 4450/4687, Loss: 0.6763486266136169
Batch 4500/4687, Loss: 0.8721076250076294
Batch 4550/4687, Loss: 0.8548872470855713
Batch 4600/4687, Loss: 0.854465663433075
Batch 4650/4687, Loss: 0.6960725784301758

Start of epoch 33
Batch 0/4687, Loss: 0.8820968866348267
Batch 50/4687, Loss: 0.681360125541687
Batch 100/4687, Loss: 0.8831203579902649
Batch 150/4687, Loss: 0.7213519811630249
Batch 200/4687, Loss: 1.0488401651382446
Batch 250/4687, Loss: 0.7096290588378906
Batch 300/4687, Loss: 0.5870496034622192
Batch 350/4687, Loss: 0.6961143612861633
Batch 400/4687, Loss: 0.752841055393219
Batch 450/4687, Loss: 0.7595948576927185
Batch 500/4687, Loss: 0.6308501362800598
Batch 550/4687, Loss: 0.659011960029602
Batch 600/4687, Loss: 1.0896531343460083
Batch 650/4687, Loss: 0.6489158868789673
Batch 700/4687, Loss: 0.606161892414093
Batch 750/4687, Loss: 1.060981035232544
Batch 800/4687, Loss: 0.6745402216911316
Batch 850/4687, Loss: 0.7489422559738159
Batch 900/4687, Loss: 0.7815682888031006
Batch 950/4687, Loss: 0.7089885473251343
Batch 1000/4687, Loss: 0.8265807032585144
Batch 1050/4687, Loss: 0.8444768190383911
Batch 1100/4687, Loss: 0.7550193071365356
Batch 1150/4687, Loss: 0.7756571173667908
Batch 1200/4687, Loss: 1.0026735067367554
Batch 1250/4687, Loss: 0.7818136811256409
Batch 1300/4687, Loss: 0.5819903016090393
Batch 1350/4687, Loss: 0.7295302748680115
Batch 1400/4687, Loss: 0.6249299645423889
Batch 1450/4687, Loss: 0.5635712742805481
Batch 1500/4687, Loss: 0.6522993445396423
Batch 1550/4687, Loss: 0.7066335678100586
Batch 1600/4687, Loss: 0.5721260905265808
Batch 1650/4687, Loss: 0.9586629271507263
Batch 1700/4687, Loss: 0.6838906407356262
Batch 1750/4687, Loss: 0.5161545276641846
Batch 1800/4687, Loss: 0.7780894637107849
Batch 1850/4687, Loss: 0.8771389126777649
Batch 1900/4687, Loss: 0.7795103192329407
Batch 1950/4687, Loss: 0.7604243755340576
Batch 2000/4687, Loss: 0.8578994870185852
Batch 2050/4687, Loss: 0.6192632913589478
Batch 2100/4687, Loss: 0.6472337245941162
Batch 2150/4687, Loss: 0.6621712446212769
Batch 2200/4687, Loss: 0.8761654496192932
Batch 2250/4687, Loss: 0.6889642477035522
Batch 2300/4687, Loss: 0.7611083388328552
Batch 2350/4687, Loss: 0.5673043727874756
Batch 2400/4687, Loss: 0.761069655418396
Batch 2450/4687, Loss: 0.661689817905426
Batch 2500/4687, Loss: 0.6673200726509094
Batch 2550/4687, Loss: 0.5932645797729492
Batch 2600/4687, Loss: 0.7270131707191467
Batch 2650/4687, Loss: 0.6462491154670715
Batch 2700/4687, Loss: 0.758110761642456
Batch 2750/4687, Loss: 0.7976769208908081
Batch 2800/4687, Loss: 0.6367161273956299
Batch 2850/4687, Loss: 0.5981911420822144
Batch 2900/4687, Loss: 0.4884180724620819
Batch 2950/4687, Loss: 0.7309134006500244
Batch 3000/4687, Loss: 0.6210121512413025
Batch 3050/4687, Loss: 0.7312343120574951
Batch 3100/4687, Loss: 0.6295189261436462
Batch 3150/4687, Loss: 0.6694726943969727
Batch 3200/4687, Loss: 0.6880655884742737
Batch 3250/4687, Loss: 0.681959867477417
Batch 3300/4687, Loss: 0.8490146398544312
Batch 3350/4687, Loss: 0.8475692868232727
Batch 3400/4687, Loss: 0.5965687036514282
Batch 3450/4687, Loss: 0.6664535403251648
Batch 3500/4687, Loss: 0.7899689674377441
Batch 3550/4687, Loss: 0.8356471061706543
Batch 3600/4687, Loss: 0.6463092565536499
Batch 3650/4687, Loss: 0.6534398198127747
Batch 3700/4687, Loss: 0.7838382124900818
Batch 3750/4687, Loss: 0.7288808226585388
Batch 3800/4687, Loss: 0.7952402830123901
Batch 3850/4687, Loss: 0.631761372089386
Batch 3900/4687, Loss: 0.6545715928077698
Batch 3950/4687, Loss: 0.7126039862632751
Batch 4000/4687, Loss: 0.7967148423194885
Batch 4050/4687, Loss: 0.5833650231361389
Batch 4100/4687, Loss: 0.852122962474823
Batch 4150/4687, Loss: 0.7115989327430725
Batch 4200/4687, Loss: 0.6788188815116882
Batch 4250/4687, Loss: 0.5532570481300354
Batch 4300/4687, Loss: 0.7616905570030212
Batch 4350/4687, Loss: 0.5240486860275269
Batch 4400/4687, Loss: 0.8478984832763672
Batch 4450/4687, Loss: 0.687356173992157
Batch 4500/4687, Loss: 0.9376035332679749
Batch 4550/4687, Loss: 0.7156970500946045
Batch 4600/4687, Loss: 0.5160393714904785
Batch 4650/4687, Loss: 0.9716742634773254

Start of epoch 34
Batch 0/4687, Loss: 0.847113847732544
Batch 50/4687, Loss: 0.5984826683998108
Batch 100/4687, Loss: 0.6256182789802551
Batch 150/4687, Loss: 0.643295168876648
Batch 200/4687, Loss: 0.5403097867965698
Batch 250/4687, Loss: 0.6206894516944885
Batch 300/4687, Loss: 0.8945761919021606
Batch 350/4687, Loss: 0.5895380973815918
Batch 400/4687, Loss: 0.7050188183784485
Batch 450/4687, Loss: 0.6514909863471985
Batch 500/4687, Loss: 0.7697564363479614
Batch 550/4687, Loss: 0.7701938152313232
Batch 600/4687, Loss: 0.6634349226951599
Batch 650/4687, Loss: 0.6335251331329346
Batch 700/4687, Loss: 0.6704524755477905
Batch 750/4687, Loss: 0.6779159307479858
Batch 800/4687, Loss: 0.7840732336044312
Batch 850/4687, Loss: 0.7584219574928284
Batch 900/4687, Loss: 0.6739993691444397
Batch 950/4687, Loss: 0.741859495639801
Batch 1000/4687, Loss: 0.6548464298248291
Batch 1050/4687, Loss: 0.6537744998931885
Batch 1100/4687, Loss: 0.6532536149024963
Batch 1150/4687, Loss: 0.5772770643234253
Batch 1200/4687, Loss: 0.6009801030158997
Batch 1250/4687, Loss: 0.6968914270401001
Batch 1300/4687, Loss: 0.6609455347061157
Batch 1350/4687, Loss: 0.7783642411231995
Batch 1400/4687, Loss: 0.5384247899055481
Batch 1450/4687, Loss: 0.5719056129455566
Batch 1500/4687, Loss: 0.6003202795982361
Batch 1550/4687, Loss: 0.6913455724716187
Batch 1600/4687, Loss: 0.6209312677383423
Batch 1650/4687, Loss: 0.7024580240249634
Batch 1700/4687, Loss: 0.5894762873649597
Batch 1750/4687, Loss: 0.5630795955657959
Batch 1800/4687, Loss: 0.751227617263794
Batch 1850/4687, Loss: 0.5984182357788086
Batch 1900/4687, Loss: 0.7536460757255554
Batch 1950/4687, Loss: 0.6024712324142456
Batch 2000/4687, Loss: 0.5726412534713745
Batch 2050/4687, Loss: 0.6653230786323547
Batch 2100/4687, Loss: 0.6838876008987427
Batch 2150/4687, Loss: 0.7286235094070435
Batch 2200/4687, Loss: 0.7939706444740295
Batch 2250/4687, Loss: 0.6360001564025879
Batch 2300/4687, Loss: 0.5372605323791504
Batch 2350/4687, Loss: 0.6253542304039001
Batch 2400/4687, Loss: 0.5270565748214722
Batch 2450/4687, Loss: 0.6652136445045471
Batch 2500/4687, Loss: 0.5871847867965698
Batch 2550/4687, Loss: 0.64947509765625
Batch 2600/4687, Loss: 0.5574617385864258
Batch 2650/4687, Loss: 0.7137444019317627
Batch 2700/4687, Loss: 0.5883322358131409
Batch 2750/4687, Loss: 0.7104923725128174
Batch 2800/4687, Loss: 0.631833016872406
Batch 2850/4687, Loss: 0.48697495460510254
Batch 2900/4687, Loss: 0.7733798623085022
Batch 2950/4687, Loss: 0.6246153116226196
Batch 3000/4687, Loss: 0.6572197675704956
Batch 3050/4687, Loss: 0.771109402179718
Batch 3100/4687, Loss: 0.662725567817688
Batch 3150/4687, Loss: 0.5805851817131042
Batch 3200/4687, Loss: 0.5562357306480408
Batch 3250/4687, Loss: 0.5794258713722229
Batch 3300/4687, Loss: 0.5926498770713806
Batch 3350/4687, Loss: 0.46922752261161804
Batch 3400/4687, Loss: 0.6615304946899414
Batch 3450/4687, Loss: 0.5082988739013672
Batch 3500/4687, Loss: 0.5746863484382629
Batch 3550/4687, Loss: 0.5956093072891235
Batch 3600/4687, Loss: 0.7578780055046082
Batch 3650/4687, Loss: 0.7300646305084229
Batch 3700/4687, Loss: 0.5509323477745056
Batch 3750/4687, Loss: 0.5971430540084839
Batch 3800/4687, Loss: 0.5440817475318909
Batch 3850/4687, Loss: 0.9146180152893066
Batch 3900/4687, Loss: 0.5351698398590088
Batch 3950/4687, Loss: 0.6581087708473206
Batch 4000/4687, Loss: 0.5757086277008057
Batch 4050/4687, Loss: 0.5412619113922119
Batch 4100/4687, Loss: 0.6749829649925232
Batch 4150/4687, Loss: 0.6260579228401184
Batch 4200/4687, Loss: 0.5060226917266846
Batch 4250/4687, Loss: 0.5854488015174866
Batch 4300/4687, Loss: 0.5460478663444519
Batch 4350/4687, Loss: 0.586524248123169
Batch 4400/4687, Loss: 0.515764594078064
Batch 4450/4687, Loss: 0.6022725105285645
Batch 4500/4687, Loss: 0.6948708295822144
Batch 4550/4687, Loss: 0.5524466037750244
Batch 4600/4687, Loss: 0.5509517788887024
Batch 4650/4687, Loss: 0.6174678206443787

Start of epoch 35
Batch 0/4687, Loss: 0.5732493996620178
Batch 50/4687, Loss: 0.5931599140167236
Batch 100/4687, Loss: 0.6010730266571045
Batch 150/4687, Loss: 0.5327964425086975
Batch 200/4687, Loss: 0.4174571633338928
Batch 250/4687, Loss: 0.4515908360481262
Batch 300/4687, Loss: 0.6337038278579712
Batch 350/4687, Loss: 0.5591525435447693
Batch 400/4687, Loss: 0.4779510498046875
Batch 450/4687, Loss: 0.6006432175636292
Batch 500/4687, Loss: 0.527877151966095
Batch 550/4687, Loss: 0.43171849846839905
Batch 600/4687, Loss: 0.6008444428443909
Batch 650/4687, Loss: 0.5088175535202026
Batch 700/4687, Loss: 0.5400107502937317
Batch 750/4687, Loss: 0.4117266833782196
Batch 800/4687, Loss: 0.6395021677017212
Batch 850/4687, Loss: 0.39488738775253296
Batch 900/4687, Loss: 0.5418051481246948
Batch 950/4687, Loss: 0.5027730464935303
Batch 1000/4687, Loss: 0.5947160720825195
Batch 1050/4687, Loss: 0.4772341847419739
Batch 1100/4687, Loss: 0.5911282896995544
Batch 1150/4687, Loss: 0.5074751973152161
Batch 1200/4687, Loss: 0.6124764084815979
Batch 1250/4687, Loss: 0.4026247560977936
Batch 1300/4687, Loss: 0.5317760705947876
Batch 1350/4687, Loss: 0.49365234375
Batch 1400/4687, Loss: 0.6154922246932983
Batch 1450/4687, Loss: 0.6065505146980286
Batch 1500/4687, Loss: 0.4287671446800232
Batch 1550/4687, Loss: 0.47256168723106384
Batch 1600/4687, Loss: 0.5882970690727234
Batch 1650/4687, Loss: 0.49803075194358826
Batch 1700/4687, Loss: 0.4840010702610016
Batch 1750/4687, Loss: 0.5073265433311462
Batch 1800/4687, Loss: 0.5201973915100098
Batch 1850/4687, Loss: 0.5728285908699036
Batch 1900/4687, Loss: 0.47061121463775635
Batch 1950/4687, Loss: 0.5077745318412781
Batch 2000/4687, Loss: 0.48964595794677734
Batch 2050/4687, Loss: 0.44166678190231323
Batch 2100/4687, Loss: 0.5510352849960327
Batch 2150/4687, Loss: 0.7062327265739441
Batch 2200/4687, Loss: 0.5099824666976929
Batch 2250/4687, Loss: 0.6091506481170654
Batch 2300/4687, Loss: 0.5936359167098999
Batch 2350/4687, Loss: 0.44235891103744507
Batch 2400/4687, Loss: 0.4250093996524811
Batch 2450/4687, Loss: 0.47426754236221313
Batch 2500/4687, Loss: 0.6243907809257507
Batch 2550/4687, Loss: 0.6146342158317566
Batch 2600/4687, Loss: 0.5186506509780884
Batch 2650/4687, Loss: 0.5411801338195801
Batch 2700/4687, Loss: 0.5030539035797119
Batch 2750/4687, Loss: 0.5561864972114563
Batch 2800/4687, Loss: 0.48723921179771423
Batch 2850/4687, Loss: 0.5066479444503784
Batch 2900/4687, Loss: 0.5055721998214722
Batch 2950/4687, Loss: 0.5607428550720215
Batch 3000/4687, Loss: 0.4591818153858185
Batch 3050/4687, Loss: 0.5346123576164246
Batch 3100/4687, Loss: 0.49547722935676575
Batch 3150/4687, Loss: 0.4957669675350189
Batch 3200/4687, Loss: 0.5264649391174316
Batch 3250/4687, Loss: 0.4928284287452698
Batch 3300/4687, Loss: 0.7289339303970337
Batch 3350/4687, Loss: 0.5373396873474121
Batch 3400/4687, Loss: 0.4806874990463257
Batch 3450/4687, Loss: 0.47632265090942383
Batch 3500/4687, Loss: 0.38519051671028137
Batch 3550/4687, Loss: 0.6009489297866821
Batch 3600/4687, Loss: 0.7822365760803223
Batch 3650/4687, Loss: 0.47439002990722656
Batch 3700/4687, Loss: 0.4370090663433075
Batch 3750/4687, Loss: 0.5180108547210693
Batch 3800/4687, Loss: 0.537365198135376
Batch 3850/4687, Loss: 0.42656540870666504
Batch 3900/4687, Loss: 0.4189866781234741
Batch 3950/4687, Loss: 0.5147916078567505
Batch 4000/4687, Loss: 0.3992704451084137
Batch 4050/4687, Loss: 0.4361714720726013
Batch 4100/4687, Loss: 0.5474162101745605
Batch 4150/4687, Loss: 0.5003051161766052
Batch 4200/4687, Loss: 0.4736851751804352
Batch 4250/4687, Loss: 0.3702886998653412
Batch 4300/4687, Loss: 0.4374281167984009
Batch 4350/4687, Loss: 0.36661577224731445
Batch 4400/4687, Loss: 0.5680280923843384
Batch 4450/4687, Loss: 0.4511561095714569
Batch 4500/4687, Loss: 0.4059807360172272
Batch 4550/4687, Loss: 0.47820839285850525
Batch 4600/4687, Loss: 0.46944427490234375
Batch 4650/4687, Loss: 0.3952866792678833

Start of epoch 36
Batch 0/4687, Loss: 0.48368024826049805
Batch 50/4687, Loss: 0.34959959983825684
Batch 100/4687, Loss: 0.42824822664260864
Batch 150/4687, Loss: 0.5927990078926086
Batch 200/4687, Loss: 0.5248517394065857
Batch 250/4687, Loss: 0.3831508755683899
Batch 300/4687, Loss: 0.41074544191360474
Batch 350/4687, Loss: 0.4922022819519043
Batch 400/4687, Loss: 0.46545523405075073
Batch 450/4687, Loss: 0.4135779142379761
Batch 500/4687, Loss: 0.5023914575576782
Batch 550/4687, Loss: 0.4075443148612976
Batch 600/4687, Loss: 0.49512892961502075
Batch 650/4687, Loss: 0.5007171630859375
Batch 700/4687, Loss: 0.41968098282814026
Batch 750/4687, Loss: 0.5027827024459839
Batch 800/4687, Loss: 0.541827380657196
Batch 850/4687, Loss: 0.4634522497653961
Batch 900/4687, Loss: 0.7694649696350098
Batch 950/4687, Loss: 0.5049536228179932
Batch 1000/4687, Loss: 0.4264434576034546
Batch 1050/4687, Loss: 0.4017130732536316
Batch 1100/4687, Loss: 0.48037612438201904
Batch 1150/4687, Loss: 0.40758514404296875
Batch 1200/4687, Loss: 0.3968069553375244
Batch 1250/4687, Loss: 0.43354904651641846
Batch 1300/4687, Loss: 0.4225248396396637
Batch 1350/4687, Loss: 0.404306024312973
Batch 1400/4687, Loss: 0.5587731599807739
Batch 1450/4687, Loss: 0.3897237479686737
Batch 1500/4687, Loss: 0.3972819149494171
Batch 1550/4687, Loss: 0.42936578392982483
Batch 1600/4687, Loss: 0.40408432483673096
Batch 1650/4687, Loss: 0.3968392610549927
Batch 1700/4687, Loss: 0.4424903094768524
Batch 1750/4687, Loss: 0.39903882145881653
Batch 1800/4687, Loss: 0.4407412111759186
Batch 1850/4687, Loss: 0.7349300384521484
Batch 1900/4687, Loss: 0.42448943853378296
Batch 1950/4687, Loss: 0.4053584337234497
Batch 2000/4687, Loss: 0.3954131007194519
Batch 2050/4687, Loss: 0.43251150846481323
Batch 2100/4687, Loss: 0.420888751745224
Batch 2150/4687, Loss: 0.445014089345932
Batch 2200/4687, Loss: 0.42612534761428833
Batch 2250/4687, Loss: 0.45628196001052856
Batch 2300/4687, Loss: 0.4964650273323059
Batch 2350/4687, Loss: 0.3908596634864807
Batch 2400/4687, Loss: 0.3407978415489197
Batch 2450/4687, Loss: 0.45444023609161377
Batch 2500/4687, Loss: 0.45069316029548645
Batch 2550/4687, Loss: 0.44169366359710693
Batch 2600/4687, Loss: 0.4572003483772278
Batch 2650/4687, Loss: 0.38260576128959656
Batch 2700/4687, Loss: 0.4853912591934204
Batch 2750/4687, Loss: 0.3862801790237427
Batch 2800/4687, Loss: 0.4302782118320465
Batch 2850/4687, Loss: 0.4021252393722534
Batch 2900/4687, Loss: 0.47987404465675354
Batch 2950/4687, Loss: 0.3299621343612671
Batch 3000/4687, Loss: 0.3935982584953308
Batch 3050/4687, Loss: 0.4413149952888489
Batch 3100/4687, Loss: 0.42626291513442993
Batch 3150/4687, Loss: 0.41806718707084656
Batch 3200/4687, Loss: 0.3590814769268036
Batch 3250/4687, Loss: 0.38614779710769653
Batch 3300/4687, Loss: 0.3477557301521301
Batch 3350/4687, Loss: 0.4725303649902344
Batch 3400/4687, Loss: 0.3611932694911957
Batch 3450/4687, Loss: 0.42547640204429626
Batch 3500/4687, Loss: 0.3630821704864502
Batch 3550/4687, Loss: 0.34955835342407227
Batch 3600/4687, Loss: 0.38332319259643555
Batch 3650/4687, Loss: 0.38949161767959595
Batch 3700/4687, Loss: 0.4926731288433075
Batch 3750/4687, Loss: 0.469038188457489
Batch 3800/4687, Loss: 0.3804002106189728
Batch 3850/4687, Loss: 0.41101914644241333
Batch 3900/4687, Loss: 0.40890684723854065
Batch 3950/4687, Loss: 0.4036293625831604
Batch 4000/4687, Loss: 0.5261268615722656
Batch 4050/4687, Loss: 0.3965994417667389
Batch 4100/4687, Loss: 0.34237104654312134
Batch 4150/4687, Loss: 0.37363529205322266
Batch 4200/4687, Loss: 0.3643014430999756
Batch 4250/4687, Loss: 0.33967483043670654
Batch 4300/4687, Loss: 0.40263622999191284
Batch 4350/4687, Loss: 0.3251965641975403
Batch 4400/4687, Loss: 0.4527667164802551
Batch 4450/4687, Loss: 0.3794226050376892
Batch 4500/4687, Loss: 0.4067317247390747
Batch 4550/4687, Loss: 0.4027635455131531
Batch 4600/4687, Loss: 0.40188202261924744
Batch 4650/4687, Loss: 0.4315021336078644

Start of epoch 37
Batch 0/4687, Loss: 0.41404178738594055
Batch 50/4687, Loss: 0.30652332305908203
Batch 100/4687, Loss: 0.36654528975486755
Batch 150/4687, Loss: 0.3226214051246643
Batch 200/4687, Loss: 0.4230521321296692
Batch 250/4687, Loss: 0.366117000579834
Batch 300/4687, Loss: 0.3880130648612976
Batch 350/4687, Loss: 0.385567843914032
Batch 400/4687, Loss: 0.38435643911361694
Batch 450/4687, Loss: 0.4820764660835266
Batch 500/4687, Loss: 0.3593548536300659
Batch 550/4687, Loss: 0.3970065712928772
Batch 600/4687, Loss: 0.39744746685028076
Batch 650/4687, Loss: 0.4058144688606262
Batch 700/4687, Loss: 0.39587265253067017
Batch 750/4687, Loss: 0.482650488615036
Batch 800/4687, Loss: 0.49118849635124207
Batch 850/4687, Loss: 0.4175683557987213
Batch 900/4687, Loss: 0.38625892996788025
Batch 950/4687, Loss: 0.3882160186767578
Batch 1000/4687, Loss: 0.3695210814476013
Batch 1050/4687, Loss: 0.3585779368877411
Batch 1100/4687, Loss: 0.3955417573451996
Batch 1150/4687, Loss: 0.3532540500164032
Batch 1200/4687, Loss: 0.3862721920013428
Batch 1250/4687, Loss: 0.3983214795589447
Batch 1300/4687, Loss: 0.3777446150779724
Batch 1350/4687, Loss: 0.39225465059280396
Batch 1400/4687, Loss: 0.3783763647079468
Batch 1450/4687, Loss: 0.3436775803565979
Batch 1500/4687, Loss: 0.3758983612060547
Batch 1550/4687, Loss: 0.336411714553833
Batch 1600/4687, Loss: 0.3510906398296356
Batch 1650/4687, Loss: 0.3628671169281006
Batch 1700/4687, Loss: 0.33280089497566223
Batch 1750/4687, Loss: 0.5133243203163147
Batch 1800/4687, Loss: 0.3952043354511261
Batch 1850/4687, Loss: 0.35409045219421387
Batch 1900/4687, Loss: 0.3673223555088043
Batch 1950/4687, Loss: 0.4233507215976715
Batch 2000/4687, Loss: 0.38832154870033264
Batch 2050/4687, Loss: 0.4364613890647888
Batch 2100/4687, Loss: 0.3114035129547119
Batch 2150/4687, Loss: 0.33874136209487915
Batch 2200/4687, Loss: 0.32319027185440063
Batch 2250/4687, Loss: 0.3937196433544159
Batch 2300/4687, Loss: 0.4101821780204773
Batch 2350/4687, Loss: 0.3504772186279297
Batch 2400/4687, Loss: 0.3630373775959015
Batch 2450/4687, Loss: 0.3760658800601959
Batch 2500/4687, Loss: 0.36355307698249817
Batch 2550/4687, Loss: 0.39029836654663086
Batch 2600/4687, Loss: 0.5065393447875977
Batch 2650/4687, Loss: 0.3567390739917755
Batch 2700/4687, Loss: 0.3285837173461914
Batch 2750/4687, Loss: 0.4172610640525818
Batch 2800/4687, Loss: 0.36067095398902893
Batch 2850/4687, Loss: 0.3522256910800934
Batch 2900/4687, Loss: 0.4131428599357605
Batch 2950/4687, Loss: 0.3668857216835022
Batch 3000/4687, Loss: 0.37104713916778564
Batch 3050/4687, Loss: 0.37185728549957275
Batch 3100/4687, Loss: 0.3613976240158081
Batch 3150/4687, Loss: 0.31929144263267517
Batch 3200/4687, Loss: 0.35699188709259033
Batch 3250/4687, Loss: 0.32836103439331055
Batch 3300/4687, Loss: 0.332710325717926
Batch 3350/4687, Loss: 0.3428432047367096
Batch 3400/4687, Loss: 0.3160681128501892
Batch 3450/4687, Loss: 0.3625638484954834
Batch 3500/4687, Loss: 0.33368968963623047
Batch 3550/4687, Loss: 0.4104326665401459
Batch 3600/4687, Loss: 0.3218613266944885
Batch 3650/4687, Loss: 0.35906460881233215
Batch 3700/4687, Loss: 0.3719673752784729
Batch 3750/4687, Loss: 0.3104650378227234
Batch 3800/4687, Loss: 0.33867359161376953
Batch 3850/4687, Loss: 0.3804575502872467
Batch 3900/4687, Loss: 0.32915839552879333
Batch 3950/4687, Loss: 0.434094101190567
Batch 4000/4687, Loss: 0.41902172565460205
Batch 4050/4687, Loss: 0.35174551606178284
Batch 4100/4687, Loss: 0.40100643038749695
Batch 4150/4687, Loss: 0.37565308809280396
Batch 4200/4687, Loss: 0.3599091172218323
Batch 4250/4687, Loss: 0.3715045154094696
Batch 4300/4687, Loss: 0.32665592432022095
Batch 4350/4687, Loss: 0.3696548640727997
Batch 4400/4687, Loss: 0.31779944896698
Batch 4450/4687, Loss: 0.3468055725097656
Batch 4500/4687, Loss: 0.34938493371009827
Batch 4550/4687, Loss: 0.34614619612693787
Batch 4600/4687, Loss: 0.38320744037628174
Batch 4650/4687, Loss: 0.3261324167251587

Start of epoch 38
Batch 0/4687, Loss: 0.34611183404922485
Batch 50/4687, Loss: 0.39954352378845215
Batch 100/4687, Loss: 0.38239866495132446
Batch 150/4687, Loss: 0.346899151802063
Batch 200/4687, Loss: 0.3566294312477112
Batch 250/4687, Loss: 0.3575647175312042
Batch 300/4687, Loss: 0.32653963565826416
Batch 350/4687, Loss: 0.32087230682373047
Batch 400/4687, Loss: 0.37376704812049866
Batch 450/4687, Loss: 0.31393641233444214
Batch 500/4687, Loss: 0.3311300277709961
Batch 550/4687, Loss: 0.3630790710449219
Batch 600/4687, Loss: 0.3735264539718628
Batch 650/4687, Loss: 0.31282496452331543
Batch 700/4687, Loss: 0.31552696228027344
Batch 750/4687, Loss: 0.35409015417099
Batch 800/4687, Loss: 0.3133416175842285
Batch 850/4687, Loss: 0.3289985954761505
Batch 900/4687, Loss: 0.32125118374824524
Batch 950/4687, Loss: 0.35943567752838135
Batch 1000/4687, Loss: 0.3527448773384094
Batch 1050/4687, Loss: 0.3481259346008301
Batch 1100/4687, Loss: 0.32311442494392395
Batch 1150/4687, Loss: 0.3218039572238922
Batch 1200/4687, Loss: 0.33993420004844666
Batch 1250/4687, Loss: 0.3395547568798065
Batch 1300/4687, Loss: 0.37614908814430237
Batch 1350/4687, Loss: 0.3510832190513611
Batch 1400/4687, Loss: 0.34006404876708984
Batch 1450/4687, Loss: 0.30902767181396484
Batch 1500/4687, Loss: 0.37871259450912476
Batch 1550/4687, Loss: 0.35161736607551575
Batch 1600/4687, Loss: 0.3587886691093445
Batch 1650/4687, Loss: 0.32616865634918213
Batch 1700/4687, Loss: 0.31261682510375977
Batch 1750/4687, Loss: 0.3642646074295044
Batch 1800/4687, Loss: 0.2965024709701538
Batch 1850/4687, Loss: 0.35138219594955444
Batch 1900/4687, Loss: 0.3673180937767029
Batch 1950/4687, Loss: 0.31373414397239685
Batch 2000/4687, Loss: 0.31215691566467285
Batch 2050/4687, Loss: 0.3629224896430969
Batch 2100/4687, Loss: 0.519189715385437
Batch 2150/4687, Loss: 0.3534172773361206
Batch 2200/4687, Loss: 0.31122538447380066
Batch 2250/4687, Loss: 0.3670428991317749
Batch 2300/4687, Loss: 0.3722904920578003
Batch 2350/4687, Loss: 0.32215604186058044
Batch 2400/4687, Loss: 0.35200035572052
Batch 2450/4687, Loss: 0.32994526624679565
Batch 2500/4687, Loss: 0.3276859521865845
Batch 2550/4687, Loss: 0.3344365954399109
Batch 2600/4687, Loss: 0.31843623518943787
Batch 2650/4687, Loss: 0.3910014033317566
Batch 2700/4687, Loss: 0.42265433073043823
Batch 2750/4687, Loss: 0.34709808230400085
Batch 2800/4687, Loss: 0.34763583540916443
Batch 2850/4687, Loss: 0.3354029059410095
Batch 2900/4687, Loss: 0.35029715299606323
Batch 2950/4687, Loss: 0.38665252923965454
Batch 3000/4687, Loss: 0.4431447982788086
Batch 3050/4687, Loss: 0.3681965470314026
Batch 3100/4687, Loss: 0.353348046541214
Batch 3150/4687, Loss: 0.3207787573337555
Batch 3200/4687, Loss: 0.3506101667881012
Batch 3250/4687, Loss: 0.33799564838409424
Batch 3300/4687, Loss: 0.30817633867263794
Batch 3350/4687, Loss: 0.352754145860672
Batch 3400/4687, Loss: 0.33512821793556213
Batch 3450/4687, Loss: 0.3490312695503235
Batch 3500/4687, Loss: 0.507071316242218
Batch 3550/4687, Loss: 0.3386215567588806
Batch 3600/4687, Loss: 0.3250323235988617
Batch 3650/4687, Loss: 0.3331376910209656
Batch 3700/4687, Loss: 0.3138822913169861
Batch 3750/4687, Loss: 0.3350052833557129
Batch 3800/4687, Loss: 0.3446643650531769
Batch 3850/4687, Loss: 0.32512062788009644
Batch 3900/4687, Loss: 0.34363222122192383
Batch 3950/4687, Loss: 0.31926804780960083
Batch 4000/4687, Loss: 0.38727593421936035
Batch 4050/4687, Loss: 0.35422319173812866
Batch 4100/4687, Loss: 0.3581168055534363
Batch 4150/4687, Loss: 0.32757431268692017
Batch 4200/4687, Loss: 0.3139581084251404
Batch 4250/4687, Loss: 0.3219776153564453
Batch 4300/4687, Loss: 0.34177058935165405
Batch 4350/4687, Loss: 0.35154056549072266
Batch 4400/4687, Loss: 0.3020605444908142
Batch 4450/4687, Loss: 0.31165844202041626
Batch 4500/4687, Loss: 0.33665889501571655
Batch 4550/4687, Loss: 0.35452333092689514
Batch 4600/4687, Loss: 0.3724372684955597
Batch 4650/4687, Loss: 0.3378453850746155

Start of epoch 39
Batch 0/4687, Loss: 0.385063111782074
Batch 50/4687, Loss: 0.3317936658859253
Batch 100/4687, Loss: 0.3315059244632721
Batch 150/4687, Loss: 0.32590219378471375
Batch 200/4687, Loss: 0.32993707060813904
Batch 250/4687, Loss: 0.3406769931316376
Batch 300/4687, Loss: 0.33411961793899536
Batch 350/4687, Loss: 0.33292680978775024
Batch 400/4687, Loss: 0.31023257970809937
Batch 450/4687, Loss: 0.31329911947250366
Batch 500/4687, Loss: 0.3193320631980896
Batch 550/4687, Loss: 0.3609010577201843
Batch 600/4687, Loss: 0.3097843825817108
Batch 650/4687, Loss: 0.3375583589076996
Batch 700/4687, Loss: 0.42681586742401123
Batch 750/4687, Loss: 0.3628142178058624
Batch 800/4687, Loss: 0.31044477224349976
Batch 850/4687, Loss: 0.30182307958602905
Batch 900/4687, Loss: 0.3345346450805664
Batch 950/4687, Loss: 0.30874449014663696
Batch 1000/4687, Loss: 0.45341262221336365
Batch 1050/4687, Loss: 0.31081199645996094
Batch 1100/4687, Loss: 0.3526809811592102
Batch 1150/4687, Loss: 0.3456636071205139
Batch 1200/4687, Loss: 0.3275999128818512
Batch 1250/4687, Loss: 0.3074378967285156
Batch 1300/4687, Loss: 0.32890135049819946
Batch 1350/4687, Loss: 0.3611491322517395
Batch 1400/4687, Loss: 0.33751189708709717
Batch 1450/4687, Loss: 0.2926037013530731
Batch 1500/4687, Loss: 0.3265206813812256
Batch 1550/4687, Loss: 0.3178759217262268
Batch 1600/4687, Loss: 0.31411898136138916
Batch 1650/4687, Loss: 0.3437179923057556
Batch 1700/4687, Loss: 0.3161337971687317
Batch 1750/4687, Loss: 0.30759111046791077
Batch 1800/4687, Loss: 0.3347494900226593
Batch 1850/4687, Loss: 1.1499189138412476
Batch 1900/4687, Loss: 0.3515893220901489
Batch 1950/4687, Loss: 0.33356088399887085
Batch 2000/4687, Loss: 0.31716665625572205
Batch 2050/4687, Loss: 0.296947717666626
Batch 2100/4687, Loss: 0.32594701647758484
Batch 2150/4687, Loss: 0.3164858818054199
Batch 2200/4687, Loss: 0.3159046769142151
Batch 2250/4687, Loss: 0.3338726758956909
Batch 2300/4687, Loss: 0.3310512900352478
Batch 2350/4687, Loss: 0.3530678153038025
Batch 2400/4687, Loss: 0.35781362652778625
Batch 2450/4687, Loss: 0.30551013350486755
Batch 2500/4687, Loss: 0.33424851298332214
Batch 2550/4687, Loss: 0.330028772354126
Batch 2600/4687, Loss: 0.3091064691543579
Batch 2650/4687, Loss: 0.343914270401001
Batch 2700/4687, Loss: 0.32559043169021606
Batch 2750/4687, Loss: 0.32447075843811035
Batch 2800/4687, Loss: 0.32741281390190125
Batch 2850/4687, Loss: 0.31696853041648865
Batch 2900/4687, Loss: 0.3067314326763153
Batch 2950/4687, Loss: 0.36104363203048706
Batch 3000/4687, Loss: 0.3214999735355377
Batch 3050/4687, Loss: 0.3018076717853546
Batch 3100/4687, Loss: 0.3160393238067627
Batch 3150/4687, Loss: 0.30935677886009216
Batch 3200/4687, Loss: 0.30031901597976685
Batch 3250/4687, Loss: 0.31081849336624146
Batch 3300/4687, Loss: 0.31575584411621094
Batch 3350/4687, Loss: 0.31166374683380127
Batch 3400/4687, Loss: 0.3227421045303345
Batch 3450/4687, Loss: 0.3073387145996094
Batch 3500/4687, Loss: 0.32538875937461853
Batch 3550/4687, Loss: 0.31478050351142883
Batch 3600/4687, Loss: 0.33765098452568054
Batch 3650/4687, Loss: 0.31550395488739014
Batch 3700/4687, Loss: 0.30324241518974304
Batch 3750/4687, Loss: 0.3093728721141815
Batch 3800/4687, Loss: 0.2941988408565521
Batch 3850/4687, Loss: 0.31100958585739136
Batch 3900/4687, Loss: 0.34887272119522095
Batch 3950/4687, Loss: 0.3207494616508484
Batch 4000/4687, Loss: 0.32290491461753845
Batch 4050/4687, Loss: 0.3375262916088104
Batch 4100/4687, Loss: 0.34586989879608154
Batch 4150/4687, Loss: 0.32142409682273865
Batch 4200/4687, Loss: 0.3296501636505127
Batch 4250/4687, Loss: 0.30937325954437256
Batch 4300/4687, Loss: 0.3290860056877136
Batch 4350/4687, Loss: 0.33210378885269165
Batch 4400/4687, Loss: 0.325032502412796
Batch 4450/4687, Loss: 0.3066753149032593
Batch 4500/4687, Loss: 0.34312549233436584
Batch 4550/4687, Loss: 0.3171703517436981
Batch 4600/4687, Loss: 0.3399096131324768
Batch 4650/4687, Loss: 0.29429900646209717

Start of epoch 40
Batch 0/4687, Loss: 0.30473652482032776
Batch 50/4687, Loss: 0.3242585361003876
Batch 100/4687, Loss: 0.31914809346199036
Batch 150/4687, Loss: 0.3498726189136505
Batch 200/4687, Loss: 0.3538486361503601
Batch 250/4687, Loss: 0.30256161093711853
Batch 300/4687, Loss: 0.3247787356376648
Batch 350/4687, Loss: 0.32646143436431885
Batch 400/4687, Loss: 0.30382561683654785
Batch 450/4687, Loss: 0.3317502439022064
Batch 500/4687, Loss: 0.36886221170425415
Batch 550/4687, Loss: 0.3100219666957855
Batch 600/4687, Loss: 0.3359016180038452
Batch 650/4687, Loss: 0.3075864613056183
Batch 700/4687, Loss: 0.34542813897132874
Batch 750/4687, Loss: 0.3045840263366699
Batch 800/4687, Loss: 0.3026953935623169
Batch 850/4687, Loss: 0.38417941331863403
Batch 900/4687, Loss: 0.32191264629364014
Batch 950/4687, Loss: 0.3262900412082672
Batch 1000/4687, Loss: 0.3096701502799988
Batch 1050/4687, Loss: 0.3173380196094513
Batch 1100/4687, Loss: 0.30405670404434204
Batch 1150/4687, Loss: 0.3512173295021057
Batch 1200/4687, Loss: 0.32098090648651123
Batch 1250/4687, Loss: 0.3110473155975342
Batch 1300/4687, Loss: 0.32666438817977905
Batch 1350/4687, Loss: 0.3227590024471283
Batch 1400/4687, Loss: 0.3307618498802185
Batch 1450/4687, Loss: 0.3144690990447998
Batch 1500/4687, Loss: 0.3337482213973999
Batch 1550/4687, Loss: 0.32692599296569824
Batch 1600/4687, Loss: 0.35373449325561523
Batch 1650/4687, Loss: 0.3182560205459595
Batch 1700/4687, Loss: 0.3206195831298828
Batch 1750/4687, Loss: 0.34499046206474304
Batch 1800/4687, Loss: 0.30153384804725647
Batch 1850/4687, Loss: 0.42464107275009155
Batch 1900/4687, Loss: 0.32074159383773804
Batch 1950/4687, Loss: 0.39416396617889404
Batch 2000/4687, Loss: 0.32439762353897095
Batch 2050/4687, Loss: 0.2868466377258301
Batch 2100/4687, Loss: 0.30667349696159363
Batch 2150/4687, Loss: 0.3146778643131256
Batch 2200/4687, Loss: 0.30408409237861633
Batch 2250/4687, Loss: 0.2999975085258484
Batch 2300/4687, Loss: 0.3242853283882141
Batch 2350/4687, Loss: 0.284995973110199
Batch 2400/4687, Loss: 0.33992013335227966
Batch 2450/4687, Loss: 0.32160723209381104
Batch 2500/4687, Loss: 0.32422277331352234
Batch 2550/4687, Loss: 0.30059289932250977
Batch 2600/4687, Loss: 0.3342800438404083
Batch 2650/4687, Loss: 0.35076117515563965
Batch 2700/4687, Loss: 0.3159503936767578
Batch 2750/4687, Loss: 0.3436744213104248
Batch 2800/4687, Loss: 0.30149009823799133
Batch 2850/4687, Loss: 0.3484656810760498
Batch 2900/4687, Loss: 0.30481669306755066
Batch 2950/4687, Loss: 0.29426252841949463
Batch 3000/4687, Loss: 0.3386978209018707
Batch 3050/4687, Loss: 0.32114681601524353
Batch 3100/4687, Loss: 0.33115267753601074
Batch 3150/4687, Loss: 0.34711945056915283
Batch 3200/4687, Loss: 0.33957767486572266
Batch 3250/4687, Loss: 0.2966930866241455
Batch 3300/4687, Loss: 0.31581825017929077
Batch 3350/4687, Loss: 0.3309274911880493
Batch 3400/4687, Loss: 0.31285881996154785
Batch 3450/4687, Loss: 0.27783533930778503
Batch 3500/4687, Loss: 0.31531375646591187
Batch 3550/4687, Loss: 0.35459083318710327
Batch 3600/4687, Loss: 0.3305876851081848
Batch 3650/4687, Loss: 0.29060864448547363
Batch 3700/4687, Loss: 0.311146080493927
Batch 3750/4687, Loss: 0.3169487416744232
Batch 3800/4687, Loss: 0.3494272828102112
Batch 3850/4687, Loss: 0.3172273337841034
Batch 3900/4687, Loss: 0.2967580258846283
Batch 3950/4687, Loss: 0.29705944657325745
Batch 4000/4687, Loss: 0.35618680715560913
Batch 4050/4687, Loss: 0.5593662261962891
Batch 4100/4687, Loss: 0.31727004051208496
Batch 4150/4687, Loss: 0.28724461793899536
Batch 4200/4687, Loss: 0.29747483134269714
Batch 4250/4687, Loss: 0.30346670746803284
Batch 4300/4687, Loss: 0.28519904613494873
Batch 4350/4687, Loss: 0.29250821471214294
Batch 4400/4687, Loss: 0.28851285576820374
Batch 4450/4687, Loss: 0.31022709608078003
Batch 4500/4687, Loss: 0.3176763951778412
Batch 4550/4687, Loss: 0.3029630184173584
Batch 4600/4687, Loss: 0.3264118432998657
Batch 4650/4687, Loss: 0.3115212917327881

Start of epoch 41
Batch 0/4687, Loss: 0.3110131323337555
Batch 50/4687, Loss: 0.30411407351493835
Batch 100/4687, Loss: 0.29296088218688965
Batch 150/4687, Loss: 0.33702096343040466
Batch 200/4687, Loss: 0.292672336101532
Batch 250/4687, Loss: 0.31286418437957764
Batch 300/4687, Loss: 0.34541037678718567
Batch 350/4687, Loss: 0.3306773602962494
Batch 400/4687, Loss: 0.2929278016090393
Batch 450/4687, Loss: 0.3052036166191101
Batch 500/4687, Loss: 0.2929982542991638
Batch 550/4687, Loss: 0.32479968667030334
Batch 600/4687, Loss: 0.29951387643814087
Batch 650/4687, Loss: 0.2804047465324402
Batch 700/4687, Loss: 0.30199897289276123
Batch 750/4687, Loss: 0.3164104223251343
Batch 800/4687, Loss: 0.31900346279144287
Batch 850/4687, Loss: 0.30732083320617676
Batch 900/4687, Loss: 0.2881678342819214
Batch 950/4687, Loss: 0.3147018551826477
Batch 1000/4687, Loss: 0.3075941801071167
Batch 1050/4687, Loss: 0.3086737394332886
Batch 1100/4687, Loss: 0.3098656237125397
Batch 1150/4687, Loss: 0.33069923520088196
Batch 1200/4687, Loss: 0.3040715456008911
Batch 1250/4687, Loss: 0.2998032867908478
Batch 1300/4687, Loss: 0.3517617881298065
Batch 1350/4687, Loss: 0.2967767119407654
Batch 1400/4687, Loss: 0.30633553862571716
Batch 1450/4687, Loss: 0.3065944015979767
Batch 1500/4687, Loss: 0.30346256494522095
Batch 1550/4687, Loss: 0.3117649555206299
Batch 1600/4687, Loss: 0.31916600465774536
Batch 1650/4687, Loss: 0.3078571557998657
Batch 1700/4687, Loss: 0.3265802264213562
Batch 1750/4687, Loss: 0.3030241131782532
Batch 1800/4687, Loss: 0.30165523290634155
Batch 1850/4687, Loss: 0.3710862994194031
Batch 1900/4687, Loss: 0.2926658093929291
Batch 1950/4687, Loss: 0.3047100901603699
Batch 2000/4687, Loss: 0.4694492518901825
Batch 2050/4687, Loss: 0.3047987222671509
Batch 2100/4687, Loss: 0.2812478244304657
Batch 2150/4687, Loss: 0.2993640899658203
Batch 2200/4687, Loss: 0.31189781427383423
Batch 2250/4687, Loss: 0.3242769241333008
Batch 2300/4687, Loss: 0.34454241394996643
Batch 2350/4687, Loss: 0.30846187472343445
Batch 2400/4687, Loss: 0.2930834889411926
Batch 2450/4687, Loss: 0.32567188143730164
Batch 2500/4687, Loss: 0.2940886914730072
Batch 2550/4687, Loss: 0.3227670192718506
Batch 2600/4687, Loss: 0.3004239499568939
Batch 2650/4687, Loss: 0.3267204761505127
Batch 2700/4687, Loss: 0.30107414722442627
Batch 2750/4687, Loss: 0.29827186465263367
Batch 2800/4687, Loss: 0.2894371747970581
Batch 2850/4687, Loss: 0.31181800365448
Batch 2900/4687, Loss: 0.3139808475971222
Batch 2950/4687, Loss: 0.31232598423957825
Batch 3000/4687, Loss: 0.32786333560943604
Batch 3050/4687, Loss: 0.2945513427257538
Batch 3100/4687, Loss: 0.291670024394989
Batch 3150/4687, Loss: 0.344356507062912
Batch 3200/4687, Loss: 0.3217582404613495
Batch 3250/4687, Loss: 0.31403008103370667
Batch 3300/4687, Loss: 0.29571184515953064
Batch 3350/4687, Loss: 0.33836960792541504
Batch 3400/4687, Loss: 0.2965880334377289
Batch 3450/4687, Loss: 0.2916732430458069
Batch 3500/4687, Loss: 0.3152463436126709
Batch 3550/4687, Loss: 0.29459047317504883
Batch 3600/4687, Loss: 0.31403693556785583
Batch 3650/4687, Loss: 0.29876670241355896
Batch 3700/4687, Loss: 0.3230017423629761
Batch 3750/4687, Loss: 0.3147680461406708
Batch 3800/4687, Loss: 0.29698145389556885
Batch 3850/4687, Loss: 0.2992452383041382
Batch 3900/4687, Loss: 0.2938089370727539
Batch 3950/4687, Loss: 0.3128119707107544
Batch 4000/4687, Loss: 0.28233736753463745
Batch 4050/4687, Loss: 0.29753556847572327
Batch 4100/4687, Loss: 0.469507098197937
Batch 4150/4687, Loss: 0.3305981159210205
Batch 4200/4687, Loss: 0.2788439691066742
Batch 4250/4687, Loss: 0.30982506275177
Batch 4300/4687, Loss: 0.3331800699234009
Batch 4350/4687, Loss: 0.319961279630661
Batch 4400/4687, Loss: 0.2940486669540405
Batch 4450/4687, Loss: 0.3244022727012634
Batch 4500/4687, Loss: 0.3013589680194855
Batch 4550/4687, Loss: 0.34875041246414185
Batch 4600/4687, Loss: 0.3311502933502197
Batch 4650/4687, Loss: 0.3055211901664734

Start of epoch 42
Batch 0/4687, Loss: 0.2960210144519806
Batch 50/4687, Loss: 0.3308607339859009
Batch 100/4687, Loss: 0.3140992522239685
Batch 150/4687, Loss: 0.306345671415329
Batch 200/4687, Loss: 0.2863136827945709
Batch 250/4687, Loss: 0.3209935128688812
Batch 300/4687, Loss: 0.2694970965385437
Batch 350/4687, Loss: 0.29947730898857117
Batch 400/4687, Loss: 0.3118804693222046
Batch 450/4687, Loss: 0.34496182203292847
Batch 500/4687, Loss: 0.2625719904899597
Batch 550/4687, Loss: 0.31492292881011963
Batch 600/4687, Loss: 0.2934017777442932
Batch 650/4687, Loss: 0.3056221306324005
Batch 700/4687, Loss: 0.3071545958518982
Batch 750/4687, Loss: 0.3237881064414978
Batch 800/4687, Loss: 0.3037765920162201
Batch 850/4687, Loss: 0.30639100074768066
Batch 900/4687, Loss: 0.4346127510070801
Batch 950/4687, Loss: 0.3749798536300659
Batch 1000/4687, Loss: 0.2964297831058502
Batch 1050/4687, Loss: 0.2923077344894409
Batch 1100/4687, Loss: 0.3198566436767578
Batch 1150/4687, Loss: 0.3039807677268982
Batch 1200/4687, Loss: 0.2966346740722656
Batch 1250/4687, Loss: 0.28977450728416443
Batch 1300/4687, Loss: 0.28670167922973633
Batch 1350/4687, Loss: 0.3156302571296692
Batch 1400/4687, Loss: 0.3039845824241638
Batch 1450/4687, Loss: 0.27005133032798767
Batch 1500/4687, Loss: 0.3098717927932739
Batch 1550/4687, Loss: 0.29549241065979004
Batch 1600/4687, Loss: 0.2845010757446289
Batch 1650/4687, Loss: 0.3143301010131836
Batch 1700/4687, Loss: 0.3254709243774414
Batch 1750/4687, Loss: 0.2913396656513214
Batch 1800/4687, Loss: 0.32801124453544617
Batch 1850/4687, Loss: 0.30840766429901123
Batch 1900/4687, Loss: 0.2840977609157562
Batch 1950/4687, Loss: 0.2978285551071167
Batch 2000/4687, Loss: 0.2979261875152588
Batch 2050/4687, Loss: 0.33568400144577026
Batch 2100/4687, Loss: 0.4575425982475281
Batch 2150/4687, Loss: 0.3125697374343872
Batch 2200/4687, Loss: 0.2987733483314514
Batch 2250/4687, Loss: 0.287284255027771
Batch 2300/4687, Loss: 0.315481960773468
Batch 2350/4687, Loss: 0.3150559961795807
Batch 2400/4687, Loss: 0.29774317145347595
Batch 2450/4687, Loss: 0.3065790832042694
Batch 2500/4687, Loss: 0.3109865188598633
Batch 2550/4687, Loss: 0.28934338688850403
Batch 2600/4687, Loss: 0.29093489050865173
Batch 2650/4687, Loss: 0.2907254695892334
Batch 2700/4687, Loss: 0.31568461656570435
Batch 2750/4687, Loss: 0.33457911014556885
Batch 2800/4687, Loss: 0.28533586859703064
Batch 2850/4687, Loss: 0.3010605573654175
Batch 2900/4687, Loss: 0.2897970676422119
Batch 2950/4687, Loss: 0.29771265387535095
Batch 3000/4687, Loss: 0.30358847975730896
Batch 3050/4687, Loss: 0.3017726242542267
Batch 3100/4687, Loss: 0.28827470541000366
Batch 3150/4687, Loss: 0.2922125458717346
Batch 3200/4687, Loss: 0.36366990208625793
Batch 3250/4687, Loss: 0.3626418113708496
Batch 3300/4687, Loss: 0.3362870216369629
Batch 3350/4687, Loss: 0.3111542761325836
Batch 3400/4687, Loss: 0.2817951738834381
Batch 3450/4687, Loss: 0.30164504051208496
Batch 3500/4687, Loss: 0.3061234951019287
Batch 3550/4687, Loss: 0.2852998673915863
Batch 3600/4687, Loss: 0.30145585536956787
Batch 3650/4687, Loss: 0.2942432761192322
Batch 3700/4687, Loss: 0.2941657304763794
Batch 3750/4687, Loss: 0.3086211383342743
Batch 3800/4687, Loss: 0.3039605915546417
Batch 3850/4687, Loss: 0.3010237216949463
Batch 3900/4687, Loss: 0.3142563998699188
Batch 3950/4687, Loss: 0.30806779861450195
Batch 4000/4687, Loss: 0.29795414209365845
Batch 4050/4687, Loss: 0.3101433217525482
Batch 4100/4687, Loss: 0.29403847455978394
Batch 4150/4687, Loss: 0.2804872989654541
Batch 4200/4687, Loss: 0.3080185651779175
Batch 4250/4687, Loss: 0.3180849850177765
Batch 4300/4687, Loss: 0.3062640130519867
Batch 4350/4687, Loss: 0.28335660696029663
Batch 4400/4687, Loss: 0.30534499883651733
Batch 4450/4687, Loss: 0.2611118257045746
Batch 4500/4687, Loss: 0.2825966775417328
Batch 4550/4687, Loss: 0.28484100103378296
Batch 4600/4687, Loss: 0.3047412037849426
Batch 4650/4687, Loss: 0.2828730344772339

Start of epoch 43
Batch 0/4687, Loss: 0.27560654282569885
Batch 50/4687, Loss: 0.2658996284008026
Batch 100/4687, Loss: 0.2937827706336975
Batch 150/4687, Loss: 0.2879495322704315
Batch 200/4687, Loss: 0.3400743901729584
Batch 250/4687, Loss: 0.30110666155815125
Batch 300/4687, Loss: 0.2965737283229828
Batch 350/4687, Loss: 0.2941451072692871
Batch 400/4687, Loss: 0.29603245854377747
Batch 450/4687, Loss: 0.296161413192749
Batch 500/4687, Loss: 0.2936997413635254
Batch 550/4687, Loss: 0.30996400117874146
Batch 600/4687, Loss: 0.2962465286254883
Batch 650/4687, Loss: 0.2999360263347626
Batch 700/4687, Loss: 0.2751512825489044
Batch 750/4687, Loss: 0.322172611951828
Batch 800/4687, Loss: 0.2774311304092407
Batch 850/4687, Loss: 0.349931538105011
Batch 900/4687, Loss: 0.29408523440361023
Batch 950/4687, Loss: 0.3048744201660156
Batch 1000/4687, Loss: 0.28089815378189087
Batch 1050/4687, Loss: 0.3046402037143707
Batch 1100/4687, Loss: 0.3114660978317261
Batch 1150/4687, Loss: 0.26370489597320557
Batch 1200/4687, Loss: 0.29275819659233093
Batch 1250/4687, Loss: 0.32468363642692566
Batch 1300/4687, Loss: 0.3102710545063019
Batch 1350/4687, Loss: 0.30392518639564514
Batch 1400/4687, Loss: 0.30512160062789917
Batch 1450/4687, Loss: 0.295009970664978
Batch 1500/4687, Loss: 0.28025633096694946
Batch 1550/4687, Loss: 0.3037376403808594
Batch 1600/4687, Loss: 0.3042946457862854
Batch 1650/4687, Loss: 0.32491278648376465
Batch 1700/4687, Loss: 0.3399451971054077
Batch 1750/4687, Loss: 0.29074135422706604
Batch 1800/4687, Loss: 0.29044461250305176
Batch 1850/4687, Loss: 0.287099152803421
Batch 1900/4687, Loss: 0.30880817770957947
Batch 1950/4687, Loss: 0.6150919198989868
Batch 2000/4687, Loss: 0.3480686545372009
Batch 2050/4687, Loss: 0.2950296700000763
Batch 2100/4687, Loss: 0.29970914125442505
Batch 2150/4687, Loss: 0.28333452343940735
Batch 2200/4687, Loss: 0.30279412865638733
Batch 2250/4687, Loss: 0.27190613746643066
Batch 2300/4687, Loss: 0.29797542095184326
Batch 2350/4687, Loss: 0.30714499950408936
Batch 2400/4687, Loss: 0.32142001390457153
Batch 2450/4687, Loss: 0.30366137623786926
Batch 2500/4687, Loss: 0.27020642161369324
Batch 2550/4687, Loss: 0.298353374004364
Batch 2600/4687, Loss: 0.30202364921569824
Batch 2650/4687, Loss: 0.2947315275669098
Batch 2700/4687, Loss: 0.27714234590530396
Batch 2750/4687, Loss: 0.27607303857803345
Batch 2800/4687, Loss: 0.30093979835510254
Batch 2850/4687, Loss: 0.2873089015483856
Batch 2900/4687, Loss: 0.30886781215667725
Batch 2950/4687, Loss: 0.28831997513771057
Batch 3000/4687, Loss: 0.30365028977394104
Batch 3050/4687, Loss: 0.29780447483062744
Batch 3100/4687, Loss: 0.2809258997440338
Batch 3150/4687, Loss: 0.34573882818222046
Batch 3200/4687, Loss: 0.3011088967323303
Batch 3250/4687, Loss: 0.32874220609664917
Batch 3300/4687, Loss: 0.2846851646900177
Batch 3350/4687, Loss: 0.3115491271018982
Batch 3400/4687, Loss: 0.2706863582134247
Batch 3450/4687, Loss: 0.32392609119415283
Batch 3500/4687, Loss: 0.3859248757362366
Batch 3550/4687, Loss: 0.2944638729095459
Batch 3600/4687, Loss: 0.3057788908481598
Batch 3650/4687, Loss: 0.26586785912513733
Batch 3700/4687, Loss: 0.27549755573272705
Batch 3750/4687, Loss: 0.3101240396499634
Batch 3800/4687, Loss: 0.29409632086753845
Batch 3850/4687, Loss: 0.2788751721382141
Batch 3900/4687, Loss: 0.2878701686859131
Batch 3950/4687, Loss: 0.28692275285720825
Batch 4000/4687, Loss: 0.27240467071533203
Batch 4050/4687, Loss: 0.28808918595314026
Batch 4100/4687, Loss: 0.3030112385749817
Batch 4150/4687, Loss: 0.33846938610076904
Batch 4200/4687, Loss: 0.3011605143547058
Batch 4250/4687, Loss: 0.28599002957344055
Batch 4300/4687, Loss: 0.26945960521698
Batch 4350/4687, Loss: 0.27142420411109924
Batch 4400/4687, Loss: 0.30050933361053467
Batch 4450/4687, Loss: 0.3047349750995636
Batch 4500/4687, Loss: 0.3115778863430023
Batch 4550/4687, Loss: 0.282987117767334
Batch 4600/4687, Loss: 0.39442700147628784
Batch 4650/4687, Loss: 0.2756270170211792

Start of epoch 44
Batch 0/4687, Loss: 0.2766920328140259
Batch 50/4687, Loss: 0.28724271059036255
Batch 100/4687, Loss: 0.31527984142303467
Batch 150/4687, Loss: 0.2941308617591858
Batch 200/4687, Loss: 0.277250736951828
Batch 250/4687, Loss: 0.28239119052886963
Batch 300/4687, Loss: 0.28927791118621826
Batch 350/4687, Loss: 0.2983030378818512
Batch 400/4687, Loss: 0.2948664128780365
Batch 450/4687, Loss: 0.3147857189178467
Batch 500/4687, Loss: 0.2834740877151489
Batch 550/4687, Loss: 0.2776874303817749
Batch 600/4687, Loss: 0.288962185382843
Batch 650/4687, Loss: 0.28925779461860657
Batch 700/4687, Loss: 0.31737545132637024
Batch 750/4687, Loss: 0.27510344982147217
Batch 800/4687, Loss: 0.31608647108078003
Batch 850/4687, Loss: 0.30365920066833496
Batch 900/4687, Loss: 0.3065668046474457
Batch 950/4687, Loss: 0.28148967027664185
Batch 1000/4687, Loss: 0.4174509644508362
Batch 1050/4687, Loss: 0.3206758201122284
Batch 1100/4687, Loss: 0.30851343274116516
Batch 1150/4687, Loss: 0.26138079166412354
Batch 1200/4687, Loss: 0.28982385993003845
Batch 1250/4687, Loss: 0.3139490485191345
Batch 1300/4687, Loss: 0.2908415198326111
Batch 1350/4687, Loss: 0.31293171644210815
Batch 1400/4687, Loss: 0.29435622692108154
Batch 1450/4687, Loss: 0.30037057399749756
Batch 1500/4687, Loss: 0.3058159649372101
Batch 1550/4687, Loss: 0.3031553626060486
Batch 1600/4687, Loss: 0.2681869566440582
Batch 1650/4687, Loss: 0.2837637960910797
Batch 1700/4687, Loss: 0.2911376655101776
Batch 1750/4687, Loss: 0.31156808137893677
Batch 1800/4687, Loss: 0.29436394572257996
Batch 1850/4687, Loss: 0.3246843218803406
Batch 1900/4687, Loss: 0.3004930317401886
Batch 1950/4687, Loss: 0.2576441764831543
Batch 2000/4687, Loss: 0.2930087447166443
Batch 2050/4687, Loss: 0.28666403889656067
Batch 2100/4687, Loss: 0.28494399785995483
Batch 2150/4687, Loss: 0.29706665873527527
Batch 2200/4687, Loss: 0.283912718296051
Batch 2250/4687, Loss: 0.2783523201942444
Batch 2300/4687, Loss: 0.314791202545166
Batch 2350/4687, Loss: 0.2881726324558258
Batch 2400/4687, Loss: 0.29140353202819824
Batch 2450/4687, Loss: 0.28492650389671326
Batch 2500/4687, Loss: 0.28957077860832214
Batch 2550/4687, Loss: 0.26491254568099976
Batch 2600/4687, Loss: 0.28232359886169434
Batch 2650/4687, Loss: 0.2978322505950928
Batch 2700/4687, Loss: 0.33626919984817505
Batch 2750/4687, Loss: 0.28086286783218384
Batch 2800/4687, Loss: 0.3203566074371338
Batch 2850/4687, Loss: 0.288055956363678
Batch 2900/4687, Loss: 0.308978408575058
Batch 2950/4687, Loss: 0.28472012281417847
Batch 3000/4687, Loss: 0.2855735421180725
Batch 3050/4687, Loss: 0.3091757893562317
Batch 3100/4687, Loss: 0.31869417428970337
Batch 3150/4687, Loss: 0.29141831398010254
Batch 3200/4687, Loss: 0.2735454738140106
Batch 3250/4687, Loss: 0.2947753071784973
Batch 3300/4687, Loss: 0.28135812282562256
Batch 3350/4687, Loss: 0.3057821989059448
Batch 3400/4687, Loss: 0.33722078800201416
Batch 3450/4687, Loss: 0.2914067804813385
Batch 3500/4687, Loss: 0.2886967658996582
Batch 3550/4687, Loss: 0.2810099124908447
Batch 3600/4687, Loss: 0.29572027921676636
Batch 3650/4687, Loss: 0.28599512577056885
Batch 3700/4687, Loss: 0.3007122278213501
Batch 3750/4687, Loss: 0.28259754180908203
Batch 3800/4687, Loss: 0.27882304787635803
Batch 3850/4687, Loss: 0.2955286204814911
Batch 3900/4687, Loss: 0.2961597442626953
Batch 3950/4687, Loss: 0.2818291187286377
Batch 4000/4687, Loss: 0.29767847061157227
Batch 4050/4687, Loss: 0.31422722339630127
Batch 4100/4687, Loss: 0.283171683549881
Batch 4150/4687, Loss: 0.25925886631011963
Batch 4200/4687, Loss: 0.2777290344238281
Batch 4250/4687, Loss: 0.30507370829582214
Batch 4300/4687, Loss: 0.2870837450027466
Batch 4350/4687, Loss: 0.26498377323150635
Batch 4400/4687, Loss: 0.4218890070915222
Batch 4450/4687, Loss: 0.29968854784965515
Batch 4500/4687, Loss: 0.28728461265563965
Batch 4550/4687, Loss: 0.28870975971221924
Batch 4600/4687, Loss: 0.29506975412368774
Batch 4650/4687, Loss: 0.2677189111709595

Start of epoch 45
Batch 0/4687, Loss: 0.28415799140930176
Batch 50/4687, Loss: 0.30476757884025574
Batch 100/4687, Loss: 0.29959091544151306
Batch 150/4687, Loss: 0.3002219796180725
Batch 200/4687, Loss: 0.28411293029785156
Batch 250/4687, Loss: 0.3086854815483093
Batch 300/4687, Loss: 0.294726699590683
Batch 350/4687, Loss: 0.27412480115890503
Batch 400/4687, Loss: 0.2695036232471466
Batch 450/4687, Loss: 0.2966054081916809
Batch 500/4687, Loss: 0.2887430787086487
Batch 550/4687, Loss: 0.289120078086853
Batch 600/4687, Loss: 0.2851424813270569
Batch 650/4687, Loss: 0.31673938035964966
Batch 700/4687, Loss: 0.29857760667800903
Batch 750/4687, Loss: 0.28867730498313904
Batch 800/4687, Loss: 0.31115686893463135
Batch 850/4687, Loss: 0.28098064661026
Batch 900/4687, Loss: 0.3503704071044922
Batch 950/4687, Loss: 0.302411288022995
Batch 1000/4687, Loss: 0.2925211489200592
Batch 1050/4687, Loss: 0.2860732674598694
Batch 1100/4687, Loss: 0.2793894410133362
Batch 1150/4687, Loss: 0.299946665763855
Batch 1200/4687, Loss: 0.28139734268188477
Batch 1250/4687, Loss: 0.29853183031082153
Batch 1300/4687, Loss: 0.3247184157371521
Batch 1350/4687, Loss: 0.2855602502822876
Batch 1400/4687, Loss: 0.2806389629840851
Batch 1450/4687, Loss: 0.2892015874385834
Batch 1500/4687, Loss: 0.32719817757606506
Batch 1550/4687, Loss: 0.26637426018714905
Batch 1600/4687, Loss: 0.3624763786792755
Batch 1650/4687, Loss: 0.3626580834388733
Batch 1700/4687, Loss: 0.2845975160598755
Batch 1750/4687, Loss: 0.34985336661338806
Batch 1800/4687, Loss: 0.2642766833305359
Batch 1850/4687, Loss: 0.277726411819458
Batch 1900/4687, Loss: 0.29475778341293335
Batch 1950/4687, Loss: 0.284564733505249
Batch 2000/4687, Loss: 0.2894269824028015
Batch 2050/4687, Loss: 0.28857386112213135
Batch 2100/4687, Loss: 0.2967403531074524
Batch 2150/4687, Loss: 0.255770742893219
Batch 2200/4687, Loss: 0.2878938913345337
Batch 2250/4687, Loss: 0.2834949791431427
Batch 2300/4687, Loss: 0.2951039969921112
Batch 2350/4687, Loss: 0.2994333505630493
Batch 2400/4687, Loss: 0.3079354166984558
Batch 2450/4687, Loss: 0.2691251337528229
Batch 2500/4687, Loss: 0.28659504652023315
Batch 2550/4687, Loss: 0.29361703991889954
Batch 2600/4687, Loss: 0.2640572786331177
Batch 2650/4687, Loss: 0.27620893716812134
Batch 2700/4687, Loss: 0.2738749384880066
Batch 2750/4687, Loss: 0.2966076135635376
Batch 2800/4687, Loss: 0.3268875479698181
Batch 2850/4687, Loss: 0.28758835792541504
Batch 2900/4687, Loss: 0.29450735449790955
Batch 2950/4687, Loss: 0.3022579550743103
Batch 3000/4687, Loss: 0.28780031204223633
Batch 3050/4687, Loss: 0.28370463848114014
Batch 3100/4687, Loss: 0.30328088998794556
Batch 3150/4687, Loss: 0.3111896514892578
Batch 3200/4687, Loss: 0.35487139225006104
Batch 3250/4687, Loss: 0.35970965027809143
Batch 3300/4687, Loss: 0.30494052171707153
Batch 3350/4687, Loss: 0.27940884232521057
Batch 3400/4687, Loss: 0.323660671710968
Batch 3450/4687, Loss: 0.2683555483818054
Batch 3500/4687, Loss: 0.27548661828041077
Batch 3550/4687, Loss: 0.32254326343536377
Batch 3600/4687, Loss: 0.30343207716941833
Batch 3650/4687, Loss: 0.2923125624656677
Batch 3700/4687, Loss: 0.2891688942909241
Batch 3750/4687, Loss: 0.2841331362724304
Batch 3800/4687, Loss: 0.279460072517395
Batch 3850/4687, Loss: 0.3367317318916321
Batch 3900/4687, Loss: 0.3413844406604767
Batch 3950/4687, Loss: 0.29270902276039124
Batch 4000/4687, Loss: 0.2687104642391205
Batch 4050/4687, Loss: 0.267787367105484
Batch 4100/4687, Loss: 0.2783876657485962
Batch 4150/4687, Loss: 0.3019402027130127
Batch 4200/4687, Loss: 0.269811749458313
Batch 4250/4687, Loss: 0.31607621908187866
Batch 4300/4687, Loss: 0.28491854667663574
Batch 4350/4687, Loss: 0.28078022599220276
Batch 4400/4687, Loss: 0.29361334443092346
Batch 4450/4687, Loss: 0.2742345929145813
Batch 4500/4687, Loss: 0.27656108140945435
Batch 4550/4687, Loss: 0.2876768708229065
Batch 4600/4687, Loss: 0.28436800837516785
Batch 4650/4687, Loss: 0.3361506462097168

Start of epoch 46
Batch 0/4687, Loss: 0.2882814407348633
Batch 50/4687, Loss: 0.32989567518234253
Batch 100/4687, Loss: 0.29969456791877747
Batch 150/4687, Loss: 0.3013487160205841
Batch 200/4687, Loss: 0.2905547618865967
Batch 250/4687, Loss: 0.29864445328712463
Batch 300/4687, Loss: 0.28202301263809204
Batch 350/4687, Loss: 0.28248345851898193
Batch 400/4687, Loss: 0.27784258127212524
Batch 450/4687, Loss: 0.2869774401187897
Batch 500/4687, Loss: 0.26685410737991333
Batch 550/4687, Loss: 0.28312456607818604
Batch 600/4687, Loss: 0.26405370235443115
Batch 650/4687, Loss: 0.264678955078125
Batch 700/4687, Loss: 0.2702625095844269
Batch 750/4687, Loss: 0.27586618065834045
Batch 800/4687, Loss: 0.3312661051750183
Batch 850/4687, Loss: 0.2691037356853485
Batch 900/4687, Loss: 0.26085782051086426
Batch 950/4687, Loss: 0.2742193937301636
Batch 1000/4687, Loss: 0.3031933903694153
Batch 1050/4687, Loss: 0.277033269405365
Batch 1100/4687, Loss: 0.33071327209472656
Batch 1150/4687, Loss: 0.2881023585796356
Batch 1200/4687, Loss: 0.29484227299690247
Batch 1250/4687, Loss: 0.28793108463287354
Batch 1300/4687, Loss: 0.2765866816043854
Batch 1350/4687, Loss: 0.28981325030326843
Batch 1400/4687, Loss: 0.27330446243286133
Batch 1450/4687, Loss: 0.2830681800842285
Batch 1500/4687, Loss: 0.2990255355834961
Batch 1550/4687, Loss: 0.2956113815307617
Batch 1600/4687, Loss: 0.4313775599002838
Batch 1650/4687, Loss: 0.2810473144054413
Batch 1700/4687, Loss: 0.3205292820930481
Batch 1750/4687, Loss: 0.30608034133911133
Batch 1800/4687, Loss: 0.3341020345687866
Batch 1850/4687, Loss: 0.274028480052948
Batch 1900/4687, Loss: 0.3092438876628876
Batch 1950/4687, Loss: 0.2838096618652344
Batch 2000/4687, Loss: 0.2802639305591583
Batch 2050/4687, Loss: 0.27590495347976685
Batch 2100/4687, Loss: 0.3105871379375458
Batch 2150/4687, Loss: 0.3061996102333069
Batch 2200/4687, Loss: 0.2912110388278961
Batch 2250/4687, Loss: 0.2865228056907654
Batch 2300/4687, Loss: 0.32296091318130493
Batch 2350/4687, Loss: 0.26938533782958984
Batch 2400/4687, Loss: 0.2758626937866211
Batch 2450/4687, Loss: 0.29123812913894653
Batch 2500/4687, Loss: 0.28053566813468933
Batch 2550/4687, Loss: 0.3010348677635193
Batch 2600/4687, Loss: 0.3073882460594177
Batch 2650/4687, Loss: 0.2656134068965912
Batch 2700/4687, Loss: 0.2829262614250183
Batch 2750/4687, Loss: 0.2859465777873993
Batch 2800/4687, Loss: 0.29509156942367554
Batch 2850/4687, Loss: 0.2910894751548767
Batch 2900/4687, Loss: 0.3014758229255676
Batch 2950/4687, Loss: 0.29275959730148315
Batch 3000/4687, Loss: 0.27414679527282715
Batch 3050/4687, Loss: 0.2906184196472168
Batch 3100/4687, Loss: 0.30834490060806274
Batch 3150/4687, Loss: 0.29351308941841125
Batch 3200/4687, Loss: 0.30771100521087646
Batch 3250/4687, Loss: 0.31074684858322144
Batch 3300/4687, Loss: 0.28353244066238403
Batch 3350/4687, Loss: 0.33843761682510376
Batch 3400/4687, Loss: 0.2909470200538635
Batch 3450/4687, Loss: 0.29992204904556274
Batch 3500/4687, Loss: 0.26983189582824707
Batch 3550/4687, Loss: 0.2788692116737366
Batch 3600/4687, Loss: 0.2966626286506653
Batch 3650/4687, Loss: 0.29879748821258545
Batch 3700/4687, Loss: 0.3901255428791046
Batch 3750/4687, Loss: 0.288296103477478
Batch 3800/4687, Loss: 0.26355406641960144
Batch 3850/4687, Loss: 0.2801598012447357
Batch 3900/4687, Loss: 0.29691508412361145
Batch 3950/4687, Loss: 0.27202340960502625
Batch 4000/4687, Loss: 0.31109732389450073
Batch 4050/4687, Loss: 0.2993457019329071
Batch 4100/4687, Loss: 0.300370454788208
Batch 4150/4687, Loss: 0.2856726050376892
Batch 4200/4687, Loss: 0.27674400806427
Batch 4250/4687, Loss: 0.2762176990509033
Batch 4300/4687, Loss: 0.26890814304351807
Batch 4350/4687, Loss: 0.2867048978805542
Batch 4400/4687, Loss: 0.2796677350997925
Batch 4450/4687, Loss: 0.26981818675994873
Batch 4500/4687, Loss: 0.2821981608867645
Batch 4550/4687, Loss: 0.31441643834114075
Batch 4600/4687, Loss: 0.2660619020462036
Batch 4650/4687, Loss: 0.2868179976940155

Start of epoch 47
Batch 0/4687, Loss: 0.28633347153663635
Batch 50/4687, Loss: 0.3005945384502411
Batch 100/4687, Loss: 0.3117017149925232
Batch 150/4687, Loss: 0.2739507555961609
Batch 200/4687, Loss: 0.49864527583122253
Batch 250/4687, Loss: 0.2711797058582306
Batch 300/4687, Loss: 0.2598864734172821
Batch 350/4687, Loss: 0.2954048216342926
Batch 400/4687, Loss: 0.26975756883621216
Batch 450/4687, Loss: 0.2910754382610321
Batch 500/4687, Loss: 0.2764957547187805
Batch 550/4687, Loss: 0.29222267866134644
Batch 600/4687, Loss: 0.2727506160736084
Batch 650/4687, Loss: 0.2990427017211914
Batch 700/4687, Loss: 0.31996017694473267
Batch 750/4687, Loss: 0.2644225060939789
Batch 800/4687, Loss: 0.2797462046146393
Batch 850/4687, Loss: 0.284087598323822
Batch 900/4687, Loss: 0.27100443840026855
Batch 950/4687, Loss: 0.28028225898742676
Batch 1000/4687, Loss: 0.2851783037185669
Batch 1050/4687, Loss: 0.2813355326652527
Batch 1100/4687, Loss: 0.24966540932655334
Batch 1150/4687, Loss: 0.27779996395111084
Batch 1200/4687, Loss: 0.2686240077018738
Batch 1250/4687, Loss: 0.28219088912010193
Batch 1300/4687, Loss: 0.2804510295391083
Batch 1350/4687, Loss: 0.3087655305862427
Batch 1400/4687, Loss: 0.3617178797721863
Batch 1450/4687, Loss: 0.27854204177856445
Batch 1500/4687, Loss: 0.26982998847961426
Batch 1550/4687, Loss: 0.2787284553050995
Batch 1600/4687, Loss: 0.2865666449069977
Batch 1650/4687, Loss: 0.28519779443740845
Batch 1700/4687, Loss: 0.29033440351486206
Batch 1750/4687, Loss: 0.2736423909664154
Batch 1800/4687, Loss: 0.29323312640190125
Batch 1850/4687, Loss: 0.2528199553489685
Batch 1900/4687, Loss: 0.2736372947692871
Batch 1950/4687, Loss: 0.29780876636505127
Batch 2000/4687, Loss: 0.274554044008255
Batch 2050/4687, Loss: 0.28072991967201233
Batch 2100/4687, Loss: 0.2758367955684662
Batch 2150/4687, Loss: 0.2660088539123535
Batch 2200/4687, Loss: 0.2814190685749054
Batch 2250/4687, Loss: 0.2746363580226898
Batch 2300/4687, Loss: 0.2701479196548462
Batch 2350/4687, Loss: 0.29735448956489563
Batch 2400/4687, Loss: 0.2630053758621216
Batch 2450/4687, Loss: 0.2807713747024536
Batch 2500/4687, Loss: 0.2682962119579315
Batch 2550/4687, Loss: 0.28880804777145386
Batch 2600/4687, Loss: 0.29212817549705505
Batch 2650/4687, Loss: 0.2687908709049225
Batch 2700/4687, Loss: 0.368520587682724
Batch 2750/4687, Loss: 0.2988639771938324
Batch 2800/4687, Loss: 0.28890663385391235
Batch 2850/4687, Loss: 0.28240105509757996
Batch 2900/4687, Loss: 0.2723454236984253
Batch 2950/4687, Loss: 0.28719866275787354
Batch 3000/4687, Loss: 0.2746122181415558
Batch 3050/4687, Loss: 0.2856178879737854
Batch 3100/4687, Loss: 0.2653689682483673
Batch 3150/4687, Loss: 0.2665526866912842
Batch 3200/4687, Loss: 0.28383657336235046
Batch 3250/4687, Loss: 0.26470714807510376
Batch 3300/4687, Loss: 0.2718869149684906
Batch 3350/4687, Loss: 0.2977646589279175
Batch 3400/4687, Loss: 0.2551910877227783
Batch 3450/4687, Loss: 0.2688045799732208
Batch 3500/4687, Loss: 0.30378052592277527
Batch 3550/4687, Loss: 0.29847607016563416
Batch 3600/4687, Loss: 0.2733362913131714
Batch 3650/4687, Loss: 0.2657546103000641
Batch 3700/4687, Loss: 0.2852898836135864
Batch 3750/4687, Loss: 0.2779505252838135
Batch 3800/4687, Loss: 0.27499061822891235
Batch 3850/4687, Loss: 0.27979984879493713
Batch 3900/4687, Loss: 0.2585188150405884
Batch 3950/4687, Loss: 0.30785661935806274
Batch 4000/4687, Loss: 0.2735287845134735
Batch 4050/4687, Loss: 0.2822592556476593
Batch 4100/4687, Loss: 0.2915899157524109
Batch 4150/4687, Loss: 0.29560208320617676
Batch 4200/4687, Loss: 0.32591819763183594
Batch 4250/4687, Loss: 0.2757892608642578
Batch 4300/4687, Loss: 0.29303663969039917
Batch 4350/4687, Loss: 0.2762942314147949
Batch 4400/4687, Loss: 0.26600217819213867
Batch 4450/4687, Loss: 0.2914584279060364
Batch 4500/4687, Loss: 0.4619249105453491
Batch 4550/4687, Loss: 0.25947636365890503
Batch 4600/4687, Loss: 0.30743709206581116
Batch 4650/4687, Loss: 0.28464269638061523

Start of epoch 48
Batch 0/4687, Loss: 0.2822825312614441
Batch 50/4687, Loss: 0.2764703929424286
Batch 100/4687, Loss: 0.279680460691452
Batch 150/4687, Loss: 0.26588305830955505
Batch 200/4687, Loss: 0.2983323931694031
Batch 250/4687, Loss: 0.2763272523880005
Batch 300/4687, Loss: 0.2731117904186249
Batch 350/4687, Loss: 0.28179484605789185
Batch 400/4687, Loss: 0.2818201780319214
Batch 450/4687, Loss: 0.28527963161468506
Batch 500/4687, Loss: 0.274321049451828
Batch 550/4687, Loss: 0.2934354543685913
Batch 600/4687, Loss: 0.26611995697021484
Batch 650/4687, Loss: 0.39431247115135193
Batch 700/4687, Loss: 0.2965267300605774
Batch 750/4687, Loss: 0.26701149344444275
Batch 800/4687, Loss: 0.2783920168876648
Batch 850/4687, Loss: 0.2967286705970764
Batch 900/4687, Loss: 0.2625844478607178
Batch 950/4687, Loss: 0.2511262595653534
Batch 1000/4687, Loss: 0.2520278990268707
Batch 1050/4687, Loss: 0.2705293893814087
Batch 1100/4687, Loss: 0.28781598806381226
Batch 1150/4687, Loss: 0.2784239649772644
Batch 1200/4687, Loss: 0.26280972361564636
Batch 1250/4687, Loss: 0.27996063232421875
Batch 1300/4687, Loss: 0.2944505214691162
Batch 1350/4687, Loss: 0.28345823287963867
Batch 1400/4687, Loss: 0.29965534806251526
Batch 1450/4687, Loss: 0.26304033398628235
Batch 1500/4687, Loss: 0.26770728826522827
Batch 1550/4687, Loss: 0.2820686101913452
Batch 1600/4687, Loss: 0.2794080674648285
Batch 1650/4687, Loss: 0.27567631006240845
Batch 1700/4687, Loss: 0.30108320713043213
Batch 1750/4687, Loss: 0.2848059833049774
Batch 1800/4687, Loss: 0.2631550133228302
Batch 1850/4687, Loss: 0.2804443836212158
Batch 1900/4687, Loss: 0.31546470522880554
Batch 1950/4687, Loss: 0.293901652097702
Batch 2000/4687, Loss: 0.29943904280662537
Batch 2050/4687, Loss: 0.27343952655792236
Batch 2100/4687, Loss: 0.26888203620910645
Batch 2150/4687, Loss: 0.2642495930194855
Batch 2200/4687, Loss: 0.2733527421951294
Batch 2250/4687, Loss: 0.298556387424469
Batch 2300/4687, Loss: 0.2731509804725647
Batch 2350/4687, Loss: 0.2984338402748108
Batch 2400/4687, Loss: 0.2819538712501526
Batch 2450/4687, Loss: 0.27092647552490234
Batch 2500/4687, Loss: 0.2948300540447235
Batch 2550/4687, Loss: 0.2612476944923401
Batch 2600/4687, Loss: 0.2744537591934204
Batch 2650/4687, Loss: 0.2711082100868225
Batch 2700/4687, Loss: 0.4317833185195923
Batch 2750/4687, Loss: 0.39513060450553894
Batch 2800/4687, Loss: 0.2900697588920593
Batch 2850/4687, Loss: 0.28512516617774963
Batch 2900/4687, Loss: 0.28450900316238403
Batch 2950/4687, Loss: 0.2697577178478241
Batch 3000/4687, Loss: 0.2759794294834137
Batch 3050/4687, Loss: 0.2674245238304138
Batch 3100/4687, Loss: 0.26371580362319946
Batch 3150/4687, Loss: 0.27562761306762695
Batch 3200/4687, Loss: 0.28365904092788696
Batch 3250/4687, Loss: 0.2961137294769287
Batch 3300/4687, Loss: 0.27500680088996887
Batch 3350/4687, Loss: 0.27699917554855347
Batch 3400/4687, Loss: 0.27597928047180176
Batch 3450/4687, Loss: 0.25479307770729065
Batch 3500/4687, Loss: 0.2947218418121338
Batch 3550/4687, Loss: 0.2889527976512909
Batch 3600/4687, Loss: 0.28522270917892456
Batch 3650/4687, Loss: 0.2756061255931854
Batch 3700/4687, Loss: 0.2638504207134247
Batch 3750/4687, Loss: 0.28671717643737793
Batch 3800/4687, Loss: 0.267932265996933
Batch 3850/4687, Loss: 0.26416367292404175
Batch 3900/4687, Loss: 0.2769668400287628
Batch 3950/4687, Loss: 0.26639649271965027
Batch 4000/4687, Loss: 0.28454825282096863
Batch 4050/4687, Loss: 0.27539896965026855
Batch 4100/4687, Loss: 0.27727964520454407
Batch 4150/4687, Loss: 0.29284200072288513
Batch 4200/4687, Loss: 0.2801089584827423
Batch 4250/4687, Loss: 0.27141526341438293
Batch 4300/4687, Loss: 0.2706546187400818
Batch 4350/4687, Loss: 0.2904074490070343
Batch 4400/4687, Loss: 0.2682507038116455
Batch 4450/4687, Loss: 0.2560362219810486
Batch 4500/4687, Loss: 0.26636093854904175
Batch 4550/4687, Loss: 0.2744963765144348
Batch 4600/4687, Loss: 0.273559033870697
Batch 4650/4687, Loss: 0.31760174036026

Start of epoch 49
Batch 0/4687, Loss: 0.2709948420524597
Batch 50/4687, Loss: 0.28548580408096313
Batch 100/4687, Loss: 0.32838156819343567
Batch 150/4687, Loss: 0.2564390301704407
Batch 200/4687, Loss: 0.2728159427642822
Batch 250/4687, Loss: 0.26709800958633423
Batch 300/4687, Loss: 0.27587372064590454
Batch 350/4687, Loss: 0.2875404953956604
Batch 400/4687, Loss: 0.27627652883529663
Batch 450/4687, Loss: 0.2930730879306793
Batch 500/4687, Loss: 0.27939289808273315
Batch 550/4687, Loss: 0.2747693955898285
Batch 600/4687, Loss: 0.29288434982299805
Batch 650/4687, Loss: 0.26975351572036743
Batch 700/4687, Loss: 0.2771453857421875
Batch 750/4687, Loss: 0.2940206527709961
Batch 800/4687, Loss: 0.2681368887424469
Batch 850/4687, Loss: 0.2648789584636688
Batch 900/4687, Loss: 0.28757932782173157
Batch 950/4687, Loss: 0.2737010717391968
Batch 1000/4687, Loss: 0.3143508732318878
Batch 1050/4687, Loss: 0.2975502610206604
Batch 1100/4687, Loss: 0.2870164215564728
Batch 1150/4687, Loss: 0.2645590901374817
Batch 1200/4687, Loss: 0.3468599319458008
Batch 1250/4687, Loss: 0.2638435959815979
Batch 1300/4687, Loss: 0.3052695393562317
Batch 1350/4687, Loss: 0.27885985374450684
Batch 1400/4687, Loss: 0.30340802669525146
Batch 1450/4687, Loss: 0.28002381324768066
Batch 1500/4687, Loss: 0.27361273765563965
Batch 1550/4687, Loss: 0.2923588156700134
Batch 1600/4687, Loss: 0.3003227412700653
Batch 1650/4687, Loss: 0.27560222148895264
Batch 1700/4687, Loss: 0.2875623404979706
Batch 1750/4687, Loss: 0.2825515568256378
Batch 1800/4687, Loss: 0.29311618208885193
Batch 1850/4687, Loss: 0.28224194049835205
Batch 1900/4687, Loss: 0.27492937445640564
Batch 1950/4687, Loss: 0.27057576179504395
Batch 2000/4687, Loss: 0.2934381365776062
Batch 2050/4687, Loss: 0.25880905985832214
Batch 2100/4687, Loss: 0.2969425916671753
Batch 2150/4687, Loss: 0.3241208791732788
Batch 2200/4687, Loss: 0.2535184919834137
Batch 2250/4687, Loss: 0.27596336603164673
Batch 2300/4687, Loss: 0.2771550714969635
Batch 2350/4687, Loss: 0.29042619466781616
Batch 2400/4687, Loss: 0.2872370779514313
Batch 2450/4687, Loss: 0.28298085927963257
Batch 2500/4687, Loss: 0.2737237215042114
Batch 2550/4687, Loss: 0.27603864669799805
Batch 2600/4687, Loss: 0.31439703702926636
Batch 2650/4687, Loss: 0.2853858470916748
Batch 2700/4687, Loss: 0.2840341031551361
Batch 2750/4687, Loss: 0.2826583981513977
Batch 2800/4687, Loss: 0.2823505699634552
Batch 2850/4687, Loss: 0.2895256280899048
Batch 2900/4687, Loss: 0.2672547698020935
Batch 2950/4687, Loss: 0.27849721908569336
Batch 3000/4687, Loss: 0.2646564543247223
Batch 3050/4687, Loss: 0.2791321873664856
Batch 3100/4687, Loss: 0.2793179750442505
Batch 3150/4687, Loss: 0.3016989827156067
Batch 3200/4687, Loss: 0.272390216588974
Batch 3250/4687, Loss: 0.2791615426540375
Batch 3300/4687, Loss: 0.287786066532135
Batch 3350/4687, Loss: 0.27429038286209106
Batch 3400/4687, Loss: 0.2810772657394409
Batch 3450/4687, Loss: 0.2638348937034607
Batch 3500/4687, Loss: 0.27907079458236694
Batch 3550/4687, Loss: 0.27112358808517456
Batch 3600/4687, Loss: 0.2860301733016968
Batch 3650/4687, Loss: 0.2996521294116974
Batch 3700/4687, Loss: 0.265074759721756
Batch 3750/4687, Loss: 0.3940964341163635
Batch 3800/4687, Loss: 0.4151681959629059
Batch 3850/4687, Loss: 0.2721388041973114
Batch 3900/4687, Loss: 0.27084383368492126
Batch 3950/4687, Loss: 0.2582090497016907
Batch 4000/4687, Loss: 0.3017796576023102
Batch 4050/4687, Loss: 0.2841409742832184
Batch 4100/4687, Loss: 0.29242265224456787
Batch 4150/4687, Loss: 0.2834112346172333
Batch 4200/4687, Loss: 0.29001757502555847
Batch 4250/4687, Loss: 0.2665817439556122
Batch 4300/4687, Loss: 0.2840411067008972
Batch 4350/4687, Loss: 0.25766485929489136
Batch 4400/4687, Loss: 0.2726120352745056
Batch 4450/4687, Loss: 0.2701933979988098
Batch 4500/4687, Loss: 0.2597711682319641
Batch 4550/4687, Loss: 0.27406102418899536
Batch 4600/4687, Loss: 0.27442023158073425
Batch 4650/4687, Loss: 0.2845005989074707

Start of epoch 50
Batch 0/4687, Loss: 0.28507086634635925
Batch 50/4687, Loss: 0.29136329889297485
Batch 100/4687, Loss: 0.2846793830394745
Batch 150/4687, Loss: 0.26959970593452454
Batch 200/4687, Loss: 0.2586967945098877
Batch 250/4687, Loss: 0.2595513164997101
Batch 300/4687, Loss: 0.29163163900375366
Batch 350/4687, Loss: 0.30267760157585144
Batch 400/4687, Loss: 0.2789047062397003
Batch 450/4687, Loss: 0.2568841278553009
Batch 500/4687, Loss: 0.27234405279159546
Batch 550/4687, Loss: 0.31657442450523376
Batch 600/4687, Loss: 0.28330421447753906
Batch 650/4687, Loss: 0.2973936200141907
Batch 700/4687, Loss: 0.2626417875289917
Batch 750/4687, Loss: 0.2807479500770569
Batch 800/4687, Loss: 0.3303721845149994
Batch 850/4687, Loss: 0.2773483991622925
Batch 900/4687, Loss: 0.288015753030777
Batch 950/4687, Loss: 0.27485328912734985
Batch 1000/4687, Loss: 0.26741039752960205
Batch 1050/4687, Loss: 0.2686046063899994
Batch 1100/4687, Loss: 0.30753177404403687
Batch 1150/4687, Loss: 0.2962428331375122
Batch 1200/4687, Loss: 0.24949491024017334
Batch 1250/4687, Loss: 0.26997581124305725
Batch 1300/4687, Loss: 0.32680046558380127
Batch 1350/4687, Loss: 0.2792230248451233
Batch 1400/4687, Loss: 0.28413838148117065
Batch 1450/4687, Loss: 0.25865137577056885
Batch 1500/4687, Loss: 0.28667494654655457
Batch 1550/4687, Loss: 0.2871951758861542
Batch 1600/4687, Loss: 0.29899507761001587
Batch 1650/4687, Loss: 0.2836521863937378
Batch 1700/4687, Loss: 0.2693188488483429
Batch 1750/4687, Loss: 0.2570915222167969
Batch 1800/4687, Loss: 0.28612250089645386
Batch 1850/4687, Loss: 0.27009469270706177
Batch 1900/4687, Loss: 0.2948472201824188
Batch 1950/4687, Loss: 0.29057419300079346
Batch 2000/4687, Loss: 0.291940301656723
Batch 2050/4687, Loss: 0.36281663179397583
Batch 2100/4687, Loss: 0.2794138193130493
Batch 2150/4687, Loss: 0.28627103567123413
Batch 2200/4687, Loss: 0.2814568877220154
Batch 2250/4687, Loss: 0.25675880908966064
Batch 2300/4687, Loss: 0.2523214817047119
Batch 2350/4687, Loss: 0.2778427004814148
Batch 2400/4687, Loss: 0.2827930748462677
Batch 2450/4687, Loss: 0.25161212682724
Batch 2500/4687, Loss: 0.2720235288143158
Batch 2550/4687, Loss: 0.2877810597419739
Batch 2600/4687, Loss: 0.2594461739063263
Batch 2650/4687, Loss: 0.2862726151943207
Batch 2700/4687, Loss: 0.31434720754623413
Batch 2750/4687, Loss: 0.27669769525527954
Batch 2800/4687, Loss: 0.2726054787635803
Batch 2850/4687, Loss: 0.2644209563732147
Batch 2900/4687, Loss: 0.27581650018692017
Batch 2950/4687, Loss: 0.2530389130115509
Batch 3000/4687, Loss: 0.3009106516838074
Batch 3050/4687, Loss: 0.26644155383110046
Batch 3100/4687, Loss: 0.26276537775993347
Batch 3150/4687, Loss: 0.2895081043243408
Batch 3200/4687, Loss: 0.25608837604522705
Batch 3250/4687, Loss: 0.28939515352249146
Batch 3300/4687, Loss: 0.26104146242141724
Batch 3350/4687, Loss: 0.27369892597198486
Batch 3400/4687, Loss: 0.3054119944572449
Batch 3450/4687, Loss: 0.3348379135131836
Batch 3500/4687, Loss: 0.2729083299636841
Batch 3550/4687, Loss: 0.27747011184692383
Batch 3600/4687, Loss: 0.2584635615348816
Batch 3650/4687, Loss: 0.28377628326416016
Batch 3700/4687, Loss: 0.25475072860717773
Batch 3750/4687, Loss: 0.27309805154800415
Batch 3800/4687, Loss: 0.29337894916534424
Batch 3850/4687, Loss: 0.28524869680404663
Batch 3900/4687, Loss: 0.27043017745018005
Batch 3950/4687, Loss: 0.2876703143119812
Batch 4000/4687, Loss: 0.2792111039161682
Batch 4050/4687, Loss: 0.2670789957046509
Batch 4100/4687, Loss: 0.27993202209472656
Batch 4150/4687, Loss: 0.2822430729866028
Batch 4200/4687, Loss: 0.2665517032146454
Batch 4250/4687, Loss: 0.29107484221458435
Batch 4300/4687, Loss: 0.27637094259262085
Batch 4350/4687, Loss: 0.2869114875793457
Batch 4400/4687, Loss: 0.3193839490413666
Batch 4450/4687, Loss: 0.2750733494758606
Batch 4500/4687, Loss: 0.2645336985588074
Batch 4550/4687, Loss: 0.2663794755935669
Batch 4600/4687, Loss: 0.30080902576446533
Batch 4650/4687, Loss: 0.30325591564178467

Start of epoch 51
Batch 0/4687, Loss: 0.2696217894554138
Batch 50/4687, Loss: 0.27487385272979736
Batch 100/4687, Loss: 0.28490743041038513
Batch 150/4687, Loss: 0.278678834438324
Batch 200/4687, Loss: 0.2850037217140198
Batch 250/4687, Loss: 0.29049205780029297
Batch 300/4687, Loss: 0.25393712520599365
Batch 350/4687, Loss: 0.29288074374198914
Batch 400/4687, Loss: 0.28882545232772827
Batch 450/4687, Loss: 0.2572367787361145
Batch 500/4687, Loss: 0.26316601037979126
Batch 550/4687, Loss: 0.2907302975654602
Batch 600/4687, Loss: 0.32513564825057983
Batch 650/4687, Loss: 0.2884840965270996
Batch 700/4687, Loss: 0.26416534185409546
Batch 750/4687, Loss: 0.25489839911460876
Batch 800/4687, Loss: 0.28179991245269775
Batch 850/4687, Loss: 0.2576952278614044
Batch 900/4687, Loss: 0.27814486622810364
Batch 950/4687, Loss: 0.2567237615585327
Batch 1000/4687, Loss: 0.26853063702583313
Batch 1050/4687, Loss: 0.2987914979457855
Batch 1100/4687, Loss: 0.27832186222076416
Batch 1150/4687, Loss: 0.2697030305862427
Batch 1200/4687, Loss: 0.273318886756897
Batch 1250/4687, Loss: 0.2791927754878998
Batch 1300/4687, Loss: 0.26685890555381775
Batch 1350/4687, Loss: 0.271708607673645
Batch 1400/4687, Loss: 0.40474265813827515
Batch 1450/4687, Loss: 0.3069217801094055
Batch 1500/4687, Loss: 0.2845311760902405
Batch 1550/4687, Loss: 0.2636314034461975
Batch 1600/4687, Loss: 0.2937479317188263
Batch 1650/4687, Loss: 0.2637903094291687
Batch 1700/4687, Loss: 0.27491605281829834
Batch 1750/4687, Loss: 0.2437443733215332
Batch 1800/4687, Loss: 0.2558709383010864
Batch 1850/4687, Loss: 0.28053927421569824
Batch 1900/4687, Loss: 0.24950236082077026
Batch 1950/4687, Loss: 0.28379085659980774
Batch 2000/4687, Loss: 0.28233787417411804
Batch 2050/4687, Loss: 0.2796943783760071
Batch 2100/4687, Loss: 0.2987576723098755
Batch 2150/4687, Loss: 0.28874823451042175
Batch 2200/4687, Loss: 0.29928213357925415
Batch 2250/4687, Loss: 0.29744765162467957
Batch 2300/4687, Loss: 0.26985666155815125
Batch 2350/4687, Loss: 0.29014119505882263
Batch 2400/4687, Loss: 0.26677659153938293
Batch 2450/4687, Loss: 0.29002004861831665
Batch 2500/4687, Loss: 0.28516122698783875
Batch 2550/4687, Loss: 0.25491559505462646
Batch 2600/4687, Loss: 0.2691587805747986
Batch 2650/4687, Loss: 0.25509756803512573
Batch 2700/4687, Loss: 0.2626757323741913
Batch 2750/4687, Loss: 0.2651090621948242
Batch 2800/4687, Loss: 0.26384466886520386
Batch 2850/4687, Loss: 0.25254106521606445
Batch 2900/4687, Loss: 0.26123151183128357
Batch 2950/4687, Loss: 0.2820197641849518
Batch 3000/4687, Loss: 0.3135526478290558
Batch 3050/4687, Loss: 0.29445120692253113
Batch 3100/4687, Loss: 0.26693129539489746
Batch 3150/4687, Loss: 0.30062535405158997
Batch 3200/4687, Loss: 0.2990964949131012
Batch 3250/4687, Loss: 0.2690134346485138
Batch 3300/4687, Loss: 0.242699533700943
Batch 3350/4687, Loss: 0.2681015729904175
Batch 3400/4687, Loss: 0.2605910897254944
Batch 3450/4687, Loss: 0.2737237215042114
Batch 3500/4687, Loss: 0.27514687180519104
Batch 3550/4687, Loss: 0.26248031854629517
Batch 3600/4687, Loss: 0.2802993357181549
Batch 3650/4687, Loss: 0.2949870824813843
Batch 3700/4687, Loss: 0.2732565104961395
Batch 3750/4687, Loss: 0.2969553768634796
Batch 3800/4687, Loss: 0.2591310441493988
Batch 3850/4687, Loss: 0.3525988757610321
Batch 3900/4687, Loss: 0.5829833745956421
Batch 3950/4687, Loss: 0.2876071333885193
Batch 4000/4687, Loss: 0.28940045833587646
Batch 4050/4687, Loss: 0.2886488139629364
Batch 4100/4687, Loss: 0.26161959767341614
Batch 4150/4687, Loss: 0.27425211668014526
Batch 4200/4687, Loss: 0.25882261991500854
Batch 4250/4687, Loss: 0.26857608556747437
Batch 4300/4687, Loss: 0.25815051794052124
Batch 4350/4687, Loss: 0.2628589868545532
Batch 4400/4687, Loss: 0.27260899543762207
Batch 4450/4687, Loss: 0.28176239132881165
Batch 4500/4687, Loss: 0.27274855971336365
Batch 4550/4687, Loss: 0.2699873447418213
Batch 4600/4687, Loss: 0.27045100927352905
Batch 4650/4687, Loss: 0.25959140062332153

Start of epoch 52
Batch 0/4687, Loss: 0.26013222336769104
Batch 50/4687, Loss: 0.2919359505176544
Batch 100/4687, Loss: 0.28323596715927124
Batch 150/4687, Loss: 0.26771998405456543
Batch 200/4687, Loss: 0.2849271595478058
Batch 250/4687, Loss: 0.2773905098438263
Batch 300/4687, Loss: 0.2781789302825928
Batch 350/4687, Loss: 0.2608228921890259
Batch 400/4687, Loss: 0.26545268297195435
Batch 450/4687, Loss: 0.24204464256763458
Batch 500/4687, Loss: 0.24983467161655426
Batch 550/4687, Loss: 0.31571152806282043
Batch 600/4687, Loss: 0.27870169281959534
Batch 650/4687, Loss: 0.27291494607925415
Batch 700/4687, Loss: 0.26872074604034424
Batch 750/4687, Loss: 0.27811339497566223
Batch 800/4687, Loss: 0.2648840546607971
Batch 850/4687, Loss: 0.2736656963825226
Batch 900/4687, Loss: 0.26463282108306885
Batch 950/4687, Loss: 0.24645856022834778
Batch 1000/4687, Loss: 0.27346551418304443
Batch 1050/4687, Loss: 0.25156062841415405
Batch 1100/4687, Loss: 0.27158233523368835
Batch 1150/4687, Loss: 0.2713907063007355
Batch 1200/4687, Loss: 0.25506681203842163
Batch 1250/4687, Loss: 0.2660417854785919
Batch 1300/4687, Loss: 0.27262628078460693
Batch 1350/4687, Loss: 0.2690696716308594
Batch 1400/4687, Loss: 0.26625949144363403
Batch 1450/4687, Loss: 0.26633918285369873
Batch 1500/4687, Loss: 0.25907379388809204
Batch 1550/4687, Loss: 0.270652174949646
Batch 1600/4687, Loss: 0.2821396589279175
Batch 1650/4687, Loss: 0.3112775385379791
Batch 1700/4687, Loss: 0.27542462944984436
Batch 1750/4687, Loss: 0.28804945945739746
Batch 1800/4687, Loss: 0.2512947916984558
Batch 1850/4687, Loss: 0.2721424102783203
Batch 1900/4687, Loss: 0.2729889750480652
Batch 1950/4687, Loss: 0.2537316083908081
Batch 2000/4687, Loss: 0.2871032655239105
Batch 2050/4687, Loss: 0.2547627389431
Batch 2100/4687, Loss: 0.273266464471817
Batch 2150/4687, Loss: 0.2759378254413605
Batch 2200/4687, Loss: 0.2651554346084595
Batch 2250/4687, Loss: 0.27021485567092896
Batch 2300/4687, Loss: 0.27718377113342285
Batch 2350/4687, Loss: 0.26669842004776
Batch 2400/4687, Loss: 0.29343485832214355
Batch 2450/4687, Loss: 0.27595025300979614
Batch 2500/4687, Loss: 0.26694977283477783
Batch 2550/4687, Loss: 0.2524433135986328
Batch 2600/4687, Loss: 0.25746744871139526
Batch 2650/4687, Loss: 0.28322383761405945
Batch 2700/4687, Loss: 0.31960830092430115
Batch 2750/4687, Loss: 0.27713441848754883
Batch 2800/4687, Loss: 0.2783013880252838
Batch 2850/4687, Loss: 0.2626503109931946
Batch 2900/4687, Loss: 0.2574686110019684
Batch 2950/4687, Loss: 0.2821146547794342
Batch 3000/4687, Loss: 0.2927890121936798
Batch 3050/4687, Loss: 0.2637023627758026
Batch 3100/4687, Loss: 0.27011144161224365
Batch 3150/4687, Loss: 0.2691592574119568
Batch 3200/4687, Loss: 0.26582372188568115
Batch 3250/4687, Loss: 0.2781089246273041
Batch 3300/4687, Loss: 0.2598564028739929
Batch 3350/4687, Loss: 0.25877392292022705
Batch 3400/4687, Loss: 0.2696734666824341
Batch 3450/4687, Loss: 0.2875100076198578
Batch 3500/4687, Loss: 0.2800578474998474
Batch 3550/4687, Loss: 0.2653101086616516
Batch 3600/4687, Loss: 0.27364763617515564
Batch 3650/4687, Loss: 0.3259998559951782
Batch 3700/4687, Loss: 0.29246416687965393
Batch 3750/4687, Loss: 0.2637121379375458
Batch 3800/4687, Loss: 0.27923598885536194
Batch 3850/4687, Loss: 0.301230251789093
Batch 3900/4687, Loss: 0.2849705219268799
Batch 3950/4687, Loss: 0.26098892092704773
Batch 4000/4687, Loss: 0.27599895000457764
Batch 4050/4687, Loss: 0.24043574929237366
Batch 4100/4687, Loss: 0.27613550424575806
Batch 4150/4687, Loss: 0.26406896114349365
Batch 4200/4687, Loss: 0.28167277574539185
Batch 4250/4687, Loss: 0.27689364552497864
Batch 4300/4687, Loss: 0.29445138573646545
Batch 4350/4687, Loss: 0.2787936329841614
Batch 4400/4687, Loss: 0.2686289846897125
Batch 4450/4687, Loss: 0.2480962574481964
Batch 4500/4687, Loss: 0.3258376717567444
Batch 4550/4687, Loss: 0.2694224417209625
Batch 4600/4687, Loss: 0.2403254359960556
Batch 4650/4687, Loss: 0.28745925426483154

Start of epoch 53
Batch 0/4687, Loss: 0.2734087109565735
Batch 50/4687, Loss: 0.264881432056427
Batch 100/4687, Loss: 0.25991788506507874
Batch 150/4687, Loss: 0.26342087984085083
Batch 200/4687, Loss: 0.2853863835334778
Batch 250/4687, Loss: 0.295032262802124
Batch 300/4687, Loss: 0.28939223289489746
Batch 350/4687, Loss: 0.2601991593837738
Batch 400/4687, Loss: 0.2709777355194092
Batch 450/4687, Loss: 0.26462888717651367
Batch 500/4687, Loss: 0.2810201942920685
Batch 550/4687, Loss: 0.24704864621162415
Batch 600/4687, Loss: 0.25175851583480835
Batch 650/4687, Loss: 0.27569982409477234
Batch 700/4687, Loss: 0.2984132766723633
Batch 750/4687, Loss: 0.25792938470840454
Batch 800/4687, Loss: 0.2909458577632904
Batch 850/4687, Loss: 0.33747398853302
Batch 900/4687, Loss: 0.25691577792167664
Batch 950/4687, Loss: 0.27855029702186584
Batch 1000/4687, Loss: 0.26137518882751465
Batch 1050/4687, Loss: 0.2836552858352661
Batch 1100/4687, Loss: 0.2906453013420105
Batch 1150/4687, Loss: 0.26364317536354065
Batch 1200/4687, Loss: 0.2909470498561859
Batch 1250/4687, Loss: 0.2712743878364563
Batch 1300/4687, Loss: 0.280011922121048
Batch 1350/4687, Loss: 0.29571443796157837
Batch 1400/4687, Loss: 0.2545517683029175
Batch 1450/4687, Loss: 0.4131574034690857
Batch 1500/4687, Loss: 0.27574294805526733
Batch 1550/4687, Loss: 0.2632622718811035
Batch 1600/4687, Loss: 0.27478113770484924
Batch 1650/4687, Loss: 0.26850906014442444
Batch 1700/4687, Loss: 0.2641937732696533
Batch 1750/4687, Loss: 0.2627226710319519
Batch 1800/4687, Loss: 0.27651455998420715
Batch 1850/4687, Loss: 0.26978111267089844
Batch 1900/4687, Loss: 0.2723829448223114
Batch 1950/4687, Loss: 0.26615846157073975
Batch 2000/4687, Loss: 0.27505388855934143
Batch 2050/4687, Loss: 0.26106715202331543
Batch 2100/4687, Loss: 0.28966590762138367
Batch 2150/4687, Loss: 0.2659338116645813
Batch 2200/4687, Loss: 0.24601152539253235
Batch 2250/4687, Loss: 0.26652005314826965
Batch 2300/4687, Loss: 0.2941807508468628
Batch 2350/4687, Loss: 0.2666712701320648
Batch 2400/4687, Loss: 0.258536159992218
Batch 2450/4687, Loss: 0.2600688934326172
Batch 2500/4687, Loss: 0.2676907479763031
Batch 2550/4687, Loss: 0.2552156150341034
Batch 2600/4687, Loss: 0.2521762549877167
Batch 2650/4687, Loss: 0.2829374074935913
Batch 2700/4687, Loss: 0.23677760362625122
Batch 2750/4687, Loss: 0.26496127247810364
Batch 2800/4687, Loss: 0.26736488938331604
Batch 2850/4687, Loss: 0.258084774017334
Batch 2900/4687, Loss: 0.2656303942203522
Batch 2950/4687, Loss: 0.27639102935791016
Batch 3000/4687, Loss: 0.2696794867515564
Batch 3050/4687, Loss: 0.26758038997650146
Batch 3100/4687, Loss: 0.38146066665649414
Batch 3150/4687, Loss: 0.29981157183647156
Batch 3200/4687, Loss: 0.28044095635414124
Batch 3250/4687, Loss: 0.26767992973327637
Batch 3300/4687, Loss: 0.27480408549308777
Batch 3350/4687, Loss: 0.2646648585796356
Batch 3400/4687, Loss: 0.25950074195861816
Batch 3450/4687, Loss: 0.2637230157852173
Batch 3500/4687, Loss: 0.2809807360172272
Batch 3550/4687, Loss: 0.26037460565567017
Batch 3600/4687, Loss: 0.26055896282196045
Batch 3650/4687, Loss: 0.27846071124076843
Batch 3700/4687, Loss: 0.280707448720932
Batch 3750/4687, Loss: 0.2788409888744354
Batch 3800/4687, Loss: 0.26155853271484375
Batch 3850/4687, Loss: 0.28410789370536804
Batch 3900/4687, Loss: 0.26119422912597656
Batch 3950/4687, Loss: 0.2899465560913086
Batch 4000/4687, Loss: 0.2751981317996979
Batch 4050/4687, Loss: 0.2738352119922638
Batch 4100/4687, Loss: 0.3159179091453552
Batch 4150/4687, Loss: 0.2712530493736267
Batch 4200/4687, Loss: 0.29069629311561584
Batch 4250/4687, Loss: 0.28702956438064575
Batch 4300/4687, Loss: 0.30535879731178284
Batch 4350/4687, Loss: 0.28699472546577454
Batch 4400/4687, Loss: 0.28369855880737305
Batch 4450/4687, Loss: 0.2575691044330597
Batch 4500/4687, Loss: 0.25331947207450867
Batch 4550/4687, Loss: 0.26182591915130615
Batch 4600/4687, Loss: 0.2864800691604614
Batch 4650/4687, Loss: 0.2851657271385193

Start of epoch 54
Batch 0/4687, Loss: 0.27409037947654724
Batch 50/4687, Loss: 0.26176512241363525
Batch 100/4687, Loss: 0.27034008502960205
Batch 150/4687, Loss: 0.3069755434989929
Batch 200/4687, Loss: 0.27123063802719116
Batch 250/4687, Loss: 0.2662622928619385
Batch 300/4687, Loss: 0.2679300904273987
Batch 350/4687, Loss: 0.25531065464019775
Batch 400/4687, Loss: 0.2635737657546997
Batch 450/4687, Loss: 0.3559887111186981
Batch 500/4687, Loss: 0.2427913248538971
Batch 550/4687, Loss: 0.27171775698661804
Batch 600/4687, Loss: 0.25764816999435425
Batch 650/4687, Loss: 0.24797412753105164
Batch 700/4687, Loss: 0.26472601294517517
Batch 750/4687, Loss: 0.27227240800857544
Batch 800/4687, Loss: 0.266968309879303
Batch 850/4687, Loss: 0.2865506112575531
Batch 900/4687, Loss: 0.2723301649093628
Batch 950/4687, Loss: 0.2693096697330475
Batch 1000/4687, Loss: 0.2613609731197357
Batch 1050/4687, Loss: 0.2688874900341034
Batch 1100/4687, Loss: 0.26733076572418213
Batch 1150/4687, Loss: 0.26968276500701904
Batch 1200/4687, Loss: 0.2787054479122162
Batch 1250/4687, Loss: 0.25001582503318787
Batch 1300/4687, Loss: 0.25179237127304077
Batch 1350/4687, Loss: 0.28820329904556274
Batch 1400/4687, Loss: 0.2542957067489624
Batch 1450/4687, Loss: 0.26748931407928467
Batch 1500/4687, Loss: 0.2581253945827484
Batch 1550/4687, Loss: 0.2763623595237732
Batch 1600/4687, Loss: 0.2985500991344452
Batch 1650/4687, Loss: 0.24624818563461304
Batch 1700/4687, Loss: 0.24887967109680176
Batch 1750/4687, Loss: 0.2798241376876831
Batch 1800/4687, Loss: 0.2513275444507599
Batch 1850/4687, Loss: 0.27345985174179077
Batch 1900/4687, Loss: 0.26430314779281616
Batch 1950/4687, Loss: 0.2717754542827606
Batch 2000/4687, Loss: 0.2939881980419159
Batch 2050/4687, Loss: 0.2764164209365845
Batch 2100/4687, Loss: 0.29316261410713196
Batch 2150/4687, Loss: 0.2717663645744324
Batch 2200/4687, Loss: 0.28314077854156494
Batch 2250/4687, Loss: 0.2722785174846649
Batch 2300/4687, Loss: 0.2835633456707001
Batch 2350/4687, Loss: 0.2738836705684662
Batch 2400/4687, Loss: 0.25547143816947937
Batch 2450/4687, Loss: 0.44388625025749207
Batch 2500/4687, Loss: 0.25250086188316345
Batch 2550/4687, Loss: 0.2969476282596588
Batch 2600/4687, Loss: 0.2664724588394165
Batch 2650/4687, Loss: 0.2465326189994812
Batch 2700/4687, Loss: 0.2754414677619934
Batch 2750/4687, Loss: 0.25678473711013794
Batch 2800/4687, Loss: 0.2797948122024536
Batch 2850/4687, Loss: 0.29621607065200806
Batch 2900/4687, Loss: 0.27501678466796875
Batch 2950/4687, Loss: 0.2653598189353943
Batch 3000/4687, Loss: 0.28655049204826355
Batch 3050/4687, Loss: 0.2694851756095886
Batch 3100/4687, Loss: 0.26786017417907715
Batch 3150/4687, Loss: 0.2678273022174835
Batch 3200/4687, Loss: 0.2882081866264343
Batch 3250/4687, Loss: 0.2767479419708252
Batch 3300/4687, Loss: 0.6043517589569092
Batch 3350/4687, Loss: 0.2707107663154602
Batch 3400/4687, Loss: 0.2670983672142029
Batch 3450/4687, Loss: 0.2571829855442047
Batch 3500/4687, Loss: 0.24554988741874695
Batch 3550/4687, Loss: 0.26171329617500305
Batch 3600/4687, Loss: 0.24107196927070618
Batch 3650/4687, Loss: 0.2637314200401306
Batch 3700/4687, Loss: 0.2560963034629822
Batch 3750/4687, Loss: 0.26310545206069946
Batch 3800/4687, Loss: 0.26579686999320984
Batch 3850/4687, Loss: 0.2659124433994293
Batch 3900/4687, Loss: 0.26266488432884216
Batch 3950/4687, Loss: 0.2879279851913452
Batch 4000/4687, Loss: 0.2684505879878998
Batch 4050/4687, Loss: 0.26951974630355835
Batch 4100/4687, Loss: 0.2426198422908783
Batch 4150/4687, Loss: 0.28356534242630005
Batch 4200/4687, Loss: 0.27350103855133057
Batch 4250/4687, Loss: 0.24616707861423492
Batch 4300/4687, Loss: 0.263105183839798
Batch 4350/4687, Loss: 0.2764640152454376
Batch 4400/4687, Loss: 0.27945414185523987
Batch 4450/4687, Loss: 0.31430551409721375
Batch 4500/4687, Loss: 0.337435245513916
Batch 4550/4687, Loss: 0.28269603848457336
Batch 4600/4687, Loss: 0.27405330538749695
Batch 4650/4687, Loss: 0.27240920066833496

Start of epoch 55
Batch 0/4687, Loss: 0.2561914324760437
Batch 50/4687, Loss: 0.2596316635608673
Batch 100/4687, Loss: 0.259455144405365
Batch 150/4687, Loss: 0.26208221912384033
Batch 200/4687, Loss: 0.26112958788871765
Batch 250/4687, Loss: 0.27401167154312134
Batch 300/4687, Loss: 0.27011579275131226
Batch 350/4687, Loss: 0.24044238030910492
Batch 400/4687, Loss: 0.27526113390922546
Batch 450/4687, Loss: 0.2740248143672943
Batch 500/4687, Loss: 0.2401183545589447
Batch 550/4687, Loss: 0.26334941387176514
Batch 600/4687, Loss: 0.2645174264907837
Batch 650/4687, Loss: 0.2773004174232483
Batch 700/4687, Loss: 0.35664671659469604
Batch 750/4687, Loss: 0.2637495994567871
Batch 800/4687, Loss: 0.256503164768219
Batch 850/4687, Loss: 0.24476534128189087
Batch 900/4687, Loss: 0.26968443393707275
Batch 950/4687, Loss: 0.24684494733810425
Batch 1000/4687, Loss: 0.2821367383003235
Batch 1050/4687, Loss: 0.2761293649673462
Batch 1100/4687, Loss: 0.28592804074287415
Batch 1150/4687, Loss: 0.29448434710502625
Batch 1200/4687, Loss: 0.272518515586853
Batch 1250/4687, Loss: 0.2654924690723419
Batch 1300/4687, Loss: 0.25678741931915283
Batch 1350/4687, Loss: 0.2720102369785309
Batch 1400/4687, Loss: 0.2689489424228668
Batch 1450/4687, Loss: 0.2747441530227661
Batch 1500/4687, Loss: 0.2691672444343567
Batch 1550/4687, Loss: 0.25449874997138977
Batch 1600/4687, Loss: 0.26297733187675476
Batch 1650/4687, Loss: 0.2502175569534302
Batch 1700/4687, Loss: 0.2421284317970276
Batch 1750/4687, Loss: 0.26233968138694763
Batch 1800/4687, Loss: 0.26963841915130615
Batch 1850/4687, Loss: 0.3090553283691406
Batch 1900/4687, Loss: 0.26886922121047974
Batch 1950/4687, Loss: 0.2706630527973175
Batch 2000/4687, Loss: 0.2539120316505432
Batch 2050/4687, Loss: 0.2665784955024719
Batch 2100/4687, Loss: 0.2565707564353943
Batch 2150/4687, Loss: 0.2582749128341675
Batch 2200/4687, Loss: 0.2668921947479248
Batch 2250/4687, Loss: 0.26938486099243164
Batch 2300/4687, Loss: 0.2739136219024658
Batch 2350/4687, Loss: 0.24687214195728302
Batch 2400/4687, Loss: 0.2721937298774719
Batch 2450/4687, Loss: 0.34202536940574646
Batch 2500/4687, Loss: 0.2943011522293091
Batch 2550/4687, Loss: 0.2560785710811615
Batch 2600/4687, Loss: 0.2606600522994995
Batch 2650/4687, Loss: 0.27265092730522156
Batch 2700/4687, Loss: 0.2783403992652893
Batch 2750/4687, Loss: 0.2755190432071686
Batch 2800/4687, Loss: 0.29501593112945557
Batch 2850/4687, Loss: 0.2639046311378479
Batch 2900/4687, Loss: 0.2628844976425171
Batch 2950/4687, Loss: 0.28963348269462585
Batch 3000/4687, Loss: 0.2532441020011902
Batch 3050/4687, Loss: 0.2885025441646576
Batch 3100/4687, Loss: 0.26369577646255493
Batch 3150/4687, Loss: 0.26555249094963074
Batch 3200/4687, Loss: 0.26265519857406616
Batch 3250/4687, Loss: 0.2728292942047119
Batch 3300/4687, Loss: 0.2635881304740906
Batch 3350/4687, Loss: 0.25051677227020264
Batch 3400/4687, Loss: 0.27203476428985596
Batch 3450/4687, Loss: 0.28012916445732117
Batch 3500/4687, Loss: 0.24653053283691406
Batch 3550/4687, Loss: 0.3316158354282379
Batch 3600/4687, Loss: 0.274542897939682
Batch 3650/4687, Loss: 0.25451862812042236
Batch 3700/4687, Loss: 0.2549453675746918
Batch 3750/4687, Loss: 0.2662639319896698
Batch 3800/4687, Loss: 0.28075915575027466
Batch 3850/4687, Loss: 0.26120591163635254
Batch 3900/4687, Loss: 0.2460959404706955
Batch 3950/4687, Loss: 0.2691962718963623
Batch 4000/4687, Loss: 0.27316808700561523
Batch 4050/4687, Loss: 0.2659668028354645
Batch 4100/4687, Loss: 0.2762205898761749
Batch 4150/4687, Loss: 0.2682188153266907
Batch 4200/4687, Loss: 0.25969138741493225
Batch 4250/4687, Loss: 0.2641924023628235
Batch 4300/4687, Loss: 0.2709338366985321
Batch 4350/4687, Loss: 0.29812195897102356
Batch 4400/4687, Loss: 0.2721201777458191
Batch 4450/4687, Loss: 0.2789243161678314
Batch 4500/4687, Loss: 0.265078067779541
Batch 4550/4687, Loss: 0.2719165086746216
Batch 4600/4687, Loss: 0.36887574195861816
Batch 4650/4687, Loss: 0.29046106338500977

Start of epoch 56
Batch 0/4687, Loss: 0.2520410418510437
Batch 50/4687, Loss: 0.2542243003845215
Batch 100/4687, Loss: 0.2762391269207001
Batch 150/4687, Loss: 0.26519060134887695
Batch 200/4687, Loss: 0.275092214345932
Batch 250/4687, Loss: 0.25648096203804016
Batch 300/4687, Loss: 0.258270263671875
Batch 350/4687, Loss: 0.2757023274898529
Batch 400/4687, Loss: 0.2539322078227997
Batch 450/4687, Loss: 0.27628302574157715
Batch 500/4687, Loss: 0.2484518438577652
Batch 550/4687, Loss: 0.26102522015571594
Batch 600/4687, Loss: 0.28957924246788025
Batch 650/4687, Loss: 0.26471638679504395
Batch 700/4687, Loss: 0.24209196865558624
Batch 750/4687, Loss: 0.27793797850608826
Batch 800/4687, Loss: 0.2877292037010193
Batch 850/4687, Loss: 0.279741108417511
Batch 900/4687, Loss: 0.2643508315086365
Batch 950/4687, Loss: 0.2552059590816498
Batch 1000/4687, Loss: 0.2672177851200104
Batch 1050/4687, Loss: 0.25413230061531067
Batch 1100/4687, Loss: 0.27356284856796265
Batch 1150/4687, Loss: 0.2752874791622162
Batch 1200/4687, Loss: 0.27362093329429626
Batch 1250/4687, Loss: 0.29106253385543823
Batch 1300/4687, Loss: 0.2779209017753601
Batch 1350/4687, Loss: 0.26792874932289124
Batch 1400/4687, Loss: 0.2570750415325165
Batch 1450/4687, Loss: 0.27186185121536255
Batch 1500/4687, Loss: 0.25075241923332214
Batch 1550/4687, Loss: 0.27310749888420105
Batch 1600/4687, Loss: 0.2525945007801056
Batch 1650/4687, Loss: 0.2984848916530609
Batch 1700/4687, Loss: 0.28849560022354126
Batch 1750/4687, Loss: 0.34367692470550537
Batch 1800/4687, Loss: 0.255251944065094
Batch 1850/4687, Loss: 0.2666100263595581
Batch 1900/4687, Loss: 0.25549569725990295
Batch 1950/4687, Loss: 0.2564959228038788
Batch 2000/4687, Loss: 0.260385662317276
Batch 2050/4687, Loss: 0.28137314319610596
Batch 2100/4687, Loss: 0.2600688934326172
Batch 2150/4687, Loss: 0.25945132970809937
Batch 2200/4687, Loss: 0.29253268241882324
Batch 2250/4687, Loss: 0.28872954845428467
Batch 2300/4687, Loss: 0.2664676010608673
Batch 2350/4687, Loss: 0.24766799807548523
Batch 2400/4687, Loss: 0.2662172317504883
Batch 2450/4687, Loss: 0.2521960139274597
Batch 2500/4687, Loss: 0.27310484647750854
Batch 2550/4687, Loss: 0.2744096517562866
Batch 2600/4687, Loss: 0.27158620953559875
Batch 2650/4687, Loss: 0.26971524953842163
Batch 2700/4687, Loss: 0.27819758653640747
Batch 2750/4687, Loss: 0.2727847099304199
Batch 2800/4687, Loss: 0.2655535340309143
Batch 2850/4687, Loss: 0.2713618874549866
Batch 2900/4687, Loss: 0.6997958421707153
Batch 2950/4687, Loss: 0.27578479051589966
Batch 3000/4687, Loss: 0.2549789845943451
Batch 3050/4687, Loss: 0.23986175656318665
Batch 3100/4687, Loss: 0.28058385848999023
Batch 3150/4687, Loss: 0.2638569176197052
Batch 3200/4687, Loss: 0.29204121232032776
Batch 3250/4687, Loss: 0.26298314332962036
Batch 3300/4687, Loss: 0.26036304235458374
Batch 3350/4687, Loss: 0.2606413960456848
Batch 3400/4687, Loss: 0.24317550659179688
Batch 3450/4687, Loss: 0.2751814126968384
Batch 3500/4687, Loss: 0.3741816282272339
Batch 3550/4687, Loss: 0.26868268847465515
Batch 3600/4687, Loss: 0.2806209325790405
Batch 3650/4687, Loss: 0.2842023968696594
Batch 3700/4687, Loss: 0.2816404700279236
Batch 3750/4687, Loss: 0.2526702284812927
Batch 3800/4687, Loss: 0.2531360983848572
Batch 3850/4687, Loss: 0.26037895679473877
Batch 3900/4687, Loss: 0.2792547941207886
Batch 3950/4687, Loss: 0.2755037844181061
Batch 4000/4687, Loss: 0.25959527492523193
Batch 4050/4687, Loss: 0.25549498200416565
Batch 4100/4687, Loss: 0.2780742049217224
Batch 4150/4687, Loss: 0.24331694841384888
Batch 4200/4687, Loss: 0.274984747171402
Batch 4250/4687, Loss: 0.24655768275260925
Batch 4300/4687, Loss: 0.2707919776439667
Batch 4350/4687, Loss: 0.2548907995223999
Batch 4400/4687, Loss: 0.26628196239471436
Batch 4450/4687, Loss: 0.39676395058631897
Batch 4500/4687, Loss: 0.2886049747467041
Batch 4550/4687, Loss: 0.2603716254234314
Batch 4600/4687, Loss: 0.26791033148765564
Batch 4650/4687, Loss: 0.2727642059326172

Start of epoch 57
Batch 0/4687, Loss: 0.2554725706577301
Batch 50/4687, Loss: 0.26142048835754395
Batch 100/4687, Loss: 0.24829155206680298
Batch 150/4687, Loss: 0.26035553216934204
Batch 200/4687, Loss: 0.24255380034446716
Batch 250/4687, Loss: 0.28862452507019043
Batch 300/4687, Loss: 0.2677476108074188
Batch 350/4687, Loss: 0.269172728061676
Batch 400/4687, Loss: 0.26137247681617737
Batch 450/4687, Loss: 0.2597413659095764
Batch 500/4687, Loss: 0.2688427269458771
Batch 550/4687, Loss: 0.2844703793525696
Batch 600/4687, Loss: 0.2615458071231842
Batch 650/4687, Loss: 0.28403833508491516
Batch 700/4687, Loss: 0.25198593735694885
Batch 750/4687, Loss: 0.2580944299697876
Batch 800/4687, Loss: 0.24941451847553253
Batch 850/4687, Loss: 0.25863704085350037
Batch 900/4687, Loss: 0.2617419958114624
Batch 950/4687, Loss: 0.28827622532844543
Batch 1000/4687, Loss: 0.26551151275634766
Batch 1050/4687, Loss: 0.24002283811569214
Batch 1100/4687, Loss: 0.2689894437789917
Batch 1150/4687, Loss: 0.27541619539260864
Batch 1200/4687, Loss: 0.2586560845375061
Batch 1250/4687, Loss: 0.2512648105621338
Batch 1300/4687, Loss: 0.25427988171577454
Batch 1350/4687, Loss: 0.2683822214603424
Batch 1400/4687, Loss: 0.6984984874725342
Batch 1450/4687, Loss: 0.25973477959632874
Batch 1500/4687, Loss: 0.26867353916168213
Batch 1550/4687, Loss: 0.28690624237060547
Batch 1600/4687, Loss: 0.2380765676498413
Batch 1650/4687, Loss: 0.2602446377277374
Batch 1700/4687, Loss: 0.26011034846305847
Batch 1750/4687, Loss: 0.2657012343406677
Batch 1800/4687, Loss: 0.25423288345336914
Batch 1850/4687, Loss: 0.25884750485420227
Batch 1900/4687, Loss: 0.2510126829147339
Batch 1950/4687, Loss: 0.25255054235458374
Batch 2000/4687, Loss: 0.25769907236099243
Batch 2050/4687, Loss: 0.2698793113231659
Batch 2100/4687, Loss: 0.259802907705307
Batch 2150/4687, Loss: 0.2754215598106384
Batch 2200/4687, Loss: 0.2760438919067383
Batch 2250/4687, Loss: 0.2640964984893799
Batch 2300/4687, Loss: 0.26237010955810547
Batch 2350/4687, Loss: 0.26263517141342163
Batch 2400/4687, Loss: 0.2577686011791229
Batch 2450/4687, Loss: 0.26345789432525635
Batch 2500/4687, Loss: 0.2620997130870819
Batch 2550/4687, Loss: 0.27086442708969116
Batch 2600/4687, Loss: 0.2640777826309204
Batch 2650/4687, Loss: 0.2770107388496399
Batch 2700/4687, Loss: 0.2609923779964447
Batch 2750/4687, Loss: 0.2556867301464081
Batch 2800/4687, Loss: 0.2658269703388214
Batch 2850/4687, Loss: 0.253651887178421
Batch 2900/4687, Loss: 0.2799645960330963
Batch 2950/4687, Loss: 0.25975143909454346
Batch 3000/4687, Loss: 0.25459253787994385
Batch 3050/4687, Loss: 0.26269710063934326
Batch 3100/4687, Loss: 0.2587457299232483
Batch 3150/4687, Loss: 0.27923330664634705
Batch 3200/4687, Loss: 0.29053664207458496
Batch 3250/4687, Loss: 0.26264095306396484
Batch 3300/4687, Loss: 0.2564615309238434
Batch 3350/4687, Loss: 0.28663671016693115
Batch 3400/4687, Loss: 0.2652103304862976
Batch 3450/4687, Loss: 0.2570642828941345
Batch 3500/4687, Loss: 0.2795345187187195
Batch 3550/4687, Loss: 0.2554185390472412
Batch 3600/4687, Loss: 0.2572990357875824
Batch 3650/4687, Loss: 0.2460443526506424
Batch 3700/4687, Loss: 0.2756637930870056
Batch 3750/4687, Loss: 0.2486843317747116
Batch 3800/4687, Loss: 0.2563697099685669
Batch 3850/4687, Loss: 0.25998175144195557
Batch 3900/4687, Loss: 0.28094860911369324
Batch 3950/4687, Loss: 0.2654498219490051
Batch 4000/4687, Loss: 0.26418793201446533
Batch 4050/4687, Loss: 0.24036411941051483
Batch 4100/4687, Loss: 0.2650596499443054
Batch 4150/4687, Loss: 0.2759116291999817
Batch 4200/4687, Loss: 0.2759978771209717
Batch 4250/4687, Loss: 0.2776991128921509
Batch 4300/4687, Loss: 0.2440706193447113
Batch 4350/4687, Loss: 0.26734399795532227
Batch 4400/4687, Loss: 0.2899508476257324
Batch 4450/4687, Loss: 0.27582892775535583
Batch 4500/4687, Loss: 0.2641228437423706
Batch 4550/4687, Loss: 0.2624567151069641
Batch 4600/4687, Loss: 0.2580306828022003
Batch 4650/4687, Loss: 0.23826807737350464

Start of epoch 58
Batch 0/4687, Loss: 0.26614561676979065
Batch 50/4687, Loss: 0.28366973996162415
Batch 100/4687, Loss: 0.30812641978263855
Batch 150/4687, Loss: 0.25120413303375244
Batch 200/4687, Loss: 0.2615112066268921
Batch 250/4687, Loss: 0.2687285244464874
Batch 300/4687, Loss: 0.2613069713115692
Batch 350/4687, Loss: 0.2616650462150574
Batch 400/4687, Loss: 0.26398077607154846
Batch 450/4687, Loss: 0.26162123680114746
Batch 500/4687, Loss: 0.2595135569572449
Batch 550/4687, Loss: 0.26401400566101074
Batch 600/4687, Loss: 0.2745376527309418
Batch 650/4687, Loss: 0.2493535280227661
Batch 700/4687, Loss: 0.28524041175842285
Batch 750/4687, Loss: 0.27538013458251953
Batch 800/4687, Loss: 0.2646946310997009
Batch 850/4687, Loss: 0.26830998063087463
Batch 900/4687, Loss: 0.2649940848350525
Batch 950/4687, Loss: 0.25717243552207947
Batch 1000/4687, Loss: 0.29239410161972046
Batch 1050/4687, Loss: 0.26442357897758484
Batch 1100/4687, Loss: 0.27575674653053284
Batch 1150/4687, Loss: 0.24724328517913818
Batch 1200/4687, Loss: 0.27486464381217957
Batch 1250/4687, Loss: 0.2610306441783905
Batch 1300/4687, Loss: 0.25002169609069824
Batch 1350/4687, Loss: 0.2505508363246918
Batch 1400/4687, Loss: 0.27535122632980347
Batch 1450/4687, Loss: 0.25140345096588135
Batch 1500/4687, Loss: 0.26926034688949585
Batch 1550/4687, Loss: 0.24188178777694702
Batch 1600/4687, Loss: 0.2718810439109802
Batch 1650/4687, Loss: 0.2879429757595062
Batch 1700/4687, Loss: 0.2581562101840973
Batch 1750/4687, Loss: 0.2698811888694763
Batch 1800/4687, Loss: 0.2754429280757904
Batch 1850/4687, Loss: 0.26941126585006714
Batch 1900/4687, Loss: 0.26876816153526306
Batch 1950/4687, Loss: 0.3401329219341278
Batch 2000/4687, Loss: 0.26632750034332275
Batch 2050/4687, Loss: 0.26998794078826904
Batch 2100/4687, Loss: 0.2562390863895416
Batch 2150/4687, Loss: 0.27932479977607727
Batch 2200/4687, Loss: 0.2647451162338257
Batch 2250/4687, Loss: 0.27108731865882874
Batch 2300/4687, Loss: 0.28611016273498535
Batch 2350/4687, Loss: 0.38991162180900574
Batch 2400/4687, Loss: 0.26968157291412354
Batch 2450/4687, Loss: 0.25256675481796265
Batch 2500/4687, Loss: 0.27066606283187866
Batch 2550/4687, Loss: 0.2636094093322754
Batch 2600/4687, Loss: 0.2603302299976349
Batch 2650/4687, Loss: 0.24497491121292114
Batch 2700/4687, Loss: 0.26652979850769043
Batch 2750/4687, Loss: 0.26206937432289124
Batch 2800/4687, Loss: 0.2565634846687317
Batch 2850/4687, Loss: 0.2607744336128235
Batch 2900/4687, Loss: 0.24334941804409027
Batch 2950/4687, Loss: 0.2520706355571747
Batch 3000/4687, Loss: 0.2710988521575928
Batch 3050/4687, Loss: 0.37910377979278564
Batch 3100/4687, Loss: 0.29061591625213623
Batch 3150/4687, Loss: 0.2585470974445343
Batch 3200/4687, Loss: 0.27446120977401733
Batch 3250/4687, Loss: 0.26609277725219727
Batch 3300/4687, Loss: 0.2724798917770386
Batch 3350/4687, Loss: 0.2828350365161896
Batch 3400/4687, Loss: 0.2694511115550995
Batch 3450/4687, Loss: 0.2489108443260193
Batch 3500/4687, Loss: 0.25739020109176636
Batch 3550/4687, Loss: 0.26572391390800476
Batch 3600/4687, Loss: 0.36957353353500366
Batch 3650/4687, Loss: 0.2627946138381958
Batch 3700/4687, Loss: 0.23969045281410217
Batch 3750/4687, Loss: 0.2491115778684616
Batch 3800/4687, Loss: 0.25767871737480164
Batch 3850/4687, Loss: 0.25356966257095337
Batch 3900/4687, Loss: 0.2618241310119629
Batch 3950/4687, Loss: 0.2698684334754944
Batch 4000/4687, Loss: 0.25348109006881714
Batch 4050/4687, Loss: 0.2634761929512024
Batch 4100/4687, Loss: 0.24946242570877075
Batch 4150/4687, Loss: 0.26215752959251404
Batch 4200/4687, Loss: 0.2603529989719391
Batch 4250/4687, Loss: 0.24377472698688507
Batch 4300/4687, Loss: 0.2705618739128113
Batch 4350/4687, Loss: 0.27826178073883057
Batch 4400/4687, Loss: 0.24579063057899475
Batch 4450/4687, Loss: 0.24790993332862854
Batch 4500/4687, Loss: 0.2815060615539551
Batch 4550/4687, Loss: 0.2603081166744232
Batch 4600/4687, Loss: 0.2611982524394989
Batch 4650/4687, Loss: 0.2671564221382141

Start of epoch 59
Batch 0/4687, Loss: 0.25474199652671814
Batch 50/4687, Loss: 0.28314366936683655
Batch 100/4687, Loss: 0.2762465476989746
Batch 150/4687, Loss: 0.26444342732429504
Batch 200/4687, Loss: 0.2752799391746521
Batch 250/4687, Loss: 0.24439679086208344
Batch 300/4687, Loss: 0.2523247003555298
Batch 350/4687, Loss: 0.271624892950058
Batch 400/4687, Loss: 0.2725374102592468
Batch 450/4687, Loss: 0.25139468908309937
Batch 500/4687, Loss: 0.253091037273407
Batch 550/4687, Loss: 0.26675575971603394
Batch 600/4687, Loss: 0.25761115550994873
Batch 650/4687, Loss: 0.26916176080703735
Batch 700/4687, Loss: 0.26970210671424866
Batch 750/4687, Loss: 0.24932783842086792
Batch 800/4687, Loss: 0.24071726202964783
Batch 850/4687, Loss: 0.25934311747550964
Batch 900/4687, Loss: 0.26019275188446045
Batch 950/4687, Loss: 0.2781001031398773
Batch 1000/4687, Loss: 0.2566681504249573
Batch 1050/4687, Loss: 0.33684009313583374
Batch 1100/4687, Loss: 0.29003024101257324
Batch 1150/4687, Loss: 0.27550792694091797
Batch 1200/4687, Loss: 0.24115748703479767
Batch 1250/4687, Loss: 0.24114596843719482
Batch 1300/4687, Loss: 0.2622127830982208
Batch 1350/4687, Loss: 0.2715415358543396
Batch 1400/4687, Loss: 0.25613638758659363
Batch 1450/4687, Loss: 0.2552635073661804
Batch 1500/4687, Loss: 0.26076143980026245
Batch 1550/4687, Loss: 0.2666899561882019
Batch 1600/4687, Loss: 0.2548390030860901
Batch 1650/4687, Loss: 0.26849365234375
Batch 1700/4687, Loss: 0.25234293937683105
Batch 1750/4687, Loss: 0.26216763257980347
Batch 1800/4687, Loss: 0.27289465069770813
Batch 1850/4687, Loss: 0.23372939229011536
Batch 1900/4687, Loss: 0.2624688148498535
Batch 1950/4687, Loss: 0.2780207395553589
Batch 2000/4687, Loss: 0.2539052367210388
Batch 2050/4687, Loss: 0.24833595752716064
Batch 2100/4687, Loss: 0.2938183546066284
Batch 2150/4687, Loss: 0.34068888425827026
Batch 2200/4687, Loss: 0.29770487546920776
Batch 2250/4687, Loss: 0.29192447662353516
Batch 2300/4687, Loss: 0.2538919150829315
Batch 2350/4687, Loss: 0.26332059502601624
Batch 2400/4687, Loss: 0.25629621744155884
Batch 2450/4687, Loss: 0.2569153308868408
Batch 2500/4687, Loss: 0.276682049036026
Batch 2550/4687, Loss: 0.28484976291656494
Batch 2600/4687, Loss: 0.25481027364730835
Batch 2650/4687, Loss: 0.24778175354003906
Batch 2700/4687, Loss: 0.25673627853393555
Batch 2750/4687, Loss: 0.25736069679260254
Batch 2800/4687, Loss: 0.25338560342788696
Batch 2850/4687, Loss: 0.2648572325706482
Batch 2900/4687, Loss: 0.25915372371673584
Batch 2950/4687, Loss: 0.2793252170085907
Batch 3000/4687, Loss: 0.49577510356903076
Batch 3050/4687, Loss: 0.2521580755710602
Batch 3100/4687, Loss: 0.3059810698032379
Batch 3150/4687, Loss: 0.2484970986843109
Batch 3200/4687, Loss: 0.2737695276737213
Batch 3250/4687, Loss: 0.25912201404571533
Batch 3300/4687, Loss: 0.2591320872306824
Batch 3350/4687, Loss: 0.2632690966129303
Batch 3400/4687, Loss: 0.24668695032596588
Batch 3450/4687, Loss: 0.24067246913909912
Batch 3500/4687, Loss: 0.25212782621383667
Batch 3550/4687, Loss: 0.26408135890960693
Batch 3600/4687, Loss: 0.2638452351093292
Batch 3650/4687, Loss: 0.24864210188388824
Batch 3700/4687, Loss: 0.26481378078460693
Batch 3750/4687, Loss: 0.25410181283950806
Batch 3800/4687, Loss: 0.26641201972961426
Batch 3850/4687, Loss: 0.26816296577453613
Batch 3900/4687, Loss: 0.2497228980064392
Batch 3950/4687, Loss: 0.25520849227905273
Batch 4000/4687, Loss: 0.26183971762657166
Batch 4050/4687, Loss: 0.2511082589626312
Batch 4100/4687, Loss: 0.27222609519958496
Batch 4150/4687, Loss: 0.2844630479812622
Batch 4200/4687, Loss: 0.2658471465110779
Batch 4250/4687, Loss: 0.2747296094894409
Batch 4300/4687, Loss: 0.2541433572769165
Batch 4350/4687, Loss: 0.25042688846588135
Batch 4400/4687, Loss: 0.25596117973327637
Batch 4450/4687, Loss: 0.27419212460517883
Batch 4500/4687, Loss: 0.32535311579704285
Batch 4550/4687, Loss: 0.248111292719841
Batch 4600/4687, Loss: 0.28591012954711914
Batch 4650/4687, Loss: 0.24763105809688568

Start of epoch 60
Batch 0/4687, Loss: 0.2636857330799103
Batch 50/4687, Loss: 0.26303791999816895
Batch 100/4687, Loss: 0.286854088306427
Batch 150/4687, Loss: 0.30572420358657837
Batch 200/4687, Loss: 0.2535026967525482
Batch 250/4687, Loss: 0.2506771385669708
Batch 300/4687, Loss: 0.2613911032676697
Batch 350/4687, Loss: 0.3022496700286865
Batch 400/4687, Loss: 0.3272116780281067
Batch 450/4687, Loss: 0.23418930172920227
Batch 500/4687, Loss: 0.25716662406921387
Batch 550/4687, Loss: 0.2726423442363739
Batch 600/4687, Loss: 0.2688506543636322
Batch 650/4687, Loss: 0.2664784789085388
Batch 700/4687, Loss: 0.27826178073883057
Batch 750/4687, Loss: 0.27484533190727234
Batch 800/4687, Loss: 0.25396400690078735
Batch 850/4687, Loss: 0.2782847285270691
Batch 900/4687, Loss: 0.2538086175918579
Batch 950/4687, Loss: 0.27038490772247314
Batch 1000/4687, Loss: 0.2467370182275772
Batch 1050/4687, Loss: 0.27405381202697754
Batch 1100/4687, Loss: 0.2595953047275543
Batch 1150/4687, Loss: 0.25338104367256165
Batch 1200/4687, Loss: 0.24966639280319214
Batch 1250/4687, Loss: 0.2701619565486908
Batch 1300/4687, Loss: 0.2580626308917999
Batch 1350/4687, Loss: 0.2801755964756012
Batch 1400/4687, Loss: 0.2766881585121155
Batch 1450/4687, Loss: 0.2476118505001068
Batch 1500/4687, Loss: 0.24843689799308777
Batch 1550/4687, Loss: 0.27163615822792053
Batch 1600/4687, Loss: 0.2524026334285736
Batch 1650/4687, Loss: 0.25623446702957153
Batch 1700/4687, Loss: 0.27846047282218933
Batch 1750/4687, Loss: 0.2634570300579071
Batch 1800/4687, Loss: 0.2593661844730377
Batch 1850/4687, Loss: 0.2717607617378235
Batch 1900/4687, Loss: 0.28348344564437866
Batch 1950/4687, Loss: 0.25461360812187195
Batch 2000/4687, Loss: 0.29594120383262634
Batch 2050/4687, Loss: 0.28461480140686035
Batch 2100/4687, Loss: 0.269104927778244
Batch 2150/4687, Loss: 0.24599279463291168
Batch 2200/4687, Loss: 0.25825703144073486
Batch 2250/4687, Loss: 0.25964945554733276
Batch 2300/4687, Loss: 0.25717028975486755
Batch 2350/4687, Loss: 0.2493821680545807
Batch 2400/4687, Loss: 0.2576197385787964
Batch 2450/4687, Loss: 0.2872698903083801
Batch 2500/4687, Loss: 0.25427961349487305
Batch 2550/4687, Loss: 0.2691560685634613
Batch 2600/4687, Loss: 0.25404563546180725
Batch 2650/4687, Loss: 0.2745395600795746
Batch 2700/4687, Loss: 0.2614821195602417
Batch 2750/4687, Loss: 0.2577989995479584
Batch 2800/4687, Loss: 0.2461022138595581
Batch 2850/4687, Loss: 0.25664183497428894
Batch 2900/4687, Loss: 0.26464900374412537
Batch 2950/4687, Loss: 0.27661433815956116
Batch 3000/4687, Loss: 0.2546495795249939
Batch 3050/4687, Loss: 0.27481141686439514
Batch 3100/4687, Loss: 0.26612481474876404
Batch 3150/4687, Loss: 0.2942913770675659
Batch 3200/4687, Loss: 0.2817510962486267
Batch 3250/4687, Loss: 0.26488322019577026
Batch 3300/4687, Loss: 0.28627002239227295
Batch 3350/4687, Loss: 0.2831558585166931
Batch 3400/4687, Loss: 0.28148597478866577
Batch 3450/4687, Loss: 0.2549247145652771
Batch 3500/4687, Loss: 0.27999597787857056
Batch 3550/4687, Loss: 0.26075923442840576
Batch 3600/4687, Loss: 0.294009268283844
Batch 3650/4687, Loss: 0.253307580947876
Batch 3700/4687, Loss: 0.2641506493091583
Batch 3750/4687, Loss: 0.2786884009838104
Batch 3800/4687, Loss: 0.26499444246292114
Batch 3850/4687, Loss: 0.25730663537979126
Batch 3900/4687, Loss: 0.28907185792922974
Batch 3950/4687, Loss: 0.26439541578292847
Batch 4000/4687, Loss: 0.25315362215042114
Batch 4050/4687, Loss: 0.25709018111228943
Batch 4100/4687, Loss: 0.2403368055820465
Batch 4150/4687, Loss: 0.24829581379890442
Batch 4200/4687, Loss: 0.25192952156066895
Batch 4250/4687, Loss: 0.27029818296432495
Batch 4300/4687, Loss: 0.285599946975708
Batch 4350/4687, Loss: 0.259168416261673
Batch 4400/4687, Loss: 0.27898210287094116
Batch 4450/4687, Loss: 0.2686345875263214
Batch 4500/4687, Loss: 0.25603407621383667
Batch 4550/4687, Loss: 0.2503374516963959
Batch 4600/4687, Loss: 0.24132239818572998
Batch 4650/4687, Loss: 0.24144428968429565

Start of epoch 61
Batch 0/4687, Loss: 0.2516942620277405
Batch 50/4687, Loss: 0.2807033061981201
Batch 100/4687, Loss: 0.27257370948791504
Batch 150/4687, Loss: 0.26544979214668274
Batch 200/4687, Loss: 0.24680793285369873
Batch 250/4687, Loss: 0.264598548412323
Batch 300/4687, Loss: 0.2537134289741516
Batch 350/4687, Loss: 0.27693963050842285
Batch 400/4687, Loss: 0.3096897006034851
Batch 450/4687, Loss: 0.2504780888557434
Batch 500/4687, Loss: 0.2581234276294708
Batch 550/4687, Loss: 0.285613477230072
Batch 600/4687, Loss: 0.2454642951488495
Batch 650/4687, Loss: 0.26167237758636475
Batch 700/4687, Loss: 0.2615273892879486
Batch 750/4687, Loss: 0.2558141350746155
Batch 800/4687, Loss: 0.30072975158691406
Batch 850/4687, Loss: 0.27076494693756104
Batch 900/4687, Loss: 0.25197654962539673
Batch 950/4687, Loss: 0.24285367131233215
Batch 1000/4687, Loss: 0.2705404460430145
Batch 1050/4687, Loss: 0.25681963562965393
Batch 1100/4687, Loss: 0.2674919366836548
Batch 1150/4687, Loss: 0.256316602230072
Batch 1200/4687, Loss: 0.2566658556461334
Batch 1250/4687, Loss: 0.2840539813041687
Batch 1300/4687, Loss: 0.27037912607192993
Batch 1350/4687, Loss: 0.24310924112796783
Batch 1400/4687, Loss: 0.2714654803276062
Batch 1450/4687, Loss: 0.24882681667804718
Batch 1500/4687, Loss: 0.2527296841144562
Batch 1550/4687, Loss: 0.2523697316646576
Batch 1600/4687, Loss: 0.27134373784065247
Batch 1650/4687, Loss: 0.257198691368103
Batch 1700/4687, Loss: 0.2678033709526062
Batch 1750/4687, Loss: 0.23971116542816162
Batch 1800/4687, Loss: 0.27045464515686035
Batch 1850/4687, Loss: 0.249092698097229
Batch 1900/4687, Loss: 0.26209086179733276
Batch 1950/4687, Loss: 0.2555152177810669
Batch 2000/4687, Loss: 0.24228374660015106
Batch 2050/4687, Loss: 0.2512490749359131
Batch 2100/4687, Loss: 0.26606425642967224
Batch 2150/4687, Loss: 0.27672719955444336
Batch 2200/4687, Loss: 0.25048238039016724
Batch 2250/4687, Loss: 0.277527391910553
Batch 2300/4687, Loss: 0.2640303373336792
Batch 2350/4687, Loss: 0.2574598789215088
Batch 2400/4687, Loss: 0.2462131530046463
Batch 2450/4687, Loss: 0.25151196122169495
Batch 2500/4687, Loss: 0.3026726543903351
Batch 2550/4687, Loss: 0.24082764983177185
Batch 2600/4687, Loss: 0.24465312063694
Batch 2650/4687, Loss: 0.2606136202812195
Batch 2700/4687, Loss: 0.2564795911312103
Batch 2750/4687, Loss: 0.25806838274002075
Batch 2800/4687, Loss: 0.2814861834049225
Batch 2850/4687, Loss: 0.24033749103546143
Batch 2900/4687, Loss: 0.2783724069595337
Batch 2950/4687, Loss: 0.2554858922958374
Batch 3000/4687, Loss: 0.294188529253006
Batch 3050/4687, Loss: 0.2693055272102356
Batch 3100/4687, Loss: 0.25267037749290466
Batch 3150/4687, Loss: 0.27492666244506836
Batch 3200/4687, Loss: 0.2821917235851288
Batch 3250/4687, Loss: 0.33119356632232666
Batch 3300/4687, Loss: 0.2953043580055237
Batch 3350/4687, Loss: 0.2687765657901764
Batch 3400/4687, Loss: 0.25016868114471436
Batch 3450/4687, Loss: 0.2710420489311218
Batch 3500/4687, Loss: 0.26692891120910645
Batch 3550/4687, Loss: 0.25217559933662415
Batch 3600/4687, Loss: 0.2665082812309265
Batch 3650/4687, Loss: 0.26123565435409546
Batch 3700/4687, Loss: 0.25624725222587585
Batch 3750/4687, Loss: 0.24808727204799652
Batch 3800/4687, Loss: 0.2681739628314972
Batch 3850/4687, Loss: 0.26872870326042175
Batch 3900/4687, Loss: 0.253042608499527
Batch 3950/4687, Loss: 0.24777533113956451
Batch 4000/4687, Loss: 0.263675719499588
Batch 4050/4687, Loss: 0.2871316075325012
Batch 4100/4687, Loss: 0.26206064224243164
Batch 4150/4687, Loss: 0.24151960015296936
Batch 4200/4687, Loss: 0.2475963532924652
Batch 4250/4687, Loss: 0.23561818897724152
Batch 4300/4687, Loss: 0.2461262345314026
Batch 4350/4687, Loss: 0.25634765625
Batch 4400/4687, Loss: 0.26233720779418945
Batch 4450/4687, Loss: 0.32691121101379395
Batch 4500/4687, Loss: 0.30393826961517334
Batch 4550/4687, Loss: 0.24776804447174072
Batch 4600/4687, Loss: 0.2534869313240051
Batch 4650/4687, Loss: 0.2577904462814331

Start of epoch 62
Batch 0/4687, Loss: 0.25100332498550415
Batch 50/4687, Loss: 0.232539102435112
Batch 100/4687, Loss: 0.26383712887763977
Batch 150/4687, Loss: 0.26453688740730286
Batch 200/4687, Loss: 0.26261529326438904
Batch 250/4687, Loss: 0.2623954117298126
Batch 300/4687, Loss: 0.25533097982406616
Batch 350/4687, Loss: 0.25091227889060974
Batch 400/4687, Loss: 0.2562764883041382
Batch 450/4687, Loss: 0.26975035667419434
Batch 500/4687, Loss: 0.2425868809223175
Batch 550/4687, Loss: 0.23695965111255646
Batch 600/4687, Loss: 0.24285155534744263
Batch 650/4687, Loss: 0.27191948890686035
Batch 700/4687, Loss: 0.26375284790992737
Batch 750/4687, Loss: 0.25613120198249817
Batch 800/4687, Loss: 0.26136505603790283
Batch 850/4687, Loss: 0.2572108507156372
Batch 900/4687, Loss: 0.2613914906978607
Batch 950/4687, Loss: 0.38372939825057983
Batch 1000/4687, Loss: 0.23163245618343353
Batch 1050/4687, Loss: 0.26573634147644043
Batch 1100/4687, Loss: 0.25236982107162476
Batch 1150/4687, Loss: 0.2724248766899109
Batch 1200/4687, Loss: 0.28597739338874817
Batch 1250/4687, Loss: 0.25733211636543274
Batch 1300/4687, Loss: 0.26856788992881775
Batch 1350/4687, Loss: 0.26544278860092163
Batch 1400/4687, Loss: 0.25482600927352905
Batch 1450/4687, Loss: 0.24915525317192078
Batch 1500/4687, Loss: 0.26468464732170105
Batch 1550/4687, Loss: 0.269639790058136
Batch 1600/4687, Loss: 0.48673903942108154
Batch 1650/4687, Loss: 0.255009263753891
Batch 1700/4687, Loss: 0.2547544538974762
Batch 1750/4687, Loss: 0.24140572547912598
Batch 1800/4687, Loss: 0.24928802251815796
Batch 1850/4687, Loss: 0.25876665115356445
Batch 1900/4687, Loss: 0.23603102564811707
Batch 1950/4687, Loss: 0.24135799705982208
Batch 2000/4687, Loss: 0.24193042516708374
Batch 2050/4687, Loss: 0.27127352356910706
Batch 2100/4687, Loss: 0.2421228140592575
Batch 2150/4687, Loss: 0.2645268142223358
Batch 2200/4687, Loss: 0.2646053731441498
Batch 2250/4687, Loss: 0.25105342268943787
Batch 2300/4687, Loss: 0.2397530972957611
Batch 2350/4687, Loss: 0.2614985704421997
Batch 2400/4687, Loss: 0.2814825475215912
Batch 2450/4687, Loss: 0.26288875937461853
Batch 2500/4687, Loss: 0.26373666524887085
Batch 2550/4687, Loss: 0.254684716463089
Batch 2600/4687, Loss: 0.2739025056362152
Batch 2650/4687, Loss: 0.2484329342842102
Batch 2700/4687, Loss: 0.2593575119972229
Batch 2750/4687, Loss: 0.38328149914741516
Batch 2800/4687, Loss: 0.28161922097206116
Batch 2850/4687, Loss: 0.25638219714164734
Batch 2900/4687, Loss: 0.25377485156059265
Batch 2950/4687, Loss: 0.25444144010543823
Batch 3000/4687, Loss: 0.2554768919944763
Batch 3050/4687, Loss: 0.24746748805046082
Batch 3100/4687, Loss: 0.2420985996723175
Batch 3150/4687, Loss: 0.253162682056427
Batch 3200/4687, Loss: 0.2719653844833374
Batch 3250/4687, Loss: 0.2871798574924469
Batch 3300/4687, Loss: 0.2940370738506317
Batch 3350/4687, Loss: 0.2581854462623596
Batch 3400/4687, Loss: 0.2523822784423828
Batch 3450/4687, Loss: 0.24721360206604004
Batch 3500/4687, Loss: 0.246112659573555
Batch 3550/4687, Loss: 0.2509273290634155
Batch 3600/4687, Loss: 0.23867389559745789
Batch 3650/4687, Loss: 0.2623545527458191
Batch 3700/4687, Loss: 0.24077363312244415
Batch 3750/4687, Loss: 0.2536117732524872
Batch 3800/4687, Loss: 0.31466591358184814
Batch 3850/4687, Loss: 0.2403229922056198
Batch 3900/4687, Loss: 0.2645662724971771
Batch 3950/4687, Loss: 0.2647587060928345
Batch 4000/4687, Loss: 0.28475165367126465
Batch 4050/4687, Loss: 0.26390165090560913
Batch 4100/4687, Loss: 0.25750020146369934
Batch 4150/4687, Loss: 0.2742300033569336
Batch 4200/4687, Loss: 0.24542611837387085
Batch 4250/4687, Loss: 0.28684622049331665
Batch 4300/4687, Loss: 0.4796208143234253
Batch 4350/4687, Loss: 0.2494739145040512
Batch 4400/4687, Loss: 0.26830726861953735
Batch 4450/4687, Loss: 0.2946869730949402
Batch 4500/4687, Loss: 0.24604979157447815
Batch 4550/4687, Loss: 0.24957020580768585
Batch 4600/4687, Loss: 0.24614650011062622
Batch 4650/4687, Loss: 0.24116450548171997

Start of epoch 63
Batch 0/4687, Loss: 0.26070109009742737
Batch 50/4687, Loss: 0.24230821430683136
Batch 100/4687, Loss: 0.2520126700401306
Batch 150/4687, Loss: 0.2657696604728699
Batch 200/4687, Loss: 0.2477792501449585
Batch 250/4687, Loss: 0.24969947338104248
Batch 300/4687, Loss: 0.24729704856872559
Batch 350/4687, Loss: 0.254464328289032
Batch 400/4687, Loss: 0.2554352283477783
Batch 450/4687, Loss: 0.2616044878959656
Batch 500/4687, Loss: 0.2626833915710449
Batch 550/4687, Loss: 0.23646265268325806
Batch 600/4687, Loss: 0.2604556679725647
Batch 650/4687, Loss: 0.25971662998199463
Batch 700/4687, Loss: 0.2534042298793793
Batch 750/4687, Loss: 0.24541130661964417
Batch 800/4687, Loss: 0.25030383467674255
Batch 850/4687, Loss: 0.250091016292572
Batch 900/4687, Loss: 0.2557526230812073
Batch 950/4687, Loss: 0.2648831009864807
Batch 1000/4687, Loss: 0.25948476791381836
Batch 1050/4687, Loss: 0.26084718108177185
Batch 1100/4687, Loss: 0.2587198317050934
Batch 1150/4687, Loss: 0.25708505511283875
Batch 1200/4687, Loss: 0.26435422897338867
Batch 1250/4687, Loss: 0.2632848918437958
Batch 1300/4687, Loss: 0.2621133625507355
Batch 1350/4687, Loss: 0.2579949200153351
Batch 1400/4687, Loss: 0.24049368500709534
Batch 1450/4687, Loss: 0.25981441140174866
Batch 1500/4687, Loss: 0.2532823085784912
Batch 1550/4687, Loss: 0.25699180364608765
Batch 1600/4687, Loss: 0.24530941247940063
Batch 1650/4687, Loss: 0.26326772570610046
Batch 1700/4687, Loss: 0.2553030550479889
Batch 1750/4687, Loss: 0.2543712258338928
Batch 1800/4687, Loss: 0.24853640794754028
Batch 1850/4687, Loss: 0.2582600712776184
Batch 1900/4687, Loss: 0.34438076615333557
Batch 1950/4687, Loss: 0.2820245623588562
Batch 2000/4687, Loss: 0.26150476932525635
Batch 2050/4687, Loss: 0.2695644497871399
Batch 2100/4687, Loss: 0.27667704224586487
Batch 2150/4687, Loss: 0.25331780314445496
Batch 2200/4687, Loss: 0.259796679019928
Batch 2250/4687, Loss: 0.27712270617485046
Batch 2300/4687, Loss: 0.2569058835506439
Batch 2350/4687, Loss: 0.2677067518234253
Batch 2400/4687, Loss: 0.25662100315093994
Batch 2450/4687, Loss: 0.25694918632507324
Batch 2500/4687, Loss: 0.2560710906982422
Batch 2550/4687, Loss: 0.28109174966812134
Batch 2600/4687, Loss: 0.25768858194351196
Batch 2650/4687, Loss: 0.2966150641441345
Batch 2700/4687, Loss: 0.2580314576625824
Batch 2750/4687, Loss: 0.2803770899772644
Batch 2800/4687, Loss: 0.27238142490386963
Batch 2850/4687, Loss: 0.23526984453201294
Batch 2900/4687, Loss: 0.2648088335990906
Batch 2950/4687, Loss: 0.2729920446872711
Batch 3000/4687, Loss: 0.27285245060920715
Batch 3050/4687, Loss: 0.2424076497554779
Batch 3100/4687, Loss: 0.25063884258270264
Batch 3150/4687, Loss: 0.28614234924316406
Batch 3200/4687, Loss: 0.2660427987575531
Batch 3250/4687, Loss: 0.24690362811088562
Batch 3300/4687, Loss: 0.2398701310157776
Batch 3350/4687, Loss: 0.2569035291671753
Batch 3400/4687, Loss: 0.2834574282169342
Batch 3450/4687, Loss: 0.2739925980567932
Batch 3500/4687, Loss: 0.24967825412750244
Batch 3550/4687, Loss: 0.24253219366073608
Batch 3600/4687, Loss: 0.2680305242538452
Batch 3650/4687, Loss: 0.29981714487075806
Batch 3700/4687, Loss: 0.2550206184387207
Batch 3750/4687, Loss: 0.3911341428756714
Batch 3800/4687, Loss: 0.30544793605804443
Batch 3850/4687, Loss: 0.2844991385936737
Batch 3900/4687, Loss: 0.2561371326446533
Batch 3950/4687, Loss: 0.25216394662857056
Batch 4000/4687, Loss: 0.2700856626033783
Batch 4050/4687, Loss: 0.24375446140766144
Batch 4100/4687, Loss: 0.24734991788864136
Batch 4150/4687, Loss: 0.2657606303691864
Batch 4200/4687, Loss: 0.27226823568344116
Batch 4250/4687, Loss: 0.25201737880706787
Batch 4300/4687, Loss: 0.24977406859397888
Batch 4350/4687, Loss: 0.2480611652135849
Batch 4400/4687, Loss: 0.2819300591945648
Batch 4450/4687, Loss: 0.24143445491790771
Batch 4500/4687, Loss: 0.25293922424316406
Batch 4550/4687, Loss: 0.25475776195526123
Batch 4600/4687, Loss: 0.24857473373413086
Batch 4650/4687, Loss: 0.25956371426582336

Start of epoch 64
Batch 0/4687, Loss: 0.2521606683731079
Batch 50/4687, Loss: 0.24305692315101624
Batch 100/4687, Loss: 0.23943793773651123
Batch 150/4687, Loss: 0.2470974624156952
Batch 200/4687, Loss: 0.23671302199363708
Batch 250/4687, Loss: 0.25558388233184814
Batch 300/4687, Loss: 0.25651711225509644
Batch 350/4687, Loss: 0.24330461025238037
Batch 400/4687, Loss: 0.25579512119293213
Batch 450/4687, Loss: 0.312264621257782
Batch 500/4687, Loss: 0.26374000310897827
Batch 550/4687, Loss: 0.2459559440612793
Batch 600/4687, Loss: 0.2512071430683136
Batch 650/4687, Loss: 0.2781887650489807
Batch 700/4687, Loss: 0.2692025303840637
Batch 750/4687, Loss: 0.2644321620464325
Batch 800/4687, Loss: 0.2395433634519577
Batch 850/4687, Loss: 0.2405584156513214
Batch 900/4687, Loss: 0.2459525465965271
Batch 950/4687, Loss: 0.26390498876571655
Batch 1000/4687, Loss: 0.25730282068252563
Batch 1050/4687, Loss: 0.2607581913471222
Batch 1100/4687, Loss: 0.24874989688396454
Batch 1150/4687, Loss: 0.2553120255470276
Batch 1200/4687, Loss: 0.2673148810863495
Batch 1250/4687, Loss: 0.274951696395874
Batch 1300/4687, Loss: 0.25425422191619873
Batch 1350/4687, Loss: 0.27870747447013855
Batch 1400/4687, Loss: 0.26087379455566406
Batch 1450/4687, Loss: 0.254153311252594
Batch 1500/4687, Loss: 0.24381184577941895
Batch 1550/4687, Loss: 0.24203994870185852
Batch 1600/4687, Loss: 0.26232314109802246
Batch 1650/4687, Loss: 0.24529820680618286
Batch 1700/4687, Loss: 0.25077134370803833
Batch 1750/4687, Loss: 0.2695704400539398
Batch 1800/4687, Loss: 0.27181822061538696
Batch 1850/4687, Loss: 0.2443322390317917
Batch 1900/4687, Loss: 0.2423763871192932
Batch 1950/4687, Loss: 0.2511877715587616
Batch 2000/4687, Loss: 0.24409586191177368
Batch 2050/4687, Loss: 0.253320574760437
Batch 2100/4687, Loss: 0.2675701081752777
Batch 2150/4687, Loss: 0.2618611454963684
Batch 2200/4687, Loss: 0.2610965967178345
Batch 2250/4687, Loss: 0.2865968942642212
Batch 2300/4687, Loss: 0.27224716544151306
Batch 2350/4687, Loss: 0.2471286654472351
Batch 2400/4687, Loss: 0.2697860598564148
Batch 2450/4687, Loss: 0.2552030682563782
Batch 2500/4687, Loss: 0.2678537964820862
Batch 2550/4687, Loss: 0.26811206340789795
Batch 2600/4687, Loss: 0.24825257062911987
Batch 2650/4687, Loss: 0.2632203698158264
Batch 2700/4687, Loss: 0.26692333817481995
Batch 2750/4687, Loss: 0.2525394558906555
Batch 2800/4687, Loss: 0.24789080023765564
Batch 2850/4687, Loss: 0.2507951259613037
Batch 2900/4687, Loss: 0.250846803188324
Batch 2950/4687, Loss: 0.2464909851551056
Batch 3000/4687, Loss: 0.260735422372818
Batch 3050/4687, Loss: 0.262453556060791
Batch 3100/4687, Loss: 0.25634247064590454
Batch 3150/4687, Loss: 0.2714378833770752
Batch 3200/4687, Loss: 0.2693086564540863
Batch 3250/4687, Loss: 0.24938513338565826
Batch 3300/4687, Loss: 0.2517636716365814
Batch 3350/4687, Loss: 0.2660398483276367
Batch 3400/4687, Loss: 0.27231326699256897
Batch 3450/4687, Loss: 0.2423991858959198
Batch 3500/4687, Loss: 0.24712571501731873
Batch 3550/4687, Loss: 0.2451276183128357
Batch 3600/4687, Loss: 0.2698836326599121
Batch 3650/4687, Loss: 0.2419884204864502
Batch 3700/4687, Loss: 0.2793492376804352
Batch 3750/4687, Loss: 0.33792829513549805
Batch 3800/4687, Loss: 0.26614218950271606
Batch 3850/4687, Loss: 0.23723584413528442
Batch 3900/4687, Loss: 0.25396373867988586
Batch 3950/4687, Loss: 0.24846315383911133
Batch 4000/4687, Loss: 0.2751767039299011
Batch 4050/4687, Loss: 0.2423650324344635
Batch 4100/4687, Loss: 0.2267722487449646
Batch 4150/4687, Loss: 0.29761815071105957
Batch 4200/4687, Loss: 0.2394821047782898
Batch 4250/4687, Loss: 0.24424362182617188
Batch 4300/4687, Loss: 0.2588650584220886
Batch 4350/4687, Loss: 0.2540149986743927
Batch 4400/4687, Loss: 0.3266863524913788
Batch 4450/4687, Loss: 0.26260700821876526
Batch 4500/4687, Loss: 0.24627117812633514
Batch 4550/4687, Loss: 0.24895857274532318
Batch 4600/4687, Loss: 0.268737256526947
Batch 4650/4687, Loss: 0.2426656037569046

Start of epoch 65
Batch 0/4687, Loss: 0.25611209869384766
Batch 50/4687, Loss: 0.2603577673435211
Batch 100/4687, Loss: 0.24886247515678406
Batch 150/4687, Loss: 0.2476038932800293
Batch 200/4687, Loss: 0.27309536933898926
Batch 250/4687, Loss: 0.26436400413513184
Batch 300/4687, Loss: 0.2583661675453186
Batch 350/4687, Loss: 0.24874675273895264
Batch 400/4687, Loss: 0.24179041385650635
Batch 450/4687, Loss: 0.23597486317157745
Batch 500/4687, Loss: 0.2482413500547409
Batch 550/4687, Loss: 0.2703949213027954
Batch 600/4687, Loss: 0.25060439109802246
Batch 650/4687, Loss: 0.2476448118686676
Batch 700/4687, Loss: 0.24778568744659424
Batch 750/4687, Loss: 0.27390095591545105
Batch 800/4687, Loss: 0.24927133321762085
Batch 850/4687, Loss: 0.24171409010887146
Batch 900/4687, Loss: 0.25774964690208435
Batch 950/4687, Loss: 0.2948240339756012
Batch 1000/4687, Loss: 0.25538378953933716
Batch 1050/4687, Loss: 0.25352275371551514
Batch 1100/4687, Loss: 0.26824143528938293
Batch 1150/4687, Loss: 0.2666723430156708
Batch 1200/4687, Loss: 0.2623424828052521
Batch 1250/4687, Loss: 0.252338171005249
Batch 1300/4687, Loss: 0.27062636613845825
Batch 1350/4687, Loss: 0.25926142930984497
Batch 1400/4687, Loss: 0.25267672538757324
Batch 1450/4687, Loss: 0.2512715458869934
Batch 1500/4687, Loss: 0.2501987814903259
Batch 1550/4687, Loss: 0.2636207938194275
Batch 1600/4687, Loss: 0.2315874993801117
Batch 1650/4687, Loss: 0.2680049538612366
Batch 1700/4687, Loss: 0.2516389787197113
Batch 1750/4687, Loss: 0.27470076084136963
Batch 1800/4687, Loss: 0.24518248438835144
Batch 1850/4687, Loss: 0.25511035323143005
Batch 1900/4687, Loss: 0.25730815529823303
Batch 1950/4687, Loss: 0.28177669644355774
Batch 2000/4687, Loss: 0.2698536515235901
Batch 2050/4687, Loss: 0.2503824830055237
Batch 2100/4687, Loss: 0.25303584337234497
Batch 2150/4687, Loss: 0.35311925411224365
Batch 2200/4687, Loss: 0.3004000782966614
Batch 2250/4687, Loss: 0.24425625801086426
Batch 2300/4687, Loss: 0.2665301263332367
Batch 2350/4687, Loss: 0.254224568605423
Batch 2400/4687, Loss: 0.24543601274490356
Batch 2450/4687, Loss: 0.25639739632606506
Batch 2500/4687, Loss: 0.2549034059047699
Batch 2550/4687, Loss: 0.2460482120513916
Batch 2600/4687, Loss: 0.2699492573738098
Batch 2650/4687, Loss: 0.24530147016048431
Batch 2700/4687, Loss: 0.2494959682226181
Batch 2750/4687, Loss: 0.26550644636154175
Batch 2800/4687, Loss: 0.24570803344249725
Batch 2850/4687, Loss: 0.2571767568588257
Batch 2900/4687, Loss: 0.22932785749435425
Batch 2950/4687, Loss: 0.24017581343650818
Batch 3000/4687, Loss: 0.23981794714927673
Batch 3050/4687, Loss: 0.22090528905391693
Batch 3100/4687, Loss: 0.24171142280101776
Batch 3150/4687, Loss: 0.2565232813358307
Batch 3200/4687, Loss: 0.26037079095840454
Batch 3250/4687, Loss: 0.2518409192562103
Batch 3300/4687, Loss: 0.262804239988327
Batch 3350/4687, Loss: 0.24031972885131836
Batch 3400/4687, Loss: 0.2397128939628601
Batch 3450/4687, Loss: 0.2537366449832916
Batch 3500/4687, Loss: 0.23706209659576416
Batch 3550/4687, Loss: 0.27665993571281433
Batch 3600/4687, Loss: 0.253610223531723
Batch 3650/4687, Loss: 0.24293026328086853
Batch 3700/4687, Loss: 0.2799608111381531
Batch 3750/4687, Loss: 0.25095218420028687
Batch 3800/4687, Loss: 0.26461511850357056
Batch 3850/4687, Loss: 0.2536824941635132
Batch 3900/4687, Loss: 0.2543543577194214
Batch 3950/4687, Loss: 0.2658209204673767
Batch 4000/4687, Loss: 0.27698081731796265
Batch 4050/4687, Loss: 0.24616739153862
Batch 4100/4687, Loss: 0.2676007151603699
Batch 4150/4687, Loss: 0.2548143267631531
Batch 4200/4687, Loss: 0.26873844861984253
Batch 4250/4687, Loss: 0.24859797954559326
Batch 4300/4687, Loss: 0.2376508116722107
Batch 4350/4687, Loss: 0.29144930839538574
Batch 4400/4687, Loss: 0.255199670791626
Batch 4450/4687, Loss: 0.27488529682159424
Batch 4500/4687, Loss: 0.24258403480052948
Batch 4550/4687, Loss: 0.23193559050559998
Batch 4600/4687, Loss: 0.2828100323677063
Batch 4650/4687, Loss: 0.23304054141044617

Start of epoch 66
Batch 0/4687, Loss: 0.2538236379623413
Batch 50/4687, Loss: 0.2733786404132843
Batch 100/4687, Loss: 0.25494807958602905
Batch 150/4687, Loss: 0.2587569057941437
Batch 200/4687, Loss: 0.2554365396499634
Batch 250/4687, Loss: 0.22961735725402832
Batch 300/4687, Loss: 0.26037609577178955
Batch 350/4687, Loss: 0.26945799589157104
Batch 400/4687, Loss: 0.2851749062538147
Batch 450/4687, Loss: 0.2542380690574646
Batch 500/4687, Loss: 0.25125133991241455
Batch 550/4687, Loss: 0.25690585374832153
Batch 600/4687, Loss: 0.2331627607345581
Batch 650/4687, Loss: 0.5266082286834717
Batch 700/4687, Loss: 0.24641579389572144
Batch 750/4687, Loss: 0.2657052278518677
Batch 800/4687, Loss: 0.2516688108444214
Batch 850/4687, Loss: 0.25693368911743164
Batch 900/4687, Loss: 0.26983487606048584
Batch 950/4687, Loss: 0.2506403923034668
Batch 1000/4687, Loss: 0.26838770508766174
Batch 1050/4687, Loss: 0.23896166682243347
Batch 1100/4687, Loss: 0.25671127438545227
Batch 1150/4687, Loss: 0.23481899499893188
Batch 1200/4687, Loss: 0.22498494386672974
Batch 1250/4687, Loss: 0.2529726028442383
Batch 1300/4687, Loss: 0.2450539469718933
Batch 1350/4687, Loss: 0.25194352865219116
Batch 1400/4687, Loss: 0.24893534183502197
Batch 1450/4687, Loss: 0.2565702199935913
Batch 1500/4687, Loss: 0.23572053015232086
Batch 1550/4687, Loss: 0.2414865493774414
Batch 1600/4687, Loss: 0.23178185522556305
Batch 1650/4687, Loss: 0.2540372312068939
Batch 1700/4687, Loss: 0.3152093291282654
Batch 1750/4687, Loss: 0.29062482714653015
Batch 1800/4687, Loss: 0.2676604390144348
Batch 1850/4687, Loss: 0.22912892699241638
Batch 1900/4687, Loss: 0.24220284819602966
Batch 1950/4687, Loss: 0.26644110679626465
Batch 2000/4687, Loss: 0.23673725128173828
Batch 2050/4687, Loss: 0.25463271141052246
Batch 2100/4687, Loss: 0.2507513165473938
Batch 2150/4687, Loss: 0.2404412031173706
Batch 2200/4687, Loss: 0.24321547150611877
Batch 2250/4687, Loss: 0.25896066427230835
Batch 2300/4687, Loss: 0.23777011036872864
Batch 2350/4687, Loss: 0.26005449891090393
Batch 2400/4687, Loss: 0.2596288025379181
Batch 2450/4687, Loss: 0.2513675093650818
Batch 2500/4687, Loss: 0.25677117705345154
Batch 2550/4687, Loss: 0.24465012550354004
Batch 2600/4687, Loss: 0.2493453323841095
Batch 2650/4687, Loss: 0.2528840899467468
Batch 2700/4687, Loss: 0.2543250024318695
Batch 2750/4687, Loss: 0.26318585872650146
Batch 2800/4687, Loss: 0.23897859454154968
Batch 2850/4687, Loss: 0.255697637796402
Batch 2900/4687, Loss: 0.2626550793647766
Batch 2950/4687, Loss: 0.24782046675682068
Batch 3000/4687, Loss: 0.251128226518631
Batch 3050/4687, Loss: 0.2526238262653351
Batch 3100/4687, Loss: 0.25560393929481506
Batch 3150/4687, Loss: 0.2681143283843994
Batch 3200/4687, Loss: 0.2575523853302002
Batch 3250/4687, Loss: 0.24984979629516602
Batch 3300/4687, Loss: 0.23986861109733582
Batch 3350/4687, Loss: 0.23784378170967102
Batch 3400/4687, Loss: 0.2803876996040344
Batch 3450/4687, Loss: 0.25198423862457275
Batch 3500/4687, Loss: 0.2683526873588562
Batch 3550/4687, Loss: 0.24763965606689453
Batch 3600/4687, Loss: 0.2724357843399048
Batch 3650/4687, Loss: 0.270519495010376
Batch 3700/4687, Loss: 0.2521896958351135
Batch 3750/4687, Loss: 0.24501250684261322
Batch 3800/4687, Loss: 0.2362593710422516
Batch 3850/4687, Loss: 0.25782254338264465
Batch 3900/4687, Loss: 0.26480934023857117
Batch 3950/4687, Loss: 0.2718191146850586
Batch 4000/4687, Loss: 0.2697087228298187
Batch 4050/4687, Loss: 0.2674519419670105
Batch 4100/4687, Loss: 0.25478285551071167
Batch 4150/4687, Loss: 0.24399569630622864
Batch 4200/4687, Loss: 0.24447515606880188
Batch 4250/4687, Loss: 0.2514543831348419
Batch 4300/4687, Loss: 0.24821673333644867
Batch 4350/4687, Loss: 0.2319968193769455
Batch 4400/4687, Loss: 0.27003419399261475
Batch 4450/4687, Loss: 0.2590583562850952
Batch 4500/4687, Loss: 0.25538769364356995
Batch 4550/4687, Loss: 0.258359432220459
Batch 4600/4687, Loss: 0.2545042037963867
Batch 4650/4687, Loss: 0.24672672152519226

Start of epoch 67
Batch 0/4687, Loss: 0.2573156952857971
Batch 50/4687, Loss: 0.25464341044425964
Batch 100/4687, Loss: 0.25427091121673584
Batch 150/4687, Loss: 0.2635002136230469
Batch 200/4687, Loss: 0.24296437203884125
Batch 250/4687, Loss: 0.24178025126457214
Batch 300/4687, Loss: 0.24225999414920807
Batch 350/4687, Loss: 0.24978011846542358
Batch 400/4687, Loss: 0.24053286015987396
Batch 450/4687, Loss: 0.26102471351623535
Batch 500/4687, Loss: 0.2683471441268921
Batch 550/4687, Loss: 0.2547074258327484
Batch 600/4687, Loss: 0.28084009885787964
Batch 650/4687, Loss: 0.23925259709358215
Batch 700/4687, Loss: 0.2603069543838501
Batch 750/4687, Loss: 0.2607857584953308
Batch 800/4687, Loss: 0.24645082652568817
Batch 850/4687, Loss: 0.24589213728904724
Batch 900/4687, Loss: 0.27393943071365356
Batch 950/4687, Loss: 0.24765059351921082
Batch 1000/4687, Loss: 0.2497892677783966
Batch 1050/4687, Loss: 0.23023343086242676
Batch 1100/4687, Loss: 0.23391929268836975
Batch 1150/4687, Loss: 0.25211599469184875
Batch 1200/4687, Loss: 0.2658002972602844
Batch 1250/4687, Loss: 0.2739412784576416
Batch 1300/4687, Loss: 0.25889861583709717
Batch 1350/4687, Loss: 0.2501829266548157
Batch 1400/4687, Loss: 0.2356918752193451
Batch 1450/4687, Loss: 0.2586394250392914
Batch 1500/4687, Loss: 0.23187948763370514
Batch 1550/4687, Loss: 0.33692970871925354
Batch 1600/4687, Loss: 0.2688577175140381
Batch 1650/4687, Loss: 0.25555190443992615
Batch 1700/4687, Loss: 0.25698918104171753
Batch 1750/4687, Loss: 0.25945883989334106
Batch 1800/4687, Loss: 0.2910545766353607
Batch 1850/4687, Loss: 0.2520958483219147
Batch 1900/4687, Loss: 0.2695716619491577
Batch 1950/4687, Loss: 0.24650311470031738
Batch 2000/4687, Loss: 0.24971048533916473
Batch 2050/4687, Loss: 0.2593158483505249
Batch 2100/4687, Loss: 0.27547895908355713
Batch 2150/4687, Loss: 0.24579697847366333
Batch 2200/4687, Loss: 0.25204530358314514
Batch 2250/4687, Loss: 0.26783865690231323
Batch 2300/4687, Loss: 0.25964656472206116
Batch 2350/4687, Loss: 0.27403581142425537
Batch 2400/4687, Loss: 0.37612900137901306
Batch 2450/4687, Loss: 0.2708306908607483
Batch 2500/4687, Loss: 0.2434690147638321
Batch 2550/4687, Loss: 0.2634456753730774
Batch 2600/4687, Loss: 0.25611335039138794
Batch 2650/4687, Loss: 0.2840724587440491
Batch 2700/4687, Loss: 0.24989348649978638
Batch 2750/4687, Loss: 0.27308225631713867
Batch 2800/4687, Loss: 0.25603991746902466
Batch 2850/4687, Loss: 0.23892943561077118
Batch 2900/4687, Loss: 0.24753034114837646
Batch 2950/4687, Loss: 0.23567169904708862
Batch 3000/4687, Loss: 0.25690507888793945
Batch 3050/4687, Loss: 0.24551652371883392
Batch 3100/4687, Loss: 0.2492651343345642
Batch 3150/4687, Loss: 0.2608660161495209
Batch 3200/4687, Loss: 0.2779822051525116
Batch 3250/4687, Loss: 0.26071906089782715
Batch 3300/4687, Loss: 0.2606455683708191
Batch 3350/4687, Loss: 0.28045445680618286
Batch 3400/4687, Loss: 0.26494139432907104
Batch 3450/4687, Loss: 0.26102909445762634
Batch 3500/4687, Loss: 0.2606711983680725
Batch 3550/4687, Loss: 0.2545902132987976
Batch 3600/4687, Loss: 0.24880315363407135
Batch 3650/4687, Loss: 0.251172810792923
Batch 3700/4687, Loss: 0.25602826476097107
Batch 3750/4687, Loss: 0.27160653471946716
Batch 3800/4687, Loss: 0.24177168309688568
Batch 3850/4687, Loss: 0.2850320041179657
Batch 3900/4687, Loss: 0.25219058990478516
Batch 3950/4687, Loss: 0.2955290377140045
Batch 4000/4687, Loss: 0.24306374788284302
Batch 4050/4687, Loss: 0.24745771288871765
Batch 4100/4687, Loss: 0.2398691028356552
Batch 4150/4687, Loss: 0.25985485315322876
Batch 4200/4687, Loss: 0.26469293236732483
Batch 4250/4687, Loss: 0.2576873004436493
Batch 4300/4687, Loss: 0.3638833165168762
Batch 4350/4687, Loss: 0.2574446499347687
Batch 4400/4687, Loss: 0.2593357563018799
Batch 4450/4687, Loss: 0.24203869700431824
Batch 4500/4687, Loss: 0.24572709202766418
Batch 4550/4687, Loss: 0.24481746554374695
Batch 4600/4687, Loss: 0.26077067852020264
Batch 4650/4687, Loss: 0.25095176696777344

Start of epoch 68
Batch 0/4687, Loss: 0.23223742842674255
Batch 50/4687, Loss: 0.23309901356697083
Batch 100/4687, Loss: 0.2665148973464966
Batch 150/4687, Loss: 0.2916465401649475
Batch 200/4687, Loss: 0.26872533559799194
Batch 250/4687, Loss: 0.24706622958183289
Batch 300/4687, Loss: 0.2538922429084778
Batch 350/4687, Loss: 0.2574245035648346
Batch 400/4687, Loss: 0.2572685480117798
Batch 450/4687, Loss: 0.24110083281993866
Batch 500/4687, Loss: 0.2580169439315796
Batch 550/4687, Loss: 0.29155033826828003
Batch 600/4687, Loss: 0.2551530599594116
Batch 650/4687, Loss: 0.25909844040870667
Batch 700/4687, Loss: 0.2514183521270752
Batch 750/4687, Loss: 0.25340497493743896
Batch 800/4687, Loss: 0.24935245513916016
Batch 850/4687, Loss: 0.27331483364105225
Batch 900/4687, Loss: 0.2557832896709442
Batch 950/4687, Loss: 0.2458764761686325
Batch 1000/4687, Loss: 0.24028795957565308
Batch 1050/4687, Loss: 0.24448713660240173
Batch 1100/4687, Loss: 0.22904008626937866
Batch 1150/4687, Loss: 0.25201642513275146
Batch 1200/4687, Loss: 0.25752440094947815
Batch 1250/4687, Loss: 0.26276659965515137
Batch 1300/4687, Loss: 0.2501668632030487
Batch 1350/4687, Loss: 0.24501928687095642
Batch 1400/4687, Loss: 0.2618328928947449
Batch 1450/4687, Loss: 0.24853350222110748
Batch 1500/4687, Loss: 0.2600913643836975
Batch 1550/4687, Loss: 0.25204238295555115
Batch 1600/4687, Loss: 0.2654579281806946
Batch 1650/4687, Loss: 0.3601253628730774
Batch 1700/4687, Loss: 0.2681616544723511
Batch 1750/4687, Loss: 0.2506265342235565
Batch 1800/4687, Loss: 0.23957917094230652
Batch 1850/4687, Loss: 0.26530954241752625
Batch 1900/4687, Loss: 0.2452988624572754
Batch 1950/4687, Loss: 0.24293473362922668
Batch 2000/4687, Loss: 0.243722066283226
Batch 2050/4687, Loss: 0.2544820010662079
Batch 2100/4687, Loss: 0.23856639862060547
Batch 2150/4687, Loss: 0.23673313856124878
Batch 2200/4687, Loss: 0.2513962686061859
Batch 2250/4687, Loss: 0.25095558166503906
Batch 2300/4687, Loss: 0.25261494517326355
Batch 2350/4687, Loss: 0.2635875344276428
Batch 2400/4687, Loss: 0.23951494693756104
Batch 2450/4687, Loss: 0.24342754483222961
Batch 2500/4687, Loss: 0.23293441534042358
Batch 2550/4687, Loss: 0.269302636384964
Batch 2600/4687, Loss: 0.25619202852249146
Batch 2650/4687, Loss: 0.2622279226779938
Batch 2700/4687, Loss: 0.26558825373649597
Batch 2750/4687, Loss: 0.2466377168893814
Batch 2800/4687, Loss: 0.2624058723449707
Batch 2850/4687, Loss: 0.2827473282814026
Batch 2900/4687, Loss: 0.23788976669311523
Batch 2950/4687, Loss: 0.24946463108062744
Batch 3000/4687, Loss: 0.26030582189559937
Batch 3050/4687, Loss: 0.2556570768356323
Batch 3100/4687, Loss: 0.2656981945037842
Batch 3150/4687, Loss: 0.24643473327159882
Batch 3200/4687, Loss: 0.25719979405403137
Batch 3250/4687, Loss: 0.24296994507312775
Batch 3300/4687, Loss: 0.24244169890880585
Batch 3350/4687, Loss: 0.23448273539543152
Batch 3400/4687, Loss: 0.2538343071937561
Batch 3450/4687, Loss: 0.24834755063056946
Batch 3500/4687, Loss: 0.2738304138183594
Batch 3550/4687, Loss: 0.232310488820076
Batch 3600/4687, Loss: 0.25613507628440857
Batch 3650/4687, Loss: 0.23532834649085999
Batch 3700/4687, Loss: 0.27213719487190247
Batch 3750/4687, Loss: 0.253384530544281
Batch 3800/4687, Loss: 0.24631470441818237
Batch 3850/4687, Loss: 0.25036099553108215
Batch 3900/4687, Loss: 0.2705872356891632
Batch 3950/4687, Loss: 0.2629663944244385
Batch 4000/4687, Loss: 0.25276532769203186
Batch 4050/4687, Loss: 0.23904751241207123
Batch 4100/4687, Loss: 0.25070029497146606
Batch 4150/4687, Loss: 0.24706923961639404
Batch 4200/4687, Loss: 0.23233333230018616
Batch 4250/4687, Loss: 0.2627849578857422
Batch 4300/4687, Loss: 0.252144455909729
Batch 4350/4687, Loss: 0.23526468873023987
Batch 4400/4687, Loss: 0.25635403394699097
Batch 4450/4687, Loss: 0.2722878158092499
Batch 4500/4687, Loss: 0.24992266297340393
Batch 4550/4687, Loss: 0.2502075433731079
Batch 4600/4687, Loss: 0.26823002099990845
Batch 4650/4687, Loss: 0.2504621148109436

Start of epoch 69
Batch 0/4687, Loss: 0.2594805955886841
Batch 50/4687, Loss: 0.27178412675857544
Batch 100/4687, Loss: 0.26165565848350525
Batch 150/4687, Loss: 0.2945142984390259
Batch 200/4687, Loss: 0.2724440395832062
Batch 250/4687, Loss: 0.22896459698677063
Batch 300/4687, Loss: 0.24029849469661713
Batch 350/4687, Loss: 0.2543942630290985
Batch 400/4687, Loss: 0.2544155716896057
Batch 450/4687, Loss: 0.26155516505241394
Batch 500/4687, Loss: 0.24401241540908813
Batch 550/4687, Loss: 0.2538312077522278
Batch 600/4687, Loss: 0.241627037525177
Batch 650/4687, Loss: 0.24024292826652527
Batch 700/4687, Loss: 0.2680625021457672
Batch 750/4687, Loss: 0.2203337848186493
Batch 800/4687, Loss: 0.24428507685661316
Batch 850/4687, Loss: 0.24825546145439148
Batch 900/4687, Loss: 0.3445547819137573
Batch 950/4687, Loss: 0.2629047632217407
Batch 1000/4687, Loss: 0.2471281737089157
Batch 1050/4687, Loss: 0.2606554925441742
Batch 1100/4687, Loss: 0.24942630529403687
Batch 1150/4687, Loss: 0.24654193222522736
Batch 1200/4687, Loss: 0.2196369469165802
Batch 1250/4687, Loss: 0.26397520303726196
Batch 1300/4687, Loss: 0.23529689013957977
Batch 1350/4687, Loss: 0.2532591223716736
Batch 1400/4687, Loss: 0.25226491689682007
Batch 1450/4687, Loss: 0.24050962924957275
Batch 1500/4687, Loss: 0.26176881790161133
Batch 1550/4687, Loss: 0.2489471733570099
Batch 1600/4687, Loss: 0.23508785665035248
Batch 1650/4687, Loss: 0.2669181525707245
Batch 1700/4687, Loss: 0.2697734236717224
Batch 1750/4687, Loss: 0.26496952772140503
Batch 1800/4687, Loss: 0.26655712723731995
Batch 1850/4687, Loss: 0.33115360140800476
Batch 1900/4687, Loss: 0.256578266620636
Batch 1950/4687, Loss: 0.2956951856613159
Batch 2000/4687, Loss: 0.24925975501537323
Batch 2050/4687, Loss: 0.2511312663555145
Batch 2100/4687, Loss: 0.25133180618286133
Batch 2150/4687, Loss: 0.2422686517238617
Batch 2200/4687, Loss: 0.3008488416671753
Batch 2250/4687, Loss: 0.2700459361076355
Batch 2300/4687, Loss: 0.24740293622016907
Batch 2350/4687, Loss: 0.26005178689956665
Batch 2400/4687, Loss: 0.2453707456588745
Batch 2450/4687, Loss: 0.27750298380851746
Batch 2500/4687, Loss: 0.24624575674533844
Batch 2550/4687, Loss: 0.24191471934318542
Batch 2600/4687, Loss: 0.2593352794647217
Batch 2650/4687, Loss: 0.24626976251602173
Batch 2700/4687, Loss: 0.26466625928878784
Batch 2750/4687, Loss: 0.27216559648513794
Batch 2800/4687, Loss: 0.26305288076400757
Batch 2850/4687, Loss: 0.24632999300956726
Batch 2900/4687, Loss: 0.24515025317668915
Batch 2950/4687, Loss: 0.23175185918807983
Batch 3000/4687, Loss: 0.2443889081478119
Batch 3050/4687, Loss: 0.24251511693000793
Batch 3100/4687, Loss: 0.25331854820251465
Batch 3150/4687, Loss: 0.2668920159339905
Batch 3200/4687, Loss: 0.3022061288356781
Batch 3250/4687, Loss: 0.2372012436389923
Batch 3300/4687, Loss: 0.24907125532627106
Batch 3350/4687, Loss: 0.2662111520767212
Batch 3400/4687, Loss: 0.24262656271457672
Batch 3450/4687, Loss: 0.2545134127140045
Batch 3500/4687, Loss: 0.2678149938583374
Batch 3550/4687, Loss: 0.25722548365592957
Batch 3600/4687, Loss: 0.27101218700408936
Batch 3650/4687, Loss: 0.24792709946632385
Batch 3700/4687, Loss: 0.2667847275733948
Batch 3750/4687, Loss: 0.2627769112586975
Batch 3800/4687, Loss: 0.2296251654624939
Batch 3850/4687, Loss: 0.2623444199562073
Batch 3900/4687, Loss: 0.25312983989715576
Batch 3950/4687, Loss: 0.23494455218315125
Batch 4000/4687, Loss: 0.25681787729263306
Batch 4050/4687, Loss: 0.24438509345054626
Batch 4100/4687, Loss: 0.24355214834213257
Batch 4150/4687, Loss: 0.23598575592041016
Batch 4200/4687, Loss: 0.2406177818775177
Batch 4250/4687, Loss: 0.251708447933197
Batch 4300/4687, Loss: 0.24168816208839417
Batch 4350/4687, Loss: 0.2675364017486572
Batch 4400/4687, Loss: 0.23216760158538818
Batch 4450/4687, Loss: 0.22993572056293488
Batch 4500/4687, Loss: 0.26437997817993164
Batch 4550/4687, Loss: 0.2648093104362488
Batch 4600/4687, Loss: 0.2518741488456726
Batch 4650/4687, Loss: 0.24405860900878906

Start of epoch 70
Batch 0/4687, Loss: 0.24982646107673645
Batch 50/4687, Loss: 0.27290868759155273
Batch 100/4687, Loss: 0.24097323417663574
Batch 150/4687, Loss: 0.27146148681640625
Batch 200/4687, Loss: 0.2767915725708008
Batch 250/4687, Loss: 0.26173099875450134
Batch 300/4687, Loss: 0.2693603038787842
Batch 350/4687, Loss: 0.2908638119697571
Batch 400/4687, Loss: 0.25386375188827515
Batch 450/4687, Loss: 0.23275381326675415
Batch 500/4687, Loss: 0.25005224347114563
Batch 550/4687, Loss: 0.23568095266819
Batch 600/4687, Loss: 0.24416041374206543
Batch 650/4687, Loss: 0.2417321503162384
Batch 700/4687, Loss: 0.2334127575159073
Batch 750/4687, Loss: 0.2553476095199585
Batch 800/4687, Loss: 0.23394463956356049
Batch 850/4687, Loss: 0.24630630016326904
Batch 900/4687, Loss: 0.25551867485046387
Batch 950/4687, Loss: 0.24809738993644714
Batch 1000/4687, Loss: 0.2357792854309082
Batch 1050/4687, Loss: 0.24967071413993835
Batch 1100/4687, Loss: 0.23106719553470612
Batch 1150/4687, Loss: 0.25032997131347656
Batch 1200/4687, Loss: 0.23487570881843567
Batch 1250/4687, Loss: 0.24884435534477234
Batch 1300/4687, Loss: 0.2672406733036041
Batch 1350/4687, Loss: 0.25661933422088623
Batch 1400/4687, Loss: 0.2723184823989868
Batch 1450/4687, Loss: 0.23879757523536682
Batch 1500/4687, Loss: 0.23714342713356018
Batch 1550/4687, Loss: 0.23956862092018127
Batch 1600/4687, Loss: 0.24131706357002258
Batch 1650/4687, Loss: 0.23067617416381836
Batch 1700/4687, Loss: 0.27823981642723083
Batch 1750/4687, Loss: 0.2597273290157318
Batch 1800/4687, Loss: 0.2687556743621826
Batch 1850/4687, Loss: 0.2820333242416382
Batch 1900/4687, Loss: 0.23723091185092926
Batch 1950/4687, Loss: 0.25146371126174927
Batch 2000/4687, Loss: 0.2405940592288971
Batch 2050/4687, Loss: 0.2368229329586029
Batch 2100/4687, Loss: 0.2340773493051529
Batch 2150/4687, Loss: 0.24500103294849396
Batch 2200/4687, Loss: 0.251957505941391
Batch 2250/4687, Loss: 0.27528083324432373
Batch 2300/4687, Loss: 0.2475683093070984
Batch 2350/4687, Loss: 0.25160112977027893
Batch 2400/4687, Loss: 0.2540569603443146
Batch 2450/4687, Loss: 0.24203285574913025
Batch 2500/4687, Loss: 0.2463655322790146
Batch 2550/4687, Loss: 0.2510365843772888
Batch 2600/4687, Loss: 0.2554517686367035
Batch 2650/4687, Loss: 0.24821606278419495
Batch 2700/4687, Loss: 0.24774670600891113
Batch 2750/4687, Loss: 0.274793803691864
Batch 2800/4687, Loss: 0.24521058797836304
Batch 2850/4687, Loss: 0.24161693453788757
Batch 2900/4687, Loss: 0.22864019870758057
Batch 2950/4687, Loss: 0.23522885143756866
Batch 3000/4687, Loss: 0.25900405645370483
Batch 3050/4687, Loss: 0.2504566013813019
Batch 3100/4687, Loss: 0.24926793575286865
Batch 3150/4687, Loss: 0.25829124450683594
Batch 3200/4687, Loss: 0.2626708447933197
Batch 3250/4687, Loss: 0.2734869718551636
Batch 3300/4687, Loss: 0.3547801375389099
Batch 3350/4687, Loss: 0.320445716381073
Batch 3400/4687, Loss: 0.2488059103488922
Batch 3450/4687, Loss: 0.25987330079078674
Batch 3500/4687, Loss: 0.258976012468338
Batch 3550/4687, Loss: 0.2706148028373718
Batch 3600/4687, Loss: 0.24969696998596191
Batch 3650/4687, Loss: 0.25533777475357056
Batch 3700/4687, Loss: 0.23522213101387024
Batch 3750/4687, Loss: 0.24095883965492249
Batch 3800/4687, Loss: 0.24504169821739197
Batch 3850/4687, Loss: 0.2680343985557556
Batch 3900/4687, Loss: 0.25685369968414307
Batch 3950/4687, Loss: 0.23378238081932068
Batch 4000/4687, Loss: 0.2554166316986084
Batch 4050/4687, Loss: 0.2390492707490921
Batch 4100/4687, Loss: 0.2618001103401184
Batch 4150/4687, Loss: 0.2518320381641388
Batch 4200/4687, Loss: 0.23795661330223083
Batch 4250/4687, Loss: 0.2544437050819397
Batch 4300/4687, Loss: 0.238906592130661
Batch 4350/4687, Loss: 0.26523274183273315
Batch 4400/4687, Loss: 0.24960531294345856
Batch 4450/4687, Loss: 0.23964646458625793
Batch 4500/4687, Loss: 0.25838157534599304
Batch 4550/4687, Loss: 0.33110755681991577
Batch 4600/4687, Loss: 0.25905081629753113
Batch 4650/4687, Loss: 0.2661111354827881

Start of epoch 71
Batch 0/4687, Loss: 0.2218935191631317
Batch 50/4687, Loss: 0.22843050956726074
Batch 100/4687, Loss: 0.2372332364320755
Batch 150/4687, Loss: 0.24636666476726532
Batch 200/4687, Loss: 0.27106645703315735
Batch 250/4687, Loss: 0.24252289533615112
Batch 300/4687, Loss: 0.25130534172058105
Batch 350/4687, Loss: 0.2557242810726166
Batch 400/4687, Loss: 0.2488211989402771
Batch 450/4687, Loss: 0.24961599707603455
Batch 500/4687, Loss: 0.25605952739715576
Batch 550/4687, Loss: 0.26006054878234863
Batch 600/4687, Loss: 0.24924424290657043
Batch 650/4687, Loss: 0.2484467625617981
Batch 700/4687, Loss: 0.2715103328227997
Batch 750/4687, Loss: 0.26224395632743835
Batch 800/4687, Loss: 0.2586985230445862
Batch 850/4687, Loss: 0.2396908700466156
Batch 900/4687, Loss: 0.2585802674293518
Batch 950/4687, Loss: 0.25460436940193176
Batch 1000/4687, Loss: 0.24278481304645538
Batch 1050/4687, Loss: 0.24361753463745117
Batch 1100/4687, Loss: 0.28456342220306396
Batch 1150/4687, Loss: 0.24954655766487122
Batch 1200/4687, Loss: 0.27168622612953186
Batch 1250/4687, Loss: 0.24806347489356995
Batch 1300/4687, Loss: 0.25295156240463257
Batch 1350/4687, Loss: 0.29373908042907715
Batch 1400/4687, Loss: 0.2550138235092163
Batch 1450/4687, Loss: 0.25842276215553284
Batch 1500/4687, Loss: 0.24934202432632446
Batch 1550/4687, Loss: 0.23435857892036438
Batch 1600/4687, Loss: 0.23108121752738953
Batch 1650/4687, Loss: 0.24662615358829498
Batch 1700/4687, Loss: 0.2552460730075836
Batch 1750/4687, Loss: 0.23629456758499146
Batch 1800/4687, Loss: 0.2626182436943054
Batch 1850/4687, Loss: 0.24716614186763763
Batch 1900/4687, Loss: 0.24641013145446777
Batch 1950/4687, Loss: 0.2523323893547058
Batch 2000/4687, Loss: 0.25874975323677063
Batch 2050/4687, Loss: 0.24138545989990234
Batch 2100/4687, Loss: 0.2335546612739563
Batch 2150/4687, Loss: 0.2907921075820923
Batch 2200/4687, Loss: 0.23999574780464172
Batch 2250/4687, Loss: 0.25881659984588623
Batch 2300/4687, Loss: 0.2445894032716751
Batch 2350/4687, Loss: 0.2623967230319977
Batch 2400/4687, Loss: 0.2604389786720276
Batch 2450/4687, Loss: 0.2736417055130005
Batch 2500/4687, Loss: 0.2508176267147064
Batch 2550/4687, Loss: 0.24792200326919556
Batch 2600/4687, Loss: 0.24198099970817566
Batch 2650/4687, Loss: 0.2666615843772888
Batch 2700/4687, Loss: 0.24973203241825104
Batch 2750/4687, Loss: 0.2582157850265503
Batch 2800/4687, Loss: 0.2349749207496643
Batch 2850/4687, Loss: 0.25322607159614563
Batch 2900/4687, Loss: 0.2342989444732666
Batch 2950/4687, Loss: 0.24594327807426453
Batch 3000/4687, Loss: 0.25069713592529297
Batch 3050/4687, Loss: 0.3789210319519043
Batch 3100/4687, Loss: 0.24690350890159607
Batch 3150/4687, Loss: 0.24311035871505737
Batch 3200/4687, Loss: 0.24366101622581482
Batch 3250/4687, Loss: 0.23269373178482056
Batch 3300/4687, Loss: 0.24622035026550293
Batch 3350/4687, Loss: 0.24829009175300598
Batch 3400/4687, Loss: 0.25274068117141724
Batch 3450/4687, Loss: 0.2506970465183258
Batch 3500/4687, Loss: 0.24516183137893677
Batch 3550/4687, Loss: 0.2696209251880646
Batch 3600/4687, Loss: 0.23918893933296204
Batch 3650/4687, Loss: 0.24066755175590515
Batch 3700/4687, Loss: 0.2447356879711151
Batch 3750/4687, Loss: 0.23208144307136536
Batch 3800/4687, Loss: 0.24975663423538208
Batch 3850/4687, Loss: 0.25065240263938904
Batch 3900/4687, Loss: 0.24302071332931519
Batch 3950/4687, Loss: 0.24484509229660034
Batch 4000/4687, Loss: 0.26784607768058777
Batch 4050/4687, Loss: 0.23832127451896667
Batch 4100/4687, Loss: 0.2630777359008789
Batch 4150/4687, Loss: 0.25057947635650635
Batch 4200/4687, Loss: 0.2518824338912964
Batch 4250/4687, Loss: 0.2583807706832886
Batch 4300/4687, Loss: 0.2706557512283325
Batch 4350/4687, Loss: 0.2559744119644165
Batch 4400/4687, Loss: 0.2503884434700012
Batch 4450/4687, Loss: 0.23972520232200623
Batch 4500/4687, Loss: 0.22968162596225739
Batch 4550/4687, Loss: 0.2540668249130249
Batch 4600/4687, Loss: 0.25998958945274353
Batch 4650/4687, Loss: 0.30481773614883423

Start of epoch 72
Batch 0/4687, Loss: 0.2423541247844696
Batch 50/4687, Loss: 0.24929676949977875
Batch 100/4687, Loss: 0.24503225088119507
Batch 150/4687, Loss: 0.2525697946548462
Batch 200/4687, Loss: 0.2588082253932953
Batch 250/4687, Loss: 0.24039828777313232
Batch 300/4687, Loss: 0.2506140470504761
Batch 350/4687, Loss: 0.26708710193634033
Batch 400/4687, Loss: 0.26949432492256165
Batch 450/4687, Loss: 0.2321118712425232
Batch 500/4687, Loss: 0.27215075492858887
Batch 550/4687, Loss: 0.2691284716129303
Batch 600/4687, Loss: 0.25327715277671814
Batch 650/4687, Loss: 0.23943111300468445
Batch 700/4687, Loss: 0.260638952255249
Batch 750/4687, Loss: 0.2592606544494629
Batch 800/4687, Loss: 0.2573840618133545
Batch 850/4687, Loss: 0.2529033422470093
Batch 900/4687, Loss: 0.2573900818824768
Batch 950/4687, Loss: 0.2545458674430847
Batch 1000/4687, Loss: 0.23202843964099884
Batch 1050/4687, Loss: 0.2502197325229645
Batch 1100/4687, Loss: 0.2517354488372803
Batch 1150/4687, Loss: 0.22740167379379272
Batch 1200/4687, Loss: 0.23575979471206665
Batch 1250/4687, Loss: 0.25249525904655457
Batch 1300/4687, Loss: 0.23998218774795532
Batch 1350/4687, Loss: 0.26800990104675293
Batch 1400/4687, Loss: 0.24656261503696442
Batch 1450/4687, Loss: 0.25373679399490356
Batch 1500/4687, Loss: 0.25421953201293945
Batch 1550/4687, Loss: 0.24738697707653046
Batch 1600/4687, Loss: 0.24803388118743896
Batch 1650/4687, Loss: 0.25098955631256104
Batch 1700/4687, Loss: 0.2462160289287567
Batch 1750/4687, Loss: 0.2314029037952423
Batch 1800/4687, Loss: 0.2618868350982666
Batch 1850/4687, Loss: 0.26807960867881775
Batch 1900/4687, Loss: 0.23594608902931213
Batch 1950/4687, Loss: 0.2319907546043396
Batch 2000/4687, Loss: 0.22892889380455017
Batch 2050/4687, Loss: 0.2669185996055603
Batch 2100/4687, Loss: 0.2551932632923126
Batch 2150/4687, Loss: 0.2653313875198364
Batch 2200/4687, Loss: 0.27448150515556335
Batch 2250/4687, Loss: 0.26680633425712585
Batch 2300/4687, Loss: 0.24019861221313477
Batch 2350/4687, Loss: 0.2516709268093109
Batch 2400/4687, Loss: 0.26526710391044617
Batch 2450/4687, Loss: 0.28730329871177673
Batch 2500/4687, Loss: 0.24140788614749908
Batch 2550/4687, Loss: 0.2521417737007141
Batch 2600/4687, Loss: 0.25476932525634766
Batch 2650/4687, Loss: 0.27686160802841187
Batch 2700/4687, Loss: 0.23713155090808868
Batch 2750/4687, Loss: 0.23469606041908264
Batch 2800/4687, Loss: 0.24492612481117249
Batch 2850/4687, Loss: 0.24963992834091187
Batch 2900/4687, Loss: 0.2481825351715088
Batch 2950/4687, Loss: 0.23856404423713684
Batch 3000/4687, Loss: 0.2425568401813507
Batch 3050/4687, Loss: 0.2640979290008545
Batch 3100/4687, Loss: 0.24538366496562958
Batch 3150/4687, Loss: 0.24519792199134827
Batch 3200/4687, Loss: 0.2544514238834381
Batch 3250/4687, Loss: 0.2430180013179779
Batch 3300/4687, Loss: 0.27179065346717834
Batch 3350/4687, Loss: 0.24973276257514954
Batch 3400/4687, Loss: 0.24827417731285095
Batch 3450/4687, Loss: 0.2563365697860718
Batch 3500/4687, Loss: 0.2526008188724518
Batch 3550/4687, Loss: 0.2496771216392517
Batch 3600/4687, Loss: 0.2662230134010315
Batch 3650/4687, Loss: 0.26785820722579956
Batch 3700/4687, Loss: 0.25076156854629517
Batch 3750/4687, Loss: 0.24678680300712585
Batch 3800/4687, Loss: 0.2531959116458893
Batch 3850/4687, Loss: 0.2469809651374817
Batch 3900/4687, Loss: 0.24012750387191772
Batch 3950/4687, Loss: 0.2518564462661743
Batch 4000/4687, Loss: 0.24004963040351868
Batch 4050/4687, Loss: 0.24539798498153687
Batch 4100/4687, Loss: 0.2742215394973755
Batch 4150/4687, Loss: 0.261540949344635
Batch 4200/4687, Loss: 0.24260613322257996
Batch 4250/4687, Loss: 0.24265894293785095
Batch 4300/4687, Loss: 0.2513907551765442
Batch 4350/4687, Loss: 0.2488822489976883
Batch 4400/4687, Loss: 0.2264615148305893
Batch 4450/4687, Loss: 0.26229923963546753
Batch 4500/4687, Loss: 0.2634192705154419
Batch 4550/4687, Loss: 0.2623540163040161
Batch 4600/4687, Loss: 0.25487902760505676
Batch 4650/4687, Loss: 0.29358863830566406

Start of epoch 73
Batch 0/4687, Loss: 0.2588173449039459
Batch 50/4687, Loss: 0.2288413643836975
Batch 100/4687, Loss: 0.23565703630447388
Batch 150/4687, Loss: 0.24022480845451355
Batch 200/4687, Loss: 0.24483776092529297
Batch 250/4687, Loss: 0.24397073686122894
Batch 300/4687, Loss: 0.24927829205989838
Batch 350/4687, Loss: 0.24034401774406433
Batch 400/4687, Loss: 0.23985207080841064
Batch 450/4687, Loss: 0.2469935417175293
Batch 500/4687, Loss: 0.24221423268318176
Batch 550/4687, Loss: 0.24883818626403809
Batch 600/4687, Loss: 0.25612419843673706
Batch 650/4687, Loss: 0.25074005126953125
Batch 700/4687, Loss: 0.2402077317237854
Batch 750/4687, Loss: 0.22763556241989136
Batch 800/4687, Loss: 0.25011610984802246
Batch 850/4687, Loss: 0.27560582756996155
Batch 900/4687, Loss: 0.2420651614665985
Batch 950/4687, Loss: 0.25044193863868713
Batch 1000/4687, Loss: 0.2419094741344452
Batch 1050/4687, Loss: 0.22950030863285065
Batch 1100/4687, Loss: 0.25923043489456177
Batch 1150/4687, Loss: 0.26584237813949585
Batch 1200/4687, Loss: 0.2541777491569519
Batch 1250/4687, Loss: 0.2551242411136627
Batch 1300/4687, Loss: 0.22435063123703003
Batch 1350/4687, Loss: 0.24332715570926666
Batch 1400/4687, Loss: 0.23040273785591125
Batch 1450/4687, Loss: 0.2510201930999756
Batch 1500/4687, Loss: 0.24566620588302612
Batch 1550/4687, Loss: 0.2394673228263855
Batch 1600/4687, Loss: 0.25928136706352234
Batch 1650/4687, Loss: 0.23838914930820465
Batch 1700/4687, Loss: 0.2777586579322815
Batch 1750/4687, Loss: 0.2703742980957031
Batch 1800/4687, Loss: 0.26433950662612915
Batch 1850/4687, Loss: 0.261416494846344
Batch 1900/4687, Loss: 0.24264328181743622
Batch 1950/4687, Loss: 0.24427828192710876
Batch 2000/4687, Loss: 0.23514750599861145
Batch 2050/4687, Loss: 0.2527680993080139
Batch 2100/4687, Loss: 0.23309405148029327
Batch 2150/4687, Loss: 0.26162537932395935
Batch 2200/4687, Loss: 0.24415117502212524
Batch 2250/4687, Loss: 0.23473337292671204
Batch 2300/4687, Loss: 0.24945873022079468
Batch 2350/4687, Loss: 0.23717622458934784
Batch 2400/4687, Loss: 0.244014710187912
Batch 2450/4687, Loss: 0.23430165648460388
Batch 2500/4687, Loss: 0.24776709079742432
Batch 2550/4687, Loss: 0.26019608974456787
Batch 2600/4687, Loss: 0.2610413730144501
Batch 2650/4687, Loss: 0.2548537850379944
Batch 2700/4687, Loss: 0.24990634620189667
Batch 2750/4687, Loss: 0.2417246699333191
Batch 2800/4687, Loss: 0.23719513416290283
Batch 2850/4687, Loss: 0.2615206241607666
Batch 2900/4687, Loss: 0.25584375858306885
Batch 2950/4687, Loss: 0.24431836605072021
Batch 3000/4687, Loss: 0.2582571804523468
Batch 3050/4687, Loss: 0.2604396343231201
Batch 3100/4687, Loss: 0.24066969752311707
Batch 3150/4687, Loss: 0.25414055585861206
Batch 3200/4687, Loss: 0.278595894575119
Batch 3250/4687, Loss: 0.25198012590408325
Batch 3300/4687, Loss: 0.2683160901069641
Batch 3350/4687, Loss: 0.26215487718582153
Batch 3400/4687, Loss: 0.2480037808418274
Batch 3450/4687, Loss: 0.24808049201965332
Batch 3500/4687, Loss: 0.2518877387046814
Batch 3550/4687, Loss: 0.28200095891952515
Batch 3600/4687, Loss: 0.23683151602745056
Batch 3650/4687, Loss: 0.25155845284461975
Batch 3700/4687, Loss: 0.24524351954460144
Batch 3750/4687, Loss: 0.268005907535553
Batch 3800/4687, Loss: 0.2880615293979645
Batch 3850/4687, Loss: 0.27190378308296204
Batch 3900/4687, Loss: 0.25319549441337585
Batch 3950/4687, Loss: 0.24623975157737732
Batch 4000/4687, Loss: 0.23628127574920654
Batch 4050/4687, Loss: 0.25698813796043396
Batch 4100/4687, Loss: 0.23126834630966187
Batch 4150/4687, Loss: 0.2640143036842346
Batch 4200/4687, Loss: 0.25274863839149475
Batch 4250/4687, Loss: 0.2457042634487152
Batch 4300/4687, Loss: 0.25457271933555603
Batch 4350/4687, Loss: 0.27789998054504395
Batch 4400/4687, Loss: 0.24395285546779633
Batch 4450/4687, Loss: 0.24482029676437378
Batch 4500/4687, Loss: 0.25057828426361084
Batch 4550/4687, Loss: 0.24166665971279144
Batch 4600/4687, Loss: 0.24450920522212982
Batch 4650/4687, Loss: 0.2421317994594574

Start of epoch 74
Batch 0/4687, Loss: 0.24898377060890198
Batch 50/4687, Loss: 0.24983063340187073
Batch 100/4687, Loss: 0.23228734731674194
Batch 150/4687, Loss: 0.2580840587615967
Batch 200/4687, Loss: 0.23805919289588928
Batch 250/4687, Loss: 0.24642691016197205
Batch 300/4687, Loss: 0.2352907508611679
Batch 350/4687, Loss: 0.24163669347763062
Batch 400/4687, Loss: 0.23929503560066223
Batch 450/4687, Loss: 0.26221224665641785
Batch 500/4687, Loss: 0.24523580074310303
Batch 550/4687, Loss: 0.27010467648506165
Batch 600/4687, Loss: 0.24502967298030853
Batch 650/4687, Loss: 0.2730729281902313
Batch 700/4687, Loss: 0.24748891592025757
Batch 750/4687, Loss: 0.26248931884765625
Batch 800/4687, Loss: 0.2384846806526184
Batch 850/4687, Loss: 0.24095049500465393
Batch 900/4687, Loss: 0.24068677425384521
Batch 950/4687, Loss: 0.24919801950454712
Batch 1000/4687, Loss: 0.24480819702148438
Batch 1050/4687, Loss: 0.248452290892601
Batch 1100/4687, Loss: 0.3162749409675598
Batch 1150/4687, Loss: 0.281144380569458
Batch 1200/4687, Loss: 0.22988322377204895
Batch 1250/4687, Loss: 0.25318443775177
Batch 1300/4687, Loss: 0.27096620202064514
Batch 1350/4687, Loss: 0.2524036765098572
Batch 1400/4687, Loss: 0.2355383038520813
Batch 1450/4687, Loss: 0.2248024046421051
Batch 1500/4687, Loss: 0.25133851170539856
Batch 1550/4687, Loss: 0.24319452047348022
Batch 1600/4687, Loss: 0.22909605503082275
Batch 1650/4687, Loss: 0.24104750156402588
Batch 1700/4687, Loss: 0.2661488950252533
Batch 1750/4687, Loss: 0.26115143299102783
Batch 1800/4687, Loss: 0.23846042156219482
Batch 1850/4687, Loss: 0.24987053871154785
Batch 1900/4687, Loss: 0.26304030418395996
Batch 1950/4687, Loss: 0.3055141568183899
Batch 2000/4687, Loss: 0.24779391288757324
Batch 2050/4687, Loss: 0.24436135590076447
Batch 2100/4687, Loss: 0.2282101958990097
Batch 2150/4687, Loss: 0.2766180634498596
Batch 2200/4687, Loss: 0.26447221636772156
Batch 2250/4687, Loss: 0.2519693374633789
Batch 2300/4687, Loss: 0.24825724959373474
Batch 2350/4687, Loss: 0.2402559369802475
Batch 2400/4687, Loss: 0.24592697620391846
Batch 2450/4687, Loss: 0.24970969557762146
Batch 2500/4687, Loss: 0.24922125041484833
Batch 2550/4687, Loss: 0.25888532400131226
Batch 2600/4687, Loss: 0.26407214999198914
Batch 2650/4687, Loss: 0.24302443861961365
Batch 2700/4687, Loss: 0.24774089455604553
Batch 2750/4687, Loss: 0.24517923593521118
Batch 2800/4687, Loss: 0.24880331754684448
Batch 2850/4687, Loss: 0.252535879611969
Batch 2900/4687, Loss: 0.26057830452919006
Batch 2950/4687, Loss: 0.261073499917984
Batch 3000/4687, Loss: 0.22799009084701538
Batch 3050/4687, Loss: 0.25057733058929443
Batch 3100/4687, Loss: 0.242742121219635
Batch 3150/4687, Loss: 0.24289670586585999
Batch 3200/4687, Loss: 0.24285143613815308
Batch 3250/4687, Loss: 0.23058336973190308
Batch 3300/4687, Loss: 0.23961886763572693
Batch 3350/4687, Loss: 0.28629985451698303
Batch 3400/4687, Loss: 0.25152647495269775
Batch 3450/4687, Loss: 0.2446795403957367
Batch 3500/4687, Loss: 0.22032129764556885
Batch 3550/4687, Loss: 0.2985196113586426
Batch 3600/4687, Loss: 0.23446084558963776
Batch 3650/4687, Loss: 0.24167978763580322
Batch 3700/4687, Loss: 0.2549560070037842
Batch 3750/4687, Loss: 0.2295633852481842
Batch 3800/4687, Loss: 0.2610548436641693
Batch 3850/4687, Loss: 0.24321284890174866
Batch 3900/4687, Loss: 0.24426327645778656
Batch 3950/4687, Loss: 0.2661142945289612
Batch 4000/4687, Loss: 0.23469118773937225
Batch 4050/4687, Loss: 0.2565349042415619
Batch 4100/4687, Loss: 0.2670787572860718
Batch 4150/4687, Loss: 0.2759562134742737
Batch 4200/4687, Loss: 0.254952996969223
Batch 4250/4687, Loss: 0.2584042251110077
Batch 4300/4687, Loss: 0.22785457968711853
Batch 4350/4687, Loss: 0.23375698924064636
Batch 4400/4687, Loss: 0.23697830736637115
Batch 4450/4687, Loss: 0.25932565331459045
Batch 4500/4687, Loss: 0.25871503353118896
Batch 4550/4687, Loss: 0.24986550211906433
Batch 4600/4687, Loss: 0.2824367880821228
Batch 4650/4687, Loss: 0.2760021686553955

Start of epoch 75
Batch 0/4687, Loss: 0.2895045876502991
Batch 50/4687, Loss: 0.24357807636260986
Batch 100/4687, Loss: 0.2534708082675934
Batch 150/4687, Loss: 0.23792892694473267
Batch 200/4687, Loss: 0.22963637113571167
Batch 250/4687, Loss: 0.24459229409694672
Batch 300/4687, Loss: 0.23524904251098633
Batch 350/4687, Loss: 0.24943490326404572
Batch 400/4687, Loss: 0.24941526353359222
Batch 450/4687, Loss: 0.430753231048584
Batch 500/4687, Loss: 0.26504817605018616
Batch 550/4687, Loss: 0.24098064005374908
Batch 600/4687, Loss: 0.25577858090400696
Batch 650/4687, Loss: 0.24002698063850403
Batch 700/4687, Loss: 0.24703052639961243
Batch 750/4687, Loss: 0.2493566870689392
Batch 800/4687, Loss: 0.22372743487358093
Batch 850/4687, Loss: 0.24042335152626038
Batch 900/4687, Loss: 0.24722543358802795
Batch 950/4687, Loss: 0.24060063064098358
Batch 1000/4687, Loss: 0.2538716793060303
Batch 1050/4687, Loss: 0.24342165887355804
Batch 1100/4687, Loss: 0.22125861048698425
Batch 1150/4687, Loss: 0.2512693405151367
Batch 1200/4687, Loss: 0.24192239344120026
Batch 1250/4687, Loss: 0.2502545714378357
Batch 1300/4687, Loss: 0.23865675926208496
Batch 1350/4687, Loss: 0.24707843363285065
Batch 1400/4687, Loss: 0.2526512145996094
Batch 1450/4687, Loss: 0.2546454071998596
Batch 1500/4687, Loss: 0.23577183485031128
Batch 1550/4687, Loss: 0.2317826747894287
Batch 1600/4687, Loss: 0.2630336582660675
Batch 1650/4687, Loss: 0.27084672451019287
Batch 1700/4687, Loss: 0.2463354766368866
Batch 1750/4687, Loss: 0.32866230607032776
Batch 1800/4687, Loss: 0.2928914725780487
Batch 1850/4687, Loss: 0.2350156605243683
Batch 1900/4687, Loss: 0.25025734305381775
Batch 1950/4687, Loss: 0.24575722217559814
Batch 2000/4687, Loss: 0.2601762115955353
Batch 2050/4687, Loss: 0.24174687266349792
Batch 2100/4687, Loss: 0.23832863569259644
Batch 2150/4687, Loss: 0.24596695601940155
Batch 2200/4687, Loss: 0.24181073904037476
Batch 2250/4687, Loss: 0.2509358823299408
Batch 2300/4687, Loss: 0.23561108112335205
Batch 2350/4687, Loss: 0.2697223424911499
Batch 2400/4687, Loss: 0.24643249809741974
Batch 2450/4687, Loss: 0.24438327550888062
Batch 2500/4687, Loss: 0.25094178318977356
Batch 2550/4687, Loss: 0.23322248458862305
Batch 2600/4687, Loss: 0.23544207215309143
Batch 2650/4687, Loss: 0.24072954058647156
Batch 2700/4687, Loss: 0.22665804624557495
Batch 2750/4687, Loss: 0.26547229290008545
Batch 2800/4687, Loss: 0.24782371520996094
Batch 2850/4687, Loss: 0.26503700017929077
Batch 2900/4687, Loss: 0.24891701340675354
Batch 2950/4687, Loss: 0.244317889213562
Batch 3000/4687, Loss: 0.24379828572273254
Batch 3050/4687, Loss: 0.24494437873363495
Batch 3100/4687, Loss: 0.2482646405696869
Batch 3150/4687, Loss: 0.23233789205551147
Batch 3200/4687, Loss: 0.25430747866630554
Batch 3250/4687, Loss: 0.2518980801105499
Batch 3300/4687, Loss: 0.27083081007003784
Batch 3350/4687, Loss: 0.23868462443351746
Batch 3400/4687, Loss: 0.23967191576957703
Batch 3450/4687, Loss: 0.24636545777320862
Batch 3500/4687, Loss: 0.2544715404510498
Batch 3550/4687, Loss: 0.24148207902908325
Batch 3600/4687, Loss: 0.2634558379650116
Batch 3650/4687, Loss: 0.2333017885684967
Batch 3700/4687, Loss: 0.24395325779914856
Batch 3750/4687, Loss: 0.23501557111740112
Batch 3800/4687, Loss: 0.2413969337940216
Batch 3850/4687, Loss: 0.25098446011543274
Batch 3900/4687, Loss: 0.24558013677597046
Batch 3950/4687, Loss: 0.24971981346607208
Batch 4000/4687, Loss: 0.24509626626968384
Batch 4050/4687, Loss: 0.23982244729995728
Batch 4100/4687, Loss: 0.2651481330394745
Batch 4150/4687, Loss: 0.2378816306591034
Batch 4200/4687, Loss: 0.254642128944397
Batch 4250/4687, Loss: 0.24310649931430817
Batch 4300/4687, Loss: 0.2322540581226349
Batch 4350/4687, Loss: 0.24367785453796387
Batch 4400/4687, Loss: 0.25070178508758545
Batch 4450/4687, Loss: 0.27024295926094055
Batch 4500/4687, Loss: 0.24744173884391785
Batch 4550/4687, Loss: 0.25201812386512756
Batch 4600/4687, Loss: 0.24601194262504578
Batch 4650/4687, Loss: 0.25544363260269165

Start of epoch 76
Batch 0/4687, Loss: 0.24919061362743378
Batch 50/4687, Loss: 0.23734784126281738
Batch 100/4687, Loss: 0.23360475897789001
Batch 150/4687, Loss: 0.23881737887859344
Batch 200/4687, Loss: 0.24330517649650574
Batch 250/4687, Loss: 0.24448226392269135
Batch 300/4687, Loss: 0.24289774894714355
Batch 350/4687, Loss: 0.25148725509643555
Batch 400/4687, Loss: 0.24948933720588684
Batch 450/4687, Loss: 0.25160884857177734
Batch 500/4687, Loss: 0.24893265962600708
Batch 550/4687, Loss: 0.23992569744586945
Batch 600/4687, Loss: 0.26001405715942383
Batch 650/4687, Loss: 0.2445763349533081
Batch 700/4687, Loss: 0.23044635355472565
Batch 750/4687, Loss: 0.25158390402793884
Batch 800/4687, Loss: 0.24108853936195374
Batch 850/4687, Loss: 0.26222893595695496
Batch 900/4687, Loss: 0.239497572183609
Batch 950/4687, Loss: 0.2585598826408386
Batch 1000/4687, Loss: 0.23655980825424194
Batch 1050/4687, Loss: 0.2767741084098816
Batch 1100/4687, Loss: 0.2317742109298706
Batch 1150/4687, Loss: 0.2472185492515564
Batch 1200/4687, Loss: 0.22611810266971588
Batch 1250/4687, Loss: 0.26587504148483276
Batch 1300/4687, Loss: 0.2590894103050232
Batch 1350/4687, Loss: 0.25100186467170715
Batch 1400/4687, Loss: 0.2504189610481262
Batch 1450/4687, Loss: 0.2435491681098938
Batch 1500/4687, Loss: 0.2483026087284088
Batch 1550/4687, Loss: 0.23840948939323425
Batch 1600/4687, Loss: 0.23060397803783417
Batch 1650/4687, Loss: 0.2590467929840088
Batch 1700/4687, Loss: 0.25063633918762207
Batch 1750/4687, Loss: 0.2811562120914459
Batch 1800/4687, Loss: 0.25800785422325134
Batch 1850/4687, Loss: 0.23799669742584229
Batch 1900/4687, Loss: 0.2524682879447937
Batch 1950/4687, Loss: 0.24136926233768463
Batch 2000/4687, Loss: 0.23325636982917786
Batch 2050/4687, Loss: 0.23441797494888306
Batch 2100/4687, Loss: 0.22103707492351532
Batch 2150/4687, Loss: 0.262722909450531
Batch 2200/4687, Loss: 0.24086681008338928
Batch 2250/4687, Loss: 0.2426118552684784
Batch 2300/4687, Loss: 0.2514500617980957
Batch 2350/4687, Loss: 0.24357189238071442
Batch 2400/4687, Loss: 0.2446427196264267
Batch 2450/4687, Loss: 0.235873281955719
Batch 2500/4687, Loss: 0.26702243089675903
Batch 2550/4687, Loss: 0.24396133422851562
Batch 2600/4687, Loss: 0.259019672870636
Batch 2650/4687, Loss: 0.24493858218193054
Batch 2700/4687, Loss: 0.22011956572532654
Batch 2750/4687, Loss: 0.2818951904773712
Batch 2800/4687, Loss: 0.2388433814048767
Batch 2850/4687, Loss: 0.2415124773979187
Batch 2900/4687, Loss: 0.2400021255016327
Batch 2950/4687, Loss: 0.24287724494934082
Batch 3000/4687, Loss: 0.2516786456108093
Batch 3050/4687, Loss: 0.2459157109260559
Batch 3100/4687, Loss: 0.3070521950721741
Batch 3150/4687, Loss: 0.22869277000427246
Batch 3200/4687, Loss: 0.2496928721666336
Batch 3250/4687, Loss: 0.2526761293411255
Batch 3300/4687, Loss: 0.25514107942581177
Batch 3350/4687, Loss: 0.24814552068710327
Batch 3400/4687, Loss: 0.2563314437866211
Batch 3450/4687, Loss: 0.2500750720500946
Batch 3500/4687, Loss: 0.23110860586166382
Batch 3550/4687, Loss: 0.22661808133125305
Batch 3600/4687, Loss: 0.3367076814174652
Batch 3650/4687, Loss: 0.26495561003685
Batch 3700/4687, Loss: 0.24773740768432617
Batch 3750/4687, Loss: 0.24729999899864197
Batch 3800/4687, Loss: 0.2379765808582306
Batch 3850/4687, Loss: 0.24411198496818542
Batch 3900/4687, Loss: 0.25956231355667114
Batch 3950/4687, Loss: 0.23898936808109283
Batch 4000/4687, Loss: 0.24579140543937683
Batch 4050/4687, Loss: 0.24568112194538116
Batch 4100/4687, Loss: 0.3042825758457184
Batch 4150/4687, Loss: 0.24812103807926178
Batch 4200/4687, Loss: 0.25359684228897095
Batch 4250/4687, Loss: 0.2617588937282562
Batch 4300/4687, Loss: 0.23915058374404907
Batch 4350/4687, Loss: 0.25751790404319763
Batch 4400/4687, Loss: 0.2176712602376938
Batch 4450/4687, Loss: 0.22885945439338684
Batch 4500/4687, Loss: 0.22682112455368042
Batch 4550/4687, Loss: 0.26196014881134033
Batch 4600/4687, Loss: 0.25871968269348145
Batch 4650/4687, Loss: 0.2435692548751831

Start of epoch 77
Batch 0/4687, Loss: 0.23371751606464386
Batch 50/4687, Loss: 0.3206791281700134
Batch 100/4687, Loss: 0.25527697801589966
Batch 150/4687, Loss: 0.25055691599845886
Batch 200/4687, Loss: 0.25264251232147217
Batch 250/4687, Loss: 0.26164156198501587
Batch 300/4687, Loss: 0.23499980568885803
Batch 350/4687, Loss: 0.24736712872982025
Batch 400/4687, Loss: 0.2537994682788849
Batch 450/4687, Loss: 0.24006104469299316
Batch 500/4687, Loss: 0.24311992526054382
Batch 550/4687, Loss: 0.2476281225681305
Batch 600/4687, Loss: 0.2384098768234253
Batch 650/4687, Loss: 0.23720985651016235
Batch 700/4687, Loss: 0.24036847054958344
Batch 750/4687, Loss: 0.24768900871276855
Batch 800/4687, Loss: 0.2428409308195114
Batch 850/4687, Loss: 0.23487180471420288
Batch 900/4687, Loss: 0.2585415542125702
Batch 950/4687, Loss: 0.28247737884521484
Batch 1000/4687, Loss: 0.24989677965641022
Batch 1050/4687, Loss: 0.33014968037605286
Batch 1100/4687, Loss: 0.2550012469291687
Batch 1150/4687, Loss: 0.2516176998615265
Batch 1200/4687, Loss: 0.24868988990783691
Batch 1250/4687, Loss: 0.25426122546195984
Batch 1300/4687, Loss: 0.2596866488456726
Batch 1350/4687, Loss: 0.26230302453041077
Batch 1400/4687, Loss: 0.2389848530292511
Batch 1450/4687, Loss: 0.2544745206832886
Batch 1500/4687, Loss: 0.2506304085254669
Batch 1550/4687, Loss: 0.23291686177253723
Batch 1600/4687, Loss: 0.242507666349411
Batch 1650/4687, Loss: 0.22813159227371216
Batch 1700/4687, Loss: 0.23967956006526947
Batch 1750/4687, Loss: 0.25204965472221375
Batch 1800/4687, Loss: 0.23487785458564758
Batch 1850/4687, Loss: 0.24546226859092712
Batch 1900/4687, Loss: 0.25244566798210144
Batch 1950/4687, Loss: 0.23931914567947388
Batch 2000/4687, Loss: 0.25354230403900146
Batch 2050/4687, Loss: 0.268821120262146
Batch 2100/4687, Loss: 0.22989806532859802
Batch 2150/4687, Loss: 0.22833430767059326
Batch 2200/4687, Loss: 0.24371474981307983
Batch 2250/4687, Loss: 0.2563950717449188
Batch 2300/4687, Loss: 0.24758967757225037
Batch 2350/4687, Loss: 0.2573484778404236
Batch 2400/4687, Loss: 0.24041199684143066
Batch 2450/4687, Loss: 0.2713514566421509
Batch 2500/4687, Loss: 0.26420480012893677
Batch 2550/4687, Loss: 0.2398262917995453
Batch 2600/4687, Loss: 0.24819540977478027
Batch 2650/4687, Loss: 0.23574215173721313
Batch 2700/4687, Loss: 0.25815466046333313
Batch 2750/4687, Loss: 0.2563822269439697
Batch 2800/4687, Loss: 0.23456716537475586
Batch 2850/4687, Loss: 0.25604140758514404
Batch 2900/4687, Loss: 0.22765502333641052
Batch 2950/4687, Loss: 0.23410102725028992
Batch 3000/4687, Loss: 0.266434907913208
Batch 3050/4687, Loss: 0.2517157793045044
Batch 3100/4687, Loss: 0.2697933316230774
Batch 3150/4687, Loss: 0.2391878068447113
Batch 3200/4687, Loss: 0.2464175671339035
Batch 3250/4687, Loss: 0.24016165733337402
Batch 3300/4687, Loss: 0.25812166929244995
Batch 3350/4687, Loss: 0.24457012116909027
Batch 3400/4687, Loss: 0.2435491979122162
Batch 3450/4687, Loss: 0.24493825435638428
Batch 3500/4687, Loss: 0.2322160005569458
Batch 3550/4687, Loss: 0.24523356556892395
Batch 3600/4687, Loss: 0.2664197087287903
Batch 3650/4687, Loss: 0.23443245887756348
Batch 3700/4687, Loss: 0.25265032052993774
Batch 3750/4687, Loss: 0.24122264981269836
Batch 3800/4687, Loss: 0.2594343423843384
Batch 3850/4687, Loss: 0.2548562288284302
Batch 3900/4687, Loss: 0.253165066242218
Batch 3950/4687, Loss: 0.2453203797340393
Batch 4000/4687, Loss: 0.2148178517818451
Batch 4050/4687, Loss: 0.2345227301120758
Batch 4100/4687, Loss: 0.24090486764907837
Batch 4150/4687, Loss: 0.24859189987182617
Batch 4200/4687, Loss: 0.23049816489219666
Batch 4250/4687, Loss: 0.2571271061897278
Batch 4300/4687, Loss: 0.23766905069351196
Batch 4350/4687, Loss: 0.2286590337753296
Batch 4400/4687, Loss: 0.23859253525733948
Batch 4450/4687, Loss: 0.2523741126060486
Batch 4500/4687, Loss: 0.24695980548858643
Batch 4550/4687, Loss: 0.22252675890922546
Batch 4600/4687, Loss: 0.2551953196525574
Batch 4650/4687, Loss: 0.24788270890712738

Start of epoch 78
Batch 0/4687, Loss: 0.2312539666891098
Batch 50/4687, Loss: 0.24690605700016022
Batch 100/4687, Loss: 0.24997390806674957
Batch 150/4687, Loss: 0.2313360571861267
Batch 200/4687, Loss: 0.24592861533164978
Batch 250/4687, Loss: 0.24515259265899658
Batch 300/4687, Loss: 0.4161279797554016
Batch 350/4687, Loss: 0.2565566301345825
Batch 400/4687, Loss: 0.2429470419883728
Batch 450/4687, Loss: 0.2579370141029358
Batch 500/4687, Loss: 0.2681507170200348
Batch 550/4687, Loss: 0.28356319665908813
Batch 600/4687, Loss: 0.23116058111190796
Batch 650/4687, Loss: 0.24114152789115906
Batch 700/4687, Loss: 0.2452791929244995
Batch 750/4687, Loss: 0.24974507093429565
Batch 800/4687, Loss: 0.26141414046287537
Batch 850/4687, Loss: 0.2565459907054901
Batch 900/4687, Loss: 0.26256263256073
Batch 950/4687, Loss: 0.23571643233299255
Batch 1000/4687, Loss: 0.24654525518417358
Batch 1050/4687, Loss: 0.2921014726161957
Batch 1100/4687, Loss: 0.26727133989334106
Batch 1150/4687, Loss: 0.2688003480434418
Batch 1200/4687, Loss: 0.2768270969390869
Batch 1250/4687, Loss: 0.24400287866592407
Batch 1300/4687, Loss: 0.25665226578712463
Batch 1350/4687, Loss: 0.26810669898986816
Batch 1400/4687, Loss: 0.24992045760154724
Batch 1450/4687, Loss: 0.22462937235832214
Batch 1500/4687, Loss: 0.252093642950058
Batch 1550/4687, Loss: 0.23805753886699677
Batch 1600/4687, Loss: 0.253274530172348
Batch 1650/4687, Loss: 0.23048323392868042
Batch 1700/4687, Loss: 0.24323806166648865
Batch 1750/4687, Loss: 0.23258176445960999
Batch 1800/4687, Loss: 0.23106662929058075
Batch 1850/4687, Loss: 0.24888232350349426
Batch 1900/4687, Loss: 0.2713834345340729
Batch 1950/4687, Loss: 0.2549344599246979
Batch 2000/4687, Loss: 0.25581493973731995
Batch 2050/4687, Loss: 0.23333291709423065
Batch 2100/4687, Loss: 0.31378671526908875
Batch 2150/4687, Loss: 0.23230966925621033
Batch 2200/4687, Loss: 0.266753613948822
Batch 2250/4687, Loss: 0.24502380192279816
Batch 2300/4687, Loss: 0.23969505727291107
Batch 2350/4687, Loss: 0.25308316946029663
Batch 2400/4687, Loss: 0.26567161083221436
Batch 2450/4687, Loss: 0.2187812626361847
Batch 2500/4687, Loss: 0.26914677023887634
Batch 2550/4687, Loss: 0.24152934551239014
Batch 2600/4687, Loss: 0.2245526909828186
Batch 2650/4687, Loss: 0.3220840096473694
Batch 2700/4687, Loss: 0.26057103276252747
Batch 2750/4687, Loss: 0.23575115203857422
Batch 2800/4687, Loss: 0.2707723379135132
Batch 2850/4687, Loss: 0.24513447284698486
Batch 2900/4687, Loss: 0.25372958183288574
Batch 2950/4687, Loss: 0.2564751207828522
Batch 3000/4687, Loss: 0.2547283470630646
Batch 3050/4687, Loss: 0.22801770269870758
Batch 3100/4687, Loss: 0.2655072808265686
Batch 3150/4687, Loss: 0.23585373163223267
Batch 3200/4687, Loss: 0.25668877363204956
Batch 3250/4687, Loss: 0.2625442445278168
Batch 3300/4687, Loss: 0.25347965955734253
Batch 3350/4687, Loss: 0.23904386162757874
Batch 3400/4687, Loss: 0.25023818016052246
Batch 3450/4687, Loss: 0.24834401905536652
Batch 3500/4687, Loss: 0.25198858976364136
Batch 3550/4687, Loss: 0.24925071001052856
Batch 3600/4687, Loss: 0.2608604431152344
Batch 3650/4687, Loss: 0.24183255434036255
Batch 3700/4687, Loss: 0.2426091581583023
Batch 3750/4687, Loss: 0.24777209758758545
Batch 3800/4687, Loss: 0.23828303813934326
Batch 3850/4687, Loss: 0.3026396632194519
Batch 3900/4687, Loss: 0.35476040840148926
Batch 3950/4687, Loss: 0.24676407873630524
Batch 4000/4687, Loss: 0.2445293664932251
Batch 4050/4687, Loss: 0.2333628237247467
Batch 4100/4687, Loss: 0.24276065826416016
Batch 4150/4687, Loss: 0.24830090999603271
Batch 4200/4687, Loss: 0.23546934127807617
Batch 4250/4687, Loss: 0.2352040410041809
Batch 4300/4687, Loss: 0.2267444133758545
Batch 4350/4687, Loss: 0.24014535546302795
Batch 4400/4687, Loss: 0.24144935607910156
Batch 4450/4687, Loss: 0.2149657905101776
Batch 4500/4687, Loss: 0.23227794468402863
Batch 4550/4687, Loss: 0.2552148103713989
Batch 4600/4687, Loss: 0.2554461359977722
Batch 4650/4687, Loss: 0.24156919121742249

Start of epoch 79
Batch 0/4687, Loss: 0.22354209423065186
Batch 50/4687, Loss: 0.25141283869743347
Batch 100/4687, Loss: 0.22843292355537415
Batch 150/4687, Loss: 0.23624706268310547
Batch 200/4687, Loss: 0.24787744879722595
Batch 250/4687, Loss: 0.24894815683364868
Batch 300/4687, Loss: 0.25125500559806824
Batch 350/4687, Loss: 0.24749700725078583
Batch 400/4687, Loss: 0.25577637553215027
Batch 450/4687, Loss: 0.25991857051849365
Batch 500/4687, Loss: 0.4776154160499573
Batch 550/4687, Loss: 0.24821379780769348
Batch 600/4687, Loss: 0.24576404690742493
Batch 650/4687, Loss: 0.2331925928592682
Batch 700/4687, Loss: 0.23617339134216309
Batch 750/4687, Loss: 0.24157896637916565
Batch 800/4687, Loss: 0.24600335955619812
Batch 850/4687, Loss: 0.2505107522010803
Batch 900/4687, Loss: 0.24366559088230133
Batch 950/4687, Loss: 0.2368709146976471
Batch 1000/4687, Loss: 0.22135095298290253
Batch 1050/4687, Loss: 0.23064789175987244
Batch 1100/4687, Loss: 0.24591606855392456
Batch 1150/4687, Loss: 0.25289347767829895
Batch 1200/4687, Loss: 0.24244074523448944
Batch 1250/4687, Loss: 0.2403869926929474
Batch 1300/4687, Loss: 0.22856882214546204
Batch 1350/4687, Loss: 0.24796521663665771
Batch 1400/4687, Loss: 0.2535509467124939
Batch 1450/4687, Loss: 0.22962069511413574
Batch 1500/4687, Loss: 0.23359282314777374
Batch 1550/4687, Loss: 0.24110257625579834
Batch 1600/4687, Loss: 0.24296435713768005
Batch 1650/4687, Loss: 0.226613849401474
Batch 1700/4687, Loss: 0.24136871099472046
Batch 1750/4687, Loss: 0.2393549233675003
Batch 1800/4687, Loss: 0.24452883005142212
Batch 1850/4687, Loss: 0.2593039870262146
Batch 1900/4687, Loss: 0.22881492972373962
Batch 1950/4687, Loss: 0.2586113512516022
Batch 2000/4687, Loss: 0.26338499784469604
Batch 2050/4687, Loss: 0.2364499419927597
Batch 2100/4687, Loss: 0.25216957926750183
Batch 2150/4687, Loss: 0.24456627666950226
Batch 2200/4687, Loss: 0.2565612196922302
Batch 2250/4687, Loss: 0.26728713512420654
Batch 2300/4687, Loss: 0.23286306858062744
Batch 2350/4687, Loss: 0.26267650723457336
Batch 2400/4687, Loss: 0.23651732504367828
Batch 2450/4687, Loss: 0.24608474969863892
Batch 2500/4687, Loss: 0.23986703157424927
Batch 2550/4687, Loss: 0.22592666745185852
Batch 2600/4687, Loss: 0.25060778856277466
Batch 2650/4687, Loss: 0.2523146867752075
Batch 2700/4687, Loss: 0.2551305890083313
Batch 2750/4687, Loss: 0.23369568586349487
Batch 2800/4687, Loss: 0.23257896304130554
Batch 2850/4687, Loss: 0.23572638630867004
Batch 2900/4687, Loss: 0.23748299479484558
Batch 2950/4687, Loss: 0.24698826670646667
Batch 3000/4687, Loss: 0.23803283274173737
Batch 3050/4687, Loss: 0.24586081504821777
Batch 3100/4687, Loss: 0.2384554147720337
Batch 3150/4687, Loss: 0.23268115520477295
Batch 3200/4687, Loss: 0.25918158888816833
Batch 3250/4687, Loss: 0.23504386842250824
Batch 3300/4687, Loss: 0.2548771798610687
Batch 3350/4687, Loss: 0.2564034163951874
Batch 3400/4687, Loss: 0.23488980531692505
Batch 3450/4687, Loss: 0.24612459540367126
Batch 3500/4687, Loss: 0.26991507411003113
Batch 3550/4687, Loss: 0.2666018307209015
Batch 3600/4687, Loss: 0.22951719164848328
Batch 3650/4687, Loss: 0.2214910089969635
Batch 3700/4687, Loss: 0.23814669251441956
Batch 3750/4687, Loss: 0.23498845100402832
Batch 3800/4687, Loss: 0.23635876178741455
Batch 3850/4687, Loss: 0.23047494888305664
Batch 3900/4687, Loss: 0.2419007271528244
Batch 3950/4687, Loss: 0.24529814720153809
Batch 4000/4687, Loss: 0.2613849937915802
Batch 4050/4687, Loss: 0.23901712894439697
Batch 4100/4687, Loss: 0.2748093605041504
Batch 4150/4687, Loss: 0.24886496365070343
Batch 4200/4687, Loss: 0.23062005639076233
Batch 4250/4687, Loss: 0.24405734241008759
Batch 4300/4687, Loss: 0.25304922461509705
Batch 4350/4687, Loss: 0.24246786534786224
Batch 4400/4687, Loss: 0.25201013684272766
Batch 4450/4687, Loss: 0.2459585964679718
Batch 4500/4687, Loss: 0.2711816132068634
Batch 4550/4687, Loss: 0.22290652990341187
Batch 4600/4687, Loss: 0.27804458141326904
Batch 4650/4687, Loss: 0.24177008867263794

Start of epoch 80
Batch 0/4687, Loss: 0.226935476064682
Batch 50/4687, Loss: 0.26293596625328064
Batch 100/4687, Loss: 0.24056294560432434
Batch 150/4687, Loss: 0.22236308455467224
Batch 200/4687, Loss: 0.2523427903652191
Batch 250/4687, Loss: 0.2406485229730606
Batch 300/4687, Loss: 0.24797555804252625
Batch 350/4687, Loss: 0.2474018931388855
Batch 400/4687, Loss: 0.2770390510559082
Batch 450/4687, Loss: 0.2478453665971756
Batch 500/4687, Loss: 0.2732487618923187
Batch 550/4687, Loss: 0.24278509616851807
Batch 600/4687, Loss: 0.22409740090370178
Batch 650/4687, Loss: 0.24988996982574463
Batch 700/4687, Loss: 0.2419976443052292
Batch 750/4687, Loss: 0.27716580033302307
Batch 800/4687, Loss: 0.24768850207328796
Batch 850/4687, Loss: 0.23541221022605896
Batch 900/4687, Loss: 0.23492655158042908
Batch 950/4687, Loss: 0.25014162063598633
Batch 1000/4687, Loss: 0.23117567598819733
Batch 1050/4687, Loss: 0.2208191454410553
Batch 1100/4687, Loss: 0.2578074038028717
Batch 1150/4687, Loss: 0.24593746662139893
Batch 1200/4687, Loss: 0.23564569652080536
Batch 1250/4687, Loss: 0.22583778202533722
Batch 1300/4687, Loss: 0.24556401371955872
Batch 1350/4687, Loss: 0.26436924934387207
Batch 1400/4687, Loss: 0.23023176193237305
Batch 1450/4687, Loss: 0.2550920248031616
Batch 1500/4687, Loss: 0.22195233404636383
Batch 1550/4687, Loss: 0.23094379901885986
Batch 1600/4687, Loss: 0.2679767310619354
Batch 1650/4687, Loss: 0.22193460166454315
Batch 1700/4687, Loss: 0.23335063457489014
Batch 1750/4687, Loss: 0.22806450724601746
Batch 1800/4687, Loss: 0.25237518548965454
Batch 1850/4687, Loss: 0.25799915194511414
Batch 1900/4687, Loss: 0.2503831088542938
Batch 1950/4687, Loss: 0.2512762248516083
Batch 2000/4687, Loss: 0.25113236904144287
Batch 2050/4687, Loss: 0.24151092767715454
Batch 2100/4687, Loss: 0.2450893372297287
Batch 2150/4687, Loss: 0.25861161947250366
Batch 2200/4687, Loss: 0.2434138059616089
Batch 2250/4687, Loss: 0.23086152970790863
Batch 2300/4687, Loss: 0.22644203901290894
Batch 2350/4687, Loss: 0.2315724790096283
Batch 2400/4687, Loss: 0.23122814297676086
Batch 2450/4687, Loss: 0.2336682677268982
Batch 2500/4687, Loss: 0.2676898241043091
Batch 2550/4687, Loss: 0.2312726080417633
Batch 2600/4687, Loss: 0.22101764380931854
Batch 2650/4687, Loss: 0.2412509173154831
Batch 2700/4687, Loss: 0.2398136556148529
Batch 2750/4687, Loss: 0.26383623480796814
Batch 2800/4687, Loss: 0.23273412883281708
Batch 2850/4687, Loss: 0.24289610981941223
Batch 2900/4687, Loss: 0.25427719950675964
Batch 2950/4687, Loss: 0.29849109053611755
Batch 3000/4687, Loss: 0.25201332569122314
Batch 3050/4687, Loss: 0.2331884354352951
Batch 3100/4687, Loss: 0.22499936819076538
Batch 3150/4687, Loss: 0.22692030668258667
Batch 3200/4687, Loss: 0.24996820092201233
Batch 3250/4687, Loss: 0.22376228868961334
Batch 3300/4687, Loss: 0.22327296435832977
Batch 3350/4687, Loss: 0.26591956615448
Batch 3400/4687, Loss: 0.2545657157897949
Batch 3450/4687, Loss: 0.26194173097610474
Batch 3500/4687, Loss: 0.24471038579940796
Batch 3550/4687, Loss: 0.2667177617549896
Batch 3600/4687, Loss: 0.23582103848457336
Batch 3650/4687, Loss: 0.21982437372207642
Batch 3700/4687, Loss: 0.24033084511756897
Batch 3750/4687, Loss: 0.25572314858436584
Batch 3800/4687, Loss: 0.24172186851501465
Batch 3850/4687, Loss: 0.24640586972236633
Batch 3900/4687, Loss: 0.3540087342262268
Batch 3950/4687, Loss: 0.252723753452301
Batch 4000/4687, Loss: 0.23557133972644806
Batch 4050/4687, Loss: 0.22995181381702423
Batch 4100/4687, Loss: 0.23203453421592712
Batch 4150/4687, Loss: 0.2385140061378479
Batch 4200/4687, Loss: 0.24187307059764862
Batch 4250/4687, Loss: 0.24760301411151886
Batch 4300/4687, Loss: 0.24929438531398773
Batch 4350/4687, Loss: 0.23743095993995667
Batch 4400/4687, Loss: 0.21881049871444702
Batch 4450/4687, Loss: 0.2289964258670807
Batch 4500/4687, Loss: 0.24863967299461365
Batch 4550/4687, Loss: 0.2374318540096283
Batch 4600/4687, Loss: 0.25335341691970825
Batch 4650/4687, Loss: 0.2268524169921875

Start of epoch 81
Batch 0/4687, Loss: 0.25422269105911255
Batch 50/4687, Loss: 0.2950400412082672
Batch 100/4687, Loss: 0.2348754107952118
Batch 150/4687, Loss: 0.22065956890583038
Batch 200/4687, Loss: 0.26069334149360657
Batch 250/4687, Loss: 0.2380092293024063
Batch 300/4687, Loss: 0.2354440987110138
Batch 350/4687, Loss: 0.22872240841388702
Batch 400/4687, Loss: 0.2401728332042694
Batch 450/4687, Loss: 0.2295781970024109
Batch 500/4687, Loss: 0.24320366978645325
Batch 550/4687, Loss: 0.25570371747016907
Batch 600/4687, Loss: 0.24918632209300995
Batch 650/4687, Loss: 0.23645028471946716
Batch 700/4687, Loss: 0.25287166237831116
Batch 750/4687, Loss: 0.24013662338256836
Batch 800/4687, Loss: 0.24001595377922058
Batch 850/4687, Loss: 0.22740903496742249
Batch 900/4687, Loss: 0.3639392554759979
Batch 950/4687, Loss: 0.23363232612609863
Batch 1000/4687, Loss: 0.26949918270111084
Batch 1050/4687, Loss: 0.22845211625099182
Batch 1100/4687, Loss: 0.24746301770210266
Batch 1150/4687, Loss: 0.2406894862651825
Batch 1200/4687, Loss: 0.23422548174858093
Batch 1250/4687, Loss: 0.2319343090057373
Batch 1300/4687, Loss: 0.2458890676498413
Batch 1350/4687, Loss: 0.24994820356369019
Batch 1400/4687, Loss: 0.25415313243865967
Batch 1450/4687, Loss: 0.227763831615448
Batch 1500/4687, Loss: 0.24799507856369019
Batch 1550/4687, Loss: 0.23377418518066406
Batch 1600/4687, Loss: 0.23861031234264374
Batch 1650/4687, Loss: 0.2559621334075928
Batch 1700/4687, Loss: 0.2343941628932953
Batch 1750/4687, Loss: 0.2369488775730133
Batch 1800/4687, Loss: 0.24908855557441711
Batch 1850/4687, Loss: 0.2589312791824341
Batch 1900/4687, Loss: 0.2695857882499695
Batch 1950/4687, Loss: 0.2326839566230774
Batch 2000/4687, Loss: 0.24835795164108276
Batch 2050/4687, Loss: 0.23404830694198608
Batch 2100/4687, Loss: 0.2492070496082306
Batch 2150/4687, Loss: 0.2354048788547516
Batch 2200/4687, Loss: 0.23716983199119568
Batch 2250/4687, Loss: 0.24174197018146515
Batch 2300/4687, Loss: 0.24393299221992493
Batch 2350/4687, Loss: 0.39086419343948364
Batch 2400/4687, Loss: 0.259286105632782
Batch 2450/4687, Loss: 0.2562200427055359
Batch 2500/4687, Loss: 0.24660882353782654
Batch 2550/4687, Loss: 0.2445703148841858
Batch 2600/4687, Loss: 0.22423624992370605
Batch 2650/4687, Loss: 0.24802455306053162
Batch 2700/4687, Loss: 0.2207653969526291
Batch 2750/4687, Loss: 0.22655287384986877
Batch 2800/4687, Loss: 0.24063263833522797
Batch 2850/4687, Loss: 0.23937860131263733
Batch 2900/4687, Loss: 0.2493547797203064
Batch 2950/4687, Loss: 0.23585918545722961
Batch 3000/4687, Loss: 0.23731204867362976
Batch 3050/4687, Loss: 0.23318041861057281
Batch 3100/4687, Loss: 0.22733023762702942
Batch 3150/4687, Loss: 0.23206591606140137
Batch 3200/4687, Loss: 0.23657435178756714
Batch 3250/4687, Loss: 0.23759165406227112
Batch 3300/4687, Loss: 0.25491294264793396
Batch 3350/4687, Loss: 0.23607102036476135
Batch 3400/4687, Loss: 0.24630986154079437
Batch 3450/4687, Loss: 0.23575840890407562
Batch 3500/4687, Loss: 0.24829381704330444
Batch 3550/4687, Loss: 0.24375832080841064
Batch 3600/4687, Loss: 0.24995897710323334
Batch 3650/4687, Loss: 0.22892703115940094
Batch 3700/4687, Loss: 0.23992225527763367
Batch 3750/4687, Loss: 0.24408449232578278
Batch 3800/4687, Loss: 0.231173574924469
Batch 3850/4687, Loss: 0.2371981143951416
Batch 3900/4687, Loss: 0.24444696307182312
Batch 3950/4687, Loss: 0.278084933757782
Batch 4000/4687, Loss: 0.259917676448822
Batch 4050/4687, Loss: 0.22588281333446503
Batch 4100/4687, Loss: 0.2417103499174118
Batch 4150/4687, Loss: 0.2621121406555176
Batch 4200/4687, Loss: 0.22553077340126038
Batch 4250/4687, Loss: 0.23913124203681946
Batch 4300/4687, Loss: 0.24924544990062714
Batch 4350/4687, Loss: 0.2493302822113037
Batch 4400/4687, Loss: 0.2598060965538025
Batch 4450/4687, Loss: 0.26058951020240784
Batch 4500/4687, Loss: 0.23830753564834595
Batch 4550/4687, Loss: 0.23402336239814758
Batch 4600/4687, Loss: 0.23646046221256256
Batch 4650/4687, Loss: 0.23031380772590637

Start of epoch 82
Batch 0/4687, Loss: 0.22587135434150696
Batch 50/4687, Loss: 0.24438148736953735
Batch 100/4687, Loss: 0.2326088547706604
Batch 150/4687, Loss: 0.23275071382522583
Batch 200/4687, Loss: 0.2303878366947174
Batch 250/4687, Loss: 0.25124266743659973
Batch 300/4687, Loss: 0.2635778784751892
Batch 350/4687, Loss: 0.23295611143112183
Batch 400/4687, Loss: 0.24515917897224426
Batch 450/4687, Loss: 0.23290731012821198
Batch 500/4687, Loss: 0.24583567678928375
Batch 550/4687, Loss: 0.23544728755950928
Batch 600/4687, Loss: 0.2530289888381958
Batch 650/4687, Loss: 0.23811890184879303
Batch 700/4687, Loss: 0.24649229645729065
Batch 750/4687, Loss: 0.2434462606906891
Batch 800/4687, Loss: 0.2281237542629242
Batch 850/4687, Loss: 0.2369648963212967
Batch 900/4687, Loss: 0.22853446006774902
Batch 950/4687, Loss: 0.24547582864761353
Batch 1000/4687, Loss: 0.24196815490722656
Batch 1050/4687, Loss: 0.23798003792762756
Batch 1100/4687, Loss: 0.25319209694862366
Batch 1150/4687, Loss: 0.24183395504951477
Batch 1200/4687, Loss: 0.2443409115076065
Batch 1250/4687, Loss: 0.2483343482017517
Batch 1300/4687, Loss: 0.26205185055732727
Batch 1350/4687, Loss: 0.21801823377609253
Batch 1400/4687, Loss: 0.22105786204338074
Batch 1450/4687, Loss: 0.2275041937828064
Batch 1500/4687, Loss: 0.24669821560382843
Batch 1550/4687, Loss: 0.23157060146331787
Batch 1600/4687, Loss: 0.2533332407474518
Batch 1650/4687, Loss: 0.23881086707115173
Batch 1700/4687, Loss: 0.2212969809770584
Batch 1750/4687, Loss: 0.240519717335701
Batch 1800/4687, Loss: 0.23919245600700378
Batch 1850/4687, Loss: 0.2800687551498413
Batch 1900/4687, Loss: 0.25962334871292114
Batch 1950/4687, Loss: 0.24454544484615326
Batch 2000/4687, Loss: 0.23885247111320496
Batch 2050/4687, Loss: 0.2398563027381897
Batch 2100/4687, Loss: 0.229826420545578
Batch 2150/4687, Loss: 0.23828986287117004
Batch 2200/4687, Loss: 0.24334165453910828
Batch 2250/4687, Loss: 0.23938876390457153
Batch 2300/4687, Loss: 0.2386029064655304
Batch 2350/4687, Loss: 0.2584410607814789
Batch 2400/4687, Loss: 0.24252119660377502
Batch 2450/4687, Loss: 0.24460342526435852
Batch 2500/4687, Loss: 0.2458324134349823
Batch 2550/4687, Loss: 0.22535957396030426
Batch 2600/4687, Loss: 0.22787068784236908
Batch 2650/4687, Loss: 0.23992368578910828
Batch 2700/4687, Loss: 0.24025823175907135
Batch 2750/4687, Loss: 0.2340490072965622
Batch 2800/4687, Loss: 0.24364377558231354
Batch 2850/4687, Loss: 0.254794716835022
Batch 2900/4687, Loss: 0.23610855638980865
Batch 2950/4687, Loss: 0.24554724991321564
Batch 3000/4687, Loss: 0.23431605100631714
Batch 3050/4687, Loss: 0.26145854592323303
Batch 3100/4687, Loss: 0.25278735160827637
Batch 3150/4687, Loss: 0.23766028881072998
Batch 3200/4687, Loss: 0.24233496189117432
Batch 3250/4687, Loss: 0.2660529613494873
Batch 3300/4687, Loss: 0.24276351928710938
Batch 3350/4687, Loss: 0.2406320869922638
Batch 3400/4687, Loss: 0.2666435241699219
Batch 3450/4687, Loss: 0.24778349697589874
Batch 3500/4687, Loss: 0.2475358098745346
Batch 3550/4687, Loss: 0.22521540522575378
Batch 3600/4687, Loss: 0.22571715712547302
Batch 3650/4687, Loss: 0.2576480805873871
Batch 3700/4687, Loss: 0.24962720274925232
Batch 3750/4687, Loss: 0.2368471771478653
Batch 3800/4687, Loss: 0.260610431432724
Batch 3850/4687, Loss: 0.2605472803115845
Batch 3900/4687, Loss: 0.3702694773674011
Batch 3950/4687, Loss: 0.2352670133113861
Batch 4000/4687, Loss: 0.24546882510185242
Batch 4050/4687, Loss: 0.2478637993335724
Batch 4100/4687, Loss: 0.24165013432502747
Batch 4150/4687, Loss: 0.24441203474998474
Batch 4200/4687, Loss: 0.2309364229440689
Batch 4250/4687, Loss: 0.2333565652370453
Batch 4300/4687, Loss: 0.23112055659294128
Batch 4350/4687, Loss: 0.22739538550376892
Batch 4400/4687, Loss: 0.22417649626731873
Batch 4450/4687, Loss: 0.23974710702896118
Batch 4500/4687, Loss: 0.2394627034664154
Batch 4550/4687, Loss: 0.23485758900642395
Batch 4600/4687, Loss: 0.259224534034729
Batch 4650/4687, Loss: 0.3134326934814453

Start of epoch 83
Batch 0/4687, Loss: 0.25241824984550476
Batch 50/4687, Loss: 0.2551329731941223
Batch 100/4687, Loss: 0.23447304964065552
Batch 150/4687, Loss: 0.26126378774642944
Batch 200/4687, Loss: 0.269541472196579
Batch 250/4687, Loss: 0.24083003401756287
Batch 300/4687, Loss: 0.24693402647972107
Batch 350/4687, Loss: 0.2327912598848343
Batch 400/4687, Loss: 0.22757118940353394
Batch 450/4687, Loss: 0.24783740937709808
Batch 500/4687, Loss: 0.2413964569568634
Batch 550/4687, Loss: 0.2355644255876541
Batch 600/4687, Loss: 0.2428457885980606
Batch 650/4687, Loss: 0.23689118027687073
Batch 700/4687, Loss: 0.24152639508247375
Batch 750/4687, Loss: 0.23618781566619873
Batch 800/4687, Loss: 0.2409907877445221
Batch 850/4687, Loss: 0.27341973781585693
Batch 900/4687, Loss: 0.22589561343193054
Batch 950/4687, Loss: 0.2734547257423401
Batch 1000/4687, Loss: 0.276109516620636
Batch 1050/4687, Loss: 0.2567572295665741
Batch 1100/4687, Loss: 0.21966825425624847
Batch 1150/4687, Loss: 0.23366597294807434
Batch 1200/4687, Loss: 0.2338564097881317
Batch 1250/4687, Loss: 0.2627941966056824
Batch 1300/4687, Loss: 0.2705574631690979
Batch 1350/4687, Loss: 0.2531982958316803
Batch 1400/4687, Loss: 0.26175323128700256
Batch 1450/4687, Loss: 0.24873371422290802
Batch 1500/4687, Loss: 0.22408603131771088
Batch 1550/4687, Loss: 0.24060854315757751
Batch 1600/4687, Loss: 0.23677319288253784
Batch 1650/4687, Loss: 0.2164795696735382
Batch 1700/4687, Loss: 0.24125882983207703
Batch 1750/4687, Loss: 0.25695669651031494
Batch 1800/4687, Loss: 0.23893870413303375
Batch 1850/4687, Loss: 0.26597386598587036
Batch 1900/4687, Loss: 0.2338695377111435
Batch 1950/4687, Loss: 0.23390334844589233
Batch 2000/4687, Loss: 0.23543164134025574
Batch 2050/4687, Loss: 0.23567989468574524
Batch 2100/4687, Loss: 0.23352012038230896
Batch 2150/4687, Loss: 0.23927560448646545
Batch 2200/4687, Loss: 0.2439117282629013
Batch 2250/4687, Loss: 0.23779800534248352
Batch 2300/4687, Loss: 0.266730397939682
Batch 2350/4687, Loss: 0.2355031669139862
Batch 2400/4687, Loss: 0.2501848638057709
Batch 2450/4687, Loss: 0.2340179830789566
Batch 2500/4687, Loss: 0.2576695680618286
Batch 2550/4687, Loss: 0.2317943572998047
Batch 2600/4687, Loss: 0.2252373993396759
Batch 2650/4687, Loss: 0.2517103850841522
Batch 2700/4687, Loss: 0.25461602210998535
Batch 2750/4687, Loss: 0.24510693550109863
Batch 2800/4687, Loss: 0.26784610748291016
Batch 2850/4687, Loss: 0.23103782534599304
Batch 2900/4687, Loss: 0.2511935830116272
Batch 2950/4687, Loss: 0.23466341197490692
Batch 3000/4687, Loss: 0.2327766716480255
Batch 3050/4687, Loss: 0.30938977003097534
Batch 3100/4687, Loss: 0.23253485560417175
Batch 3150/4687, Loss: 0.23372803628444672
Batch 3200/4687, Loss: 0.2243732511997223
Batch 3250/4687, Loss: 0.251681923866272
Batch 3300/4687, Loss: 0.2513273060321808
Batch 3350/4687, Loss: 0.23846089839935303
Batch 3400/4687, Loss: 0.24145644903182983
Batch 3450/4687, Loss: 0.2387039065361023
Batch 3500/4687, Loss: 0.24421480298042297
Batch 3550/4687, Loss: 0.22605979442596436
Batch 3600/4687, Loss: 0.2450593113899231
Batch 3650/4687, Loss: 0.2317262589931488
Batch 3700/4687, Loss: 0.28850021958351135
Batch 3750/4687, Loss: 0.269298255443573
Batch 3800/4687, Loss: 0.24104881286621094
Batch 3850/4687, Loss: 0.23658782243728638
Batch 3900/4687, Loss: 0.2546241879463196
Batch 3950/4687, Loss: 0.23682886362075806
Batch 4000/4687, Loss: 0.2517550587654114
Batch 4050/4687, Loss: 0.2184792160987854
Batch 4100/4687, Loss: 0.23874278366565704
Batch 4150/4687, Loss: 0.24282298982143402
Batch 4200/4687, Loss: 0.25630176067352295
Batch 4250/4687, Loss: 0.27134817838668823
Batch 4300/4687, Loss: 0.2442343682050705
Batch 4350/4687, Loss: 0.2224448025226593
Batch 4400/4687, Loss: 0.23180434107780457
Batch 4450/4687, Loss: 0.25553661584854126
Batch 4500/4687, Loss: 0.23959583044052124
Batch 4550/4687, Loss: 0.2392362356185913
Batch 4600/4687, Loss: 0.24500861763954163
Batch 4650/4687, Loss: 0.2324373722076416

Start of epoch 84
Batch 0/4687, Loss: 0.22334560751914978
Batch 50/4687, Loss: 0.24095481634140015
Batch 100/4687, Loss: 0.24557915329933167
Batch 150/4687, Loss: 0.22714203596115112
Batch 200/4687, Loss: 0.2424723207950592
Batch 250/4687, Loss: 0.25925135612487793
Batch 300/4687, Loss: 0.22307732701301575
Batch 350/4687, Loss: 0.2443113923072815
Batch 400/4687, Loss: 0.2713262140750885
Batch 450/4687, Loss: 0.24063903093338013
Batch 500/4687, Loss: 0.25860846042633057
Batch 550/4687, Loss: 0.24600771069526672
Batch 600/4687, Loss: 0.24225199222564697
Batch 650/4687, Loss: 0.24323095381259918
Batch 700/4687, Loss: 0.2764517068862915
Batch 750/4687, Loss: 0.23548021912574768
Batch 800/4687, Loss: 0.26885896921157837
Batch 850/4687, Loss: 0.237336665391922
Batch 900/4687, Loss: 0.24418824911117554
Batch 950/4687, Loss: 0.23094546794891357
Batch 1000/4687, Loss: 0.2514002025127411
Batch 1050/4687, Loss: 0.23174241185188293
Batch 1100/4687, Loss: 0.24208633601665497
Batch 1150/4687, Loss: 0.25124725699424744
Batch 1200/4687, Loss: 0.2348300665616989
Batch 1250/4687, Loss: 0.23562532663345337
Batch 1300/4687, Loss: 0.27428385615348816
Batch 1350/4687, Loss: 0.22902163863182068
Batch 1400/4687, Loss: 0.25782495737075806
Batch 1450/4687, Loss: 0.2413189560174942
Batch 1500/4687, Loss: 0.26044392585754395
Batch 1550/4687, Loss: 0.23613861203193665
Batch 1600/4687, Loss: 0.23988351225852966
Batch 1650/4687, Loss: 0.25580957531929016
Batch 1700/4687, Loss: 0.23809805512428284
Batch 1750/4687, Loss: 0.23474997282028198
Batch 1800/4687, Loss: 0.24784526228904724
Batch 1850/4687, Loss: 0.2588859498500824
Batch 1900/4687, Loss: 0.2591429054737091
Batch 1950/4687, Loss: 0.2685055136680603
Batch 2000/4687, Loss: 0.22784423828125
Batch 2050/4687, Loss: 0.2420722246170044
Batch 2100/4687, Loss: 0.26500213146209717
Batch 2150/4687, Loss: 0.26722970604896545
Batch 2200/4687, Loss: 0.2405572235584259
Batch 2250/4687, Loss: 0.2528563439846039
Batch 2300/4687, Loss: 0.25176388025283813
Batch 2350/4687, Loss: 0.2470097839832306
Batch 2400/4687, Loss: 0.23112139105796814
Batch 2450/4687, Loss: 0.2360820770263672
Batch 2500/4687, Loss: 0.257515549659729
Batch 2550/4687, Loss: 0.23781421780586243
Batch 2600/4687, Loss: 0.23786553740501404
Batch 2650/4687, Loss: 0.23216421902179718
Batch 2700/4687, Loss: 0.23265060782432556
Batch 2750/4687, Loss: 0.22954076528549194
Batch 2800/4687, Loss: 0.24857401847839355
Batch 2850/4687, Loss: 0.2302502691745758
Batch 2900/4687, Loss: 0.2456119805574417
Batch 2950/4687, Loss: 0.24530261754989624
Batch 3000/4687, Loss: 0.24709217250347137
Batch 3050/4687, Loss: 0.2617122530937195
Batch 3100/4687, Loss: 0.22655880451202393
Batch 3150/4687, Loss: 0.23558631539344788
Batch 3200/4687, Loss: 0.2465575933456421
Batch 3250/4687, Loss: 0.23962640762329102
Batch 3300/4687, Loss: 0.23852355778217316
Batch 3350/4687, Loss: 0.2425369918346405
Batch 3400/4687, Loss: 0.25582101941108704
Batch 3450/4687, Loss: 0.24427315592765808
Batch 3500/4687, Loss: 0.25584256649017334
Batch 3550/4687, Loss: 0.23830220103263855
Batch 3600/4687, Loss: 0.2581041157245636
Batch 3650/4687, Loss: 0.21432261168956757
Batch 3700/4687, Loss: 0.23830753564834595
Batch 3750/4687, Loss: 0.23638908565044403
Batch 3800/4687, Loss: 0.23902516067028046
Batch 3850/4687, Loss: 0.239933043718338
Batch 3900/4687, Loss: 0.23852843046188354
Batch 3950/4687, Loss: 0.24234765768051147
Batch 4000/4687, Loss: 0.2767661511898041
Batch 4050/4687, Loss: 0.22648568451404572
Batch 4100/4687, Loss: 0.23920631408691406
Batch 4150/4687, Loss: 0.24539396166801453
Batch 4200/4687, Loss: 0.23690934479236603
Batch 4250/4687, Loss: 0.22764813899993896
Batch 4300/4687, Loss: 0.22523683309555054
Batch 4350/4687, Loss: 0.330241322517395
Batch 4400/4687, Loss: 0.24841433763504028
Batch 4450/4687, Loss: 0.24018031358718872
Batch 4500/4687, Loss: 0.23777954280376434
Batch 4550/4687, Loss: 0.22660918533802032
Batch 4600/4687, Loss: 0.2233470231294632
Batch 4650/4687, Loss: 0.2176700383424759

Start of epoch 85
Batch 0/4687, Loss: 0.24356438219547272
Batch 50/4687, Loss: 0.22947542369365692
Batch 100/4687, Loss: 0.24444511532783508
Batch 150/4687, Loss: 0.2349323034286499
Batch 200/4687, Loss: 0.24847619235515594
Batch 250/4687, Loss: 0.21765375137329102
Batch 300/4687, Loss: 0.22514209151268005
Batch 350/4687, Loss: 0.2380640208721161
Batch 400/4687, Loss: 0.22603681683540344
Batch 450/4687, Loss: 0.22301967442035675
Batch 500/4687, Loss: 0.23643818497657776
Batch 550/4687, Loss: 0.2578202486038208
Batch 600/4687, Loss: 0.25069624185562134
Batch 650/4687, Loss: 0.22451621294021606
Batch 700/4687, Loss: 0.25539880990982056
Batch 750/4687, Loss: 1.0543904304504395
Batch 800/4687, Loss: 0.6193212270736694
Batch 850/4687, Loss: 0.23292219638824463
Batch 900/4687, Loss: 0.22943630814552307
Batch 950/4687, Loss: 0.25122225284576416
Batch 1000/4687, Loss: 0.237751767039299
Batch 1050/4687, Loss: 0.2266846001148224
Batch 1100/4687, Loss: 0.23978495597839355
Batch 1150/4687, Loss: 0.260816752910614
Batch 1200/4687, Loss: 0.2329246997833252
Batch 1250/4687, Loss: 0.24190263450145721
Batch 1300/4687, Loss: 0.2283916026353836
Batch 1350/4687, Loss: 0.21367934346199036
Batch 1400/4687, Loss: 0.23529468476772308
Batch 1450/4687, Loss: 0.22743335366249084
Batch 1500/4687, Loss: 0.23348814249038696
Batch 1550/4687, Loss: 0.23967382311820984
Batch 1600/4687, Loss: 0.21462711691856384
Batch 1650/4687, Loss: 0.22994865477085114
Batch 1700/4687, Loss: 0.23962903022766113
Batch 1750/4687, Loss: 0.25221356749534607
Batch 1800/4687, Loss: 0.24559050798416138
Batch 1850/4687, Loss: 0.24479922652244568
Batch 1900/4687, Loss: 0.22695326805114746
Batch 1950/4687, Loss: 0.23401182889938354
Batch 2000/4687, Loss: 0.23637238144874573
Batch 2050/4687, Loss: 0.2411874532699585
Batch 2100/4687, Loss: 0.24715156853199005
Batch 2150/4687, Loss: 0.2601660192012787
Batch 2200/4687, Loss: 0.22221209108829498
Batch 2250/4687, Loss: 0.24524664878845215
Batch 2300/4687, Loss: 0.23233555257320404
Batch 2350/4687, Loss: 0.23484651744365692
Batch 2400/4687, Loss: 0.22475945949554443
Batch 2450/4687, Loss: 0.2695904076099396
Batch 2500/4687, Loss: 0.234186589717865
Batch 2550/4687, Loss: 0.23571310937404633
Batch 2600/4687, Loss: 0.2299247682094574
Batch 2650/4687, Loss: 0.24122574925422668
Batch 2700/4687, Loss: 0.2628588378429413
Batch 2750/4687, Loss: 0.23650170862674713
Batch 2800/4687, Loss: 0.2502872049808502
Batch 2850/4687, Loss: 0.23397822678089142
Batch 2900/4687, Loss: 0.25947481393814087
Batch 2950/4687, Loss: 0.23906981945037842
Batch 3000/4687, Loss: 0.24310016632080078
Batch 3050/4687, Loss: 0.23768433928489685
Batch 3100/4687, Loss: 0.23003089427947998
Batch 3150/4687, Loss: 0.22857068479061127
Batch 3200/4687, Loss: 0.2202351987361908
Batch 3250/4687, Loss: 0.24224573373794556
Batch 3300/4687, Loss: 0.2245437055826187
Batch 3350/4687, Loss: 0.22755762934684753
Batch 3400/4687, Loss: 0.24430152773857117
Batch 3450/4687, Loss: 0.22627371549606323
Batch 3500/4687, Loss: 0.23608073592185974
Batch 3550/4687, Loss: 0.22650840878486633
Batch 3600/4687, Loss: 0.22222939133644104
Batch 3650/4687, Loss: 0.22759895026683807
Batch 3700/4687, Loss: 0.2400200068950653
Batch 3750/4687, Loss: 0.2510584890842438
Batch 3800/4687, Loss: 0.23220592737197876
Batch 3850/4687, Loss: 0.24367615580558777
Batch 3900/4687, Loss: 0.22952812910079956
Batch 3950/4687, Loss: 0.23424887657165527
Batch 4000/4687, Loss: 0.23317815363407135
Batch 4050/4687, Loss: 0.2397172898054123
Batch 4100/4687, Loss: 0.23561763763427734
Batch 4150/4687, Loss: 0.2447912096977234
Batch 4200/4687, Loss: 0.22826974093914032
Batch 4250/4687, Loss: 0.26118940114974976
Batch 4300/4687, Loss: 0.22189152240753174
Batch 4350/4687, Loss: 0.25526028871536255
Batch 4400/4687, Loss: 0.41704899072647095
Batch 4450/4687, Loss: 0.2582623064517975
Batch 4500/4687, Loss: 0.24683350324630737
Batch 4550/4687, Loss: 0.2373846173286438
Batch 4600/4687, Loss: 0.2363044023513794
Batch 4650/4687, Loss: 0.24299857020378113

Start of epoch 86
Batch 0/4687, Loss: 0.23679932951927185
Batch 50/4687, Loss: 0.23489117622375488
Batch 100/4687, Loss: 0.2245919406414032
Batch 150/4687, Loss: 0.2558366060256958
Batch 200/4687, Loss: 0.24864442646503448
Batch 250/4687, Loss: 0.23770490288734436
Batch 300/4687, Loss: 0.24025264382362366
Batch 350/4687, Loss: 0.24142439663410187
Batch 400/4687, Loss: 0.25844788551330566
Batch 450/4687, Loss: 0.23626355826854706
Batch 500/4687, Loss: 0.24652770161628723
Batch 550/4687, Loss: 0.23746871948242188
Batch 600/4687, Loss: 0.23596149682998657
Batch 650/4687, Loss: 0.2442249357700348
Batch 700/4687, Loss: 0.24440312385559082
Batch 750/4687, Loss: 0.23445428907871246
Batch 800/4687, Loss: 0.2614026665687561
Batch 850/4687, Loss: 0.25001823902130127
Batch 900/4687, Loss: 0.23708456754684448
Batch 950/4687, Loss: 0.23664776980876923
Batch 1000/4687, Loss: 0.2328435778617859
Batch 1050/4687, Loss: 0.21749097108840942
Batch 1100/4687, Loss: 0.24045494198799133
Batch 1150/4687, Loss: 0.26042476296424866
Batch 1200/4687, Loss: 0.24837017059326172
Batch 1250/4687, Loss: 0.2524208426475525
Batch 1300/4687, Loss: 0.2530970275402069
Batch 1350/4687, Loss: 0.22980889678001404
Batch 1400/4687, Loss: 0.2546594440937042
Batch 1450/4687, Loss: 0.22779373824596405
Batch 1500/4687, Loss: 0.25417035818099976
Batch 1550/4687, Loss: 0.2511712312698364
Batch 1600/4687, Loss: 0.22310657799243927
Batch 1650/4687, Loss: 0.23963168263435364
Batch 1700/4687, Loss: 0.24406707286834717
Batch 1750/4687, Loss: 0.2373007833957672
Batch 1800/4687, Loss: 0.2730993628501892
Batch 1850/4687, Loss: 0.26353421807289124
Batch 1900/4687, Loss: 0.23890915513038635
Batch 1950/4687, Loss: 0.2337394654750824
Batch 2000/4687, Loss: 0.2330397069454193
Batch 2050/4687, Loss: 0.23563909530639648
Batch 2100/4687, Loss: 0.24080565571784973
Batch 2150/4687, Loss: 0.26831328868865967
Batch 2200/4687, Loss: 0.23113027215003967
Batch 2250/4687, Loss: 0.2392529994249344
Batch 2300/4687, Loss: 0.2391580492258072
Batch 2350/4687, Loss: 0.2549978792667389
Batch 2400/4687, Loss: 0.22806790471076965
Batch 2450/4687, Loss: 0.2432754933834076
Batch 2500/4687, Loss: 0.24585458636283875
Batch 2550/4687, Loss: 0.23048937320709229
Batch 2600/4687, Loss: 0.2608436942100525
Batch 2650/4687, Loss: 0.22840279340744019
Batch 2700/4687, Loss: 0.24520133435726166
Batch 2750/4687, Loss: 0.2341373860836029
Batch 2800/4687, Loss: 0.2632666230201721
Batch 2850/4687, Loss: 0.22546760737895966
Batch 2900/4687, Loss: 0.23121540248394012
Batch 2950/4687, Loss: 0.37137240171432495
Batch 3000/4687, Loss: 0.33373162150382996
Batch 3050/4687, Loss: 0.2245328724384308
Batch 3100/4687, Loss: 0.2653912603855133
Batch 3150/4687, Loss: 0.24197977781295776
Batch 3200/4687, Loss: 0.2349672019481659
Batch 3250/4687, Loss: 0.22014880180358887
Batch 3300/4687, Loss: 0.24233964085578918
Batch 3350/4687, Loss: 0.23009207844734192
Batch 3400/4687, Loss: 0.23928846418857574
Batch 3450/4687, Loss: 0.24681442975997925
Batch 3500/4687, Loss: 0.23525069653987885
Batch 3550/4687, Loss: 0.2544534206390381
Batch 3600/4687, Loss: 0.2353839874267578
Batch 3650/4687, Loss: 0.22976651787757874
Batch 3700/4687, Loss: 0.24432241916656494
Batch 3750/4687, Loss: 0.24241991341114044
Batch 3800/4687, Loss: 0.2358364462852478
Batch 3850/4687, Loss: 0.23165494203567505
Batch 3900/4687, Loss: 0.2155264914035797
Batch 3950/4687, Loss: 0.24837809801101685
Batch 4000/4687, Loss: 0.23838627338409424
Batch 4050/4687, Loss: 0.2383376955986023
Batch 4100/4687, Loss: 0.21989698708057404
Batch 4150/4687, Loss: 0.23200708627700806
Batch 4200/4687, Loss: 0.22986255586147308
Batch 4250/4687, Loss: 0.23680433630943298
Batch 4300/4687, Loss: 0.23289552330970764
Batch 4350/4687, Loss: 0.2357156127691269
Batch 4400/4687, Loss: 0.24439743161201477
Batch 4450/4687, Loss: 0.245221346616745
Batch 4500/4687, Loss: 0.2655099034309387
Batch 4550/4687, Loss: 0.398842453956604
Batch 4600/4687, Loss: 0.44874995946884155
Batch 4650/4687, Loss: 0.24238696694374084

Start of epoch 87
Batch 0/4687, Loss: 0.23784691095352173
Batch 50/4687, Loss: 0.22256474196910858
Batch 100/4687, Loss: 0.23107397556304932
Batch 150/4687, Loss: 0.24127468466758728
Batch 200/4687, Loss: 0.23908600211143494
Batch 250/4687, Loss: 0.2209668755531311
Batch 300/4687, Loss: 0.25242191553115845
Batch 350/4687, Loss: 0.23481829464435577
Batch 400/4687, Loss: 0.23936161398887634
Batch 450/4687, Loss: 0.23572571575641632
Batch 500/4687, Loss: 0.229621022939682
Batch 550/4687, Loss: 0.22357088327407837
Batch 600/4687, Loss: 0.22469033300876617
Batch 650/4687, Loss: 0.22743460536003113
Batch 700/4687, Loss: 0.24810852110385895
Batch 750/4687, Loss: 0.23845791816711426
Batch 800/4687, Loss: 0.22563257813453674
Batch 850/4687, Loss: 0.23028922080993652
Batch 900/4687, Loss: 0.22897015511989594
Batch 950/4687, Loss: 0.2344609498977661
Batch 1000/4687, Loss: 0.24969542026519775
Batch 1050/4687, Loss: 0.2488769292831421
Batch 1100/4687, Loss: 0.24920755624771118
Batch 1150/4687, Loss: 0.23537267744541168
Batch 1200/4687, Loss: 0.23973725736141205
Batch 1250/4687, Loss: 0.2533099055290222
Batch 1300/4687, Loss: 0.2479151338338852
Batch 1350/4687, Loss: 0.24836009740829468
Batch 1400/4687, Loss: 0.23673167824745178
Batch 1450/4687, Loss: 0.24558976292610168
Batch 1500/4687, Loss: 0.24184681475162506
Batch 1550/4687, Loss: 0.22550344467163086
Batch 1600/4687, Loss: 0.23115995526313782
Batch 1650/4687, Loss: 0.2557976543903351
Batch 1700/4687, Loss: 0.23052537441253662
Batch 1750/4687, Loss: 0.24366822838783264
Batch 1800/4687, Loss: 0.2261427640914917
Batch 1850/4687, Loss: 0.26483532786369324
Batch 1900/4687, Loss: 0.24415674805641174
Batch 1950/4687, Loss: 0.2530583441257477
Batch 2000/4687, Loss: 0.23726046085357666
Batch 2050/4687, Loss: 0.22497451305389404
Batch 2100/4687, Loss: 0.24555285274982452
Batch 2150/4687, Loss: 0.258500874042511
Batch 2200/4687, Loss: 0.24416008591651917
Batch 2250/4687, Loss: 0.22602051496505737
Batch 2300/4687, Loss: 0.2294469177722931
Batch 2350/4687, Loss: 0.243100106716156
Batch 2400/4687, Loss: 0.22677528858184814
Batch 2450/4687, Loss: 0.2557924687862396
Batch 2500/4687, Loss: 0.24429622292518616
Batch 2550/4687, Loss: 0.24050292372703552
Batch 2600/4687, Loss: 0.25521838665008545
Batch 2650/4687, Loss: 0.21423858404159546
Batch 2700/4687, Loss: 0.26261261105537415
Batch 2750/4687, Loss: 0.22447191178798676
Batch 2800/4687, Loss: 0.21667763590812683
Batch 2850/4687, Loss: 0.23892396688461304
Batch 2900/4687, Loss: 0.24710945785045624
Batch 2950/4687, Loss: 0.24860073626041412
Batch 3000/4687, Loss: 0.2387278825044632
Batch 3050/4687, Loss: 0.24121791124343872
Batch 3100/4687, Loss: 0.23401866853237152
Batch 3150/4687, Loss: 0.2398536205291748
Batch 3200/4687, Loss: 0.22695253789424896
Batch 3250/4687, Loss: 0.24065512418746948
Batch 3300/4687, Loss: 0.25505492091178894
Batch 3350/4687, Loss: 0.24998539686203003
Batch 3400/4687, Loss: 0.24966266751289368
Batch 3450/4687, Loss: 0.2396049052476883
Batch 3500/4687, Loss: 0.22698599100112915
Batch 3550/4687, Loss: 0.23358505964279175
Batch 3600/4687, Loss: 0.22964709997177124
Batch 3650/4687, Loss: 0.24643106758594513
Batch 3700/4687, Loss: 0.23331515491008759
Batch 3750/4687, Loss: 0.23320698738098145
Batch 3800/4687, Loss: 0.23637431859970093
Batch 3850/4687, Loss: 0.24113833904266357
Batch 3900/4687, Loss: 0.2538706660270691
Batch 3950/4687, Loss: 0.27060413360595703
Batch 4000/4687, Loss: 0.2508380115032196
Batch 4050/4687, Loss: 0.23183709383010864
Batch 4100/4687, Loss: 0.22358661890029907
Batch 4150/4687, Loss: 0.24618658423423767
Batch 4200/4687, Loss: 0.23086346685886383
Batch 4250/4687, Loss: 0.23863369226455688
Batch 4300/4687, Loss: 0.2375698834657669
Batch 4350/4687, Loss: 0.2437712699174881
Batch 4400/4687, Loss: 0.23072192072868347
Batch 4450/4687, Loss: 0.23041772842407227
Batch 4500/4687, Loss: 0.22244718670845032
Batch 4550/4687, Loss: 0.2704343795776367
Batch 4600/4687, Loss: 0.2452951967716217
Batch 4650/4687, Loss: 0.2195087969303131

Start of epoch 88
Batch 0/4687, Loss: 0.2206374704837799
Batch 50/4687, Loss: 0.22608551383018494
Batch 100/4687, Loss: 0.26656481623649597
Batch 150/4687, Loss: 0.23445148766040802
Batch 200/4687, Loss: 0.21666818857192993
Batch 250/4687, Loss: 0.23242297768592834
Batch 300/4687, Loss: 0.24441340565681458
Batch 350/4687, Loss: 0.23888848721981049
Batch 400/4687, Loss: 0.24392041563987732
Batch 450/4687, Loss: 0.22702476382255554
Batch 500/4687, Loss: 0.24311527609825134
Batch 550/4687, Loss: 0.2512438893318176
Batch 600/4687, Loss: 0.2529721260070801
Batch 650/4687, Loss: 0.24048744142055511
Batch 700/4687, Loss: 0.2962331175804138
Batch 750/4687, Loss: 0.23607952892780304
Batch 800/4687, Loss: 0.2355945110321045
Batch 850/4687, Loss: 0.24749517440795898
Batch 900/4687, Loss: 0.23445290327072144
Batch 950/4687, Loss: 0.23677954077720642
Batch 1000/4687, Loss: 0.2231244295835495
Batch 1050/4687, Loss: 0.25093936920166016
Batch 1100/4687, Loss: 0.24543246626853943
Batch 1150/4687, Loss: 0.24068941175937653
Batch 1200/4687, Loss: 0.24911868572235107
Batch 1250/4687, Loss: 0.2456803172826767
Batch 1300/4687, Loss: 0.24257376790046692
Batch 1350/4687, Loss: 0.24268491566181183
Batch 1400/4687, Loss: 0.235601544380188
Batch 1450/4687, Loss: 0.24065496027469635
Batch 1500/4687, Loss: 0.26309847831726074
Batch 1550/4687, Loss: 0.2547754645347595
Batch 1600/4687, Loss: 0.2449980080127716
Batch 1650/4687, Loss: 0.2727733850479126
Batch 1700/4687, Loss: 0.2501623034477234
Batch 1750/4687, Loss: 0.3246749937534332
Batch 1800/4687, Loss: 0.2549007833003998
Batch 1850/4687, Loss: 0.2353072464466095
Batch 1900/4687, Loss: 0.2427828311920166
Batch 1950/4687, Loss: 0.22391420602798462
Batch 2000/4687, Loss: 0.24182020127773285
Batch 2050/4687, Loss: 0.2513858675956726
Batch 2100/4687, Loss: 0.22996626794338226
Batch 2150/4687, Loss: 0.22999346256256104
Batch 2200/4687, Loss: 0.22051692008972168
Batch 2250/4687, Loss: 0.22349587082862854
Batch 2300/4687, Loss: 0.2350088506937027
Batch 2350/4687, Loss: 0.2153935730457306
Batch 2400/4687, Loss: 0.2574794292449951
Batch 2450/4687, Loss: 0.21331965923309326
Batch 2500/4687, Loss: 0.3629111349582672
Batch 2550/4687, Loss: 0.24236980080604553
Batch 2600/4687, Loss: 0.23325800895690918
Batch 2650/4687, Loss: 0.23177391290664673
Batch 2700/4687, Loss: 0.2301158308982849
Batch 2750/4687, Loss: 0.2547520399093628
Batch 2800/4687, Loss: 0.21956264972686768
Batch 2850/4687, Loss: 0.23837244510650635
Batch 2900/4687, Loss: 0.22706183791160583
Batch 2950/4687, Loss: 0.23070672154426575
Batch 3000/4687, Loss: 0.22864797711372375
Batch 3050/4687, Loss: 0.2610732913017273
Batch 3100/4687, Loss: 0.23567670583724976
Batch 3150/4687, Loss: 0.251991868019104
Batch 3200/4687, Loss: 0.23667526245117188
Batch 3250/4687, Loss: 0.2436978965997696
Batch 3300/4687, Loss: 0.2560758590698242
Batch 3350/4687, Loss: 0.23045924305915833
Batch 3400/4687, Loss: 0.23821912705898285
Batch 3450/4687, Loss: 0.22207216918468475
Batch 3500/4687, Loss: 0.23230469226837158
Batch 3550/4687, Loss: 0.25994980335235596
Batch 3600/4687, Loss: 0.22748249769210815
Batch 3650/4687, Loss: 0.2524932622909546
Batch 3700/4687, Loss: 0.241994246840477
Batch 3750/4687, Loss: 0.24287939071655273
Batch 3800/4687, Loss: 0.22349898517131805
Batch 3850/4687, Loss: 0.23194386065006256
Batch 3900/4687, Loss: 0.24347391724586487
Batch 3950/4687, Loss: 0.23292085528373718
Batch 4000/4687, Loss: 0.24725213646888733
Batch 4050/4687, Loss: 0.22021141648292542
Batch 4100/4687, Loss: 0.2535344064235687
Batch 4150/4687, Loss: 0.23361162841320038
Batch 4200/4687, Loss: 0.2472350001335144
Batch 4250/4687, Loss: 0.22778742015361786
Batch 4300/4687, Loss: 0.24112001061439514
Batch 4350/4687, Loss: 0.25965574383735657
Batch 4400/4687, Loss: 0.24902984499931335
Batch 4450/4687, Loss: 0.25655147433280945
Batch 4500/4687, Loss: 0.2506026029586792
Batch 4550/4687, Loss: 0.23352861404418945
Batch 4600/4687, Loss: 0.25200194120407104
Batch 4650/4687, Loss: 0.2204650342464447

Start of epoch 89
Batch 0/4687, Loss: 0.26970797777175903
Batch 50/4687, Loss: 0.26540061831474304
Batch 100/4687, Loss: 0.22816023230552673
Batch 150/4687, Loss: 0.21724092960357666
Batch 200/4687, Loss: 0.22046664357185364
Batch 250/4687, Loss: 0.2559538185596466
Batch 300/4687, Loss: 0.2288895547389984
Batch 350/4687, Loss: 0.23175135254859924
Batch 400/4687, Loss: 0.23582130670547485
Batch 450/4687, Loss: 0.24803279340267181
Batch 500/4687, Loss: 0.23266790807247162
Batch 550/4687, Loss: 0.2657163739204407
Batch 600/4687, Loss: 0.2467271238565445
Batch 650/4687, Loss: 0.22160837054252625
Batch 700/4687, Loss: 0.23583869636058807
Batch 750/4687, Loss: 0.26396894454956055
Batch 800/4687, Loss: 0.24825653433799744
Batch 850/4687, Loss: 0.2320077121257782
Batch 900/4687, Loss: 0.2510741353034973
Batch 950/4687, Loss: 0.2558637261390686
Batch 1000/4687, Loss: 0.22528085112571716
Batch 1050/4687, Loss: 0.2438836395740509
Batch 1100/4687, Loss: 0.24139565229415894
Batch 1150/4687, Loss: 0.24276354908943176
Batch 1200/4687, Loss: 0.2250780463218689
Batch 1250/4687, Loss: 0.22896075248718262
Batch 1300/4687, Loss: 0.23821932077407837
Batch 1350/4687, Loss: 0.22942429780960083
Batch 1400/4687, Loss: 0.23971772193908691
Batch 1450/4687, Loss: 0.23228032886981964
Batch 1500/4687, Loss: 0.22955656051635742
Batch 1550/4687, Loss: 0.2401600331068039
Batch 1600/4687, Loss: 0.22908024489879608
Batch 1650/4687, Loss: 0.2289552241563797
Batch 1700/4687, Loss: 0.23723351955413818
Batch 1750/4687, Loss: 0.2546205222606659
Batch 1800/4687, Loss: 0.2798016667366028
Batch 1850/4687, Loss: 0.28512850403785706
Batch 1900/4687, Loss: 0.2211841344833374
Batch 1950/4687, Loss: 0.23790933191776276
Batch 2000/4687, Loss: 0.22200161218643188
Batch 2050/4687, Loss: 0.25328242778778076
Batch 2100/4687, Loss: 0.2454252392053604
Batch 2150/4687, Loss: 0.2361832559108734
Batch 2200/4687, Loss: 0.2318834513425827
Batch 2250/4687, Loss: 0.2226300984621048
Batch 2300/4687, Loss: 0.22458341717720032
Batch 2350/4687, Loss: 0.23326392471790314
Batch 2400/4687, Loss: 0.24065500497817993
Batch 2450/4687, Loss: 0.249759703874588
Batch 2500/4687, Loss: 0.23037247359752655
Batch 2550/4687, Loss: 0.23265418410301208
Batch 2600/4687, Loss: 0.2506805956363678
Batch 2650/4687, Loss: 0.2379714548587799
Batch 2700/4687, Loss: 0.2338935136795044
Batch 2750/4687, Loss: 0.23241236805915833
Batch 2800/4687, Loss: 0.2348010241985321
Batch 2850/4687, Loss: 0.23899850249290466
Batch 2900/4687, Loss: 0.23054954409599304
Batch 2950/4687, Loss: 0.24111203849315643
Batch 3000/4687, Loss: 0.22400334477424622
Batch 3050/4687, Loss: 0.23722681403160095
Batch 3100/4687, Loss: 0.26001206040382385
Batch 3150/4687, Loss: 0.24278967082500458
Batch 3200/4687, Loss: 0.2123909592628479
Batch 3250/4687, Loss: 0.2248499095439911
Batch 3300/4687, Loss: 0.23858094215393066
Batch 3350/4687, Loss: 0.2165927290916443
Batch 3400/4687, Loss: 0.232884019613266
Batch 3450/4687, Loss: 0.22649604082107544
Batch 3500/4687, Loss: 0.22548189759254456
Batch 3550/4687, Loss: 0.23966087400913239
Batch 3600/4687, Loss: 0.23126569390296936
Batch 3650/4687, Loss: 0.2301226705312729
Batch 3700/4687, Loss: 0.2568117082118988
Batch 3750/4687, Loss: 0.22223538160324097
Batch 3800/4687, Loss: 0.221236452460289
Batch 3850/4687, Loss: 0.23756790161132812
Batch 3900/4687, Loss: 0.2219647467136383
Batch 3950/4687, Loss: 0.2235325127840042
Batch 4000/4687, Loss: 0.2499702274799347
Batch 4050/4687, Loss: 0.23136115074157715
Batch 4100/4687, Loss: 0.2312372326850891
Batch 4150/4687, Loss: 0.22324667870998383
Batch 4200/4687, Loss: 0.22733935713768005
Batch 4250/4687, Loss: 0.2508896291255951
Batch 4300/4687, Loss: 0.23506896197795868
Batch 4350/4687, Loss: 0.23872293531894684
Batch 4400/4687, Loss: 0.23410063982009888
Batch 4450/4687, Loss: 0.23048371076583862
Batch 4500/4687, Loss: 0.2352379560470581
Batch 4550/4687, Loss: 0.2448112517595291
Batch 4600/4687, Loss: 0.24545282125473022
Batch 4650/4687, Loss: 0.2507956326007843

Start of epoch 90
Batch 0/4687, Loss: 0.231543630361557
Batch 50/4687, Loss: 0.24242104589939117
Batch 100/4687, Loss: 0.2385234385728836
Batch 150/4687, Loss: 0.24366600811481476
Batch 200/4687, Loss: 0.2508658766746521
Batch 250/4687, Loss: 0.24499720335006714
Batch 300/4687, Loss: 0.22717830538749695
Batch 350/4687, Loss: 0.23717732727527618
Batch 400/4687, Loss: 0.27770859003067017
Batch 450/4687, Loss: 0.22924765944480896
Batch 500/4687, Loss: 0.23810428380966187
Batch 550/4687, Loss: 0.24155794084072113
Batch 600/4687, Loss: 0.2237207144498825
Batch 650/4687, Loss: 0.21925893425941467
Batch 700/4687, Loss: 0.28280553221702576
Batch 750/4687, Loss: 0.22163039445877075
Batch 800/4687, Loss: 0.2352045476436615
Batch 850/4687, Loss: 0.22584125399589539
Batch 900/4687, Loss: 0.21677105128765106
Batch 950/4687, Loss: 0.23717354238033295
Batch 1000/4687, Loss: 0.21179452538490295
Batch 1050/4687, Loss: 0.2156708687543869
Batch 1100/4687, Loss: 0.24302226305007935
Batch 1150/4687, Loss: 0.22702443599700928
Batch 1200/4687, Loss: 0.21862654387950897
Batch 1250/4687, Loss: 0.2458641529083252
Batch 1300/4687, Loss: 0.2673180103302002
Batch 1350/4687, Loss: 0.23798425495624542
Batch 1400/4687, Loss: 0.23061297833919525
Batch 1450/4687, Loss: 0.22084271907806396
Batch 1500/4687, Loss: 0.23007863759994507
Batch 1550/4687, Loss: 0.234273761510849
Batch 1600/4687, Loss: 0.23319371044635773
Batch 1650/4687, Loss: 0.24034202098846436
Batch 1700/4687, Loss: 0.25257569551467896
Batch 1750/4687, Loss: 0.241838738322258
Batch 1800/4687, Loss: 0.27327248454093933
Batch 1850/4687, Loss: 0.24180224537849426
Batch 1900/4687, Loss: 0.23138371109962463
Batch 1950/4687, Loss: 0.2363203465938568
Batch 2000/4687, Loss: 0.3016732931137085
Batch 2050/4687, Loss: 0.23657861351966858
Batch 2100/4687, Loss: 0.22813944518566132
Batch 2150/4687, Loss: 0.23256275057792664
Batch 2200/4687, Loss: 0.23225757479667664
Batch 2250/4687, Loss: 0.2373456507921219
Batch 2300/4687, Loss: 0.25891658663749695
Batch 2350/4687, Loss: 0.24022087454795837
Batch 2400/4687, Loss: 0.2386188805103302
Batch 2450/4687, Loss: 0.24229799211025238
Batch 2500/4687, Loss: 0.2442953735589981
Batch 2550/4687, Loss: 0.2562751770019531
Batch 2600/4687, Loss: 0.33184677362442017
Batch 2650/4687, Loss: 0.2216067761182785
Batch 2700/4687, Loss: 0.226365327835083
Batch 2750/4687, Loss: 0.23077352344989777
Batch 2800/4687, Loss: 0.25360557436943054
Batch 2850/4687, Loss: 0.23433062434196472
Batch 2900/4687, Loss: 0.23625047504901886
Batch 2950/4687, Loss: 0.23816131055355072
Batch 3000/4687, Loss: 0.26042985916137695
Batch 3050/4687, Loss: 0.21976260840892792
Batch 3100/4687, Loss: 0.24570955336093903
Batch 3150/4687, Loss: 0.23476353287696838
Batch 3200/4687, Loss: 0.24619102478027344
Batch 3250/4687, Loss: 0.24401438236236572
Batch 3300/4687, Loss: 0.2221938669681549
Batch 3350/4687, Loss: 0.23580709099769592
Batch 3400/4687, Loss: 0.22363178431987762
Batch 3450/4687, Loss: 0.25744834542274475
Batch 3500/4687, Loss: 0.25996890664100647
Batch 3550/4687, Loss: 0.24035345017910004
Batch 3600/4687, Loss: 0.24452689290046692
Batch 3650/4687, Loss: 0.23240354657173157
Batch 3700/4687, Loss: 0.2522045373916626
Batch 3750/4687, Loss: 0.23325827717781067
Batch 3800/4687, Loss: 0.22781963646411896
Batch 3850/4687, Loss: 0.22980135679244995
Batch 3900/4687, Loss: 0.23568204045295715
Batch 3950/4687, Loss: 0.2287677824497223
Batch 4000/4687, Loss: 0.25353819131851196
Batch 4050/4687, Loss: 0.27084246277809143
Batch 4100/4687, Loss: 0.2740887403488159
Batch 4150/4687, Loss: 0.25418293476104736
Batch 4200/4687, Loss: 0.24198707938194275
Batch 4250/4687, Loss: 0.20990367233753204
Batch 4300/4687, Loss: 0.2503297030925751
Batch 4350/4687, Loss: 0.23699486255645752
Batch 4400/4687, Loss: 0.26031073927879333
Batch 4450/4687, Loss: 0.24027720093727112
Batch 4500/4687, Loss: 0.2404830902814865
Batch 4550/4687, Loss: 0.2419523000717163
Batch 4600/4687, Loss: 0.3406660556793213
Batch 4650/4687, Loss: 0.2521347403526306

Start of epoch 91
Batch 0/4687, Loss: 0.22665494680404663
Batch 50/4687, Loss: 0.22531066834926605
Batch 100/4687, Loss: 0.2306063324213028
Batch 150/4687, Loss: 0.2167961597442627
Batch 200/4687, Loss: 0.23152998089790344
Batch 250/4687, Loss: 0.2274206280708313
Batch 300/4687, Loss: 0.238470196723938
Batch 350/4687, Loss: 0.2625404894351959
Batch 400/4687, Loss: 0.22711098194122314
Batch 450/4687, Loss: 0.2174268662929535
Batch 500/4687, Loss: 0.24878151714801788
Batch 550/4687, Loss: 0.2235138863325119
Batch 600/4687, Loss: 0.2367856800556183
Batch 650/4687, Loss: 0.22596189379692078
Batch 700/4687, Loss: 0.24925652146339417
Batch 750/4687, Loss: 0.23738639056682587
Batch 800/4687, Loss: 0.2138807624578476
Batch 850/4687, Loss: 0.22362834215164185
Batch 900/4687, Loss: 0.22588911652565002
Batch 950/4687, Loss: 0.23126664757728577
Batch 1000/4687, Loss: 0.23470759391784668
Batch 1050/4687, Loss: 0.2328869104385376
Batch 1100/4687, Loss: 0.2290010303258896
Batch 1150/4687, Loss: 0.2306113839149475
Batch 1200/4687, Loss: 0.21184542775154114
Batch 1250/4687, Loss: 0.24542942643165588
Batch 1300/4687, Loss: 0.2465706616640091
Batch 1350/4687, Loss: 0.23252566158771515
Batch 1400/4687, Loss: 0.24236087501049042
Batch 1450/4687, Loss: 0.25694748759269714
Batch 1500/4687, Loss: 0.2344377189874649
Batch 1550/4687, Loss: 0.2527807950973511
Batch 1600/4687, Loss: 0.22929462790489197
Batch 1650/4687, Loss: 0.24005597829818726
Batch 1700/4687, Loss: 0.22748973965644836
Batch 1750/4687, Loss: 0.24161437153816223
Batch 1800/4687, Loss: 0.2424192726612091
Batch 1850/4687, Loss: 0.24366170167922974
Batch 1900/4687, Loss: 0.23987455666065216
Batch 1950/4687, Loss: 0.2189425528049469
Batch 2000/4687, Loss: 0.2373591661453247
Batch 2050/4687, Loss: 0.23788467049598694
Batch 2100/4687, Loss: 0.25671833753585815
Batch 2150/4687, Loss: 0.22535914182662964
Batch 2200/4687, Loss: 0.23385058343410492
Batch 2250/4687, Loss: 0.25078126788139343
Batch 2300/4687, Loss: 0.2574370801448822
Batch 2350/4687, Loss: 0.2265179306268692
Batch 2400/4687, Loss: 0.23469549417495728
Batch 2450/4687, Loss: 0.23439247906208038
Batch 2500/4687, Loss: 0.2617955505847931
Batch 2550/4687, Loss: 0.23640356957912445
Batch 2600/4687, Loss: 0.23071947693824768
Batch 2650/4687, Loss: 0.23365573585033417
Batch 2700/4687, Loss: 0.23304760456085205
Batch 2750/4687, Loss: 0.23859938979148865
Batch 2800/4687, Loss: 0.24099591374397278
Batch 2850/4687, Loss: 0.23470640182495117
Batch 2900/4687, Loss: 0.23727641999721527
Batch 2950/4687, Loss: 0.25152549147605896
Batch 3000/4687, Loss: 0.2352258712053299
Batch 3050/4687, Loss: 0.24045848846435547
Batch 3100/4687, Loss: 0.26194047927856445
Batch 3150/4687, Loss: 0.2778128981590271
Batch 3200/4687, Loss: 0.237426295876503
Batch 3250/4687, Loss: 0.23285214602947235
Batch 3300/4687, Loss: 0.2270328551530838
Batch 3350/4687, Loss: 0.2332446575164795
Batch 3400/4687, Loss: 0.22576302289962769
Batch 3450/4687, Loss: 0.30446624755859375
Batch 3500/4687, Loss: 0.26657021045684814
Batch 3550/4687, Loss: 0.22607403993606567
Batch 3600/4687, Loss: 0.2489147186279297
Batch 3650/4687, Loss: 0.23781415820121765
Batch 3700/4687, Loss: 0.2392423450946808
Batch 3750/4687, Loss: 0.25795283913612366
Batch 3800/4687, Loss: 0.22047023475170135
Batch 3850/4687, Loss: 0.24479703605175018
Batch 3900/4687, Loss: 0.25108566880226135
Batch 3950/4687, Loss: 0.23509672284126282
Batch 4000/4687, Loss: 0.2154114544391632
Batch 4050/4687, Loss: 0.23642069101333618
Batch 4100/4687, Loss: 0.2437215894460678
Batch 4150/4687, Loss: 0.23359672725200653
Batch 4200/4687, Loss: 0.22962908446788788
Batch 4250/4687, Loss: 0.22502435743808746
Batch 4300/4687, Loss: 0.2910752594470978
Batch 4350/4687, Loss: 0.2485368847846985
Batch 4400/4687, Loss: 0.2525102198123932
Batch 4450/4687, Loss: 0.24018467962741852
Batch 4500/4687, Loss: 0.2284160554409027
Batch 4550/4687, Loss: 0.2407209873199463
Batch 4600/4687, Loss: 0.24411770701408386
Batch 4650/4687, Loss: 0.24055473506450653

Start of epoch 92
Batch 0/4687, Loss: 0.24464555084705353
Batch 50/4687, Loss: 0.23163434863090515
Batch 100/4687, Loss: 0.26638922095298767
Batch 150/4687, Loss: 0.25381821393966675
Batch 200/4687, Loss: 0.20792007446289062
Batch 250/4687, Loss: 0.2534025013446808
Batch 300/4687, Loss: 0.2367868423461914
Batch 350/4687, Loss: 0.24924257397651672
Batch 400/4687, Loss: 0.25316789746284485
Batch 450/4687, Loss: 0.22714437544345856
Batch 500/4687, Loss: 0.22990557551383972
Batch 550/4687, Loss: 0.23722711205482483
Batch 600/4687, Loss: 0.23615171015262604
Batch 650/4687, Loss: 0.23188629746437073
Batch 700/4687, Loss: 0.22917431592941284
Batch 750/4687, Loss: 0.2648538053035736
Batch 800/4687, Loss: 0.25099125504493713
Batch 850/4687, Loss: 0.21483707427978516
Batch 900/4687, Loss: 0.254575252532959
Batch 950/4687, Loss: 0.23375356197357178
Batch 1000/4687, Loss: 0.24214528501033783
Batch 1050/4687, Loss: 0.25676634907722473
Batch 1100/4687, Loss: 0.22419597208499908
Batch 1150/4687, Loss: 0.25881558656692505
Batch 1200/4687, Loss: 0.22519737482070923
Batch 1250/4687, Loss: 0.22330790758132935
Batch 1300/4687, Loss: 0.34856587648391724
Batch 1350/4687, Loss: 0.2358267605304718
Batch 1400/4687, Loss: 0.2357662320137024
Batch 1450/4687, Loss: 0.24585403501987457
Batch 1500/4687, Loss: 0.24390344321727753
Batch 1550/4687, Loss: 0.23242083191871643
Batch 1600/4687, Loss: 0.22802236676216125
Batch 1650/4687, Loss: 0.2520916759967804
Batch 1700/4687, Loss: 0.2386961579322815
Batch 1750/4687, Loss: 0.2458178997039795
Batch 1800/4687, Loss: 0.23696216940879822
Batch 1850/4687, Loss: 0.23096521198749542
Batch 1900/4687, Loss: 0.23714901506900787
Batch 1950/4687, Loss: 0.22290576994419098
Batch 2000/4687, Loss: 0.24737265706062317
Batch 2050/4687, Loss: 0.23927290737628937
Batch 2100/4687, Loss: 0.22270482778549194
Batch 2150/4687, Loss: 0.2452184557914734
Batch 2200/4687, Loss: 0.24013763666152954
Batch 2250/4687, Loss: 0.25416067242622375
Batch 2300/4687, Loss: 0.21794959902763367
Batch 2350/4687, Loss: 0.22970277070999146
Batch 2400/4687, Loss: 0.23254737257957458
Batch 2450/4687, Loss: 0.24385707080364227
Batch 2500/4687, Loss: 0.211520254611969
Batch 2550/4687, Loss: 0.23951159417629242
Batch 2600/4687, Loss: 0.2404162883758545
Batch 2650/4687, Loss: 0.25883352756500244
Batch 2700/4687, Loss: 0.23725908994674683
Batch 2750/4687, Loss: 0.23558682203292847
Batch 2800/4687, Loss: 0.24451944231987
Batch 2850/4687, Loss: 0.25219157338142395
Batch 2900/4687, Loss: 0.2353282868862152
Batch 2950/4687, Loss: 0.25040823221206665
Batch 3000/4687, Loss: 0.24444611370563507
Batch 3050/4687, Loss: 0.2376355230808258
Batch 3100/4687, Loss: 0.2272515445947647
Batch 3150/4687, Loss: 0.21657094359397888
Batch 3200/4687, Loss: 0.22982922196388245
Batch 3250/4687, Loss: 0.22148656845092773
Batch 3300/4687, Loss: 0.2330382615327835
Batch 3350/4687, Loss: 0.2489568591117859
Batch 3400/4687, Loss: 0.28786569833755493
Batch 3450/4687, Loss: 0.2269570231437683
Batch 3500/4687, Loss: 0.22749681770801544
Batch 3550/4687, Loss: 0.23935453593730927
Batch 3600/4687, Loss: 0.23437368869781494
Batch 3650/4687, Loss: 0.2457244098186493
Batch 3700/4687, Loss: 0.24710167944431305
Batch 3750/4687, Loss: 0.23804479837417603
Batch 3800/4687, Loss: 0.23822399973869324
Batch 3850/4687, Loss: 0.2317715734243393
Batch 3900/4687, Loss: 0.24253003299236298
Batch 3950/4687, Loss: 0.22901728749275208
Batch 4000/4687, Loss: 0.22974607348442078
Batch 4050/4687, Loss: 0.23586463928222656
Batch 4100/4687, Loss: 0.2224075198173523
Batch 4150/4687, Loss: 0.2611408233642578
Batch 4200/4687, Loss: 0.22020037472248077
Batch 4250/4687, Loss: 0.21740974485874176
Batch 4300/4687, Loss: 0.23282265663146973
Batch 4350/4687, Loss: 0.22863580286502838
Batch 4400/4687, Loss: 0.23551854491233826
Batch 4450/4687, Loss: 0.2371603101491928
Batch 4500/4687, Loss: 0.22839510440826416
Batch 4550/4687, Loss: 0.2514587640762329
Batch 4600/4687, Loss: 0.23727098107337952
Batch 4650/4687, Loss: 0.23473158478736877

Start of epoch 93
Batch 0/4687, Loss: 0.23736310005187988
Batch 50/4687, Loss: 0.22870536148548126
Batch 100/4687, Loss: 0.23679250478744507
Batch 150/4687, Loss: 0.23600083589553833
Batch 200/4687, Loss: 0.23061348497867584
Batch 250/4687, Loss: 0.36156296730041504
Batch 300/4687, Loss: 0.2404288947582245
Batch 350/4687, Loss: 0.21977606415748596
Batch 400/4687, Loss: 0.23425829410552979
Batch 450/4687, Loss: 0.24167558550834656
Batch 500/4687, Loss: 0.2315349578857422
Batch 550/4687, Loss: 0.23916909098625183
Batch 600/4687, Loss: 0.25044530630111694
Batch 650/4687, Loss: 0.22412732243537903
Batch 700/4687, Loss: 0.22989477217197418
Batch 750/4687, Loss: 0.2641642689704895
Batch 800/4687, Loss: 0.23770493268966675
Batch 850/4687, Loss: 0.23344044387340546
Batch 900/4687, Loss: 0.2406870275735855
Batch 950/4687, Loss: 0.27352848649024963
Batch 1000/4687, Loss: 0.2468239963054657
Batch 1050/4687, Loss: 0.2372550666332245
Batch 1100/4687, Loss: 0.23786737024784088
Batch 1150/4687, Loss: 0.23667854070663452
Batch 1200/4687, Loss: 0.22290147840976715
Batch 1250/4687, Loss: 0.22373008728027344
Batch 1300/4687, Loss: 0.2128426730632782
Batch 1350/4687, Loss: 0.23895271122455597
Batch 1400/4687, Loss: 0.23285290598869324
Batch 1450/4687, Loss: 0.2377300262451172
Batch 1500/4687, Loss: 0.26550590991973877
Batch 1550/4687, Loss: 0.2622199058532715
Batch 1600/4687, Loss: 0.2384498119354248
Batch 1650/4687, Loss: 0.2437242567539215
Batch 1700/4687, Loss: 0.2987004518508911
Batch 1750/4687, Loss: 0.22344255447387695
Batch 1800/4687, Loss: 0.31161314249038696
Batch 1850/4687, Loss: 0.21691295504570007
Batch 1900/4687, Loss: 0.24345889687538147
Batch 1950/4687, Loss: 0.2285812348127365
Batch 2000/4687, Loss: 0.22272345423698425
Batch 2050/4687, Loss: 0.22256985306739807
Batch 2100/4687, Loss: 0.2165229320526123
Batch 2150/4687, Loss: 0.23760859668254852
Batch 2200/4687, Loss: 0.23666977882385254
Batch 2250/4687, Loss: 0.23538216948509216
Batch 2300/4687, Loss: 0.2285236269235611
Batch 2350/4687, Loss: 0.22661840915679932
Batch 2400/4687, Loss: 0.23765204846858978
Batch 2450/4687, Loss: 0.22091561555862427
Batch 2500/4687, Loss: 0.26127123832702637
Batch 2550/4687, Loss: 0.2803693413734436
Batch 2600/4687, Loss: 0.246876522898674
Batch 2650/4687, Loss: 0.2403811514377594
Batch 2700/4687, Loss: 0.2223193347454071
Batch 2750/4687, Loss: 0.2283237725496292
Batch 2800/4687, Loss: 0.23613302409648895
Batch 2850/4687, Loss: 0.254332035779953
Batch 2900/4687, Loss: 0.262077659368515
Batch 2950/4687, Loss: 0.21803605556488037
Batch 3000/4687, Loss: 0.2281409054994583
Batch 3050/4687, Loss: 0.23014004528522491
Batch 3100/4687, Loss: 0.23627561330795288
Batch 3150/4687, Loss: 0.22249838709831238
Batch 3200/4687, Loss: 0.22296977043151855
Batch 3250/4687, Loss: 0.22365741431713104
Batch 3300/4687, Loss: 0.24234524369239807
Batch 3350/4687, Loss: 0.2424960732460022
Batch 3400/4687, Loss: 0.23438918590545654
Batch 3450/4687, Loss: 0.23222455382347107
Batch 3500/4687, Loss: 0.22140274941921234
Batch 3550/4687, Loss: 0.24231943488121033
Batch 3600/4687, Loss: 0.22716575860977173
Batch 3650/4687, Loss: 0.2176188826560974
Batch 3700/4687, Loss: 0.2515081763267517
Batch 3750/4687, Loss: 0.26768308877944946
Batch 3800/4687, Loss: 0.2754000723361969
Batch 3850/4687, Loss: 0.22350235283374786
Batch 3900/4687, Loss: 0.21401062607765198
Batch 3950/4687, Loss: 0.21246665716171265
Batch 4000/4687, Loss: 0.21054451167583466
Batch 4050/4687, Loss: 0.2107917070388794
Batch 4100/4687, Loss: 0.2309652417898178
Batch 4150/4687, Loss: 0.24476972222328186
Batch 4200/4687, Loss: 0.21772360801696777
Batch 4250/4687, Loss: 0.2489178478717804
Batch 4300/4687, Loss: 0.20381173491477966
Batch 4350/4687, Loss: 0.2261025607585907
Batch 4400/4687, Loss: 0.2258700579404831
Batch 4450/4687, Loss: 0.23924419283866882
Batch 4500/4687, Loss: 0.2505088448524475
Batch 4550/4687, Loss: 0.24441400170326233
Batch 4600/4687, Loss: 0.292807012796402
Batch 4650/4687, Loss: 0.2373504638671875

Start of epoch 94
Batch 0/4687, Loss: 0.22236087918281555
Batch 50/4687, Loss: 0.22990640997886658
Batch 100/4687, Loss: 0.2111908197402954
Batch 150/4687, Loss: 0.23082737624645233
Batch 200/4687, Loss: 0.24351555109024048
Batch 250/4687, Loss: 0.26094919443130493
Batch 300/4687, Loss: 0.21781803667545319
Batch 350/4687, Loss: 0.23277166485786438
Batch 400/4687, Loss: 0.22875328361988068
Batch 450/4687, Loss: 0.24169385433197021
Batch 500/4687, Loss: 0.21091754734516144
Batch 550/4687, Loss: 0.25879859924316406
Batch 600/4687, Loss: 0.2705555856227875
Batch 650/4687, Loss: 0.2186272293329239
Batch 700/4687, Loss: 0.26490896940231323
Batch 750/4687, Loss: 0.26644963026046753
Batch 800/4687, Loss: 0.21591825783252716
Batch 850/4687, Loss: 0.23901645839214325
Batch 900/4687, Loss: 0.23396097123622894
Batch 950/4687, Loss: 0.2196713387966156
Batch 1000/4687, Loss: 0.21910704672336578
Batch 1050/4687, Loss: 0.23170387744903564
Batch 1100/4687, Loss: 0.23913094401359558
Batch 1150/4687, Loss: 0.23213206231594086
Batch 1200/4687, Loss: 0.22484759986400604
Batch 1250/4687, Loss: 0.2128124237060547
Batch 1300/4687, Loss: 0.2585766911506653
Batch 1350/4687, Loss: 0.22403711080551147
Batch 1400/4687, Loss: 0.22068127989768982
Batch 1450/4687, Loss: 0.22875282168388367
Batch 1500/4687, Loss: 0.2496640533208847
Batch 1550/4687, Loss: 0.2591155171394348
Batch 1600/4687, Loss: 0.2165786176919937
Batch 1650/4687, Loss: 0.2284294068813324
Batch 1700/4687, Loss: 0.2135886698961258
Batch 1750/4687, Loss: 0.2397027313709259
Batch 1800/4687, Loss: 0.31181588768959045
Batch 1850/4687, Loss: 0.21983686089515686
Batch 1900/4687, Loss: 0.24766746163368225
Batch 1950/4687, Loss: 0.2337217777967453
Batch 2000/4687, Loss: 0.25170138478279114
Batch 2050/4687, Loss: 0.22388042509555817
Batch 2100/4687, Loss: 0.2375498116016388
Batch 2150/4687, Loss: 0.22032953798770905
Batch 2200/4687, Loss: 0.26466694474220276
Batch 2250/4687, Loss: 0.23930703103542328
Batch 2300/4687, Loss: 0.24339714646339417
Batch 2350/4687, Loss: 0.23679529130458832
Batch 2400/4687, Loss: 0.21706224977970123
Batch 2450/4687, Loss: 0.24244460463523865
Batch 2500/4687, Loss: 0.21410419046878815
Batch 2550/4687, Loss: 0.23692171275615692
Batch 2600/4687, Loss: 0.27687913179397583
Batch 2650/4687, Loss: 0.282207190990448
Batch 2700/4687, Loss: 0.2689211964607239
Batch 2750/4687, Loss: 0.2275792807340622
Batch 2800/4687, Loss: 0.2258986532688141
Batch 2850/4687, Loss: 0.24072879552841187
Batch 2900/4687, Loss: 0.2362651526927948
Batch 2950/4687, Loss: 0.2364945113658905
Batch 3000/4687, Loss: 0.2379523515701294
Batch 3050/4687, Loss: 0.23589327931404114
Batch 3100/4687, Loss: 0.21714186668395996
Batch 3150/4687, Loss: 0.2386798858642578
Batch 3200/4687, Loss: 0.23873750865459442
Batch 3250/4687, Loss: 0.23611454665660858
Batch 3300/4687, Loss: 0.24510124325752258
Batch 3350/4687, Loss: 0.24040159583091736
Batch 3400/4687, Loss: 0.23744326829910278
Batch 3450/4687, Loss: 0.25454914569854736
Batch 3500/4687, Loss: 0.24083223938941956
Batch 3550/4687, Loss: 0.24023683369159698
Batch 3600/4687, Loss: 0.22747758030891418
Batch 3650/4687, Loss: 0.22176651656627655
Batch 3700/4687, Loss: 0.23232325911521912
Batch 3750/4687, Loss: 0.2327023446559906
Batch 3800/4687, Loss: 0.22782567143440247
Batch 3850/4687, Loss: 0.2363041490316391
Batch 3900/4687, Loss: 0.22637410461902618
Batch 3950/4687, Loss: 0.22935408353805542
Batch 4000/4687, Loss: 0.2236739695072174
Batch 4050/4687, Loss: 0.24305865168571472
Batch 4100/4687, Loss: 0.22987522184848785
Batch 4150/4687, Loss: 0.23151114583015442
Batch 4200/4687, Loss: 0.22139215469360352
Batch 4250/4687, Loss: 0.23653611540794373
Batch 4300/4687, Loss: 0.22952976822853088
Batch 4350/4687, Loss: 0.23685839772224426
Batch 4400/4687, Loss: 0.22257766127586365
Batch 4450/4687, Loss: 0.21528780460357666
Batch 4500/4687, Loss: 0.23065221309661865
Batch 4550/4687, Loss: 0.2325664609670639
Batch 4600/4687, Loss: 0.2401404231786728
Batch 4650/4687, Loss: 0.2155110239982605

Start of epoch 95
Batch 0/4687, Loss: 0.2262333780527115
Batch 50/4687, Loss: 0.23112435638904572
Batch 100/4687, Loss: 0.22602544724941254
Batch 150/4687, Loss: 0.21639946103096008
Batch 200/4687, Loss: 0.2240724116563797
Batch 250/4687, Loss: 0.2082894742488861
Batch 300/4687, Loss: 0.2256152629852295
Batch 350/4687, Loss: 0.23844870924949646
Batch 400/4687, Loss: 0.23562806844711304
Batch 450/4687, Loss: 0.244204580783844
Batch 500/4687, Loss: 0.243496373295784
Batch 550/4687, Loss: 0.2515907287597656
Batch 600/4687, Loss: 0.22669702768325806
Batch 650/4687, Loss: 0.23715822398662567
Batch 700/4687, Loss: 0.23050959408283234
Batch 750/4687, Loss: 0.2214493602514267
Batch 800/4687, Loss: 0.22530460357666016
Batch 850/4687, Loss: 0.24313730001449585
Batch 900/4687, Loss: 0.23312905430793762
Batch 950/4687, Loss: 0.2215753197669983
Batch 1000/4687, Loss: 0.22710497677326202
Batch 1050/4687, Loss: 0.22932198643684387
Batch 1100/4687, Loss: 0.23866179585456848
Batch 1150/4687, Loss: 0.23500549793243408
Batch 1200/4687, Loss: 0.2327004224061966
Batch 1250/4687, Loss: 0.22516171634197235
Batch 1300/4687, Loss: 0.2500320076942444
Batch 1350/4687, Loss: 0.22932563722133636
Batch 1400/4687, Loss: 0.25298750400543213
Batch 1450/4687, Loss: 0.2325705736875534
Batch 1500/4687, Loss: 0.2303072214126587
Batch 1550/4687, Loss: 0.2234196960926056
Batch 1600/4687, Loss: 0.22902977466583252
Batch 1650/4687, Loss: 0.2397826611995697
Batch 1700/4687, Loss: 0.23136109113693237
Batch 1750/4687, Loss: 0.22868287563323975
Batch 1800/4687, Loss: 0.2256370335817337
Batch 1850/4687, Loss: 0.22824008762836456
Batch 1900/4687, Loss: 0.2523137032985687
Batch 1950/4687, Loss: 0.23930293321609497
Batch 2000/4687, Loss: 0.24042508006095886
Batch 2050/4687, Loss: 0.26282447576522827
Batch 2100/4687, Loss: 0.2094319611787796
Batch 2150/4687, Loss: 0.21176353096961975
Batch 2200/4687, Loss: 0.23566633462905884
Batch 2250/4687, Loss: 0.2427588254213333
Batch 2300/4687, Loss: 0.22704586386680603
Batch 2350/4687, Loss: 0.2609359323978424
Batch 2400/4687, Loss: 0.26539382338523865
Batch 2450/4687, Loss: 0.23370470106601715
Batch 2500/4687, Loss: 0.22978800535202026
Batch 2550/4687, Loss: 0.2332441508769989
Batch 2600/4687, Loss: 0.24585247039794922
Batch 2650/4687, Loss: 0.2240297496318817
Batch 2700/4687, Loss: 0.2468961775302887
Batch 2750/4687, Loss: 0.2298111915588379
Batch 2800/4687, Loss: 0.24430860579013824
Batch 2850/4687, Loss: 0.23107799887657166
Batch 2900/4687, Loss: 0.24943937361240387
Batch 2950/4687, Loss: 0.24368752539157867
Batch 3000/4687, Loss: 0.242721289396286
Batch 3050/4687, Loss: 0.21356025338172913
Batch 3100/4687, Loss: 0.23159022629261017
Batch 3150/4687, Loss: 0.23800519108772278
Batch 3200/4687, Loss: 0.22293958067893982
Batch 3250/4687, Loss: 0.224104642868042
Batch 3300/4687, Loss: 0.2769245505332947
Batch 3350/4687, Loss: 0.2521006464958191
Batch 3400/4687, Loss: 0.24175772070884705
Batch 3450/4687, Loss: 0.22164419293403625
Batch 3500/4687, Loss: 0.23260368406772614
Batch 3550/4687, Loss: 0.2640511691570282
Batch 3600/4687, Loss: 0.24582388997077942
Batch 3650/4687, Loss: 0.23711220920085907
Batch 3700/4687, Loss: 0.21304671466350555
Batch 3750/4687, Loss: 0.2091180980205536
Batch 3800/4687, Loss: 0.22429507970809937
Batch 3850/4687, Loss: 0.22325631976127625
Batch 3900/4687, Loss: 0.25519368052482605
Batch 3950/4687, Loss: 0.21561187505722046
Batch 4000/4687, Loss: 0.21434657275676727
Batch 4050/4687, Loss: 0.25838181376457214
Batch 4100/4687, Loss: 0.28447383642196655
Batch 4150/4687, Loss: 0.2666851282119751
Batch 4200/4687, Loss: 0.24614208936691284
Batch 4250/4687, Loss: 0.2463061660528183
Batch 4300/4687, Loss: 0.22402474284172058
Batch 4350/4687, Loss: 0.2353934645652771
Batch 4400/4687, Loss: 0.2671685218811035
Batch 4450/4687, Loss: 0.2362966239452362
Batch 4500/4687, Loss: 0.23079144954681396
Batch 4550/4687, Loss: 0.22390350699424744
Batch 4600/4687, Loss: 0.22654372453689575
Batch 4650/4687, Loss: 0.2694237232208252

Start of epoch 96
Batch 0/4687, Loss: 0.24045729637145996
Batch 50/4687, Loss: 0.23238064348697662
Batch 100/4687, Loss: 0.24198713898658752
Batch 150/4687, Loss: 0.22792372107505798
Batch 200/4687, Loss: 0.22842726111412048
Batch 250/4687, Loss: 0.2470802664756775
Batch 300/4687, Loss: 0.23884262144565582
Batch 350/4687, Loss: 0.24260616302490234
Batch 400/4687, Loss: 0.21964019536972046
Batch 450/4687, Loss: 0.24143323302268982
Batch 500/4687, Loss: 0.2293957620859146
Batch 550/4687, Loss: 0.24399425089359283
Batch 600/4687, Loss: 0.24746516346931458
Batch 650/4687, Loss: 0.22640785574913025
Batch 700/4687, Loss: 0.2269389033317566
Batch 750/4687, Loss: 0.20902791619300842
Batch 800/4687, Loss: 0.21868638694286346
Batch 850/4687, Loss: 0.23527823388576508
Batch 900/4687, Loss: 0.22172202169895172
Batch 950/4687, Loss: 0.25001060962677
Batch 1000/4687, Loss: 0.23247456550598145
Batch 1050/4687, Loss: 0.24662387371063232
Batch 1100/4687, Loss: 0.23226433992385864
Batch 1150/4687, Loss: 0.24768663942813873
Batch 1200/4687, Loss: 0.22508588433265686
Batch 1250/4687, Loss: 0.22006617486476898
Batch 1300/4687, Loss: 0.23156225681304932
Batch 1350/4687, Loss: 0.29512184858322144
Batch 1400/4687, Loss: 0.23842845857143402
Batch 1450/4687, Loss: 0.243691548705101
Batch 1500/4687, Loss: 0.2383711338043213
Batch 1550/4687, Loss: 0.24068164825439453
Batch 1600/4687, Loss: 0.2373451441526413
Batch 1650/4687, Loss: 0.21078643202781677
Batch 1700/4687, Loss: 0.22525253891944885
Batch 1750/4687, Loss: 0.2176811546087265
Batch 1800/4687, Loss: 0.23179098963737488
Batch 1850/4687, Loss: 0.24891585111618042
Batch 1900/4687, Loss: 0.22254014015197754
Batch 1950/4687, Loss: 0.24195921421051025
Batch 2000/4687, Loss: 0.21871188282966614
Batch 2050/4687, Loss: 0.22687175869941711
Batch 2100/4687, Loss: 0.23296374082565308
Batch 2150/4687, Loss: 0.23134054243564606
Batch 2200/4687, Loss: 0.2303202748298645
Batch 2250/4687, Loss: 0.22143805027008057
Batch 2300/4687, Loss: 0.23485958576202393
Batch 2350/4687, Loss: 0.2095465511083603
Batch 2400/4687, Loss: 0.24319849908351898
Batch 2450/4687, Loss: 0.21724626421928406
Batch 2500/4687, Loss: 0.2478581815958023
Batch 2550/4687, Loss: 0.2284816950559616
Batch 2600/4687, Loss: 0.2317734807729721
Batch 2650/4687, Loss: 0.27056729793548584
Batch 2700/4687, Loss: 0.2162264585494995
Batch 2750/4687, Loss: 0.2375839650630951
Batch 2800/4687, Loss: 0.23334096372127533
Batch 2850/4687, Loss: 0.26575514674186707
Batch 2900/4687, Loss: 0.2323809415102005
Batch 2950/4687, Loss: 0.26484215259552
Batch 3000/4687, Loss: 0.23290212452411652
Batch 3050/4687, Loss: 0.24148905277252197
Batch 3100/4687, Loss: 0.21915793418884277
Batch 3150/4687, Loss: 0.22865016758441925
Batch 3200/4687, Loss: 0.22364678978919983
Batch 3250/4687, Loss: 0.2361491322517395
Batch 3300/4687, Loss: 0.22700828313827515
Batch 3350/4687, Loss: 0.22951442003250122
Batch 3400/4687, Loss: 0.2390623390674591
Batch 3450/4687, Loss: 0.23111876845359802
Batch 3500/4687, Loss: 0.21596355736255646
Batch 3550/4687, Loss: 0.22776488959789276
Batch 3600/4687, Loss: 0.237706258893013
Batch 3650/4687, Loss: 0.20507986843585968
Batch 3700/4687, Loss: 0.24948222935199738
Batch 3750/4687, Loss: 0.2226872742176056
Batch 3800/4687, Loss: 0.24776078760623932
Batch 3850/4687, Loss: 0.23931796848773956
Batch 3900/4687, Loss: 0.22738607227802277
Batch 3950/4687, Loss: 0.234183669090271
Batch 4000/4687, Loss: 0.23585715889930725
Batch 4050/4687, Loss: 0.25629204511642456
Batch 4100/4687, Loss: 0.24897901713848114
Batch 4150/4687, Loss: 0.23621970415115356
Batch 4200/4687, Loss: 0.227988138794899
Batch 4250/4687, Loss: 0.2213524430990219
Batch 4300/4687, Loss: 0.23381787538528442
Batch 4350/4687, Loss: 0.24647696316242218
Batch 4400/4687, Loss: 0.2307787537574768
Batch 4450/4687, Loss: 0.2527351379394531
Batch 4500/4687, Loss: 0.2171744406223297
Batch 4550/4687, Loss: 0.23975901305675507
Batch 4600/4687, Loss: 0.26583272218704224
Batch 4650/4687, Loss: 0.2492738664150238

Start of epoch 97
Batch 0/4687, Loss: 0.241113543510437
Batch 50/4687, Loss: 0.2239065170288086
Batch 100/4687, Loss: 0.2586899697780609
Batch 150/4687, Loss: 0.23200784623622894
Batch 200/4687, Loss: 0.23811542987823486
Batch 250/4687, Loss: 0.2318941056728363
Batch 300/4687, Loss: 0.2311249077320099
Batch 350/4687, Loss: 0.25581884384155273
Batch 400/4687, Loss: 0.25255087018013
Batch 450/4687, Loss: 0.22788962721824646
Batch 500/4687, Loss: 0.2228659987449646
Batch 550/4687, Loss: 0.24130335450172424
Batch 600/4687, Loss: 0.22252897918224335
Batch 650/4687, Loss: 0.21093371510505676
Batch 700/4687, Loss: 0.24396589398384094
Batch 750/4687, Loss: 0.21229153871536255
Batch 800/4687, Loss: 0.2518576383590698
Batch 850/4687, Loss: 0.22143107652664185
Batch 900/4687, Loss: 0.22626106441020966
Batch 950/4687, Loss: 0.2629585564136505
Batch 1000/4687, Loss: 0.21430905163288116
Batch 1050/4687, Loss: 0.21076634526252747
Batch 1100/4687, Loss: 0.2255379855632782
Batch 1150/4687, Loss: 0.23686014115810394
Batch 1200/4687, Loss: 0.23089371621608734
Batch 1250/4687, Loss: 0.29156261682510376
Batch 1300/4687, Loss: 0.23653176426887512
Batch 1350/4687, Loss: 0.22336135804653168
Batch 1400/4687, Loss: 0.22635449469089508
Batch 1450/4687, Loss: 0.24465471506118774
Batch 1500/4687, Loss: 0.22974568605422974
Batch 1550/4687, Loss: 0.24513188004493713
Batch 1600/4687, Loss: 0.22566546499729156
Batch 1650/4687, Loss: 0.2263173907995224
Batch 1700/4687, Loss: 0.21887090802192688
Batch 1750/4687, Loss: 0.2143288105726242
Batch 1800/4687, Loss: 0.24489934742450714
Batch 1850/4687, Loss: 0.22469666600227356
Batch 1900/4687, Loss: 0.22548744082450867
Batch 1950/4687, Loss: 0.2406398355960846
Batch 2000/4687, Loss: 0.24542921781539917
Batch 2050/4687, Loss: 0.23989003896713257
Batch 2100/4687, Loss: 0.24065305292606354
Batch 2150/4687, Loss: 0.2535914480686188
Batch 2200/4687, Loss: 0.2093822956085205
Batch 2250/4687, Loss: 0.2246939241886139
Batch 2300/4687, Loss: 0.23411980271339417
Batch 2350/4687, Loss: 0.27613818645477295
Batch 2400/4687, Loss: 0.20414729416370392
Batch 2450/4687, Loss: 0.30230411887168884
Batch 2500/4687, Loss: 0.23276643455028534
Batch 2550/4687, Loss: 0.225047305226326
Batch 2600/4687, Loss: 0.2283199280500412
Batch 2650/4687, Loss: 0.23207920789718628
Batch 2700/4687, Loss: 0.22340701520442963
Batch 2750/4687, Loss: 0.21815812587738037
Batch 2800/4687, Loss: 0.23483650386333466
Batch 2850/4687, Loss: 0.2408970147371292
Batch 2900/4687, Loss: 0.23169907927513123
Batch 2950/4687, Loss: 0.22383615374565125
Batch 3000/4687, Loss: 0.23819994926452637
Batch 3050/4687, Loss: 0.23159760236740112
Batch 3100/4687, Loss: 0.2278263419866562
Batch 3150/4687, Loss: 0.24619311094284058
Batch 3200/4687, Loss: 0.22913528978824615
Batch 3250/4687, Loss: 0.2688640356063843
Batch 3300/4687, Loss: 0.23274409770965576
Batch 3350/4687, Loss: 0.21364372968673706
Batch 3400/4687, Loss: 0.2230064868927002
Batch 3450/4687, Loss: 0.22072571516036987
Batch 3500/4687, Loss: 0.2530876100063324
Batch 3550/4687, Loss: 0.23777279257774353
Batch 3600/4687, Loss: 0.23435989022254944
Batch 3650/4687, Loss: 0.2538498342037201
Batch 3700/4687, Loss: 0.22753676772117615
Batch 3750/4687, Loss: 0.21584150195121765
Batch 3800/4687, Loss: 0.22633673250675201
Batch 3850/4687, Loss: 0.23084478080272675
Batch 3900/4687, Loss: 0.2602938115596771
Batch 3950/4687, Loss: 0.23461052775382996
Batch 4000/4687, Loss: 0.2424095720052719
Batch 4050/4687, Loss: 0.2313331812620163
Batch 4100/4687, Loss: 0.2352466881275177
Batch 4150/4687, Loss: 0.2556954622268677
Batch 4200/4687, Loss: 0.2575424313545227
Batch 4250/4687, Loss: 0.21803782880306244
Batch 4300/4687, Loss: 0.22745880484580994
Batch 4350/4687, Loss: 0.22700361907482147
Batch 4400/4687, Loss: 0.22907741367816925
Batch 4450/4687, Loss: 0.24570401012897491
Batch 4500/4687, Loss: 0.23391294479370117
Batch 4550/4687, Loss: 0.22532925009727478
Batch 4600/4687, Loss: 0.25240546464920044
Batch 4650/4687, Loss: 0.23944658041000366

Start of epoch 98
Batch 0/4687, Loss: 0.2260555922985077
Batch 50/4687, Loss: 0.23941883444786072
Batch 100/4687, Loss: 0.24428027868270874
Batch 150/4687, Loss: 0.2270413637161255
Batch 200/4687, Loss: 0.23356954753398895
Batch 250/4687, Loss: 0.22064965963363647
Batch 300/4687, Loss: 0.21758829057216644
Batch 350/4687, Loss: 0.22910942137241364
Batch 400/4687, Loss: 0.21840105950832367
Batch 450/4687, Loss: 0.23693323135375977
Batch 500/4687, Loss: 0.22143685817718506
Batch 550/4687, Loss: 0.2134132832288742
Batch 600/4687, Loss: 0.21035608649253845
Batch 650/4687, Loss: 0.22976870834827423
Batch 700/4687, Loss: 0.3488025665283203
Batch 750/4687, Loss: 0.225363627076149
Batch 800/4687, Loss: 0.2165188193321228
Batch 850/4687, Loss: 0.2437886893749237
Batch 900/4687, Loss: 0.22069400548934937
Batch 950/4687, Loss: 0.23614901304244995
Batch 1000/4687, Loss: 0.2113179862499237
Batch 1050/4687, Loss: 0.23105525970458984
Batch 1100/4687, Loss: 0.24433942139148712
Batch 1150/4687, Loss: 0.24368014931678772
Batch 1200/4687, Loss: 0.22029589116573334
Batch 1250/4687, Loss: 0.21206873655319214
Batch 1300/4687, Loss: 0.2404404580593109
Batch 1350/4687, Loss: 0.22581782937049866
Batch 1400/4687, Loss: 0.23572643101215363
Batch 1450/4687, Loss: 0.2268013060092926
Batch 1500/4687, Loss: 0.22885869443416595
Batch 1550/4687, Loss: 0.22437436878681183
Batch 1600/4687, Loss: 0.21980780363082886
Batch 1650/4687, Loss: 0.2207566201686859
Batch 1700/4687, Loss: 0.23714807629585266
Batch 1750/4687, Loss: 0.2467496395111084
Batch 1800/4687, Loss: 0.23408187925815582
Batch 1850/4687, Loss: 0.24525372684001923
Batch 1900/4687, Loss: 0.22710655629634857
Batch 1950/4687, Loss: 0.24125263094902039
Batch 2000/4687, Loss: 0.23639212548732758
Batch 2050/4687, Loss: 0.24596114456653595
Batch 2100/4687, Loss: 0.2600348889827728
Batch 2150/4687, Loss: 0.24360990524291992
Batch 2200/4687, Loss: 0.23474985361099243
Batch 2250/4687, Loss: 0.2345825731754303
Batch 2300/4687, Loss: 0.22968220710754395
Batch 2350/4687, Loss: 0.2518409788608551
Batch 2400/4687, Loss: 0.21238352358341217
Batch 2450/4687, Loss: 0.23746638000011444
Batch 2500/4687, Loss: 0.22759181261062622
Batch 2550/4687, Loss: 0.2412414848804474
Batch 2600/4687, Loss: 0.22371724247932434
Batch 2650/4687, Loss: 0.21951046586036682
Batch 2700/4687, Loss: 0.24889665842056274
Batch 2750/4687, Loss: 0.23020273447036743
Batch 2800/4687, Loss: 0.23363932967185974
Batch 2850/4687, Loss: 0.2592642307281494
Batch 2900/4687, Loss: 0.22151800990104675
Batch 2950/4687, Loss: 0.23570004105567932
Batch 3000/4687, Loss: 0.22627860307693481
Batch 3050/4687, Loss: 0.22864724695682526
Batch 3100/4687, Loss: 0.22472736239433289
Batch 3150/4687, Loss: 0.22993390262126923
Batch 3200/4687, Loss: 0.24710187315940857
Batch 3250/4687, Loss: 0.22285021841526031
Batch 3300/4687, Loss: 0.2350984513759613
Batch 3350/4687, Loss: 0.23615333437919617
Batch 3400/4687, Loss: 0.23172399401664734
Batch 3450/4687, Loss: 0.22995834052562714
Batch 3500/4687, Loss: 0.21259447932243347
Batch 3550/4687, Loss: 0.2216673046350479
Batch 3600/4687, Loss: 0.2435062676668167
Batch 3650/4687, Loss: 0.2264062911272049
Batch 3700/4687, Loss: 0.23713506758213043
Batch 3750/4687, Loss: 0.2527368664741516
Batch 3800/4687, Loss: 0.23769691586494446
Batch 3850/4687, Loss: 0.22366653382778168
Batch 3900/4687, Loss: 0.22464653849601746
Batch 3950/4687, Loss: 0.24976074695587158
Batch 4000/4687, Loss: 0.23333004117012024
Batch 4050/4687, Loss: 0.22814016044139862
Batch 4100/4687, Loss: 0.2188480794429779
Batch 4150/4687, Loss: 0.22933730483055115
Batch 4200/4687, Loss: 0.2506122291088104
Batch 4250/4687, Loss: 0.23948901891708374
Batch 4300/4687, Loss: 0.24073204398155212
Batch 4350/4687, Loss: 0.22113898396492004
Batch 4400/4687, Loss: 0.2307969331741333
Batch 4450/4687, Loss: 0.2172466665506363
Batch 4500/4687, Loss: 0.23010273277759552
Batch 4550/4687, Loss: 0.24388368427753448
Batch 4600/4687, Loss: 0.2263759821653366
Batch 4650/4687, Loss: 0.2259354591369629

Start of epoch 99
Batch 0/4687, Loss: 0.23471105098724365
Batch 50/4687, Loss: 0.22565218806266785
Batch 100/4687, Loss: 0.2286093831062317
Batch 150/4687, Loss: 0.2348557710647583
Batch 200/4687, Loss: 0.24122397601604462
Batch 250/4687, Loss: 0.23299482464790344
Batch 300/4687, Loss: 0.21437077224254608
Batch 350/4687, Loss: 0.4601004123687744
Batch 400/4687, Loss: 0.24006712436676025
Batch 450/4687, Loss: 0.22458401322364807
Batch 500/4687, Loss: 0.24024677276611328
Batch 550/4687, Loss: 0.24241958558559418
Batch 600/4687, Loss: 0.21551671624183655
Batch 650/4687, Loss: 0.2296850085258484
Batch 700/4687, Loss: 0.25255507230758667
Batch 750/4687, Loss: 0.23205137252807617
Batch 800/4687, Loss: 0.215881809592247
Batch 850/4687, Loss: 0.2398110330104828
Batch 900/4687, Loss: 0.22151786088943481
Batch 950/4687, Loss: 0.23654232919216156
Batch 1000/4687, Loss: 0.2222321629524231
Batch 1050/4687, Loss: 0.21688175201416016
Batch 1100/4687, Loss: 0.2333129197359085
Batch 1150/4687, Loss: 0.2308366596698761
Batch 1200/4687, Loss: 0.2333715707063675
Batch 1250/4687, Loss: 0.2313258796930313
Batch 1300/4687, Loss: 0.230198472738266
Batch 1350/4687, Loss: 0.22050027549266815
Batch 1400/4687, Loss: 0.24831855297088623
Batch 1450/4687, Loss: 0.22242458164691925
Batch 1500/4687, Loss: 0.2351568043231964
Batch 1550/4687, Loss: 0.23195654153823853
Batch 1600/4687, Loss: 0.23319481313228607
Batch 1650/4687, Loss: 0.20941707491874695
Batch 1700/4687, Loss: 0.26496976613998413
Batch 1750/4687, Loss: 0.22735552489757538
Batch 1800/4687, Loss: 0.21984820067882538
Batch 1850/4687, Loss: 0.22922518849372864
Batch 1900/4687, Loss: 0.22761623561382294
Batch 1950/4687, Loss: 0.26429256796836853
Batch 2000/4687, Loss: 0.2390933632850647
Batch 2050/4687, Loss: 0.23600620031356812
Batch 2100/4687, Loss: 0.2272167056798935
Batch 2150/4687, Loss: 0.25133076310157776
Batch 2200/4687, Loss: 0.24081508815288544
Batch 2250/4687, Loss: 0.22439715266227722
Batch 2300/4687, Loss: 0.24771034717559814
Batch 2350/4687, Loss: 0.22498977184295654
Batch 2400/4687, Loss: 0.23712989687919617
Batch 2450/4687, Loss: 0.23102527856826782
Batch 2500/4687, Loss: 0.23642130196094513
Batch 2550/4687, Loss: 0.22527025640010834
Batch 2600/4687, Loss: 0.24844218790531158
Batch 2650/4687, Loss: 0.20663350820541382
Batch 2700/4687, Loss: 0.2231501191854477
Batch 2750/4687, Loss: 0.2227848768234253
Batch 2800/4687, Loss: 0.22363053262233734
Batch 2850/4687, Loss: 0.24701979756355286
Batch 2900/4687, Loss: 0.2459641396999359
Batch 2950/4687, Loss: 0.2361951470375061
Batch 3000/4687, Loss: 0.2329433560371399
Batch 3050/4687, Loss: 0.23834332823753357
Batch 3100/4687, Loss: 0.22669334709644318
Batch 3150/4687, Loss: 0.2258337438106537
Batch 3200/4687, Loss: 0.2248530387878418
Batch 3250/4687, Loss: 0.31227007508277893
Batch 3300/4687, Loss: 0.22794073820114136
Batch 3350/4687, Loss: 0.2300395667552948
Batch 3400/4687, Loss: 0.22011253237724304
Batch 3450/4687, Loss: 0.22227492928504944
Batch 3500/4687, Loss: 0.22849634289741516
Batch 3550/4687, Loss: 0.21068264544010162
Batch 3600/4687, Loss: 0.22018851339817047
Batch 3650/4687, Loss: 0.22466841340065002
Batch 3700/4687, Loss: 0.22023703157901764
Batch 3750/4687, Loss: 0.2339557260274887
Batch 3800/4687, Loss: 0.22616784274578094
Batch 3850/4687, Loss: 0.2977558374404907
Batch 3900/4687, Loss: 0.23436880111694336
Batch 3950/4687, Loss: 0.22409141063690186
Batch 4000/4687, Loss: 0.25839632749557495
Batch 4050/4687, Loss: 0.23775431513786316
Batch 4100/4687, Loss: 0.24373583495616913
Batch 4150/4687, Loss: 0.2196420133113861
Batch 4200/4687, Loss: 0.23012009263038635
Batch 4250/4687, Loss: 0.21874776482582092
Batch 4300/4687, Loss: 0.2263365089893341
Batch 4350/4687, Loss: 0.24007511138916016
Batch 4400/4687, Loss: 0.23021915555000305
Batch 4450/4687, Loss: 0.22769474983215332
Batch 4500/4687, Loss: 0.23599505424499512
Batch 4550/4687, Loss: 0.23630614578723907
Batch 4600/4687, Loss: 0.2439287006855011
Batch 4650/4687, Loss: 0.21955013275146484

Start of epoch 100
Batch 0/4687, Loss: 0.23211902379989624
Batch 50/4687, Loss: 0.22948914766311646
Batch 100/4687, Loss: 0.2146386206150055
Batch 150/4687, Loss: 0.21731463074684143
Batch 200/4687, Loss: 0.25481802225112915
Batch 250/4687, Loss: 0.21770980954170227
Batch 300/4687, Loss: 0.25010886788368225
Batch 350/4687, Loss: 0.22686707973480225
Batch 400/4687, Loss: 0.26594749093055725
Batch 450/4687, Loss: 0.22938275337219238
Batch 500/4687, Loss: 0.21957813203334808
Batch 550/4687, Loss: 0.23089346289634705
Batch 600/4687, Loss: 0.21500511467456818
Batch 650/4687, Loss: 0.23955529928207397
Batch 700/4687, Loss: 0.2326934039592743
Batch 750/4687, Loss: 0.22663472592830658
Batch 800/4687, Loss: 0.22639799118041992
Batch 850/4687, Loss: 0.22886493802070618
Batch 900/4687, Loss: 0.22131970524787903
Batch 950/4687, Loss: 0.2223365604877472
Batch 1000/4687, Loss: 0.23839882016181946
Batch 1050/4687, Loss: 0.23345810174942017
Batch 1100/4687, Loss: 0.24459031224250793
Batch 1150/4687, Loss: 0.225910022854805
Batch 1200/4687, Loss: 0.23974904417991638
Batch 1250/4687, Loss: 0.2454809993505478
Batch 1300/4687, Loss: 0.23296400904655457
Batch 1350/4687, Loss: 0.2068185955286026
Batch 1400/4687, Loss: 0.24516378343105316
Batch 1450/4687, Loss: 0.21837681531906128
Batch 1500/4687, Loss: 0.20911505818367004
Batch 1550/4687, Loss: 0.3751155734062195
Batch 1600/4687, Loss: 0.24654538929462433
Batch 1650/4687, Loss: 0.27293941378593445
Batch 1700/4687, Loss: 0.23518045246601105
Batch 1750/4687, Loss: 0.24158859252929688
Batch 1800/4687, Loss: 0.2308150976896286
Batch 1850/4687, Loss: 0.22115671634674072
Batch 1900/4687, Loss: 0.22903235256671906
Batch 1950/4687, Loss: 0.21813935041427612
Batch 2000/4687, Loss: 0.2095504254102707
Batch 2050/4687, Loss: 0.2371547818183899
Batch 2100/4687, Loss: 0.2317935973405838
Batch 2150/4687, Loss: 0.2335629016160965
Batch 2200/4687, Loss: 0.2363782823085785
Batch 2250/4687, Loss: 0.23039714992046356
Batch 2300/4687, Loss: 0.23574198782444
Batch 2350/4687, Loss: 0.21996639668941498
Batch 2400/4687, Loss: 0.23151522874832153
Batch 2450/4687, Loss: 0.2229127585887909
Batch 2500/4687, Loss: 0.23779678344726562
Batch 2550/4687, Loss: 0.2328847348690033
Batch 2600/4687, Loss: 0.24071288108825684
Batch 2650/4687, Loss: 0.21358251571655273
Batch 2700/4687, Loss: 0.24194999039173126
Batch 2750/4687, Loss: 0.22180503606796265
Batch 2800/4687, Loss: 0.22937597334384918
Batch 2850/4687, Loss: 0.232582226395607
Batch 2900/4687, Loss: 0.21931277215480804
Batch 2950/4687, Loss: 0.24205324053764343
Batch 3000/4687, Loss: 0.25010111927986145
Batch 3050/4687, Loss: 0.23626190423965454
Batch 3100/4687, Loss: 0.22674566507339478
Batch 3150/4687, Loss: 0.2712668776512146
Batch 3200/4687, Loss: 0.2226242572069168
Batch 3250/4687, Loss: 0.23378729820251465
Batch 3300/4687, Loss: 0.2396983802318573
Batch 3350/4687, Loss: 0.2241300493478775
Batch 3400/4687, Loss: 0.2258494645357132
Batch 3450/4687, Loss: 0.23631757497787476
Batch 3500/4687, Loss: 0.2845359444618225
Batch 3550/4687, Loss: 0.22676071524620056
Batch 3600/4687, Loss: 0.2192758023738861
Batch 3650/4687, Loss: 0.24285562336444855
Batch 3700/4687, Loss: 0.23630085587501526
Batch 3750/4687, Loss: 0.2247936725616455
Batch 3800/4687, Loss: 0.2154313623905182
Batch 3850/4687, Loss: 0.2148710936307907
Batch 3900/4687, Loss: 0.2397339940071106
Batch 3950/4687, Loss: 0.24663391709327698
Batch 4000/4687, Loss: 0.22421619296073914
Batch 4050/4687, Loss: 0.23845504224300385
Batch 4100/4687, Loss: 0.2315366268157959
Batch 4150/4687, Loss: 0.2433830052614212
Batch 4200/4687, Loss: 0.2124285250902176
Batch 4250/4687, Loss: 0.22279149293899536
Batch 4300/4687, Loss: 0.22593115270137787
Batch 4350/4687, Loss: 0.22518476843833923
Batch 4400/4687, Loss: 0.2259596884250641
Batch 4450/4687, Loss: 0.2356744408607483
Batch 4500/4687, Loss: 0.23549950122833252
Batch 4550/4687, Loss: 0.24967144429683685
Batch 4600/4687, Loss: 0.234214186668396
Batch 4650/4687, Loss: 0.2111654281616211

Start of epoch 101
Batch 0/4687, Loss: 0.22400060296058655
Batch 50/4687, Loss: 0.2195185422897339
Batch 100/4687, Loss: 0.2384767085313797
Batch 150/4687, Loss: 0.22636640071868896
Batch 200/4687, Loss: 0.23645921051502228
Batch 250/4687, Loss: 0.22370776534080505
Batch 300/4687, Loss: 0.23792235553264618
Batch 350/4687, Loss: 0.236452117562294
Batch 400/4687, Loss: 0.27771005034446716
Batch 450/4687, Loss: 0.22594702243804932
Batch 500/4687, Loss: 0.23113416135311127
Batch 550/4687, Loss: 0.22703464329242706
Batch 600/4687, Loss: 0.2222670316696167
Batch 650/4687, Loss: 0.24984648823738098
Batch 700/4687, Loss: 0.23453353345394135
Batch 750/4687, Loss: 0.25510716438293457
Batch 800/4687, Loss: 0.24256759881973267
Batch 850/4687, Loss: 0.23204705119132996
Batch 900/4687, Loss: 0.2421661615371704
Batch 950/4687, Loss: 0.24436448514461517
Batch 1000/4687, Loss: 0.24210141599178314
Batch 1050/4687, Loss: 0.2552684247493744
Batch 1100/4687, Loss: 0.24006448686122894
Batch 1150/4687, Loss: 0.23664432764053345
Batch 1200/4687, Loss: 0.23475541174411774
Batch 1250/4687, Loss: 0.2199200540781021
Batch 1300/4687, Loss: 0.22502198815345764
Batch 1350/4687, Loss: 0.24936683475971222
Batch 1400/4687, Loss: 0.23003622889518738
Batch 1450/4687, Loss: 0.2226361185312271
Batch 1500/4687, Loss: 0.23514187335968018
Batch 1550/4687, Loss: 0.22133827209472656
Batch 1600/4687, Loss: 0.2445010244846344
Batch 1650/4687, Loss: 0.21619392931461334
Batch 1700/4687, Loss: 0.23889406025409698
Batch 1750/4687, Loss: 0.2292766273021698
Batch 1800/4687, Loss: 0.2551756799221039
Batch 1850/4687, Loss: 0.2430274486541748
Batch 1900/4687, Loss: 0.22932058572769165
Batch 1950/4687, Loss: 0.23431572318077087
Batch 2000/4687, Loss: 0.2323368340730667
Batch 2050/4687, Loss: 0.2313706874847412
Batch 2100/4687, Loss: 0.2179419845342636
Batch 2150/4687, Loss: 0.24268797039985657
Batch 2200/4687, Loss: 0.22205190360546112
Batch 2250/4687, Loss: 0.23454251885414124
Batch 2300/4687, Loss: 0.24133317172527313
Batch 2350/4687, Loss: 0.22607950866222382
Batch 2400/4687, Loss: 0.24634966254234314
Batch 2450/4687, Loss: 0.24535326659679413
Batch 2500/4687, Loss: 0.22151687741279602
Batch 2550/4687, Loss: 0.21552546322345734
Batch 2600/4687, Loss: 0.21952058374881744
Batch 2650/4687, Loss: 0.23432773351669312
Batch 2700/4687, Loss: 0.24444791674613953
Batch 2750/4687, Loss: 0.22645580768585205
Batch 2800/4687, Loss: 0.21794433891773224
Batch 2850/4687, Loss: 0.23637180030345917
Batch 2900/4687, Loss: 0.2267662137746811
Batch 2950/4687, Loss: 0.22606831789016724
Batch 3000/4687, Loss: 0.2380877435207367
Batch 3050/4687, Loss: 0.21435248851776123
Batch 3100/4687, Loss: 0.22955894470214844
Batch 3150/4687, Loss: 0.21149736642837524
Batch 3200/4687, Loss: 0.22139838337898254
Batch 3250/4687, Loss: 0.22606612741947174
Batch 3300/4687, Loss: 0.22450153529644012
Batch 3350/4687, Loss: 0.23648272454738617
Batch 3400/4687, Loss: 0.22695514559745789
Batch 3450/4687, Loss: 0.22466489672660828
Batch 3500/4687, Loss: 0.23437197506427765
Batch 3550/4687, Loss: 0.23855066299438477
Batch 3600/4687, Loss: 0.21739578247070312
Batch 3650/4687, Loss: 0.23308208584785461
Batch 3700/4687, Loss: 0.22905802726745605
Batch 3750/4687, Loss: 0.22072163224220276
Batch 3800/4687, Loss: 0.2535483241081238
Batch 3850/4687, Loss: 0.24129262566566467
Batch 3900/4687, Loss: 0.23348167538642883
Batch 3950/4687, Loss: 0.24051973223686218
Batch 4000/4687, Loss: 0.21678423881530762
Batch 4050/4687, Loss: 0.22413726150989532
Batch 4100/4687, Loss: 0.21332821249961853
Batch 4150/4687, Loss: 0.23032206296920776
Batch 4200/4687, Loss: 0.23933446407318115
Batch 4250/4687, Loss: 0.20828531682491302
Batch 4300/4687, Loss: 0.2453346848487854
Batch 4350/4687, Loss: 0.24331004917621613
Batch 4400/4687, Loss: 0.24162621796131134
Batch 4450/4687, Loss: 0.2410229742527008
Batch 4500/4687, Loss: 0.22931283712387085
Batch 4550/4687, Loss: 0.2551518976688385
Batch 4600/4687, Loss: 0.2242666482925415
Batch 4650/4687, Loss: 0.2401811182498932

Start of epoch 102
Batch 0/4687, Loss: 0.24294421076774597
Batch 50/4687, Loss: 0.2466183751821518
Batch 100/4687, Loss: 0.224008247256279
Batch 150/4687, Loss: 0.2545826733112335
Batch 200/4687, Loss: 0.22686253488063812
Batch 250/4687, Loss: 0.2301136702299118
Batch 300/4687, Loss: 0.21646270155906677
Batch 350/4687, Loss: 0.23174843192100525
Batch 400/4687, Loss: 0.23411214351654053
Batch 450/4687, Loss: 0.2446267455816269
Batch 500/4687, Loss: 0.21670955419540405
Batch 550/4687, Loss: 0.2834964096546173
Batch 600/4687, Loss: 0.23285603523254395
Batch 650/4687, Loss: 0.24015232920646667
Batch 700/4687, Loss: 0.2300964593887329
Batch 750/4687, Loss: 0.23008045554161072
Batch 800/4687, Loss: 0.22962582111358643
Batch 850/4687, Loss: 0.2337900847196579
Batch 900/4687, Loss: 0.22859005630016327
Batch 950/4687, Loss: 0.23729774355888367
Batch 1000/4687, Loss: 0.22559668123722076
Batch 1050/4687, Loss: 0.2320895791053772
Batch 1100/4687, Loss: 0.22541606426239014
Batch 1150/4687, Loss: 0.22974656522274017
Batch 1200/4687, Loss: 0.2274254411458969
Batch 1250/4687, Loss: 0.227593794465065
Batch 1300/4687, Loss: 0.22811231017112732
Batch 1350/4687, Loss: 0.22469863295555115
Batch 1400/4687, Loss: 0.208720862865448
Batch 1450/4687, Loss: 0.20707672834396362
Batch 1500/4687, Loss: 0.22940438985824585
Batch 1550/4687, Loss: 0.22164016962051392
Batch 1600/4687, Loss: 0.22807525098323822
Batch 1650/4687, Loss: 0.23391924798488617
Batch 1700/4687, Loss: 0.23503856360912323
Batch 1750/4687, Loss: 0.245207279920578
Batch 1800/4687, Loss: 0.23044976592063904
Batch 1850/4687, Loss: 0.22751982510089874
Batch 1900/4687, Loss: 0.23912015557289124
Batch 1950/4687, Loss: 0.24214644730091095
Batch 2000/4687, Loss: 0.2279127836227417
Batch 2050/4687, Loss: 0.21449097990989685
Batch 2100/4687, Loss: 0.235873743891716
Batch 2150/4687, Loss: 0.22489677369594574
Batch 2200/4687, Loss: 0.2221035361289978
Batch 2250/4687, Loss: 0.2398475855588913
Batch 2300/4687, Loss: 0.23961134254932404
Batch 2350/4687, Loss: 0.23919910192489624
Batch 2400/4687, Loss: 0.2194174826145172
Batch 2450/4687, Loss: 0.25722718238830566
Batch 2500/4687, Loss: 0.22610992193222046
Batch 2550/4687, Loss: 0.24971389770507812
Batch 2600/4687, Loss: 0.2311503142118454
Batch 2650/4687, Loss: 0.22109638154506683
Batch 2700/4687, Loss: 0.2346743941307068
Batch 2750/4687, Loss: 0.260871946811676
Batch 2800/4687, Loss: 0.2397644966840744
Batch 2850/4687, Loss: 0.22917787730693817
Batch 2900/4687, Loss: 0.22498951852321625
Batch 2950/4687, Loss: 0.24580177664756775
Batch 3000/4687, Loss: 0.2468492090702057
Batch 3050/4687, Loss: 0.23393148183822632
Batch 3100/4687, Loss: 0.2592017352581024
Batch 3150/4687, Loss: 0.24167905747890472
Batch 3200/4687, Loss: 0.21951094269752502
Batch 3250/4687, Loss: 0.21820423007011414
Batch 3300/4687, Loss: 0.22175879776477814
Batch 3350/4687, Loss: 0.23469676077365875
Batch 3400/4687, Loss: 0.2132795751094818
Batch 3450/4687, Loss: 0.22920382022857666
Batch 3500/4687, Loss: 0.22274841368198395
Batch 3550/4687, Loss: 0.2189110368490219
Batch 3600/4687, Loss: 0.2394789159297943
Batch 3650/4687, Loss: 0.24854758381843567
Batch 3700/4687, Loss: 0.24294820427894592
Batch 3750/4687, Loss: 0.2243390679359436
Batch 3800/4687, Loss: 0.22353264689445496
Batch 3850/4687, Loss: 0.2169930636882782
Batch 3900/4687, Loss: 0.24284818768501282
Batch 3950/4687, Loss: 0.23581115901470184
Batch 4000/4687, Loss: 0.23672989010810852
Batch 4050/4687, Loss: 0.22831709682941437
Batch 4100/4687, Loss: 0.2377834916114807
Batch 4150/4687, Loss: 0.2368588149547577
Batch 4200/4687, Loss: 0.23701825737953186
Batch 4250/4687, Loss: 0.22117632627487183
Batch 4300/4687, Loss: 0.21682943403720856
Batch 4350/4687, Loss: 0.2263130247592926
Batch 4400/4687, Loss: 0.221404567360878
Batch 4450/4687, Loss: 0.2355833351612091
Batch 4500/4687, Loss: 0.22430047392845154
Batch 4550/4687, Loss: 0.21788258850574493
Batch 4600/4687, Loss: 0.21314245462417603
Batch 4650/4687, Loss: 0.2290697991847992

Start of epoch 103
Batch 0/4687, Loss: 0.4614172577857971
Batch 50/4687, Loss: 0.22554731369018555
Batch 100/4687, Loss: 0.23024919629096985
Batch 150/4687, Loss: 0.2260853499174118
Batch 200/4687, Loss: 0.23572829365730286
Batch 250/4687, Loss: 0.2290598452091217
Batch 300/4687, Loss: 0.23982015252113342
Batch 350/4687, Loss: 0.2151051163673401
Batch 400/4687, Loss: 0.2238888144493103
Batch 450/4687, Loss: 0.2202153205871582
Batch 500/4687, Loss: 0.22991900146007538
Batch 550/4687, Loss: 0.22676527500152588
Batch 600/4687, Loss: 0.2472926527261734
Batch 650/4687, Loss: 0.2178581804037094
Batch 700/4687, Loss: 0.21969018876552582
Batch 750/4687, Loss: 0.21810880303382874
Batch 800/4687, Loss: 0.24418163299560547
Batch 850/4687, Loss: 0.25058647990226746
Batch 900/4687, Loss: 0.22090259194374084
Batch 950/4687, Loss: 0.22441835701465607
Batch 1000/4687, Loss: 0.24929720163345337
Batch 1050/4687, Loss: 0.21608655154705048
Batch 1100/4687, Loss: 0.23968517780303955
Batch 1150/4687, Loss: 0.23509015142917633
Batch 1200/4687, Loss: 0.22956079244613647
Batch 1250/4687, Loss: 0.23940546810626984
Batch 1300/4687, Loss: 0.2298109084367752
Batch 1350/4687, Loss: 0.22665932774543762
Batch 1400/4687, Loss: 0.22235989570617676
Batch 1450/4687, Loss: 0.222068190574646
Batch 1500/4687, Loss: 0.2265799641609192
Batch 1550/4687, Loss: 0.228749617934227
Batch 1600/4687, Loss: 0.22003905475139618
Batch 1650/4687, Loss: 0.23160366714000702
Batch 1700/4687, Loss: 0.22110339999198914
Batch 1750/4687, Loss: 0.21905168890953064
Batch 1800/4687, Loss: 0.24506010115146637
Batch 1850/4687, Loss: 0.2331857979297638
Batch 1900/4687, Loss: 0.22621853649616241
Batch 1950/4687, Loss: 0.22354090213775635
Batch 2000/4687, Loss: 0.24218647181987762
Batch 2050/4687, Loss: 0.23256030678749084
Batch 2100/4687, Loss: 0.22292354702949524
Batch 2150/4687, Loss: 0.24924501776695251
Batch 2200/4687, Loss: 0.230912446975708
Batch 2250/4687, Loss: 0.23256874084472656
Batch 2300/4687, Loss: 0.2133229374885559
Batch 2350/4687, Loss: 0.22881345450878143
Batch 2400/4687, Loss: 0.22393089532852173
Batch 2450/4687, Loss: 0.24394264817237854
Batch 2500/4687, Loss: 0.23945653438568115
Batch 2550/4687, Loss: 0.21527379751205444
Batch 2600/4687, Loss: 0.21683795750141144
Batch 2650/4687, Loss: 0.23696865141391754
Batch 2700/4687, Loss: 0.2196505069732666
Batch 2750/4687, Loss: 0.20510438084602356
Batch 2800/4687, Loss: 0.22842377424240112
Batch 2850/4687, Loss: 0.21623320877552032
Batch 2900/4687, Loss: 0.21560364961624146
Batch 2950/4687, Loss: 0.23306608200073242
Batch 3000/4687, Loss: 0.23128603398799896
Batch 3050/4687, Loss: 0.23280397057533264
Batch 3100/4687, Loss: 0.2411566972732544
Batch 3150/4687, Loss: 0.28462642431259155
Batch 3200/4687, Loss: 0.225772425532341
Batch 3250/4687, Loss: 0.2544739842414856
Batch 3300/4687, Loss: 0.23214951157569885
Batch 3350/4687, Loss: 0.24362416565418243
Batch 3400/4687, Loss: 0.2507323622703552
Batch 3450/4687, Loss: 0.2243759036064148
Batch 3500/4687, Loss: 0.22012044489383698
Batch 3550/4687, Loss: 0.2242099940776825
Batch 3600/4687, Loss: 0.21679705381393433
Batch 3650/4687, Loss: 0.23250450193881989
Batch 3700/4687, Loss: 0.21132026612758636
Batch 3750/4687, Loss: 0.2195233702659607
Batch 3800/4687, Loss: 0.23325255513191223
Batch 3850/4687, Loss: 0.22746671736240387
Batch 3900/4687, Loss: 0.21571871638298035
Batch 3950/4687, Loss: 0.2175731509923935
Batch 4000/4687, Loss: 0.20946188271045685
Batch 4050/4687, Loss: 0.22525447607040405
Batch 4100/4687, Loss: 0.20539647340774536
Batch 4150/4687, Loss: 0.22500774264335632
Batch 4200/4687, Loss: 0.21862292289733887
Batch 4250/4687, Loss: 0.2289782166481018
Batch 4300/4687, Loss: 0.3911055624485016
Batch 4350/4687, Loss: 0.21992328763008118
Batch 4400/4687, Loss: 0.2439413070678711
Batch 4450/4687, Loss: 0.22257281839847565
Batch 4500/4687, Loss: 0.22539429366588593
Batch 4550/4687, Loss: 0.229676753282547
Batch 4600/4687, Loss: 0.23327811062335968
Batch 4650/4687, Loss: 0.21974590420722961

Start of epoch 104
Batch 0/4687, Loss: 0.23589037358760834
Batch 50/4687, Loss: 0.2465643435716629
Batch 100/4687, Loss: 0.22103317081928253
Batch 150/4687, Loss: 0.2443367838859558
Batch 200/4687, Loss: 0.22630420327186584
Batch 250/4687, Loss: 0.23462550342082977
Batch 300/4687, Loss: 0.228859543800354
Batch 350/4687, Loss: 0.24672363698482513
Batch 400/4687, Loss: 0.2119516134262085
Batch 450/4687, Loss: 0.24464888870716095
Batch 500/4687, Loss: 0.22518937289714813
Batch 550/4687, Loss: 0.23238417506217957
Batch 600/4687, Loss: 0.23117634654045105
Batch 650/4687, Loss: 0.2288644164800644
Batch 700/4687, Loss: 0.23306219279766083
Batch 750/4687, Loss: 0.20891723036766052
Batch 800/4687, Loss: 0.2175672948360443
Batch 850/4687, Loss: 0.23165850341320038
Batch 900/4687, Loss: 0.40389570593833923
Batch 950/4687, Loss: 0.23257634043693542
Batch 1000/4687, Loss: 0.2228354811668396
Batch 1050/4687, Loss: 0.23911052942276
Batch 1100/4687, Loss: 0.22406725585460663
Batch 1150/4687, Loss: 0.23810380697250366
Batch 1200/4687, Loss: 0.2238556444644928
Batch 1250/4687, Loss: 0.2193516492843628
Batch 1300/4687, Loss: 0.23861968517303467
Batch 1350/4687, Loss: 0.21668192744255066
Batch 1400/4687, Loss: 0.23269997537136078
Batch 1450/4687, Loss: 0.22101549804210663
Batch 1500/4687, Loss: 0.23742452263832092
Batch 1550/4687, Loss: 0.22505584359169006
Batch 1600/4687, Loss: 0.2254185974597931
Batch 1650/4687, Loss: 0.23594707250595093
Batch 1700/4687, Loss: 0.21983623504638672
Batch 1750/4687, Loss: 0.2155264914035797
Batch 1800/4687, Loss: 0.2327292263507843
Batch 1850/4687, Loss: 0.22339965403079987
Batch 1900/4687, Loss: 0.22630852460861206
Batch 1950/4687, Loss: 0.2215084433555603
Batch 2000/4687, Loss: 0.21979349851608276
Batch 2050/4687, Loss: 0.2453874945640564
Batch 2100/4687, Loss: 0.2176336646080017
Batch 2150/4687, Loss: 0.24468129873275757
Batch 2200/4687, Loss: 0.22138799726963043
Batch 2250/4687, Loss: 0.24066998064517975
Batch 2300/4687, Loss: 0.25596728920936584
Batch 2350/4687, Loss: 0.23294782638549805
Batch 2400/4687, Loss: 0.2245008945465088
Batch 2450/4687, Loss: 0.2690819203853607
Batch 2500/4687, Loss: 0.24010047316551208
Batch 2550/4687, Loss: 0.23633511364459991
Batch 2600/4687, Loss: 0.23147282004356384
Batch 2650/4687, Loss: 0.2577279806137085
Batch 2700/4687, Loss: 0.223908931016922
Batch 2750/4687, Loss: 0.22075369954109192
Batch 2800/4687, Loss: 0.2261694073677063
Batch 2850/4687, Loss: 0.23054605722427368
Batch 2900/4687, Loss: 0.22340790927410126
Batch 2950/4687, Loss: 0.2612190842628479
Batch 3000/4687, Loss: 0.2328301966190338
Batch 3050/4687, Loss: 0.2280450463294983
Batch 3100/4687, Loss: 0.23126040399074554
Batch 3150/4687, Loss: 0.24097716808319092
Batch 3200/4687, Loss: 0.2409707009792328
Batch 3250/4687, Loss: 0.22209101915359497
Batch 3300/4687, Loss: 0.23739366233348846
Batch 3350/4687, Loss: 0.23517632484436035
Batch 3400/4687, Loss: 0.21982122957706451
Batch 3450/4687, Loss: 0.23994803428649902
Batch 3500/4687, Loss: 0.262111097574234
Batch 3550/4687, Loss: 0.23765815794467926
Batch 3600/4687, Loss: 0.2377486526966095
Batch 3650/4687, Loss: 0.2278224229812622
Batch 3700/4687, Loss: 0.21535944938659668
Batch 3750/4687, Loss: 0.2333403080701828
Batch 3800/4687, Loss: 0.2156134694814682
Batch 3850/4687, Loss: 0.21922051906585693
Batch 3900/4687, Loss: 0.23775430023670197
Batch 3950/4687, Loss: 0.23278051614761353
Batch 4000/4687, Loss: 0.21605852246284485
Batch 4050/4687, Loss: 0.2233598828315735
Batch 4100/4687, Loss: 0.223457932472229
Batch 4150/4687, Loss: 0.21972356736660004
Batch 4200/4687, Loss: 0.23101328313350677
Batch 4250/4687, Loss: 0.2633402645587921
Batch 4300/4687, Loss: 0.23524361848831177
Batch 4350/4687, Loss: 0.2416725754737854
Batch 4400/4687, Loss: 0.2454688996076584
Batch 4450/4687, Loss: 0.21373113989830017
Batch 4500/4687, Loss: 0.23475317656993866
Batch 4550/4687, Loss: 0.22432684898376465
Batch 4600/4687, Loss: 0.22845089435577393
Batch 4650/4687, Loss: 0.22353217005729675

Start of epoch 105
Batch 0/4687, Loss: 0.24494335055351257
Batch 50/4687, Loss: 0.2799832224845886
Batch 100/4687, Loss: 0.228060781955719
Batch 150/4687, Loss: 0.22504600882530212
Batch 200/4687, Loss: 0.2255118191242218
Batch 250/4687, Loss: 0.21881525218486786
Batch 300/4687, Loss: 0.22244250774383545
Batch 350/4687, Loss: 0.2537826895713806
Batch 400/4687, Loss: 0.21643194556236267
Batch 450/4687, Loss: 0.233293816447258
Batch 500/4687, Loss: 0.2258661985397339
Batch 550/4687, Loss: 0.22681626677513123
Batch 600/4687, Loss: 0.21455709636211395
Batch 650/4687, Loss: 0.23093457520008087
Batch 700/4687, Loss: 0.22400587797164917
Batch 750/4687, Loss: 0.22325697541236877
Batch 800/4687, Loss: 0.21633300185203552
Batch 850/4687, Loss: 0.1994895488023758
Batch 900/4687, Loss: 0.21183156967163086
Batch 950/4687, Loss: 0.2144559621810913
Batch 1000/4687, Loss: 0.2485184371471405
Batch 1050/4687, Loss: 0.2158755362033844
Batch 1100/4687, Loss: 0.22074531018733978
Batch 1150/4687, Loss: 0.29639026522636414
Batch 1200/4687, Loss: 0.20663505792617798
Batch 1250/4687, Loss: 0.23069395124912262
Batch 1300/4687, Loss: 0.22937193512916565
Batch 1350/4687, Loss: 0.218451127409935
Batch 1400/4687, Loss: 0.22274181246757507
Batch 1450/4687, Loss: 0.23956067860126495
Batch 1500/4687, Loss: 0.23514530062675476
Batch 1550/4687, Loss: 0.216361403465271
Batch 1600/4687, Loss: 0.24205252528190613
Batch 1650/4687, Loss: 0.2337500900030136
Batch 1700/4687, Loss: 0.22404760122299194
Batch 1750/4687, Loss: 0.24681703746318817
Batch 1800/4687, Loss: 0.2319406121969223
Batch 1850/4687, Loss: 0.22917920351028442
Batch 1900/4687, Loss: 0.23611006140708923
Batch 1950/4687, Loss: 0.21855179965496063
Batch 2000/4687, Loss: 0.21904820203781128
Batch 2050/4687, Loss: 0.2462240606546402
Batch 2100/4687, Loss: 0.25519365072250366
Batch 2150/4687, Loss: 0.23973430693149567
Batch 2200/4687, Loss: 0.22040706872940063
Batch 2250/4687, Loss: 0.2182266116142273
Batch 2300/4687, Loss: 0.22368685901165009
Batch 2350/4687, Loss: 0.24083048105239868
Batch 2400/4687, Loss: 0.21580468118190765
Batch 2450/4687, Loss: 0.20253752171993256
Batch 2500/4687, Loss: 0.2277708798646927
Batch 2550/4687, Loss: 0.20697495341300964
Batch 2600/4687, Loss: 0.2397778481245041
Batch 2650/4687, Loss: 0.27800631523132324
Batch 2700/4687, Loss: 0.23561865091323853
Batch 2750/4687, Loss: 0.2243058681488037
Batch 2800/4687, Loss: 0.22771871089935303
Batch 2850/4687, Loss: 0.22387099266052246
Batch 2900/4687, Loss: 0.23208147287368774
Batch 2950/4687, Loss: 0.23314133286476135
Batch 3000/4687, Loss: 0.2377731055021286
Batch 3050/4687, Loss: 0.20457005500793457
Batch 3100/4687, Loss: 0.2112889289855957
Batch 3150/4687, Loss: 0.21073636412620544
Batch 3200/4687, Loss: 0.23648180067539215
Batch 3250/4687, Loss: 0.2288985550403595
Batch 3300/4687, Loss: 0.2339162677526474
Batch 3350/4687, Loss: 0.24382805824279785
Batch 3400/4687, Loss: 0.23000919818878174
Batch 3450/4687, Loss: 0.21258769929409027
Batch 3500/4687, Loss: 0.22528138756752014
Batch 3550/4687, Loss: 0.21676497161388397
Batch 3600/4687, Loss: 0.22780603170394897
Batch 3650/4687, Loss: 0.220831960439682
Batch 3700/4687, Loss: 0.2191908210515976
Batch 3750/4687, Loss: 0.23165220022201538
Batch 3800/4687, Loss: 0.22475121915340424
Batch 3850/4687, Loss: 0.23826727271080017
Batch 3900/4687, Loss: 0.22261768579483032
Batch 3950/4687, Loss: 0.22263525426387787
Batch 4000/4687, Loss: 0.21865138411521912
Batch 4050/4687, Loss: 0.22342070937156677
Batch 4100/4687, Loss: 0.2355150729417801
Batch 4150/4687, Loss: 0.2370840460062027
Batch 4200/4687, Loss: 0.21754688024520874
Batch 4250/4687, Loss: 0.2358708381652832
Batch 4300/4687, Loss: 0.24019131064414978
Batch 4350/4687, Loss: 0.22933119535446167
Batch 4400/4687, Loss: 0.23077571392059326
Batch 4450/4687, Loss: 0.2253739982843399
Batch 4500/4687, Loss: 0.23611734807491302
Batch 4550/4687, Loss: 0.22476157546043396
Batch 4600/4687, Loss: 0.21067354083061218
Batch 4650/4687, Loss: 0.22940871119499207

Start of epoch 106
Batch 0/4687, Loss: 0.23326937854290009
Batch 50/4687, Loss: 0.2322956919670105
Batch 100/4687, Loss: 0.23993246257305145
Batch 150/4687, Loss: 0.24792519211769104
Batch 200/4687, Loss: 0.23152239620685577
Batch 250/4687, Loss: 0.2372789978981018
Batch 300/4687, Loss: 0.21889348328113556
Batch 350/4687, Loss: 0.23969557881355286
Batch 400/4687, Loss: 0.23038837313652039
Batch 450/4687, Loss: 0.26400116086006165
Batch 500/4687, Loss: 0.2232079952955246
Batch 550/4687, Loss: 0.2362724095582962
Batch 600/4687, Loss: 0.22754955291748047
Batch 650/4687, Loss: 0.2392629086971283
Batch 700/4687, Loss: 0.22971723973751068
Batch 750/4687, Loss: 0.23596473038196564
Batch 800/4687, Loss: 0.21800778806209564
Batch 850/4687, Loss: 0.2737361490726471
Batch 900/4687, Loss: 0.2218843698501587
Batch 950/4687, Loss: 0.23208004236221313
Batch 1000/4687, Loss: 0.22034475207328796
Batch 1050/4687, Loss: 0.2332775592803955
Batch 1100/4687, Loss: 0.2150459587574005
Batch 1150/4687, Loss: 0.23840919137001038
Batch 1200/4687, Loss: 0.2242741882801056
Batch 1250/4687, Loss: 0.22263121604919434
Batch 1300/4687, Loss: 0.23071101307868958
Batch 1350/4687, Loss: 0.24560026824474335
Batch 1400/4687, Loss: 0.22567343711853027
Batch 1450/4687, Loss: 0.22435393929481506
Batch 1500/4687, Loss: 0.2455444186925888
Batch 1550/4687, Loss: 0.24390143156051636
Batch 1600/4687, Loss: 0.2234480381011963
Batch 1650/4687, Loss: 0.21184134483337402
Batch 1700/4687, Loss: 0.2220514416694641
Batch 1750/4687, Loss: 0.22512291371822357
Batch 1800/4687, Loss: 0.2220768928527832
Batch 1850/4687, Loss: 0.2187599539756775
Batch 1900/4687, Loss: 0.21346163749694824
Batch 1950/4687, Loss: 0.2340019792318344
Batch 2000/4687, Loss: 0.2329523265361786
Batch 2050/4687, Loss: 0.2261531800031662
Batch 2100/4687, Loss: 0.2467329204082489
Batch 2150/4687, Loss: 0.23461389541625977
Batch 2200/4687, Loss: 0.206498920917511
Batch 2250/4687, Loss: 0.23217052221298218
Batch 2300/4687, Loss: 0.22148382663726807
Batch 2350/4687, Loss: 0.24288198351860046
Batch 2400/4687, Loss: 0.22188584506511688
Batch 2450/4687, Loss: 0.2389078587293625
Batch 2500/4687, Loss: 0.24073074758052826
Batch 2550/4687, Loss: 0.2346252053976059
Batch 2600/4687, Loss: 0.23994310200214386
Batch 2650/4687, Loss: 0.22563397884368896
Batch 2700/4687, Loss: 0.21963398158550262
Batch 2750/4687, Loss: 0.2511773109436035
Batch 2800/4687, Loss: 0.24394084513187408
Batch 2850/4687, Loss: 0.22794395685195923
Batch 2900/4687, Loss: 0.2610568404197693
Batch 2950/4687, Loss: 0.22391855716705322
Batch 3000/4687, Loss: 0.21318139135837555
Batch 3050/4687, Loss: 0.2393960952758789
Batch 3100/4687, Loss: 0.24327541887760162
Batch 3150/4687, Loss: 0.22398267686367035
Batch 3200/4687, Loss: 0.2183660864830017
Batch 3250/4687, Loss: 0.2249617725610733
Batch 3300/4687, Loss: 0.23705822229385376
Batch 3350/4687, Loss: 0.23299263417720795
Batch 3400/4687, Loss: 0.2234562337398529
Batch 3450/4687, Loss: 0.22456076741218567
Batch 3500/4687, Loss: 0.23911160230636597
Batch 3550/4687, Loss: 0.24086371064186096
Batch 3600/4687, Loss: 0.23147550225257874
Batch 3650/4687, Loss: 0.24652767181396484
Batch 3700/4687, Loss: 0.227169007062912
Batch 3750/4687, Loss: 0.2266301065683365
Batch 3800/4687, Loss: 0.2272389829158783
Batch 3850/4687, Loss: 0.2203482687473297
Batch 3900/4687, Loss: 0.23081651329994202
Batch 3950/4687, Loss: 0.2185082733631134
Batch 4000/4687, Loss: 0.22208186984062195
Batch 4050/4687, Loss: 0.25127846002578735
Batch 4100/4687, Loss: 0.21335652470588684
Batch 4150/4687, Loss: 0.2431487888097763
Batch 4200/4687, Loss: 0.2224026471376419
Batch 4250/4687, Loss: 0.24120821058750153
Batch 4300/4687, Loss: 0.21299248933792114
Batch 4350/4687, Loss: 0.21568359434604645
Batch 4400/4687, Loss: 0.21190479397773743
Batch 4450/4687, Loss: 0.2224389761686325
Batch 4500/4687, Loss: 0.2511715888977051
Batch 4550/4687, Loss: 0.22013504803180695
Batch 4600/4687, Loss: 0.23308387398719788
Batch 4650/4687, Loss: 0.24360477924346924

Start of epoch 107
Batch 0/4687, Loss: 0.2040368616580963
Batch 50/4687, Loss: 0.23039108514785767
Batch 100/4687, Loss: 0.21820807456970215
Batch 150/4687, Loss: 0.2303692251443863
Batch 200/4687, Loss: 0.2361159771680832
Batch 250/4687, Loss: 0.2105829119682312
Batch 300/4687, Loss: 0.3266823887825012
Batch 350/4687, Loss: 0.21909207105636597
Batch 400/4687, Loss: 0.23403380811214447
Batch 450/4687, Loss: 0.23800238966941833
Batch 500/4687, Loss: 0.23868677020072937
Batch 550/4687, Loss: 0.2212742120027542
Batch 600/4687, Loss: 0.23906172811985016
Batch 650/4687, Loss: 0.2298303097486496
Batch 700/4687, Loss: 0.2142907977104187
Batch 750/4687, Loss: 0.2230910360813141
Batch 800/4687, Loss: 0.23079274594783783
Batch 850/4687, Loss: 0.22561515867710114
Batch 900/4687, Loss: 0.24442145228385925
Batch 950/4687, Loss: 0.27826741337776184
Batch 1000/4687, Loss: 0.2639421224594116
Batch 1050/4687, Loss: 0.2192431092262268
Batch 1100/4687, Loss: 0.2235228419303894
Batch 1150/4687, Loss: 0.2481614351272583
Batch 1200/4687, Loss: 0.22255535423755646
Batch 1250/4687, Loss: 0.23856866359710693
Batch 1300/4687, Loss: 0.27835479378700256
Batch 1350/4687, Loss: 0.2367025911808014
Batch 1400/4687, Loss: 0.2304912507534027
Batch 1450/4687, Loss: 0.2247602790594101
Batch 1500/4687, Loss: 0.22301200032234192
Batch 1550/4687, Loss: 0.25092247128486633
Batch 1600/4687, Loss: 0.24444521963596344
Batch 1650/4687, Loss: 0.2405102699995041
Batch 1700/4687, Loss: 0.2403651475906372
Batch 1750/4687, Loss: 0.2215314507484436
Batch 1800/4687, Loss: 0.20723703503608704
Batch 1850/4687, Loss: 0.2281046211719513
Batch 1900/4687, Loss: 0.23370371758937836
Batch 1950/4687, Loss: 0.22091668844223022
Batch 2000/4687, Loss: 0.23250919580459595
Batch 2050/4687, Loss: 0.2455313801765442
Batch 2100/4687, Loss: 0.2239035815000534
Batch 2150/4687, Loss: 0.2071409374475479
Batch 2200/4687, Loss: 0.21924453973770142
Batch 2250/4687, Loss: 0.24357745051383972
Batch 2300/4687, Loss: 0.21679559350013733
Batch 2350/4687, Loss: 0.2191792130470276
Batch 2400/4687, Loss: 0.2223595380783081
Batch 2450/4687, Loss: 0.2123757004737854
Batch 2500/4687, Loss: 0.22307097911834717
Batch 2550/4687, Loss: 0.22322538495063782
Batch 2600/4687, Loss: 0.22062106430530548
Batch 2650/4687, Loss: 0.23106500506401062
Batch 2700/4687, Loss: 0.2200077921152115
Batch 2750/4687, Loss: 0.23002277314662933
Batch 2800/4687, Loss: 0.2199898511171341
Batch 2850/4687, Loss: 0.26315832138061523
Batch 2900/4687, Loss: 0.22866110503673553
Batch 2950/4687, Loss: 0.21483582258224487
Batch 3000/4687, Loss: 0.20475248992443085
Batch 3050/4687, Loss: 0.22192327678203583
Batch 3100/4687, Loss: 0.25743287801742554
Batch 3150/4687, Loss: 0.2490251362323761
Batch 3200/4687, Loss: 0.20847976207733154
Batch 3250/4687, Loss: 0.2296094447374344
Batch 3300/4687, Loss: 0.22889894247055054
Batch 3350/4687, Loss: 0.22526320815086365
Batch 3400/4687, Loss: 0.259402871131897
Batch 3450/4687, Loss: 0.2296542525291443
Batch 3500/4687, Loss: 0.23225578665733337
Batch 3550/4687, Loss: 0.21782715618610382
Batch 3600/4687, Loss: 0.24661192297935486
Batch 3650/4687, Loss: 0.23183466494083405
Batch 3700/4687, Loss: 0.23082607984542847
Batch 3750/4687, Loss: 0.24266821146011353
Batch 3800/4687, Loss: 0.21517470479011536
Batch 3850/4687, Loss: 0.2360357940196991
Batch 3900/4687, Loss: 0.2401261329650879
Batch 3950/4687, Loss: 0.23245394229888916
Batch 4000/4687, Loss: 0.2167283594608307
Batch 4050/4687, Loss: 0.23143352568149567
Batch 4100/4687, Loss: 0.24202845990657806
Batch 4150/4687, Loss: 0.24450328946113586
Batch 4200/4687, Loss: 0.2407812774181366
Batch 4250/4687, Loss: 0.2183418571949005
Batch 4300/4687, Loss: 0.230597123503685
Batch 4350/4687, Loss: 0.21630732715129852
Batch 4400/4687, Loss: 0.2382783442735672
Batch 4450/4687, Loss: 0.24850347638130188
Batch 4500/4687, Loss: 0.23136159777641296
Batch 4550/4687, Loss: 0.2393382489681244
Batch 4600/4687, Loss: 0.22367429733276367
Batch 4650/4687, Loss: 0.23125456273555756

Start of epoch 108
Batch 0/4687, Loss: 0.25350111722946167
Batch 50/4687, Loss: 0.22626298666000366
Batch 100/4687, Loss: 0.23716893792152405
Batch 150/4687, Loss: 0.2249753773212433
Batch 200/4687, Loss: 0.23536480963230133
Batch 250/4687, Loss: 0.2505408227443695
Batch 300/4687, Loss: 0.21636460721492767
Batch 350/4687, Loss: 0.2188645601272583
Batch 400/4687, Loss: 0.23179909586906433
Batch 450/4687, Loss: 0.23168420791625977
Batch 500/4687, Loss: 0.2340143918991089
Batch 550/4687, Loss: 0.22258566319942474
Batch 600/4687, Loss: 0.22459211945533752
Batch 650/4687, Loss: 0.25105124711990356
Batch 700/4687, Loss: 0.23853562772274017
Batch 750/4687, Loss: 0.2284134030342102
Batch 800/4687, Loss: 0.24155646562576294
Batch 850/4687, Loss: 0.2271917313337326
Batch 900/4687, Loss: 0.24857422709465027
Batch 950/4687, Loss: 0.23788538575172424
Batch 1000/4687, Loss: 0.24387694895267487
Batch 1050/4687, Loss: 0.219023659825325
Batch 1100/4687, Loss: 0.22051779925823212
Batch 1150/4687, Loss: 0.2453329712152481
Batch 1200/4687, Loss: 0.2292812466621399
Batch 1250/4687, Loss: 0.22635012865066528
Batch 1300/4687, Loss: 0.23788410425186157
Batch 1350/4687, Loss: 0.21834160387516022
Batch 1400/4687, Loss: 0.21900783479213715
Batch 1450/4687, Loss: 0.24440337717533112
Batch 1500/4687, Loss: 0.23581045866012573
Batch 1550/4687, Loss: 0.230130136013031
Batch 1600/4687, Loss: 0.21616101264953613
Batch 1650/4687, Loss: 0.21516378223896027
Batch 1700/4687, Loss: 0.21539123356342316
Batch 1750/4687, Loss: 0.21998974680900574
Batch 1800/4687, Loss: 0.2319665104150772
Batch 1850/4687, Loss: 0.22564241290092468
Batch 1900/4687, Loss: 0.22619245946407318
Batch 1950/4687, Loss: 0.22464628517627716
Batch 2000/4687, Loss: 0.22508181631565094
Batch 2050/4687, Loss: 0.2509281039237976
Batch 2100/4687, Loss: 0.21955253183841705
Batch 2150/4687, Loss: 0.22137826681137085
Batch 2200/4687, Loss: 0.23945826292037964
Batch 2250/4687, Loss: 0.2193891704082489
Batch 2300/4687, Loss: 0.22768080234527588
Batch 2350/4687, Loss: 0.24470578134059906
Batch 2400/4687, Loss: 0.2309977114200592
Batch 2450/4687, Loss: 0.2309771627187729
Batch 2500/4687, Loss: 0.25124549865722656
Batch 2550/4687, Loss: 0.2072850465774536
Batch 2600/4687, Loss: 0.2279607653617859
Batch 2650/4687, Loss: 0.22496792674064636
Batch 2700/4687, Loss: 0.21604116261005402
Batch 2750/4687, Loss: 0.20757749676704407
Batch 2800/4687, Loss: 0.23723521828651428
Batch 2850/4687, Loss: 0.2051571160554886
Batch 2900/4687, Loss: 0.2584388554096222
Batch 2950/4687, Loss: 0.3085617423057556
Batch 3000/4687, Loss: 0.2104654610157013
Batch 3050/4687, Loss: 0.23429089784622192
Batch 3100/4687, Loss: 0.20890924334526062
Batch 3150/4687, Loss: 0.24056684970855713
Batch 3200/4687, Loss: 0.21931752562522888
Batch 3250/4687, Loss: 0.25057366490364075
Batch 3300/4687, Loss: 0.23158927261829376
Batch 3350/4687, Loss: 0.2308453768491745
Batch 3400/4687, Loss: 0.2367345690727234
Batch 3450/4687, Loss: 0.21902230381965637
Batch 3500/4687, Loss: 0.2151077389717102
Batch 3550/4687, Loss: 0.24497359991073608
Batch 3600/4687, Loss: 0.23685109615325928
Batch 3650/4687, Loss: 0.23521095514297485
Batch 3700/4687, Loss: 0.24149549007415771
Batch 3750/4687, Loss: 0.20925399661064148
Batch 3800/4687, Loss: 0.2522084712982178
Batch 3850/4687, Loss: 0.20419941842556
Batch 3900/4687, Loss: 0.22257527709007263
Batch 3950/4687, Loss: 0.24288523197174072
Batch 4000/4687, Loss: 0.21551810204982758
Batch 4050/4687, Loss: 0.21551282703876495
Batch 4100/4687, Loss: 0.232623890042305
Batch 4150/4687, Loss: 0.22888174653053284
Batch 4200/4687, Loss: 0.22486044466495514
Batch 4250/4687, Loss: 0.22213536500930786
Batch 4300/4687, Loss: 0.21809494495391846
Batch 4350/4687, Loss: 0.23570282757282257
Batch 4400/4687, Loss: 0.22233258187770844
Batch 4450/4687, Loss: 0.2496519833803177
Batch 4500/4687, Loss: 0.2296588122844696
Batch 4550/4687, Loss: 0.23282533884048462
Batch 4600/4687, Loss: 0.24860109388828278
Batch 4650/4687, Loss: 0.22858531773090363

Start of epoch 109
Batch 0/4687, Loss: 0.23541653156280518
Batch 50/4687, Loss: 0.23433087766170502
Batch 100/4687, Loss: 0.24076485633850098
Batch 150/4687, Loss: 0.2312762439250946
Batch 200/4687, Loss: 0.23768140375614166
Batch 250/4687, Loss: 0.2281276285648346
Batch 300/4687, Loss: 0.22811958193778992
Batch 350/4687, Loss: 0.2245185673236847
Batch 400/4687, Loss: 0.2336694300174713
Batch 450/4687, Loss: 0.2650599181652069
Batch 500/4687, Loss: 0.22468742728233337
Batch 550/4687, Loss: 0.24617469310760498
Batch 600/4687, Loss: 0.237800732254982
Batch 650/4687, Loss: 0.24018488824367523
Batch 700/4687, Loss: 0.22641949355602264
Batch 750/4687, Loss: 0.22379404306411743
Batch 800/4687, Loss: 0.21972234547138214
Batch 850/4687, Loss: 0.20965668559074402
Batch 900/4687, Loss: 0.21829719841480255
Batch 950/4687, Loss: 0.23393940925598145
Batch 1000/4687, Loss: 0.21571175754070282
Batch 1050/4687, Loss: 0.22518925368785858
Batch 1100/4687, Loss: 0.23833340406417847
Batch 1150/4687, Loss: 0.21056313812732697
Batch 1200/4687, Loss: 0.2383584827184677
Batch 1250/4687, Loss: 0.22437448799610138
Batch 1300/4687, Loss: 0.2156144380569458
Batch 1350/4687, Loss: 0.24418455362319946
Batch 1400/4687, Loss: 0.22122178971767426
Batch 1450/4687, Loss: 0.22207677364349365
Batch 1500/4687, Loss: 0.22227369248867035
Batch 1550/4687, Loss: 0.23403891921043396
Batch 1600/4687, Loss: 0.21673016250133514
Batch 1650/4687, Loss: 0.22221417725086212
Batch 1700/4687, Loss: 0.2110009789466858
Batch 1750/4687, Loss: 0.23773209750652313
Batch 1800/4687, Loss: 0.22613313794136047
Batch 1850/4687, Loss: 0.2344050258398056
Batch 1900/4687, Loss: 0.2438356727361679
Batch 1950/4687, Loss: 0.22936975955963135
Batch 2000/4687, Loss: 0.2002781331539154
Batch 2050/4687, Loss: 0.23435446619987488
Batch 2100/4687, Loss: 0.23402251303195953
Batch 2150/4687, Loss: 0.20771420001983643
Batch 2200/4687, Loss: 0.2231062352657318
Batch 2250/4687, Loss: 0.22719718515872955
Batch 2300/4687, Loss: 0.2597663998603821
Batch 2350/4687, Loss: 0.25458669662475586
Batch 2400/4687, Loss: 0.2331037074327469
Batch 2450/4687, Loss: 0.22570064663887024
Batch 2500/4687, Loss: 0.22531479597091675
Batch 2550/4687, Loss: 0.2239728718996048
Batch 2600/4687, Loss: 0.23845040798187256
Batch 2650/4687, Loss: 0.24148665368556976
Batch 2700/4687, Loss: 0.21489471197128296
Batch 2750/4687, Loss: 0.2519984841346741
Batch 2800/4687, Loss: 0.2595582604408264
Batch 2850/4687, Loss: 0.2148016095161438
Batch 2900/4687, Loss: 0.21787075698375702
Batch 2950/4687, Loss: 0.2287634015083313
Batch 3000/4687, Loss: 0.2265111207962036
Batch 3050/4687, Loss: 0.23812633752822876
Batch 3100/4687, Loss: 0.20796504616737366
Batch 3150/4687, Loss: 0.22347044944763184
Batch 3200/4687, Loss: 0.22136472165584564
Batch 3250/4687, Loss: 0.21819084882736206
Batch 3300/4687, Loss: 0.21203337609767914
Batch 3350/4687, Loss: 0.22424954175949097
Batch 3400/4687, Loss: 0.2434154748916626
Batch 3450/4687, Loss: 0.2342091202735901
Batch 3500/4687, Loss: 0.2360485941171646
Batch 3550/4687, Loss: 0.24797455966472626
Batch 3600/4687, Loss: 0.229657843708992
Batch 3650/4687, Loss: 0.19690147042274475
Batch 3700/4687, Loss: 0.23028722405433655
Batch 3750/4687, Loss: 0.2200431227684021
Batch 3800/4687, Loss: 0.233307883143425
Batch 3850/4687, Loss: 0.2154138684272766
Batch 3900/4687, Loss: 0.2202582061290741
Batch 3950/4687, Loss: 0.24091526865959167
Batch 4000/4687, Loss: 0.23242437839508057
Batch 4050/4687, Loss: 0.2160598635673523
Batch 4100/4687, Loss: 0.229428231716156
Batch 4150/4687, Loss: 0.20531433820724487
Batch 4200/4687, Loss: 0.2291485071182251
Batch 4250/4687, Loss: 0.21149732172489166
Batch 4300/4687, Loss: 0.23644882440567017
Batch 4350/4687, Loss: 0.21490271389484406
Batch 4400/4687, Loss: 0.20355932414531708
Batch 4450/4687, Loss: 0.21329127252101898
Batch 4500/4687, Loss: 0.2270425707101822
Batch 4550/4687, Loss: 0.21413254737854004
Batch 4600/4687, Loss: 0.22555513679981232
Batch 4650/4687, Loss: 0.23777168989181519

Start of epoch 110
Batch 0/4687, Loss: 0.21375110745429993
Batch 50/4687, Loss: 0.22652864456176758
Batch 100/4687, Loss: 0.22931209206581116
Batch 150/4687, Loss: 0.22255414724349976
Batch 200/4687, Loss: 0.23342901468276978
Batch 250/4687, Loss: 0.23633597791194916
Batch 300/4687, Loss: 0.22604723274707794
Batch 350/4687, Loss: 0.24671044945716858
Batch 400/4687, Loss: 0.23705759644508362
Batch 450/4687, Loss: 0.2325820028781891
Batch 500/4687, Loss: 0.22324547171592712
Batch 550/4687, Loss: 0.24738025665283203
Batch 600/4687, Loss: 0.22461482882499695
Batch 650/4687, Loss: 0.2090136557817459
Batch 700/4687, Loss: 0.2164497673511505
Batch 750/4687, Loss: 0.21874679625034332
Batch 800/4687, Loss: 0.21783077716827393
Batch 850/4687, Loss: 0.223199263215065
Batch 900/4687, Loss: 0.22196915745735168
Batch 950/4687, Loss: 0.23468293249607086
Batch 1000/4687, Loss: 0.23744146525859833
Batch 1050/4687, Loss: 0.22971907258033752
Batch 1100/4687, Loss: 0.23733676970005035
Batch 1150/4687, Loss: 0.23003003001213074
Batch 1200/4687, Loss: 0.21102803945541382
Batch 1250/4687, Loss: 0.22841839492321014
Batch 1300/4687, Loss: 0.23769792914390564
Batch 1350/4687, Loss: 0.22419260442256927
Batch 1400/4687, Loss: 0.22180192172527313
Batch 1450/4687, Loss: 0.22128331661224365
Batch 1500/4687, Loss: 0.24995216727256775
Batch 1550/4687, Loss: 0.2291938066482544
Batch 1600/4687, Loss: 0.22037933766841888
Batch 1650/4687, Loss: 0.22466513514518738
Batch 1700/4687, Loss: 0.22529052197933197
Batch 1750/4687, Loss: 0.2405235767364502
Batch 1800/4687, Loss: 0.2241380512714386
Batch 1850/4687, Loss: 0.23070476949214935
Batch 1900/4687, Loss: 0.22951067984104156
Batch 1950/4687, Loss: 0.23888860642910004
Batch 2000/4687, Loss: 0.2473185807466507
Batch 2050/4687, Loss: 0.25383681058883667
Batch 2100/4687, Loss: 0.25991180539131165
Batch 2150/4687, Loss: 0.22901460528373718
Batch 2200/4687, Loss: 0.24113990366458893
Batch 2250/4687, Loss: 0.20514783263206482
Batch 2300/4687, Loss: 0.19260863959789276
Batch 2350/4687, Loss: 0.20731985569000244
Batch 2400/4687, Loss: 0.2512061595916748
Batch 2450/4687, Loss: 0.2113254815340042
Batch 2500/4687, Loss: 0.26637664437294006
Batch 2550/4687, Loss: 0.2445700615644455
Batch 2600/4687, Loss: 0.2222052365541458
Batch 2650/4687, Loss: 0.21018607914447784
Batch 2700/4687, Loss: 0.22834837436676025
Batch 2750/4687, Loss: 0.22220516204833984
Batch 2800/4687, Loss: 0.20888295769691467
Batch 2850/4687, Loss: 0.20348000526428223
Batch 2900/4687, Loss: 0.22957023978233337
Batch 2950/4687, Loss: 0.22370600700378418
Batch 3000/4687, Loss: 0.24709591269493103
Batch 3050/4687, Loss: 0.21957187354564667
Batch 3100/4687, Loss: 0.22243572771549225
Batch 3150/4687, Loss: 0.21805831789970398
Batch 3200/4687, Loss: 0.24244850873947144
Batch 3250/4687, Loss: 0.22754700481891632
Batch 3300/4687, Loss: 0.23011896014213562
Batch 3350/4687, Loss: 0.25218451023101807
Batch 3400/4687, Loss: 0.22924582660198212
Batch 3450/4687, Loss: 0.2196519374847412
Batch 3500/4687, Loss: 0.23465612530708313
Batch 3550/4687, Loss: 0.19786091148853302
Batch 3600/4687, Loss: 0.22463327646255493
Batch 3650/4687, Loss: 0.2200492024421692
Batch 3700/4687, Loss: 0.2287212759256363
Batch 3750/4687, Loss: 0.23221394419670105
Batch 3800/4687, Loss: 0.22175000607967377
Batch 3850/4687, Loss: 0.22311493754386902
Batch 3900/4687, Loss: 0.22116024792194366
Batch 3950/4687, Loss: 0.24584843218326569
Batch 4000/4687, Loss: 0.21894210577011108
Batch 4050/4687, Loss: 0.22728466987609863
Batch 4100/4687, Loss: 0.24092862010002136
Batch 4150/4687, Loss: 0.2338639497756958
Batch 4200/4687, Loss: 0.23490390181541443
Batch 4250/4687, Loss: 0.24031731486320496
Batch 4300/4687, Loss: 0.21793468296527863
Batch 4350/4687, Loss: 0.2231857180595398
Batch 4400/4687, Loss: 0.21273930370807648
Batch 4450/4687, Loss: 0.2549837529659271
Batch 4500/4687, Loss: 0.22044073045253754
Batch 4550/4687, Loss: 0.21352294087409973
Batch 4600/4687, Loss: 0.21342426538467407
Batch 4650/4687, Loss: 0.22900144755840302

Start of epoch 111
Batch 0/4687, Loss: 0.24500524997711182
Batch 50/4687, Loss: 0.21741484105587006
Batch 100/4687, Loss: 0.23169776797294617
Batch 150/4687, Loss: 0.25044548511505127
Batch 200/4687, Loss: 0.22308067977428436
Batch 250/4687, Loss: 0.2224595993757248
Batch 300/4687, Loss: 0.2228236198425293
Batch 350/4687, Loss: 0.24624158442020416
Batch 400/4687, Loss: 0.24385109543800354
Batch 450/4687, Loss: 0.2248498648405075
Batch 500/4687, Loss: 0.2307547628879547
Batch 550/4687, Loss: 0.2221367359161377
Batch 600/4687, Loss: 0.21756310760974884
Batch 650/4687, Loss: 0.22554247081279755
Batch 700/4687, Loss: 0.23376895487308502
Batch 750/4687, Loss: 0.21908323466777802
Batch 800/4687, Loss: 0.22269785404205322
Batch 850/4687, Loss: 0.2130068987607956
Batch 900/4687, Loss: 0.23300327360630035
Batch 950/4687, Loss: 0.23383517563343048
Batch 1000/4687, Loss: 0.22354933619499207
Batch 1050/4687, Loss: 0.2286764532327652
Batch 1100/4687, Loss: 0.24460475146770477
Batch 1150/4687, Loss: 0.25663894414901733
Batch 1200/4687, Loss: 0.23619723320007324
Batch 1250/4687, Loss: 0.22327323257923126
Batch 1300/4687, Loss: 0.2247239351272583
Batch 1350/4687, Loss: 0.2211676687002182
Batch 1400/4687, Loss: 0.221593976020813
Batch 1450/4687, Loss: 0.2261325567960739
Batch 1500/4687, Loss: 0.21208913624286652
Batch 1550/4687, Loss: 0.24188479781150818
Batch 1600/4687, Loss: 0.2191944271326065
Batch 1650/4687, Loss: 0.2710787355899811
Batch 1700/4687, Loss: 0.21716348826885223
Batch 1750/4687, Loss: 0.22897103428840637
Batch 1800/4687, Loss: 0.2466086894273758
Batch 1850/4687, Loss: 0.2473306804895401
Batch 1900/4687, Loss: 0.215305894613266
Batch 1950/4687, Loss: 0.23211975395679474
Batch 2000/4687, Loss: 0.24178165197372437
Batch 2050/4687, Loss: 0.25775474309921265
Batch 2100/4687, Loss: 0.22615644335746765
Batch 2150/4687, Loss: 0.22814688086509705
Batch 2200/4687, Loss: 0.22347259521484375
Batch 2250/4687, Loss: 0.22291357815265656
Batch 2300/4687, Loss: 0.2432648241519928
Batch 2350/4687, Loss: 0.22210131585597992
Batch 2400/4687, Loss: 0.2021952122449875
Batch 2450/4687, Loss: 0.24494239687919617
Batch 2500/4687, Loss: 0.2164355218410492
Batch 2550/4687, Loss: 0.21396449208259583
Batch 2600/4687, Loss: 0.2228485643863678
Batch 2650/4687, Loss: 0.22978481650352478
Batch 2700/4687, Loss: 0.23533673584461212
Batch 2750/4687, Loss: 0.22574090957641602
Batch 2800/4687, Loss: 0.2107039988040924
Batch 2850/4687, Loss: 0.20642706751823425
Batch 2900/4687, Loss: 0.2028525173664093
Batch 2950/4687, Loss: 0.239471435546875
Batch 3000/4687, Loss: 0.22731779515743256
Batch 3050/4687, Loss: 0.21658791601657867
Batch 3100/4687, Loss: 0.2270933836698532
Batch 3150/4687, Loss: 0.2242228388786316
Batch 3200/4687, Loss: 0.22815293073654175
Batch 3250/4687, Loss: 0.21054452657699585
Batch 3300/4687, Loss: 0.24833956360816956
Batch 3350/4687, Loss: 0.23998865485191345
Batch 3400/4687, Loss: 0.2202618569135666
Batch 3450/4687, Loss: 0.22001153230667114
Batch 3500/4687, Loss: 0.21834880113601685
Batch 3550/4687, Loss: 0.23620030283927917
Batch 3600/4687, Loss: 0.2265811264514923
Batch 3650/4687, Loss: 0.22121299803256989
Batch 3700/4687, Loss: 0.20093801617622375
Batch 3750/4687, Loss: 0.23729950189590454
Batch 3800/4687, Loss: 0.21630564332008362
Batch 3850/4687, Loss: 0.24150261282920837
Batch 3900/4687, Loss: 0.21467378735542297
Batch 3950/4687, Loss: 0.2403186857700348
Batch 4000/4687, Loss: 0.21714720129966736
Batch 4050/4687, Loss: 0.22683827579021454
Batch 4100/4687, Loss: 0.24217529594898224
Batch 4150/4687, Loss: 0.2256162017583847
Batch 4200/4687, Loss: 0.21930484473705292
Batch 4250/4687, Loss: 0.21535445749759674
Batch 4300/4687, Loss: 0.2359345257282257
Batch 4350/4687, Loss: 0.22032193839550018
Batch 4400/4687, Loss: 0.24521343410015106
Batch 4450/4687, Loss: 0.22297300398349762
Batch 4500/4687, Loss: 0.2259313017129898
Batch 4550/4687, Loss: 0.21576295793056488
Batch 4600/4687, Loss: 0.22345495223999023
Batch 4650/4687, Loss: 0.22103789448738098

Start of epoch 112
Batch 0/4687, Loss: 0.21510621905326843
Batch 50/4687, Loss: 0.22398455440998077
Batch 100/4687, Loss: 0.2102518081665039
Batch 150/4687, Loss: 0.2473883330821991
Batch 200/4687, Loss: 0.22837869822978973
Batch 250/4687, Loss: 0.2440856546163559
Batch 300/4687, Loss: 0.2201242446899414
Batch 350/4687, Loss: 0.22433453798294067
Batch 400/4687, Loss: 0.2322031557559967
Batch 450/4687, Loss: 0.20905449986457825
Batch 500/4687, Loss: 0.22289490699768066
Batch 550/4687, Loss: 0.21724779903888702
Batch 600/4687, Loss: 0.23024626076221466
Batch 650/4687, Loss: 0.22851034998893738
Batch 700/4687, Loss: 0.22905594110488892
Batch 750/4687, Loss: 0.2378910779953003
Batch 800/4687, Loss: 0.22649502754211426
Batch 850/4687, Loss: 0.23109568655490875
Batch 900/4687, Loss: 0.22781284153461456
Batch 950/4687, Loss: 0.22808432579040527
Batch 1000/4687, Loss: 0.23659592866897583
Batch 1050/4687, Loss: 0.246684268116951
Batch 1100/4687, Loss: 0.2417028248310089
Batch 1150/4687, Loss: 0.22240260243415833
Batch 1200/4687, Loss: 0.21689856052398682
Batch 1250/4687, Loss: 0.24454054236412048
Batch 1300/4687, Loss: 0.2268042266368866
Batch 1350/4687, Loss: 0.2368750274181366
Batch 1400/4687, Loss: 0.22413714230060577
Batch 1450/4687, Loss: 0.21643167734146118
Batch 1500/4687, Loss: 0.2435203194618225
Batch 1550/4687, Loss: 0.21373772621154785
Batch 1600/4687, Loss: 0.21797248721122742
Batch 1650/4687, Loss: 0.23349222540855408
Batch 1700/4687, Loss: 0.21874675154685974
Batch 1750/4687, Loss: 0.22438231110572815
Batch 1800/4687, Loss: 0.22298523783683777
Batch 1850/4687, Loss: 0.24078594148159027
Batch 1900/4687, Loss: 0.21258531510829926
Batch 1950/4687, Loss: 0.21813786029815674
Batch 2000/4687, Loss: 0.2220800518989563
Batch 2050/4687, Loss: 0.2320868968963623
Batch 2100/4687, Loss: 0.22724337875843048
Batch 2150/4687, Loss: 0.23118913173675537
Batch 2200/4687, Loss: 0.22360780835151672
Batch 2250/4687, Loss: 0.24680620431900024
Batch 2300/4687, Loss: 0.2138088047504425
Batch 2350/4687, Loss: 0.2425120323896408
Batch 2400/4687, Loss: 0.22015364468097687
Batch 2450/4687, Loss: 0.223142609000206
Batch 2500/4687, Loss: 0.23479440808296204
Batch 2550/4687, Loss: 0.23927175998687744
Batch 2600/4687, Loss: 0.22451716661453247
Batch 2650/4687, Loss: 0.23299621045589447
Batch 2700/4687, Loss: 0.22044911980628967
Batch 2750/4687, Loss: 0.22347591817378998
Batch 2800/4687, Loss: 0.19951075315475464
Batch 2850/4687, Loss: 0.22507724165916443
Batch 2900/4687, Loss: 0.23513248562812805
Batch 2950/4687, Loss: 0.22944355010986328
Batch 3000/4687, Loss: 0.23921702802181244
Batch 3050/4687, Loss: 0.219827800989151
Batch 3100/4687, Loss: 0.2239781767129898
Batch 3150/4687, Loss: 0.22017940878868103
Batch 3200/4687, Loss: 0.2437417358160019
Batch 3250/4687, Loss: 0.2268328219652176
Batch 3300/4687, Loss: 0.21402660012245178
Batch 3350/4687, Loss: 0.2268369346857071
Batch 3400/4687, Loss: 0.24028202891349792
Batch 3450/4687, Loss: 0.231535866856575
Batch 3500/4687, Loss: 0.21277400851249695
Batch 3550/4687, Loss: 0.22955922782421112
Batch 3600/4687, Loss: 0.24052947759628296
Batch 3650/4687, Loss: 0.26415741443634033
Batch 3700/4687, Loss: 0.2364129275083542
Batch 3750/4687, Loss: 0.21094951033592224
Batch 3800/4687, Loss: 0.21244624257087708
Batch 3850/4687, Loss: 0.22138750553131104
Batch 3900/4687, Loss: 0.2241879254579544
Batch 3950/4687, Loss: 0.2308037281036377
Batch 4000/4687, Loss: 0.22429078817367554
Batch 4050/4687, Loss: 0.21944087743759155
Batch 4100/4687, Loss: 0.2233046591281891
Batch 4150/4687, Loss: 0.22246572375297546
Batch 4200/4687, Loss: 0.23332686722278595
Batch 4250/4687, Loss: 0.22767966985702515
Batch 4300/4687, Loss: 0.2332162857055664
Batch 4350/4687, Loss: 0.22866438329219818
Batch 4400/4687, Loss: 0.2266812026500702
Batch 4450/4687, Loss: 0.21691511571407318
Batch 4500/4687, Loss: 0.23173633217811584
Batch 4550/4687, Loss: 0.2192496955394745
Batch 4600/4687, Loss: 0.24727757275104523
Batch 4650/4687, Loss: 0.23746849596500397

Start of epoch 113
Batch 0/4687, Loss: 0.21171686053276062
Batch 50/4687, Loss: 0.20580190420150757
Batch 100/4687, Loss: 0.2219325602054596
Batch 150/4687, Loss: 0.20956812798976898
Batch 200/4687, Loss: 0.22137781977653503
Batch 250/4687, Loss: 0.23056283593177795
Batch 300/4687, Loss: 0.21831834316253662
Batch 350/4687, Loss: 0.21668140590190887
Batch 400/4687, Loss: 0.22647151350975037
Batch 450/4687, Loss: 0.22627615928649902
Batch 500/4687, Loss: 0.2232811152935028
Batch 550/4687, Loss: 0.22101931273937225
Batch 600/4687, Loss: 0.20520804822444916
Batch 650/4687, Loss: 0.23102107644081116
Batch 700/4687, Loss: 0.2349999099969864
Batch 750/4687, Loss: 0.20953817665576935
Batch 800/4687, Loss: 0.21552324295043945
Batch 850/4687, Loss: 0.23803412914276123
Batch 900/4687, Loss: 0.2666611671447754
Batch 950/4687, Loss: 0.2438671737909317
Batch 1000/4687, Loss: 0.23265066742897034
Batch 1050/4687, Loss: 0.22622935473918915
Batch 1100/4687, Loss: 0.22964054346084595
Batch 1150/4687, Loss: 0.22013640403747559
Batch 1200/4687, Loss: 0.21598830819129944
Batch 1250/4687, Loss: 0.2522353529930115
Batch 1300/4687, Loss: 0.21825328469276428
Batch 1350/4687, Loss: 0.23212671279907227
Batch 1400/4687, Loss: 0.23120984435081482
Batch 1450/4687, Loss: 0.23797811567783356
Batch 1500/4687, Loss: 0.2010590136051178
Batch 1550/4687, Loss: 0.23444804549217224
Batch 1600/4687, Loss: 0.21788346767425537
Batch 1650/4687, Loss: 0.22017315030097961
Batch 1700/4687, Loss: 0.24609865248203278
Batch 1750/4687, Loss: 0.21587780117988586
Batch 1800/4687, Loss: 0.24071110785007477
Batch 1850/4687, Loss: 0.23393018543720245
Batch 1900/4687, Loss: 0.25130003690719604
Batch 1950/4687, Loss: 0.2226715385913849
Batch 2000/4687, Loss: 0.24214164912700653
Batch 2050/4687, Loss: 0.2743339538574219
Batch 2100/4687, Loss: 0.21750116348266602
Batch 2150/4687, Loss: 0.22488895058631897
Batch 2200/4687, Loss: 0.21892833709716797
Batch 2250/4687, Loss: 0.22231489419937134
Batch 2300/4687, Loss: 0.2277766913175583
Batch 2350/4687, Loss: 0.2362586408853531
Batch 2400/4687, Loss: 0.20542818307876587
Batch 2450/4687, Loss: 0.23944328725337982
Batch 2500/4687, Loss: 0.21618126332759857
Batch 2550/4687, Loss: 0.24626967310905457
Batch 2600/4687, Loss: 0.21738699078559875
Batch 2650/4687, Loss: 0.24293449521064758
Batch 2700/4687, Loss: 0.2420881986618042
Batch 2750/4687, Loss: 0.21525779366493225
Batch 2800/4687, Loss: 0.23256801068782806
Batch 2850/4687, Loss: 0.22203443944454193
Batch 2900/4687, Loss: 0.20608066022396088
Batch 2950/4687, Loss: 0.23326489329338074
Batch 3000/4687, Loss: 0.24084076285362244
Batch 3050/4687, Loss: 0.26970145106315613
Batch 3100/4687, Loss: 0.22200386226177216
Batch 3150/4687, Loss: 0.2356688231229782
Batch 3200/4687, Loss: 0.20116989314556122
Batch 3250/4687, Loss: 0.22522343695163727
Batch 3300/4687, Loss: 0.22765693068504333
Batch 3350/4687, Loss: 0.2219325602054596
Batch 3400/4687, Loss: 0.2148025780916214
Batch 3450/4687, Loss: 0.23469765484333038
Batch 3500/4687, Loss: 0.22298896312713623
Batch 3550/4687, Loss: 0.24070841073989868
Batch 3600/4687, Loss: 0.32383787631988525
Batch 3650/4687, Loss: 0.22878672182559967
Batch 3700/4687, Loss: 0.21572858095169067
Batch 3750/4687, Loss: 0.24399979412555695
Batch 3800/4687, Loss: 0.21469086408615112
Batch 3850/4687, Loss: 0.22834794223308563
Batch 3900/4687, Loss: 0.24612924456596375
Batch 3950/4687, Loss: 0.22573982179164886
Batch 4000/4687, Loss: 0.2126733958721161
Batch 4050/4687, Loss: 0.23498810827732086
Batch 4100/4687, Loss: 0.22620078921318054
Batch 4150/4687, Loss: 0.23644116520881653
Batch 4200/4687, Loss: 0.22267009317874908
Batch 4250/4687, Loss: 0.20583148300647736
Batch 4300/4687, Loss: 0.2201721966266632
Batch 4350/4687, Loss: 0.2417583465576172
Batch 4400/4687, Loss: 0.22093911468982697
Batch 4450/4687, Loss: 0.24659207463264465
Batch 4500/4687, Loss: 0.22978822886943817
Batch 4550/4687, Loss: 0.22855016589164734
Batch 4600/4687, Loss: 0.2184676229953766
Batch 4650/4687, Loss: 0.23150679469108582

Start of epoch 114
Batch 0/4687, Loss: 0.20870468020439148
Batch 50/4687, Loss: 0.2322714626789093
Batch 100/4687, Loss: 0.21610970795154572
Batch 150/4687, Loss: 0.2167229950428009
Batch 200/4687, Loss: 0.22565865516662598
Batch 250/4687, Loss: 0.22819209098815918
Batch 300/4687, Loss: 0.2808147370815277
Batch 350/4687, Loss: 0.21152982115745544
Batch 400/4687, Loss: 0.2278113067150116
Batch 450/4687, Loss: 0.22392773628234863
Batch 500/4687, Loss: 0.21597392857074738
Batch 550/4687, Loss: 0.21537400782108307
Batch 600/4687, Loss: 0.21047990024089813
Batch 650/4687, Loss: 0.23079149425029755
Batch 700/4687, Loss: 0.21665051579475403
Batch 750/4687, Loss: 0.20639705657958984
Batch 800/4687, Loss: 0.22090038657188416
Batch 850/4687, Loss: 0.21666954457759857
Batch 900/4687, Loss: 0.2216348946094513
Batch 950/4687, Loss: 0.219434455037117
Batch 1000/4687, Loss: 0.23060603439807892
Batch 1050/4687, Loss: 0.2160690724849701
Batch 1100/4687, Loss: 0.22942449152469635
Batch 1150/4687, Loss: 0.2257518470287323
Batch 1200/4687, Loss: 0.22807006537914276
Batch 1250/4687, Loss: 0.2275630235671997
Batch 1300/4687, Loss: 0.24067643284797668
Batch 1350/4687, Loss: 0.3311784565448761
Batch 1400/4687, Loss: 0.21896877884864807
Batch 1450/4687, Loss: 0.21513187885284424
Batch 1500/4687, Loss: 0.23455272614955902
Batch 1550/4687, Loss: 0.22717943787574768
Batch 1600/4687, Loss: 0.21880294382572174
Batch 1650/4687, Loss: 0.23319710791110992
Batch 1700/4687, Loss: 0.2197123020887375
Batch 1750/4687, Loss: 0.22540365159511566
Batch 1800/4687, Loss: 0.21043066680431366
Batch 1850/4687, Loss: 0.22481690347194672
Batch 1900/4687, Loss: 0.20650389790534973
Batch 1950/4687, Loss: 0.2198183536529541
Batch 2000/4687, Loss: 0.23601897060871124
Batch 2050/4687, Loss: 0.21456390619277954
Batch 2100/4687, Loss: 0.23430249094963074
Batch 2150/4687, Loss: 0.22887787222862244
Batch 2200/4687, Loss: 0.23576244711875916
Batch 2250/4687, Loss: 0.21995852887630463
Batch 2300/4687, Loss: 0.21226796507835388
Batch 2350/4687, Loss: 0.2247685194015503
Batch 2400/4687, Loss: 0.23253387212753296
Batch 2450/4687, Loss: 0.23301222920417786
Batch 2500/4687, Loss: 0.23053091764450073
Batch 2550/4687, Loss: 0.23396529257297516
Batch 2600/4687, Loss: 0.3083692789077759
Batch 2650/4687, Loss: 0.2353585958480835
Batch 2700/4687, Loss: 0.2270623743534088
Batch 2750/4687, Loss: 0.23935815691947937
Batch 2800/4687, Loss: 0.20328427851200104
Batch 2850/4687, Loss: 0.22336795926094055
Batch 2900/4687, Loss: 0.22503480315208435
Batch 2950/4687, Loss: 0.22549667954444885
Batch 3000/4687, Loss: 0.214014932513237
Batch 3050/4687, Loss: 0.2196686863899231
Batch 3100/4687, Loss: 0.2126895636320114
Batch 3150/4687, Loss: 0.21710249781608582
Batch 3200/4687, Loss: 0.2190849930047989
Batch 3250/4687, Loss: 0.21709851920604706
Batch 3300/4687, Loss: 0.22149771451950073
Batch 3350/4687, Loss: 0.2303197979927063
Batch 3400/4687, Loss: 0.2141255885362625
Batch 3450/4687, Loss: 0.22628122568130493
Batch 3500/4687, Loss: 0.2086700201034546
Batch 3550/4687, Loss: 0.2168729305267334
Batch 3600/4687, Loss: 0.22267132997512817
Batch 3650/4687, Loss: 0.2160458117723465
Batch 3700/4687, Loss: 0.21763387322425842
Batch 3750/4687, Loss: 0.22382359206676483
Batch 3800/4687, Loss: 0.22108758985996246
Batch 3850/4687, Loss: 0.24747855961322784
Batch 3900/4687, Loss: 0.22875845432281494
Batch 3950/4687, Loss: 0.21578113734722137
Batch 4000/4687, Loss: 0.2484138309955597
Batch 4050/4687, Loss: 0.21367469429969788
Batch 4100/4687, Loss: 0.22224734723567963
Batch 4150/4687, Loss: 0.2389337420463562
Batch 4200/4687, Loss: 0.21651847660541534
Batch 4250/4687, Loss: 0.22546499967575073
Batch 4300/4687, Loss: 0.21607401967048645
Batch 4350/4687, Loss: 0.21777918934822083
Batch 4400/4687, Loss: 0.22757789492607117
Batch 4450/4687, Loss: 0.20569515228271484
Batch 4500/4687, Loss: 0.23556837439537048
Batch 4550/4687, Loss: 0.2207360565662384
Batch 4600/4687, Loss: 0.21901056170463562
Batch 4650/4687, Loss: 0.2438180148601532

Start of epoch 115
Batch 0/4687, Loss: 0.22372600436210632
Batch 50/4687, Loss: 0.21555247902870178
Batch 100/4687, Loss: 0.2326679825782776
Batch 150/4687, Loss: 0.21789997816085815
Batch 200/4687, Loss: 0.25686055421829224
Batch 250/4687, Loss: 0.266011506319046
Batch 300/4687, Loss: 0.21380110085010529
Batch 350/4687, Loss: 0.22061558067798615
Batch 400/4687, Loss: 0.2155539095401764
Batch 450/4687, Loss: 0.22295904159545898
Batch 500/4687, Loss: 0.21244630217552185
Batch 550/4687, Loss: 0.22308392822742462
Batch 600/4687, Loss: 0.21558338403701782
Batch 650/4687, Loss: 0.2045166790485382
Batch 700/4687, Loss: 0.26005658507347107
Batch 750/4687, Loss: 0.22018465399742126
Batch 800/4687, Loss: 0.20373834669589996
Batch 850/4687, Loss: 0.22353914380073547
Batch 900/4687, Loss: 0.21984142065048218
Batch 950/4687, Loss: 0.2184879183769226
Batch 1000/4687, Loss: 0.2293645143508911
Batch 1050/4687, Loss: 0.21807776391506195
Batch 1100/4687, Loss: 0.22000807523727417
Batch 1150/4687, Loss: 0.20879188179969788
Batch 1200/4687, Loss: 0.25343942642211914
Batch 1250/4687, Loss: 0.2251385599374771
Batch 1300/4687, Loss: 0.20177197456359863
Batch 1350/4687, Loss: 0.23362396657466888
Batch 1400/4687, Loss: 0.2207111418247223
Batch 1450/4687, Loss: 0.24175451695919037
Batch 1500/4687, Loss: 0.22031544148921967
Batch 1550/4687, Loss: 0.235019713640213
Batch 1600/4687, Loss: 0.22922831773757935
Batch 1650/4687, Loss: 0.2204616516828537
Batch 1700/4687, Loss: 0.21811282634735107
Batch 1750/4687, Loss: 0.23159345984458923
Batch 1800/4687, Loss: 0.22503699362277985
Batch 1850/4687, Loss: 0.22981958091259003
Batch 1900/4687, Loss: 0.2279001623392105
Batch 1950/4687, Loss: 0.22844427824020386
Batch 2000/4687, Loss: 0.22119995951652527
Batch 2050/4687, Loss: 0.23353753983974457
Batch 2100/4687, Loss: 0.2406914085149765
Batch 2150/4687, Loss: 0.2087739109992981
Batch 2200/4687, Loss: 0.2345409393310547
Batch 2250/4687, Loss: 0.2248045653104782
Batch 2300/4687, Loss: 0.25170156359672546
Batch 2350/4687, Loss: 0.22914336621761322
Batch 2400/4687, Loss: 0.22351597249507904
Batch 2450/4687, Loss: 0.21143490076065063
Batch 2500/4687, Loss: 0.20915734767913818
Batch 2550/4687, Loss: 0.21223752200603485
Batch 2600/4687, Loss: 0.23813989758491516
Batch 2650/4687, Loss: 0.21761834621429443
Batch 2700/4687, Loss: 0.21662893891334534
Batch 2750/4687, Loss: 0.2375880777835846
Batch 2800/4687, Loss: 0.20816874504089355
Batch 2850/4687, Loss: 0.21403557062149048
Batch 2900/4687, Loss: 0.2291141301393509
Batch 2950/4687, Loss: 0.22006362676620483
Batch 3000/4687, Loss: 0.23719720542430878
Batch 3050/4687, Loss: 0.2147245556116104
Batch 3100/4687, Loss: 0.22303283214569092
Batch 3150/4687, Loss: 0.23951609432697296
Batch 3200/4687, Loss: 0.2212778627872467
Batch 3250/4687, Loss: 0.21889400482177734
Batch 3300/4687, Loss: 0.21799077093601227
Batch 3350/4687, Loss: 0.27892035245895386
Batch 3400/4687, Loss: 0.21773499250411987
Batch 3450/4687, Loss: 0.20010744035243988
Batch 3500/4687, Loss: 0.20702709257602692
Batch 3550/4687, Loss: 0.22098815441131592
Batch 3600/4687, Loss: 0.2136300802230835
Batch 3650/4687, Loss: 0.21919666230678558
Batch 3700/4687, Loss: 0.2189539074897766
Batch 3750/4687, Loss: 0.23187506198883057
Batch 3800/4687, Loss: 0.23843932151794434
Batch 3850/4687, Loss: 0.22758254408836365
Batch 3900/4687, Loss: 0.2443232536315918
Batch 3950/4687, Loss: 0.23564542829990387
Batch 4000/4687, Loss: 0.23871836066246033
Batch 4050/4687, Loss: 0.21493923664093018
Batch 4100/4687, Loss: 0.23456311225891113
Batch 4150/4687, Loss: 0.21694372594356537
Batch 4200/4687, Loss: 0.24455946683883667
Batch 4250/4687, Loss: 0.2235945463180542
Batch 4300/4687, Loss: 0.22527241706848145
Batch 4350/4687, Loss: 0.2370053231716156
Batch 4400/4687, Loss: 0.2274579107761383
Batch 4450/4687, Loss: 0.24573783576488495
Batch 4500/4687, Loss: 0.24229291081428528
Batch 4550/4687, Loss: 0.22674205899238586
Batch 4600/4687, Loss: 0.21518193185329437
Batch 4650/4687, Loss: 0.21601350605487823

Start of epoch 116
Batch 0/4687, Loss: 0.2106470912694931
Batch 50/4687, Loss: 0.2235046774148941
Batch 100/4687, Loss: 0.2312960922718048
Batch 150/4687, Loss: 0.22726726531982422
Batch 200/4687, Loss: 0.20189163088798523
Batch 250/4687, Loss: 0.21219033002853394
Batch 300/4687, Loss: 0.22113780677318573
Batch 350/4687, Loss: 0.22279319167137146
Batch 400/4687, Loss: 0.20814742147922516
Batch 450/4687, Loss: 0.2400917112827301
Batch 500/4687, Loss: 0.2062978297472
Batch 550/4687, Loss: 0.21913418173789978
Batch 600/4687, Loss: 0.23238186538219452
Batch 650/4687, Loss: 0.23463134467601776
Batch 700/4687, Loss: 0.21700724959373474
Batch 750/4687, Loss: 0.21101117134094238
Batch 800/4687, Loss: 0.2071991264820099
Batch 850/4687, Loss: 0.21766072511672974
Batch 900/4687, Loss: 0.23086777329444885
Batch 950/4687, Loss: 0.2065826952457428
Batch 1000/4687, Loss: 0.20999494194984436
Batch 1050/4687, Loss: 0.22411632537841797
Batch 1100/4687, Loss: 0.2416609525680542
Batch 1150/4687, Loss: 0.23428717255592346
Batch 1200/4687, Loss: 0.210861474275589
Batch 1250/4687, Loss: 0.22891145944595337
Batch 1300/4687, Loss: 0.2357112169265747
Batch 1350/4687, Loss: 0.2169419527053833
Batch 1400/4687, Loss: 0.21836452186107635
Batch 1450/4687, Loss: 0.2256208062171936
Batch 1500/4687, Loss: 0.23187068104743958
Batch 1550/4687, Loss: 0.20955996215343475
Batch 1600/4687, Loss: 0.24110181629657745
Batch 1650/4687, Loss: 0.21996665000915527
Batch 1700/4687, Loss: 0.22123631834983826
Batch 1750/4687, Loss: 0.2225865125656128
Batch 1800/4687, Loss: 0.21729162335395813
Batch 1850/4687, Loss: 0.24389949440956116
Batch 1900/4687, Loss: 0.24717119336128235
Batch 1950/4687, Loss: 0.24255821108818054
Batch 2000/4687, Loss: 0.27988943457603455
Batch 2050/4687, Loss: 0.23010265827178955
Batch 2100/4687, Loss: 0.21991968154907227
Batch 2150/4687, Loss: 0.21069328486919403
Batch 2200/4687, Loss: 0.22106091678142548
Batch 2250/4687, Loss: 0.21242567896842957
Batch 2300/4687, Loss: 0.22178229689598083
Batch 2350/4687, Loss: 0.21804434061050415
Batch 2400/4687, Loss: 0.22075438499450684
Batch 2450/4687, Loss: 0.23116295039653778
Batch 2500/4687, Loss: 0.22155708074569702
Batch 2550/4687, Loss: 0.25152331590652466
Batch 2600/4687, Loss: 0.22234433889389038
Batch 2650/4687, Loss: 0.23441462218761444
Batch 2700/4687, Loss: 0.2077626883983612
Batch 2750/4687, Loss: 0.24376752972602844
Batch 2800/4687, Loss: 0.22225692868232727
Batch 2850/4687, Loss: 0.20202282071113586
Batch 2900/4687, Loss: 0.2448420375585556
Batch 2950/4687, Loss: 0.2211015373468399
Batch 3000/4687, Loss: 0.21594533324241638
Batch 3050/4687, Loss: 0.22577054798603058
Batch 3100/4687, Loss: 0.216452494263649
Batch 3150/4687, Loss: 0.22996844351291656
Batch 3200/4687, Loss: 0.2155022919178009
Batch 3250/4687, Loss: 0.23878096044063568
Batch 3300/4687, Loss: 0.2285303920507431
Batch 3350/4687, Loss: 0.23656633496284485
Batch 3400/4687, Loss: 0.21221749484539032
Batch 3450/4687, Loss: 0.21292655169963837
Batch 3500/4687, Loss: 0.2220173478126526
Batch 3550/4687, Loss: 0.21380659937858582
Batch 3600/4687, Loss: 0.21055908501148224
Batch 3650/4687, Loss: 0.22145213186740875
Batch 3700/4687, Loss: 0.23943305015563965
Batch 3750/4687, Loss: 0.23242151737213135
Batch 3800/4687, Loss: 0.2096344232559204
Batch 3850/4687, Loss: 0.21630126237869263
Batch 3900/4687, Loss: 0.21205875277519226
Batch 3950/4687, Loss: 0.20913466811180115
Batch 4000/4687, Loss: 0.22937877476215363
Batch 4050/4687, Loss: 0.23037926852703094
Batch 4100/4687, Loss: 0.22741740942001343
Batch 4150/4687, Loss: 0.21357207000255585
Batch 4200/4687, Loss: 0.21741707623004913
Batch 4250/4687, Loss: 0.2221282571554184
Batch 4300/4687, Loss: 0.21093392372131348
Batch 4350/4687, Loss: 0.21020863950252533
Batch 4400/4687, Loss: 0.2314361184835434
Batch 4450/4687, Loss: 0.2254425287246704
Batch 4500/4687, Loss: 0.24298498034477234
Batch 4550/4687, Loss: 0.22297555208206177
Batch 4600/4687, Loss: 0.22663474082946777
Batch 4650/4687, Loss: 0.20998933911323547

Start of epoch 117
Batch 0/4687, Loss: 0.23373204469680786
Batch 50/4687, Loss: 0.22800886631011963
Batch 100/4687, Loss: 0.24471819400787354
Batch 150/4687, Loss: 0.21395069360733032
Batch 200/4687, Loss: 0.21979555487632751
Batch 250/4687, Loss: 0.20641782879829407
Batch 300/4687, Loss: 0.22480519115924835
Batch 350/4687, Loss: 0.2167232632637024
Batch 400/4687, Loss: 0.2363719344139099
Batch 450/4687, Loss: 0.23276245594024658
Batch 500/4687, Loss: 0.2176971137523651
Batch 550/4687, Loss: 0.2433646023273468
Batch 600/4687, Loss: 0.221714049577713
Batch 650/4687, Loss: 0.23396962881088257
Batch 700/4687, Loss: 0.2045721560716629
Batch 750/4687, Loss: 0.223906472325325
Batch 800/4687, Loss: 0.22622895240783691
Batch 850/4687, Loss: 0.21516922116279602
Batch 900/4687, Loss: 0.21507808566093445
Batch 950/4687, Loss: 0.23982995748519897
Batch 1000/4687, Loss: 0.2245175689458847
Batch 1050/4687, Loss: 0.24177363514900208
Batch 1100/4687, Loss: 0.23079939186573029
Batch 1150/4687, Loss: 0.2106032520532608
Batch 1200/4687, Loss: 0.2373729646205902
Batch 1250/4687, Loss: 0.2424817681312561
Batch 1300/4687, Loss: 0.24847885966300964
Batch 1350/4687, Loss: 0.22846585512161255
Batch 1400/4687, Loss: 0.23340101540088654
Batch 1450/4687, Loss: 0.22454167902469635
Batch 1500/4687, Loss: 0.2149280160665512
Batch 1550/4687, Loss: 0.2153879553079605
Batch 1600/4687, Loss: 0.2550412118434906
Batch 1650/4687, Loss: 0.21322615444660187
Batch 1700/4687, Loss: 0.21590039134025574
Batch 1750/4687, Loss: 0.2186095118522644
Batch 1800/4687, Loss: 0.2433270812034607
Batch 1850/4687, Loss: 0.2033824473619461
Batch 1900/4687, Loss: 0.22117386758327484
Batch 1950/4687, Loss: 0.22009973227977753
Batch 2000/4687, Loss: 0.20444747805595398
Batch 2050/4687, Loss: 0.22188487648963928
Batch 2100/4687, Loss: 0.2165660411119461
Batch 2150/4687, Loss: 0.24085015058517456
Batch 2200/4687, Loss: 0.20726343989372253
Batch 2250/4687, Loss: 0.2457142174243927
Batch 2300/4687, Loss: 0.21775223314762115
Batch 2350/4687, Loss: 0.23570434749126434
Batch 2400/4687, Loss: 0.2172265350818634
Batch 2450/4687, Loss: 0.21512781083583832
Batch 2500/4687, Loss: 0.24007093906402588
Batch 2550/4687, Loss: 0.21904411911964417
Batch 2600/4687, Loss: 0.23008942604064941
Batch 2650/4687, Loss: 0.22684603929519653
Batch 2700/4687, Loss: 0.25455719232559204
Batch 2750/4687, Loss: 0.21950063109397888
Batch 2800/4687, Loss: 0.22355124354362488
Batch 2850/4687, Loss: 0.2307775616645813
Batch 2900/4687, Loss: 0.2213738113641739
Batch 2950/4687, Loss: 0.22486232221126556
Batch 3000/4687, Loss: 0.2263260781764984
Batch 3050/4687, Loss: 0.21212345361709595
Batch 3100/4687, Loss: 0.21453016996383667
Batch 3150/4687, Loss: 0.23330888152122498
Batch 3200/4687, Loss: 0.20909613370895386
Batch 3250/4687, Loss: 0.22816410660743713
Batch 3300/4687, Loss: 0.23818233609199524
Batch 3350/4687, Loss: 0.22103700041770935
Batch 3400/4687, Loss: 0.22464323043823242
Batch 3450/4687, Loss: 0.2367824912071228
Batch 3500/4687, Loss: 0.21431130170822144
Batch 3550/4687, Loss: 0.22748348116874695
Batch 3600/4687, Loss: 0.2175055295228958
Batch 3650/4687, Loss: 0.22251205146312714
Batch 3700/4687, Loss: 0.214914470911026
Batch 3750/4687, Loss: 0.21118248999118805
Batch 3800/4687, Loss: 0.21318238973617554
Batch 3850/4687, Loss: 0.22452035546302795
Batch 3900/4687, Loss: 0.2142365574836731
Batch 3950/4687, Loss: 0.20576100051403046
Batch 4000/4687, Loss: 0.23374885320663452
Batch 4050/4687, Loss: 0.22763943672180176
Batch 4100/4687, Loss: 0.21573194861412048
Batch 4150/4687, Loss: 0.20796316862106323
Batch 4200/4687, Loss: 0.21315893530845642
Batch 4250/4687, Loss: 0.222344771027565
Batch 4300/4687, Loss: 0.2299218475818634
Batch 4350/4687, Loss: 0.21709199249744415
Batch 4400/4687, Loss: 0.239641010761261
Batch 4450/4687, Loss: 0.220319926738739
Batch 4500/4687, Loss: 0.31459352374076843
Batch 4550/4687, Loss: 0.22983193397521973
Batch 4600/4687, Loss: 0.226048544049263
Batch 4650/4687, Loss: 0.23822323977947235

Start of epoch 118
Batch 0/4687, Loss: 0.21485626697540283
Batch 50/4687, Loss: 0.2324029803276062
Batch 100/4687, Loss: 0.20918458700180054
Batch 150/4687, Loss: 0.20620717108249664
Batch 200/4687, Loss: 0.23348036408424377
Batch 250/4687, Loss: 0.24767689406871796
Batch 300/4687, Loss: 0.23329180479049683
Batch 350/4687, Loss: 0.20114651322364807
Batch 400/4687, Loss: 0.22605057060718536
Batch 450/4687, Loss: 0.21341538429260254
Batch 500/4687, Loss: 0.23104228079319
Batch 550/4687, Loss: 0.21108457446098328
Batch 600/4687, Loss: 0.2281961739063263
Batch 650/4687, Loss: 0.21144375205039978
Batch 700/4687, Loss: 0.2264147698879242
Batch 750/4687, Loss: 0.24099569022655487
Batch 800/4687, Loss: 0.207956925034523
Batch 850/4687, Loss: 0.21492739021778107
Batch 900/4687, Loss: 0.2263159453868866
Batch 950/4687, Loss: 0.23016755282878876
Batch 1000/4687, Loss: 0.25369471311569214
Batch 1050/4687, Loss: 0.2122413069009781
Batch 1100/4687, Loss: 0.21120601892471313
Batch 1150/4687, Loss: 0.22946098446846008
Batch 1200/4687, Loss: 0.22190377116203308
Batch 1250/4687, Loss: 0.200175479054451
Batch 1300/4687, Loss: 0.22040577232837677
Batch 1350/4687, Loss: 0.23027664422988892
Batch 1400/4687, Loss: 0.2228924036026001
Batch 1450/4687, Loss: 0.23809899389743805
Batch 1500/4687, Loss: 0.23408469557762146
Batch 1550/4687, Loss: 0.22443990409374237
Batch 1600/4687, Loss: 0.23270119726657867
Batch 1650/4687, Loss: 0.21624813973903656
Batch 1700/4687, Loss: 0.23042555153369904
Batch 1750/4687, Loss: 0.22274979948997498
Batch 1800/4687, Loss: 0.23025138676166534
Batch 1850/4687, Loss: 0.21151624619960785
Batch 1900/4687, Loss: 0.24514123797416687
Batch 1950/4687, Loss: 0.20965728163719177
Batch 2000/4687, Loss: 0.21358144283294678
Batch 2050/4687, Loss: 0.23240427672863007
Batch 2100/4687, Loss: 0.23119306564331055
Batch 2150/4687, Loss: 0.22805842757225037
Batch 2200/4687, Loss: 0.2702469229698181
Batch 2250/4687, Loss: 0.2193019837141037
Batch 2300/4687, Loss: 0.22401157021522522
Batch 2350/4687, Loss: 0.22860699892044067
Batch 2400/4687, Loss: 0.22913454473018646
Batch 2450/4687, Loss: 0.22584415972232819
Batch 2500/4687, Loss: 0.21094641089439392
Batch 2550/4687, Loss: 0.21875840425491333
Batch 2600/4687, Loss: 0.2494635283946991
Batch 2650/4687, Loss: 0.2323566973209381
Batch 2700/4687, Loss: 0.23457928001880646
Batch 2750/4687, Loss: 0.21965453028678894
Batch 2800/4687, Loss: 0.23721550405025482
