# Omega RhoOverOmega_mean RhoOverOmega_error RhoOverOmega_sample_0 RhoOverOmega_sample_1 RhoOverOmega_sample_2 RhoOverOmega_sample_3 RhoOverOmega_sample_4 RhoOverOmega_sample_5 RhoOverOmega_sample_6 RhoOverOmega_sample_7 RhoOverOmega_sample_8 RhoOverOmega_sample_9
0.000000000000000000e+00 9.940990060567855835e-02 2.768621966242790222e-02 1.020409762859344482e-01 9.051880240440368652e-02 1.038761213421821594e-01 9.373357892036437988e-02 1.139942780137062073e-01 9.680289030075073242e-02 9.898616373538970947e-02 1.124032810330390930e-01 9.961476176977157593e-02 8.387378603219985962e-02
8.016032064128256196e-02 1.299425959587097168e-01 1.440058089792728424e-02 1.292887330055236816e-01 1.293792724609375000e-01 1.270013153553009033e-01 1.311398297548294067e-01 1.199707165360450745e-01 1.298900246620178223e-01 1.295561194419860840e-01 1.301553100347518921e-01 1.322824209928512573e-01 1.395265609025955200e-01
1.603206412825651239e-01 1.625361740589141846e-01 4.179059714078903198e-02 1.598716676235198975e-01 1.728070974349975586e-01 1.546629071235656738e-01 1.694454997777938843e-01 1.385284066200256348e-01 1.657972037792205811e-01 1.629864722490310669e-01 1.468426436185836792e-01 1.627641469240188599e-01 1.888816952705383301e-01
2.404809619238476859e-01 1.709129363298416138e-01 2.925945632159709930e-02 1.709783822298049927e-01 1.844791918992996216e-01 1.671562939882278442e-01 1.762364804744720459e-01 1.673754155635833740e-01 1.758977174758911133e-01 1.731083691120147705e-01 1.491717547178268433e-01 1.646595299243927002e-01 1.797086894512176514e-01
3.206412825651302478e-01 1.626520156860351562e-01 4.092702269554138184e-02 1.670279353857040405e-01 1.693161875009536743e-01 1.660017222166061401e-01 1.630425602197647095e-01 1.898819804191589355e-01 1.670568883419036865e-01 1.659207940101623535e-01 1.475603431463241577e-01 1.543702185153961182e-01 1.395102888345718384e-01
4.008016032064127820e-01 1.530288457870483398e-01 5.912068858742713928e-02 1.592476665973663330e-01 1.478895545005798340e-01 1.602397412061691284e-01 1.496577411890029907e-01 1.933235675096511841e-01 1.547497361898422241e-01 1.551827788352966309e-01 1.528327465057373047e-01 1.502341628074645996e-01 1.113791316747665405e-01
4.809619238476953718e-01 1.490086317062377930e-01 5.151058360934257507e-02 1.529964208602905273e-01 1.345418244600296021e-01 1.557613015174865723e-01 1.441730260848999023e-01 1.769968122243881226e-01 1.465608775615692139e-01 1.476311087608337402e-01 1.654192060232162476e-01 1.551506966352462769e-01 1.134245693683624268e-01
5.611222444889779615e-01 1.499043852090835571e-01 3.920822218060493469e-02 1.488345712423324585e-01 1.327950060367584229e-01 1.537864208221435547e-01 1.451229006052017212e-01 1.489087641239166260e-01 1.428206413984298706e-01 1.437743455171585083e-01 1.791586279869079590e-01 1.626601815223693848e-01 1.398401856422424316e-01
6.412825651302604957e-01 1.522210091352462769e-01 5.871539190411567688e-02 1.455805003643035889e-01 1.392949223518371582e-01 1.529599279165267944e-01 1.480388641357421875e-01 1.194963827729225159e-01 1.411641538143157959e-01 1.418949812650680542e-01 1.872606277465820312e-01 1.661392301321029663e-01 1.746690720319747925e-01
7.214428857715430299e-01 1.528511345386505127e-01 8.510349690914154053e-02 1.423106342554092407e-01 1.484169512987136841e-01 1.513091623783111572e-01 1.493688523769378662e-01 9.708856046199798584e-02 1.395965367555618286e-01 1.404302269220352173e-01 1.857647299766540527e-01 1.626686006784439087e-01 2.027784436941146851e-01
8.016032064128255641e-01 1.501996815204620361e-01 9.662102162837982178e-02 1.387152373790740967e-01 1.553435921669006348e-01 1.473932117223739624e-01 1.474359929561614990e-01 8.604427427053451538e-02 1.372162848711013794e-01 1.384882181882858276e-01 1.740873754024505615e-01 1.529091894626617432e-01 2.148592323064804077e-01
8.817635270541082093e-01 1.440361142158508301e-01 8.902826160192489624e-02 1.348100751638412476e-01 1.571988165378570557e-01 1.406362056732177734e-01 1.420678347349166870e-01 8.679214864969253540e-02 1.339681595563888550e-01 1.357275545597076416e-01 1.541991829872131348e-01 1.394461542367935181e-01 2.080398797988891602e-01
9.619238476953907435e-01 1.350203305482864380e-01 6.646502763032913208e-02 1.306869536638259888e-01 1.531255245208740234e-01 1.311859488487243652e-01 1.338946372270584106e-01 9.690247476100921631e-02 1.301508992910385132e-01 1.320649236440658569e-01 1.293799877166748047e-01 1.251749396324157715e-01 1.845152229070663452e-01
1.042084168336673278e+00 1.241929009556770325e-01 4.216785356402397156e-02 1.263033598661422729e-01 1.437435597181320190e-01 1.197618693113327026e-01 1.238541752099990845e-01 1.123932674527168274e-01 1.260628104209899902e-01 1.274494677782058716e-01 1.031815335154533386e-01 1.123202443122863770e-01 1.494810283184051514e-01
1.122244488977955923e+00 1.125968620181083679e-01 4.612369462847709656e-02 1.215289831161499023e-01 1.304762214422225952e-01 1.073106303811073303e-01 1.129029914736747742e-01 1.288843005895614624e-01 1.218011826276779175e-01 1.218732893466949463e-01 7.871758937835693359e-02 1.021471694111824036e-01 1.092632785439491272e-01
1.202404809619238346e+00 1.011233255267143250e-01 7.390865683555603027e-02 1.161404401063919067e-01 1.150474622845649719e-01 9.483644366264343262e-02 1.018392071127891541e-01 1.424622088670730591e-01 1.172622516751289368e-01 1.153497546911239624e-01 5.828340351581573486e-02 9.495714306831359863e-02 6.999514997005462646e-02
1.282565130260520991e+00 9.041043370962142944e-02 9.970924258232116699e-02 1.099427640438079834e-01 9.905505925416946411e-02 8.319448679685592651e-02 9.124975651502609253e-02 1.501876115798950195e-01 1.121723055839538574e-01 1.079143211245536804e-01 4.326727241277694702e-02 9.035164862871170044e-02 3.677197173237800598e-02
1.362725450901803637e+00 8.085828274488449097e-02 1.146513372659683228e-01 1.027581766247749329e-01 8.379130810499191284e-02 7.303985208272933960e-02 8.153949677944183350e-02 1.503089070320129395e-01 1.062169000506401062e-01 9.968974441289901733e-02 3.415170684456825256e-02 8.746793121099472046e-02 1.321799308061599731e-02
1.442885771543086060e+00 7.262951135635375977e-02 1.157986670732498169e-01 9.455036371946334839e-02 7.014816999435424805e-02 6.475394964218139648e-02 7.294259965419769287e-02 1.423279047012329102e-01 9.911384433507919312e-02 9.082847088575363159e-02 3.069046325981616974e-02 8.530498296022415161e-02 1.373906154185533524e-03
1.523046092184368705e+00 6.570374965667724609e-02 1.038515865802764893e-01 8.534784615039825439e-02 5.861840024590492249e-02 5.846805498003959656e-02 6.552611291408538818e-02 1.268480122089385986e-01 9.068737924098968506e-02 8.154442161321640015e-02 3.211582079529762268e-02 8.290873467922210693e-02 2.790217986330389977e-04
1.603206412825651128e+00 5.992272123694419861e-02 8.645971119403839111e-02 7.528611272573471069e-02 4.934417083859443665e-02 5.409333854913711548e-02 5.925053730607032776e-02 1.054010763764381409e-01 8.091484755277633667e-02 7.204325497150421143e-02 3.726996108889579773e-02 7.950623333454132080e-02 2.957986434921622276e-04
1.683366733466933773e+00 5.506446585059165955e-02 6.796484440565109253e-02 6.460779905319213867e-02 4.221407696604728699e-02 5.136824771761894226e-02 5.398060381412506104e-02 8.025176078081130981e-02 6.994421780109405518e-02 6.256476044654846191e-02 4.480507224798202515e-02 7.456859946250915527e-02 6.613008445128798485e-04
1.763527054108216419e+00 5.086631327867507935e-02 5.165226757526397705e-02 5.362318456172943115e-02 3.693716228008270264e-02 4.989356920123100281e-02 4.953653737902641296e-02 5.416125059127807617e-02 5.808749422430992126e-02 5.331955850124359131e-02 5.332610011100769043e-02 6.786638498306274414e-02 4.987194668501615524e-03
1.843687374749498842e+00 4.706359282135963440e-02 4.359898343682289124e-02 4.268895834684371948e-02 3.312025964260101318e-02 4.921324178576469421e-02 4.570594802498817444e-02 3.019047901034355164e-02 4.582176357507705688e-02 4.447704181075096130e-02 6.154031306505203247e-02 5.946648120880126953e-02 1.499614305794239044e-02
1.923847695390781487e+00 4.340168833732604980e-02 4.859458282589912415e-02 3.221941366791725159e-02 3.033907525241374969e-02 4.884576797485351562e-02 4.226068407297134399e-02 1.153575535863637924e-02 3.375361487269401550e-02 3.620502352714538574e-02 6.827859580516815186e-02 4.967880994081497192e-02 2.853652276098728180e-02
2.004008016032063910e+00 3.969149291515350342e-02 5.898074060678482056e-02 2.265397645533084869e-02 2.817650511860847473e-02 4.832854866981506348e-02 3.898610174655914307e-02 1.304155797697603703e-03 2.258211188018321991e-02 2.863289043307304382e-02 7.264328002929687500e-02 3.905157372355461121e-02 4.328171163797378540e-02
2.084168336673346555e+00 3.578407689929008484e-02 6.788346916437149048e-02 1.442536339163780212e-02 2.628473564982414246e-02 4.727968946099281311e-02 3.569891303777694702e-02 3.170754062011837959e-04 1.306458562612533569e-02 2.186829037964344025e-02 7.398977130651473999e-02 2.828685566782951355e-02 5.711938068270683289e-02
2.164328657314629201e+00 3.160125017166137695e-02 7.636979967355728149e-02 7.964517921209335327e-03 2.436688728630542755e-02 4.539892449975013733e-02 3.226357698440551758e-02 2.575318503659218550e-04 5.970640573650598526e-03 1.600621826946735382e-02 7.201127707958221436e-02 1.822306029498577118e-02 6.831201910972595215e-02
2.244488977955911846e+00 2.713604457676410675e-02 8.142668008804321289e-02 3.623627591878175735e-03 2.222461812198162079e-02 4.249748960137367249e-02 2.859466895461082458e-02 2.282431378262117505e-04 1.938961329869925976e-03 1.111394725739955902e-02 6.670827418565750122e-02 9.773643687367439270e-03 7.556629180908203125e-02
2.324649298597194491e+00 2.246484160423278809e-02 8.137524873018264771e-02 1.517469878308475018e-03 1.975903287529945374e-02 3.850761801004409790e-02 2.467045001685619354e-02 2.076407836284488440e-04 8.157192496582865715e-04 7.251132745295763016e-03 5.840229988098144531e-02 3.848318709060549736e-03 7.808185368776321411e-02
2.404809619238476692e+00 1.772259362041950226e-02 7.634164392948150635e-02 9.420430869795382023e-04 1.695446670055389404e-02 3.349952399730682373e-02 2.053638920187950134e-02 1.925766118802130222e-04 6.207054248079657555e-04 4.449657630175352097e-03 4.772825539112091064e-02 1.130328979343175888e-03 7.559426128864288330e-02
2.484969939879759337e+00 1.311413012444972992e-02 6.718456000089645386e-02 7.875201408751308918e-04 1.389027386903762817e-02 2.767077088356018066e-02 1.630498282611370087e-02 1.813902636058628559e-04 5.475326324813067913e-04 2.695399802178144455e-03 3.562043607234954834e-02 6.435421528294682503e-04 6.836276501417160034e-02
2.565130260521041983e+00 8.903920650482177734e-03 5.506571382284164429e-02 7.111775921657681465e-04 1.072187814861536026e-02 2.134775742888450623e-02 1.215464714914560318e-02 1.729751238599419594e-04 4.975536721758544445e-04 1.833575544878840446e-03 2.329228259623050690e-02 5.342155927792191505e-04 5.715849623084068298e-02
2.645290581162324628e+00 5.390563048422336578e-03 4.116343706846237183e-02 6.543103372678160667e-04 7.669218350201845169e-03 1.498130336403846741e-02 8.324357680976390839e-03 1.666627067606896162e-04 4.591272445395588875e-04 1.457945676520466805e-03 1.220335252583026886e-02 4.736327682621777058e-04 4.323162883520126343e-02
2.725450901803607273e+00 2.887115115299820900e-03 2.685284055769443512e-02 6.078406004235148430e-04 4.996333736926317215e-03 9.128185920417308807e-03 5.098226945847272873e-03 1.619375252630561590e-04 4.285256145521998405e-04 1.260213204659521580e-03 4.022963810712099075e-03 4.290924989618360996e-04 2.829550206661224365e-02
2.805611222444889474e+00 1.601488678716123104e-03 1.357468124479055405e-02 5.685698124580085278e-04 2.978251315653324127e-03 4.435518756508827209e-03 2.779302652925252914e-03 1.584705314598977566e-04 4.038589831907302141e-04 1.121875480748713017e-03 5.997656844556331635e-04 3.943420306313782930e-04 1.448762789368629456e-02
2.885771543086172120e+00 1.121968962252140045e-03 3.730676369741559029e-03 5.350398714654147625e-04 1.797939767129719257e-03 1.613128930330276489e-03 1.565566868521273136e-03 1.560216041980311275e-04 3.837730328086763620e-04 1.008952618576586246e-03 3.346633166074752808e-04 3.668017161544412374e-04 4.288277588784694672e-03
2.965931863727454765e+00 9.140632464550435543e-04 1.479052705690264702e-03 5.058476235717535019e-04 1.261396799236536026e-03 8.248745580203831196e-04 1.093359896913170815e-03 1.543926773592829704e-04 3.669901052489876747e-04 9.124722564592957497e-04 2.697808376979082823e-04 3.444857429713010788e-04 4.153758927714079618e-04
3.046092184368737410e+00 7.864068029448390007e-04 1.265390194021165371e-03 4.802715557161718607e-04 1.007963670417666435e-03 6.240311195142567158e-04 8.828694117255508900e-04 1.534456678200513124e-04 3.529990208335220814e-04 8.289874531328678131e-04 2.271473204018548131e-04 3.259742516092956066e-04 2.288411487825214863e-04
3.126252505010020055e+00 6.916749407537281513e-04 1.086229342035949230e-03 4.578418156597763300e-04 8.579805726185441017e-04 5.219781305640935898e-04 7.530951988883316517e-04 1.530470035504549742e-04 3.412346704863011837e-04 7.567223510704934597e-04 1.957819476956501603e-04 3.106110380031168461e-04 1.826815714593976736e-04
3.206412825651302256e+00 6.168922409415245056e-04 9.468827047385275364e-04 4.380124737508594990e-04 7.517549674957990646e-04 4.498133785091340542e-04 6.573467981070280075e-04 1.531588350189849734e-04 3.312618064228445292e-04 6.938044680282473564e-04 1.717199920676648617e-04 2.977395488414913416e-04 1.520696678198873997e-04
3.286573146292584902e+00 5.567173357121646404e-04 8.362006046809256077e-04 4.200169933028519154e-04 6.697396165691316128e-04 3.945630160160362720e-04 5.826428532600402832e-04 1.536588679300621152e-04 3.227149136364459991e-04 6.388635374605655670e-04 1.528324646642431617e-04 2.866513095796108246e-04 1.298853603657335043e-04
3.366733466933867547e+00 5.069416947662830353e-04 7.456339080817997456e-04 4.039113700855523348e-04 6.044423789717257023e-04 3.511228715069591999e-04 5.226965295150876045e-04 1.544775004731491208e-04 3.152076387777924538e-04 5.911508924327790737e-04 1.376252475893124938e-04 2.770015271380543709e-04 1.131353346863761544e-04
3.446893787575150192e+00 4.655500815715640783e-04 6.711191381327807903e-04 3.893154789693653584e-04 5.512150819413363934e-04 3.161214408464729786e-04 4.733289533760398626e-04 1.556097267894074321e-04 3.087445802520960569e-04 5.491260671988129616e-04 1.251924550160765648e-04 2.686886873561888933e-04 1.001322088995948434e-04
3.527054108216432837e+00 4.303673631511628628e-04 6.085547502152621746e-04 3.759988467209041119e-04 5.070985644124448299e-04 2.874505589716136456e-04 4.323780012782663107e-04 1.569642918184399605e-04 3.030655498150736094e-04 5.124121089465916157e-04 1.148674418800510466e-04 2.613388060126453638e-04 8.976353274192661047e-05
3.607214428857715482e+00 4.003409703727811575e-04 5.559223354794085026e-04 3.637942136265337467e-04 4.701107682194560766e-04 2.635646087583154440e-04 3.979285538662225008e-04 1.585432182764634490e-04 2.979729906655848026e-04 4.800021415576338768e-04 1.061707589542493224e-04 2.548558986745774746e-04 8.134473318932577968e-05
3.687374749498997684e+00 3.745425492525100708e-04 5.113983643241226673e-04 3.525340289343148470e-04 4.384564526844769716e-04 2.434910420561209321e-04 3.687189309857785702e-04 1.602720294613391161e-04 2.934441727120429277e-04 4.513959283940494061e-04 9.875827527139335871e-05 2.490944170858711004e-04 7.440069748554378748e-05
3.767535070140280329e+00 3.520326863508671522e-04 4.732187371701002121e-04 3.421010915189981461e-04 4.114616604056209326e-04 2.263729984406381845e-04 3.436150436755269766e-04 1.621125702513381839e-04 2.894032222684472799e-04 4.258171247784048319e-04 9.238785423804074526e-05 2.438653609715402126e-04 6.858736014692112803e-05
3.847695390781562974e+00 3.323831188026815653e-04 4.405527724884450436e-04 3.325352736283093691e-04 3.879900905303657055e-04 2.116479008691385388e-04 3.218292549718171358e-04 1.640840491745620966e-04 2.858036023098975420e-04 4.031287680845707655e-04 8.686877117725089192e-05 2.390668232692405581e-04 6.366254092426970601e-05
3.927855711422845619e+00 3.150204429402947426e-04 4.123188555240631104e-04 3.236214688513427973e-04 3.674277395475655794e-04 1.988543081097304821e-04 3.028774808626621962e-04 1.661336718825623393e-04 2.823625982273370028e-04 3.827979962807148695e-04 8.202165190596133471e-05 2.347342233406379819e-04 5.943664655205793679e-05
4.008016032064127820e+00 2.996460825670510530e-04 3.879132855217903852e-04 3.152782737743109465e-04 3.494241973385214806e-04 1.877203321782872081e-04 2.862740948330610991e-04 1.682271831668913364e-04 2.791088481899350882e-04 3.645383694674819708e-04 7.777349674142897129e-05 2.306964597664773464e-04 5.579233766184188426e-05
4.088176352705410466e+00 2.858630032278597355e-04 3.666039556264877319e-04 3.075299318879842758e-04 3.334122011438012123e-04 1.778724981704726815e-04 2.715528826229274273e-04 1.703356829239055514e-04 2.761294017545878887e-04 3.481426392681896687e-04 7.400456524919718504e-05 2.270102559123188257e-04 5.261852129478938878e-05
4.168336673346693111e+00 2.736216119956225157e-04 3.482309984974563122e-04 3.003008314408361912e-04 3.191194264218211174e-04 1.691772922640666366e-04 2.584679459687322378e-04 1.724921748973429203e-04 2.734202716965228319e-04 3.332354826852679253e-04 7.063475641189143062e-05 2.234251296613365412e-04 4.982840619049966335e-05
4.248496993987975756e+00 2.625424531288444996e-04 3.321016265545040369e-04 2.934284857474267483e-04 3.063420008402317762e-04 1.614664361113682389e-04 2.467986778356134892e-04 1.745962072163820267e-04 2.707591047510504723e-04 3.198234189767390490e-04 6.761425902368500829e-05 2.201714669354259968e-04 4.736702612717635930e-05
4.328657314629258401e+00 2.524487790651619434e-04 3.178644983563572168e-04 2.869800373446196318e-04 2.946989552583545446e-04 1.545331761008128524e-04 2.363035891903564334e-04 1.766788482200354338e-04 2.681514888536185026e-04 3.075255372095853090e-04 6.489659426733851433e-05 2.170388470403850079e-04 4.517139677773229778e-05
4.408817635270541047e+00 2.433846966596320271e-04 3.055523557122796774e-04 2.809089492075145245e-04 2.842755930032581091e-04 1.482835650676861405e-04 2.268499229103326797e-04 1.787016517482697964e-04 2.657455042935907841e-04 2.963332808576524258e-04 6.244731048354879022e-05 2.141134755220264196e-04 4.321232700021937490e-05
4.488977955911823692e+00 2.350240392843261361e-04 2.946051827166229486e-04 2.750396670307964087e-04 2.747631224337965250e-04 1.426039962098002434e-04 2.182841999456286430e-04 1.806793588912114501e-04 2.632905379869043827e-04 2.861316024791449308e-04 6.020622095093131065e-05 2.111936773872002959e-04 4.145096681895665824e-05
4.569138276553106337e+00 2.273967547807842493e-04 2.849629090633243322e-04 2.696352603379637003e-04 2.660033351276069880e-04 1.374990533804520965e-04 2.104863815475255251e-04 1.825507933972403407e-04 2.608542854432016611e-04 2.766976831480860710e-04 5.817189958179369569e-05 2.085205924231559038e-04 3.986018782597966492e-05
4.649298597194388982e+00 2.204433258157223463e-04 2.765383105725049973e-04 2.644038468133658171e-04 2.580062428023666143e-04 1.328157668467611074e-04 2.033689233940094709e-04 1.843454228946939111e-04 2.586126793175935745e-04 2.680303005035966635e-04 5.630551459034904838e-05 2.058206737274304032e-04 3.841711077257059515e-05
4.729458917835670739e+00 2.139940625056624413e-04 2.690214896574616432e-04 2.594668185338377953e-04 2.507129102014005184e-04 1.285356411244720221e-04 1.968555588973686099e-04 1.860121992649510503e-04 2.562477893661707640e-04 2.600632724352180958e-04 5.459211752167902887e-05 2.033126947935670614e-04 3.710178134497255087e-05
4.809619238476953385e+00 2.079887781292200089e-04 2.623149484861642122e-04 2.548145712353289127e-04 2.438739757053554058e-04 1.245895982719957829e-04 1.908847043523564935e-04 1.875698508229106665e-04 2.540416026022285223e-04 2.526503521949052811e-04 5.300496559357270598e-05 2.008684095926582813e-04 3.589718471630476415e-05
4.889779559118236030e+00 2.024878776865079999e-04 2.563525340519845486e-04 2.502829884178936481e-04 2.375511394347995520e-04 1.209901311085559428e-04 1.853736612247303128e-04 1.890570711111649871e-04 2.517617540434002876e-04 2.457583323121070862e-04 5.154637256055139005e-05 1.984616392292082310e-04 3.479903898551128805e-05
4.969939879759518675e+00 1.973201578948646784e-04 2.509819460101425648e-04 2.459941897541284561e-04 2.316443278687074780e-04 1.176297591882757843e-04 1.802498300094157457e-04 1.903579250210896134e-04 2.494604850653558969e-04 2.393606264377012849e-04 5.018665251554921269e-05 1.961437228601425886e-04 3.378186738700605929e-05
5.050100200400801320e+00 1.925136311911046505e-04 2.461857220623642206e-04 2.419034426566213369e-04 2.261563786305487156e-04 1.145297937910072505e-04 1.755270350258797407e-04 1.915635803015902638e-04 2.472589549142867327e-04 2.334248711122199893e-04 4.891856224276125431e-05 1.938678760780021548e-04 3.284338527009822428e-05
5.130260521042083965e+00 1.880501804407685995e-04 2.418839576421305537e-04 2.379496872890740633e-04 2.211313403677195311e-04 1.116407875088043511e-04 1.710991928121075034e-04 1.926236291183158755e-04 2.450436877552419901e-04 2.278975443914532661e-04 4.774476110469549894e-05 1.916485489346086979e-04 3.197490877937525511e-05
5.210420841683366611e+00 1.838510797824710608e-04 2.379124052822589874e-04 2.341944928048178554e-04 2.162352757295593619e-04 1.089663201128132641e-04 1.670104684308171272e-04 1.935516193043440580e-04 2.427862054901197553e-04 2.226399374194443226e-04 4.664456355385482311e-05 1.894333254313096404e-04 3.116709558526054025e-05
5.290581162324649256e+00 1.799537567421793938e-04 2.343470841879025102e-04 2.305297675775364041e-04 2.117736730724573135e-04 1.064395037246868014e-04 1.631603518035262823e-04 1.943546667462214828e-04 2.405550476396456361e-04 2.177308051614090800e-04 4.560692832455970347e-05 1.872785360319539905e-04 3.041421769012231380e-05
5.370741482965931901e+00 1.761932944646105170e-04 2.310112613486126065e-04 2.269916294608265162e-04 2.075649681501090527e-04 1.041084979078732431e-04 1.595463400008156896e-04 1.949973520822823048e-04 2.384125691605731845e-04 2.131523506250232458e-04 4.463862933334894478e-05 1.851757842814549804e-04 2.971110006910748780e-05
5.450901803607214546e+00 1.727362832752987742e-04 2.280009066453203559e-04 2.236916043329983950e-04 2.035198558587580919e-04 1.018766270135529339e-04 1.561819226481020451e-04 1.955272746272385120e-04 2.362407249165698886e-04 2.087927859975025058e-04 4.372335752123035491e-05 1.831359550124034286e-04 2.905409019149374217e-05
5.531062124248497192e+00 1.693948870524764061e-04 2.251235127914696932e-04 2.204130578320473433e-04 1.997294457396492362e-04 9.980540198739618063e-05 1.529930159449577332e-04 1.959102373803034425e-04 2.340565260965377092e-04 2.046813606284558773e-04 4.285962131689302623e-05 1.811030087992548943e-04 2.843454240064602345e-05
5.611222444889778949e+00 1.662943832343444228e-04 2.224814670626074076e-04 2.173113898606970906e-04 1.961598027264699340e-04 9.785156726138666272e-05 1.499926001997664571e-04 1.961439120350405574e-04 2.318708575330674648e-04 2.008388983085751534e-04 4.204388824291527271e-05 1.791029062587767839e-04 2.785480864986311644e-05
5.691382765531061594e+00 1.633259671507403255e-04 2.199802111135795712e-04 2.143522724509239197e-04 1.927605189848691225e-04 9.600224439054727554e-05 1.471824798500165343e-04 1.962894893949851394e-04 2.296849852427840233e-04 1.971512538148090243e-04 4.127023930777795613e-05 1.771684619598090649e-04 2.730532469286117703e-05
5.771543086172344239e+00 1.604814024176448584e-04 2.175896661356091499e-04 2.113576774718239903e-04 1.895356108434498310e-04 9.424034215044230223e-05 1.445025554858148098e-04 1.962713140528649092e-04 2.276137238368391991e-04 1.936673797899857163e-04 4.054251257912255824e-05 1.751867530401796103e-04 2.678833516256418079e-05
5.851703406813626884e+00 1.578202500240877271e-04 2.153595705749467015e-04 2.086184540530666709e-04 1.864193764049559832e-04 9.258648060495033860e-05 1.419304171577095985e-04 1.962355891009792686e-04 2.254363935207948089e-04 1.903985976241528988e-04 3.984403520007617772e-05 1.733349199639633298e-04 2.629738082760013640e-05
5.931863727454909530e+00 1.552553294459357858e-04 2.131597429979592562e-04 2.058450190816074610e-04 1.834918366512283683e-04 9.100208990275859833e-05 1.395542349200695753e-04 1.959648070624098182e-04 2.232909464510157704e-04 1.872415741672739387e-04 3.918115908163599670e-05 1.714892568998038769e-04 2.583147943369112909e-05
6.012024048096192175e+00 1.527836575405672193e-04 2.110417844960466027e-04 2.031721815001219511e-04 1.806350919650867581e-04 8.950044139055535197e-05 1.371839462080970407e-04 1.956671621883288026e-04 2.211258542956784368e-04 1.842287456383928657e-04 3.854357055388391018e-05 1.696962572168558836e-04 2.538746048230677843e-05
6.092184368737474820e+00 1.504730898886919022e-04 2.090515772579237819e-04 2.005985006690025330e-04 1.779751619324088097e-04 8.806722325971350074e-05 1.350260863546282053e-04 1.952239545062184334e-04 2.191543317167088389e-04 1.813191920518875122e-04 3.793845462496392429e-05 1.678347471170127392e-04 2.496844899724237621e-05
6.172344689378757465e+00 1.482121733715757728e-04 2.070922055281698704e-04 1.981048408197239041e-04 1.753241231199353933e-04 8.668952796142548323e-05 1.329637889284640551e-04 1.947041455423459411e-04 2.171274536522105336e-04 1.785866625141352415e-04 3.736050712177529931e-05 1.661509304540231824e-04 2.456783113302662969e-05
6.252505010020040110e+00 1.461229840060696006e-04 2.052079507848247886e-04 1.956884370883926749e-04 1.728707429720088840e-04 8.538596739526838064e-05 1.309289655182510614e-04 1.941846130648627877e-04 2.150227373931556940e-04 1.759904553182423115e-04 3.680631925817579031e-05 1.644220610614866018e-04 2.418643998680636287e-05
6.332665330661322756e+00 1.440320484107360244e-04 2.033157797995954752e-04 1.933031744556501508e-04 1.704936294117942452e-04 8.412911847699433565e-05 1.290282380068674684e-04 1.935290929395705462e-04 2.129816857632249594e-04 1.734286634018644691e-04 3.627449041232466698e-05 1.626894372748211026e-04 2.382034836045932025e-05
6.412825651302604513e+00 1.420594780938699841e-04 2.014905039686709642e-04 1.910445862449705601e-04 1.681966969044879079e-04 8.293164137285202742e-05 1.271644287044182420e-04 1.927379198605194688e-04 2.109525667037814856e-04 1.710497599560767412e-04 3.576682138373143971e-05 1.610827312106266618e-04 2.346727160329464823e-05
6.492985971943887158e+00 1.401175104547291994e-04 1.996796636376529932e-04 1.888275292003527284e-04 1.659379777265712619e-04 8.176743722287937999e-05 1.253954687854275107e-04 1.919550850288942456e-04 2.089497429551556706e-04 1.686853065621107817e-04 3.527086300891824067e-05 1.593880297150462866e-04 2.313144796062260866e-05
6.573146292585169803e+00 1.383160124532878399e-04 1.979259686777368188e-04 1.866470556706190109e-04 1.637876412132754922e-04 8.066333248279988766e-05 1.237087562913075089e-04 1.911349681904539466e-04 2.069864422082901001e-04 1.664227165747433901e-04 3.479980296106077731e-05 1.577660877956077456e-04 2.280873923155013472e-05
6.653306613226452448e+00 1.365134376101195812e-04 1.962056412594392896e-04 1.845457591116428375e-04 1.617700472706928849e-04 7.959219510667026043e-05 1.220488338731229305e-04 1.902064250316470861e-04 2.050728944595903158e-04 1.642600254854187369e-04 3.433997335378080606e-05 1.561914687044918537e-04 2.249722456326708198e-05
6.733466933867735094e+00 1.348572550341486931e-04 1.945035619428381324e-04 1.824618520913645625e-04 1.597639056853950024e-04 7.856066804379224777e-05 1.204928412334993482e-04 1.892268046503886580e-04 2.031632611760869622e-04 1.622189738554880023e-04 3.390376878087408841e-05 1.546464045532047749e-04 2.220012356701772660e-05
6.813627254509017739e+00 1.331505627604201436e-04 1.928215788211673498e-04 1.804720377549529076e-04 1.578611991135403514e-04 7.756381819490343332e-05 1.189942413475364447e-04 1.882224023574963212e-04 2.013078919844701886e-04 1.601678231963887811e-04 3.348115569679066539e-05 1.530872978037223220e-04 2.190884697483852506e-05
6.893787575150300384e+00 1.315399131271988153e-04 1.911787985591217875e-04 1.785333734005689621e-04 1.559695374453440309e-04 7.660927076358348131e-05 1.175050856545567513e-04 1.871808781288564205e-04 1.994570920942351222e-04 1.582507975399494171e-04 3.306330472696572542e-05 1.516314951004460454e-04 2.163275712518952787e-05
6.973947895791583029e+00 1.300282456213608384e-04 1.895246678031980991e-04 1.766906498232856393e-04 1.541541860206052661e-04 7.567728607682511210e-05 1.160701940534636378e-04 1.860641787061467767e-04 1.975626510102301836e-04 1.563371915835887194e-04 3.266916610300540924e-05 1.501182414358481765e-04 2.136452712875325233e-05
7.054108216432865675e+00 1.285280595766380429e-04 1.878773909993469715e-04 1.747487694956362247e-04 1.523931132396683097e-04 7.478153565898537636e-05 1.147157236118800938e-04 1.849560794653370976e-04 1.957153144758194685e-04 1.545442355563864112e-04 3.228367131669074297e-05 1.486634573666378856e-04 2.110469358740374446e-05
7.134268537074148320e+00 1.270589709747582674e-04 1.862847129814326763e-04 1.729657233227044344e-04 1.506604749010875821e-04 7.391894177999347448e-05 1.133986661443486810e-04 1.837774470914155245e-04 1.939821377163752913e-04 1.527775311842560768e-04 3.190899224136956036e-05 1.472147414460778236e-04 2.085306914523243904e-05
7.214428857715430965e+00 1.256312680197879672e-04 1.846867817221209407e-04 1.711961376713588834e-04 1.490323484176769853e-04 7.306530460482463241e-05 1.121024033636786044e-04 1.826127700041979551e-04 1.921539806062355638e-04 1.510300062363967299e-04 3.154413207084871829e-05 1.458428887417539954e-04 2.061018676613457501e-05
7.294589178356712722e+00 1.242805883521214128e-04 1.831542758736759424e-04 1.694709790172055364e-04 1.474004529882222414e-04 7.224881846923381090e-05 1.108529904740862548e-04 1.814226270653307438e-04 1.904792152345180511e-04 1.494080206612125039e-04 3.119543544016778469e-05 1.444873923901468515e-04 2.037493140960577875e-05
7.374749498997995367e+00 1.229531335411593318e-04 1.815974537748843431e-04 1.677571563050150871e-04 1.458374608773738146e-04 7.145187555579468608e-05 1.096330743166618049e-04 1.802312763174995780e-04 1.887353573692962527e-04 1.477817277191206813e-04 3.085188291152007878e-05 1.431087293894961476e-04 2.014558594964910299e-05
7.454909819639278012e+00 1.216277669300325215e-04 1.800304162316024303e-04 1.660614361753687263e-04 1.443087967345491052e-04 7.068739068927243352e-05 1.084653704310767353e-04 1.789941452443599701e-04 1.870149426395073533e-04 1.461930951336398721e-04 3.052053216379135847e-05 1.417558087268844247e-04 1.992501893255393952e-05
7.535070140280560658e+00 1.204125510412268341e-04 1.785688218660652637e-04 1.645291922613978386e-04 1.428413670510053635e-04 6.993060378590598702e-05 1.072934028343297541e-04 1.777634752215817571e-04 1.853849826147779822e-04 1.446566893719136715e-04 3.019198811671230942e-05 1.404422946507111192e-04 1.970708945009391755e-05
7.615230460921843303e+00 1.191505871247500181e-04 1.770556700648739934e-04 1.628654717933386564e-04 1.413907448295503855e-04 6.919808947714045644e-05 1.061824004864320159e-04 1.765230845194309950e-04 1.837439776863902807e-04 1.431802520528435707e-04 2.988091000588610768e-05 1.391847617924213409e-04 1.949760735442396253e-05
7.695390781563125948e+00 1.179483151645399630e-04 1.755522680468857288e-04 1.613199274288490415e-04 1.399754110025241971e-04 6.850173667771741748e-05 1.051030485541559756e-04 1.752612733980640769e-04 1.820775651140138507e-04 1.417295716237276793e-04 2.957608376163989305e-05 1.379129535052925348e-04 1.929240897879935801e-05
7.775551102204408593e+00 1.167797599919140339e-04 1.740921434247866273e-04 1.598246890353038907e-04 1.386042422382161021e-04 6.779588147765025496e-05 1.040650313370861113e-04 1.740006846375763416e-04 1.804494968382641673e-04 1.403014903189614415e-04 2.927392051788046956e-05 1.367153745377436280e-04 1.909399725263938308e-05
7.855711422845691239e+00 1.156104262918233871e-04 1.726496557239443064e-04 1.583422708790749311e-04 1.372205879306420684e-04 6.710984598612412810e-05 1.030276325764134526e-04 1.727323397062718868e-04 1.789007947081699967e-04 1.389269891660660505e-04 2.898186357924714684e-05 1.354652195004746318e-04 1.889935629151295871e-05
7.935871743486973884e+00 1.145023779827170074e-04 1.712450466584414244e-04 1.568836305523291230e-04 1.359322486678138375e-04 6.646384281339123845e-05 1.020171039272099733e-04 1.714863319648429751e-04 1.773916155798360705e-04 1.375946740154176950e-04 2.869726449716836214e-05 1.342666073469445109e-04 1.871083804871886969e-05
8.016032064128255641e+00 1.133849364123307168e-04 1.698383566690608859e-04 1.554578484501689672e-04 1.346576900687068701e-04 6.581500929314643145e-05 1.010367195704020560e-04 1.702536683296784759e-04 1.758478611009195447e-04 1.362660550512373447e-04 2.841760033334139735e-05 1.330892264377325773e-04 1.852760942711029202e-05
8.096192384769539174e+00 1.123475958593189716e-04 1.684479648247361183e-04 1.540501543786376715e-04 1.333715335931628942e-04 6.518699956359341741e-05 1.000677730189636350e-04 1.689947675913572311e-04 1.743481116136536002e-04 1.349681551801040769e-04 2.814181425492279232e-05 1.319432049058377743e-04 1.834599970607087016e-05
8.176352705410820931e+00 1.112573299906216562e-04 1.670655328780412674e-04 1.526406413177028298e-04 1.321987510891631246e-04 6.458831194322556257e-05 9.914421389112249017e-05 1.677401887718588114e-04 1.728756906231865287e-04 1.337316934950649738e-04 2.787681296467781067e-05 1.307814527535811067e-04 1.817003430915065110e-05
8.256513026052104465e+00 1.102873939089477062e-04 1.657312386669218540e-04 1.513306051492691040e-04 1.309447106905281544e-04 6.397109973477199674e-05 9.822357242228463292e-05 1.665206655161455274e-04 1.714111131150275469e-04 1.325504272244870663e-04 2.762133590294979513e-05 1.296549307880923152e-04 1.799886558728758246e-05
8.336673346693386222e+00 1.092814200092107058e-04 1.643752184463664889e-04 1.500040380051359534e-04 1.297881681239232421e-04 6.339113315334543586e-05 9.731741010909900069e-05 1.652609935263171792e-04 1.699592539807781577e-04 1.312880485784262419e-04 2.736603710218332708e-05 1.285699836444109678e-04 1.782944491424132138e-05
8.416833667334669755e+00 1.083459501387551427e-04 1.630757324164733291e-04 1.486966066295281053e-04 1.286234473809599876e-04 6.281637615757063031e-05 9.643644443713128567e-05 1.640605769352987409e-04 1.685788593022152781e-04 1.301073789363726974e-04 2.711444358283188194e-05 1.274728419957682490e-04 1.766641616995912045e-05
8.496993987975951512e+00 1.073682215064764023e-04 1.617716625332832336e-04 1.474362943554297090e-04 1.275028625968843699e-04 6.225549441296607256e-05 9.558312012813985348e-05 1.628311438253149390e-04 1.671752252150326967e-04 1.289934152737259865e-04 2.687318192329257727e-05 1.264014281332492828e-04 1.750590126903261989e-05
8.577154308617233269e+00 1.064394018612802029e-04 1.604997378308326006e-04 1.461831998312845826e-04 1.264004531549289823e-04 6.169360858621075749e-05 9.474558464717119932e-05 1.616383524378761649e-04 1.658250257605686784e-04 1.278411946259438992e-04 2.663599843799602240e-05 1.253515802090987563e-04 1.734968645905610174e-05
8.657314629258516803e+00 1.055126776918768883e-04 1.592367480043321848e-04 1.449455594411119819e-04 1.253096270374953747e-04 6.115978612797334790e-05 9.389935439685359597e-05 1.604376448085531592e-04 1.644778822083026171e-04 1.267671905225142837e-04 2.640095772221684456e-05 1.243268197868019342e-04 1.719393367238808423e-05
8.737474949899798560e+00 1.046010947902686894e-04 1.579938398208469152e-04 1.437689934391528368e-04 1.242661237483844161e-04 6.063398541300557554e-05 9.309804590884596109e-05 1.592127373442053795e-04 1.631857157917693257e-04 1.256752293556928635e-04 2.616966412460897118e-05 1.232891663676127791e-04 1.704328133200760931e-05
8.817635270541082093e+00 1.037401307257823646e-04 1.567499275552108884e-04 1.425538357580080628e-04 1.231933711096644402e-04 6.012107769493013620e-05 9.231299918610602617e-05 1.580410462338477373e-04 1.618725218577310443e-04 1.245831808773800731e-04 2.594284524093382061e-05 1.223127328557893634e-04 1.689607961452566087e-05
8.897795591182363850e+00 1.028770202537998557e-04 1.555348280817270279e-04 1.414134021615609527e-04 1.221568818436935544e-04 5.961034912616014481e-05 9.156164014711976051e-05 1.568731531733646989e-04 1.605682045919820666e-04 1.235530216945335269e-04 2.572390258137602359e-05 1.213476425618864596e-04 1.675132989475969225e-05
8.977955911823647384e+00 1.020223644445650280e-04 1.543524995213374496e-04 1.402396737830713391e-04 1.211577764479443431e-04 5.910829713684506714e-05 9.077725553652271628e-05 1.557246141601353884e-04 1.593369961483404040e-04 1.225732412422075868e-04 2.550668614276219159e-05 1.203616848215460777e-04 1.660910311329644173e-05
9.058116232464929141e+00 1.011796193779446185e-04 1.531792950117960572e-04 1.391560945194214582e-04 1.202016792376525700e-04 5.861997851752676070e-05 9.004396997625008225e-05 1.545832928968593478e-04 1.580799143994227052e-04 1.215410447912290692e-04 2.529892844904679805e-05 1.194422875414602458e-04 1.646863165660761297e-05
9.138276553106212674e+00 1.003756187856197357e-04 1.520036021247506142e-04 1.380197936668992043e-04 1.192302734125405550e-04 5.814217365696094930e-05 8.929778414312750101e-05 1.534731709398329258e-04 1.568214211147278547e-04 1.205724911415018141e-04 2.508915531507227570e-05 1.184793800348415971e-04 1.633251304156146944e-05
9.218436873747494431e+00 9.956736903404816985e-05 1.508594432380050421e-04 1.369505043840035796e-04 1.182931009680032730e-04 5.768169285147450864e-05 8.858135697664692998e-05 1.523320825072005391e-04 1.556420756969600916e-04 1.196009397972375154e-04 2.488491554686333984e-05 1.175429715658538043e-04 1.619768954697065055e-05
9.298597194388777964e+00 9.877768025035038590e-05 1.497260236646980047e-04 1.358959561912342906e-04 1.173138516605831683e-04 5.721383422496728599e-05 8.786062244325876236e-05 1.512242743046954274e-04 1.544316910440102220e-04 1.186654917546547949e-04 2.468104321451392025e-05 1.166628935607150197e-04 1.606743899174034595e-05
9.378757515030059722e+00 9.800127008929848671e-05 1.486167893745005131e-04 1.348261284874752164e-04 1.164199420600198209e-04 5.676134969689883292e-05 8.718796743778511882e-05 1.501538790762424469e-04 1.532738242531195283e-04 1.177076337626203895e-04 2.448519444442354143e-05 1.157716105808503926e-04 1.593699198565445840e-05
9.458917835671341479e+00 9.724755364004522562e-05 1.475347089581191540e-04 1.338243164354935288e-04 1.155261270469054580e-04 5.631287058349698782e-05 8.651435928186401725e-05 1.490811118856072426e-04 1.521404483355581760e-04 1.167947921203449368e-04 2.429177948215510696e-05 1.148759838542900980e-04 1.581078140588942915e-05
9.539078156312625012e+00 9.648343984736129642e-05 1.464252127334475517e-04 1.327803038293495774e-04 1.146322829299606383e-04 5.587710620602592826e-05 8.584416355006396770e-05 1.479963830206543207e-04 1.509799039922654629e-04 1.158968807430937886e-04 2.410326851531863213e-05 1.140065214713104069e-04 1.568664993101265281e-05
9.619238476953906769e+00 9.576368756825104356e-05 1.453762670280411839e-04 1.318124122917652130e-04 1.137469807872548699e-04 5.544862506212666631e-05 8.516159869031980634e-05 1.469259732402861118e-04 1.498887868365272880e-04 1.150302268797531724e-04 2.391492307651787996e-05 1.131804383476264775e-04 1.556331517349462956e-05
9.699398797595190302e+00 9.500109445070847869e-05 1.443038490833714604e-04 1.308166392846032977e-04 1.129210504586808383e-04 5.502321801031939685e-05 8.455750503344461322e-05 1.458881015423685312e-04 1.487488189013674855e-04 1.141643806477077305e-04 2.372988092247396708e-05 1.123075344366952777e-04 1.544283441035076976e-05
9.779559118236472059e+00 9.431064245291054249e-05 1.432665885658934712e-04 1.298424031119793653e-04 1.120661763707175851e-04 5.460945976665243506e-05 8.389948925469070673e-05 1.448474649805575609e-04 1.476787583669647574e-04 1.132981487899087369e-04 2.354620482947211713e-05 1.114789774874225259e-04 1.532268834125716239e-05
9.859719438877755593e+00 9.362342825625091791e-05 1.422378554707393050e-04 1.288849744014441967e-04 1.112329409806989133e-04 5.420418892754241824e-05 8.327345130965113640e-05 1.438353647245094180e-04 1.465973909944295883e-04 1.124558548326604068e-04 2.337292971787974238e-05 1.106898853322491050e-04 1.520695514045655727e-05
9.939879759519037350e+00 9.290630259783938527e-05 1.412287529092282057e-04 1.279532734770327806e-04 1.104155744542367756e-04 5.379561116569675505e-05 8.266129589173942804e-05 1.428183459211140871e-04 1.455454330425709486e-04 1.116296189138665795e-04 2.319303166586905718e-05 1.098869979614391923e-04 1.509162302681943402e-05
1.002004008016032088e+01 9.221772052114829421e-05 1.402466295985504985e-04 1.270394714083522558e-04 1.096123742172494531e-04 5.340366260497830808e-05 8.207179780583828688e-05 1.418321917299181223e-04 1.445365924155339599e-04 1.108398864744231105e-04 2.302464054082520306e-05 1.090975274564698339e-04 1.497990797361126170e-05
1.010020040080160264e+01 9.156356099992990494e-05 1.392397971358150244e-04 1.261307334061712027e-04 1.088079588953405619e-04 5.300587145029567182e-05 8.147057815222069621e-05 1.408551324857398868e-04 1.434575679013505578e-04 1.100128210964612663e-04 2.285746995767112821e-05 1.083032984752207994e-04 1.486945802753325552e-05
1.018036072144288617e+01 9.088466322282329202e-05 1.382657792419195175e-04 1.252237416338175535e-04 1.080355141311883926e-04 5.262519698590040207e-05 8.085108856903389096e-05 1.398733293171972036e-04 1.424422807758674026e-04 1.092265083570964634e-04 2.268954631290398538e-05 1.075621185009367764e-04 1.476147099310765043e-05
1.026052104208416793e+01 9.028360364027321339e-05 1.373222330585122108e-04 1.243450824404135346e-04 1.072656814358197153e-04 5.224382039159536362e-05 8.027610601857304573e-05 1.389166427543386817e-04 1.414677535649389029e-04 1.084569885279051960e-04 2.252397280244622380e-05 1.067933189915493131e-04 1.465137484046863392e-05
1.034068136272544969e+01 8.965334563981741667e-05 1.363892806693911552e-04 1.234835217474028468e-04 1.065262185875326395e-04 5.188429713598452508e-05 7.972284947754815221e-05 1.379858440486714244e-04 1.404991053277626634e-04 1.076984190149232745e-04 2.236150430690031499e-05 1.060514623532071710e-04 1.454683024348923936e-05
1.042084168336673322e+01 8.899896783987060189e-05 1.354517153231427073e-04 1.226095919264480472e-04 1.057641202351078391e-04 5.151133518666028976e-05 7.916615140857174993e-05 1.370288809994235635e-04 1.395498547935858369e-04 1.069637437467463315e-04 2.220552050857804716e-05 1.053159503499045968e-04 1.444312601961428300e-05
1.050100200400801498e+01 8.838845678837969899e-05 1.345453201793134212e-04 1.217849203385412693e-04 1.050248974934220314e-04 5.115236126584932208e-05 7.861110498197376728e-05 1.361065806122496724e-04 1.386056974297389388e-04 1.062163355527445674e-04 2.204663178417831659e-05 1.046203542500734329e-04 1.434005389455705881e-05
1.058116232464929851e+01 8.778113260632380843e-05 1.336386048933491111e-04 1.209488327731378376e-04 1.043138181557878852e-04 5.079352195025421679e-05 7.805674249539151788e-05 1.351957616861909628e-04 1.376614964101463556e-04 1.054799795383587480e-04 2.188898724853061140e-05 1.038837726810015738e-04 1.423880348738748580e-05
1.066132264529058027e+01 8.716536103747785091e-05 1.327338977716863155e-04 1.201192935695871711e-04 1.036217872751876712e-04 5.044985300628468394e-05 7.752935925964266062e-05 1.343340845778584480e-04 1.366851211059838533e-04 1.047380428644828498e-04 2.173901702917646617e-05 1.031874999171122909e-04 1.413983227394055575e-05
1.074148296593186380e+01 8.657386933919042349e-05 1.318540453212335706e-04 1.192997660837136209e-04 1.029011546052061021e-04 5.010038512409664690e-05 7.698321132920682430e-05 1.334085536655038595e-04 1.358182198600843549e-04 1.040222559822723269e-04 2.159141149604693055e-05 1.025011806632392108e-04 1.404020804329775274e-05
1.082164328657314556e+01 8.600985165685415268e-05 1.309911895077675581e-04 1.185083092423155904e-04 1.021918797050602734e-04 4.975945921614766121e-05 7.648743485333397985e-05 1.325482735410332680e-04 1.349187514279037714e-04 1.033494045259431005e-04 2.144384961866308004e-05 1.018069888232275844e-04 1.394446644553681836e-05
1.090180360721442909e+01 8.541976421838626266e-05 1.301211304962635040e-04 1.177122321678325534e-04 1.015420930343680084e-04 4.942575469613075256e-05 7.598056981805711985e-05 1.317017158726230264e-04 1.339855953119695187e-04 1.026345853460952640e-04 2.129546555806882679e-05 1.011311906040646136e-04 1.384981169394450262e-05
1.098196392785571085e+01 8.484327554469928145e-05 1.292658271268010139e-04 1.169390016002580523e-04 1.008319959510117769e-04 4.910051575279794633e-05 7.546598499175161123e-05 1.308162609348073602e-04 1.331209641648456454e-04 1.019647825160063803e-04 2.115061033691745251e-05 1.004760706564411521e-04 1.375633746647508815e-05
1.106212424849699438e+01 8.429085573880001903e-05 1.284383179154247046e-04 1.161717445938847959e-04 1.002093922579661012e-04 4.876290040556341410e-05 7.499164348701015115e-05 1.299737195950001478e-04 1.322696189163252711e-04 1.012794382404536009e-04 2.100922756653744727e-05 9.980121831176802516e-05 1.366278956993483007e-05
1.114228456913827614e+01 8.374090975848957896e-05 1.276181137654930353e-04 1.154298806795850396e-04 9.956233407137915492e-05 4.844183786190114915e-05 7.448318501701578498e-05 1.291567605221644044e-04 1.313941174885258079e-04 1.006200982374139130e-04 2.087264874717220664e-05 9.917921124724671245e-05 1.357192559225950390e-05
1.122244488977955790e+01 8.319740300066769123e-05 1.268185733351856470e-04 1.146837821579538286e-04 9.890426736092194915e-05 4.813528357772156596e-05 7.398664456559345126e-05 1.283442106796428561e-04 1.305937912547960877e-04 9.997506276704370975e-05 2.073492032650392503e-05 9.852405491983518004e-05 1.348166370007675141e-05
1.130260521042084143e+01 8.267730299849063158e-05 1.260036369785666466e-04 1.139562009484507143e-04 9.828335169004276395e-05 4.781834650202654302e-05 7.354346598731353879e-05 1.275190297747030854e-04 1.297342241741716862e-04 9.934239642461761832e-05 2.059879079752136022e-05 9.789609612198546529e-05 1.339506707154214382e-05
1.138276553106212319e+01 8.215652633225545287e-05 1.252190122613683343e-04 1.132410034188069403e-04 9.761986439116299152e-05 4.750899097416549921e-05 7.303688471438363194e-05 1.267130428459495306e-04 1.289315696340054274e-04 9.872748341877013445e-05 2.046333793259691447e-05 9.725637210067361593e-05 1.330594568571541458e-05
1.146292585170340672e+01 8.165289182215929031e-05 1.244374288944527507e-04 1.124963964684866369e-04 9.703079558676108718e-05 4.720932338386774063e-05 7.256839307956397533e-05 1.259283599210903049e-04 1.281308213947340846e-04 9.809664334170520306e-05 2.033397140621673316e-05 9.664957178756594658e-05 1.321902800555108115e-05
1.154308617234468848e+01 8.111466740956529975e-05 1.236630923813208938e-04 1.118156360462307930e-04 9.642585791880264878e-05 4.691102003562264144e-05 7.213350909296423197e-05 1.251625071745365858e-04 1.273006928386166692e-04 9.747716103447601199e-05 2.020322972384747118e-05 9.605398372514173388e-05 1.313528355240123346e-05
1.162324649298597201e+01 8.059421088546514511e-05 1.228864275617524981e-04 1.111180026782676578e-04 9.580387268215417862e-05 4.660712147597223520e-05 7.168987940531224012e-05 1.243690348928794265e-04 1.265138125745579600e-04 9.685449185781180859e-05 2.007475995924323797e-05 9.542419138597324491e-05 1.305077603319659829e-05
1.170340681362725377e+01 8.008738950593397021e-05 1.221346901729702950e-04 1.104029361158609390e-04 9.521521860733628273e-05 4.632573472918011248e-05 7.123613613657653332e-05 1.236123061971738935e-04 1.257500407518818974e-04 9.626332757761701941e-05 1.994646299863234162e-05 9.484268230153247714e-05 1.296891423407942057e-05
1.178356713426853730e+01 7.959204231156036258e-05 1.214040967170149088e-04 1.097257481887936592e-04 9.464805043535307050e-05 4.603011257131583989e-05 7.077406917233020067e-05 1.228524488396942616e-04 1.249884808203205466e-04 9.567823872203007340e-05 1.982359935936983675e-05 9.430829959455877542e-05 1.288592011405853555e-05
1.186372745490981906e+01 7.910292333690449595e-05 1.206683373311534524e-04 1.090814039343968034e-04 9.403448348166421056e-05 4.574954800773411989e-05 7.035026646917685866e-05 1.221233542310073972e-04 1.242154248757287860e-04 9.508147923042997718e-05 1.969746881513856351e-05 9.372320346301421523e-05 1.280556898564100266e-05
1.194388777555110259e+01 7.862984784878790379e-05 1.199426405946724117e-04 1.083916431525722146e-04 9.349851461593061686e-05 4.547138814814388752e-05 6.993047281866893172e-05 1.213786599691957235e-04 1.234911760548129678e-04 9.452493395656347275e-05 1.957738822966348380e-05 9.311865142080932856e-05 1.272620283998548985e-05
1.202404809619238435e+01 7.815662684151902795e-05 1.192264608107507229e-04 1.077869965229183435e-04 9.290037269238382578e-05 4.518457717495039105e-05 6.949462840566411614e-05 1.206622109748423100e-04 1.227116008521988988e-04 9.392882202519103885e-05 1.945462645380757749e-05 9.257571218768134713e-05 1.264751153939869255e-05
1.210420841683366611e+01 7.767595525365322828e-05 1.185120127047412097e-04 1.071464721462689340e-04 9.235535981133580208e-05 4.491996514843776822e-05 6.907466740813106298e-05 1.199393518618308008e-04 1.219735568156465888e-04 9.336780203739181161e-05 1.933740895765367895e-05 9.201154898619279265e-05 1.257058920600684360e-05
1.218436873747494964e+01 7.723594899289309978e-05 1.178266611532308161e-04 1.064776733983308077e-04 9.178316395264118910e-05 4.465144593268632889e-05 6.868836499052122235e-05 1.192488052765838802e-04 1.212880597449839115e-04 9.282403334509581327e-05 1.922031151480041444e-05 9.149713878287002444e-05 1.249353772436734289e-05
1.226452905811623140e+01 7.677023677388206124e-05 1.171266048913821578e-04 1.058668494806624949e-04 9.126063378062099218e-05 4.438771065906621516e-05 6.828948971815407276e-05 1.185571454698219895e-04 1.205377848236821592e-04 9.224383393302559853e-05 1.910332321131136268e-05 9.095124551095068455e-05 1.241770587512291968e-05
1.234468937875751493e+01 7.633485074620693922e-05 1.164478817372582853e-04 1.052484803949482739e-04 9.070811211131513119e-05 4.411795453052036464e-05 6.785817822674289346e-05 1.178406091639772058e-04 1.198493773699738085e-04 9.173557191388681531e-05 1.898796836030669510e-05 9.040016448125243187e-05 1.234274532180279493e-05
1.242484969939879669e+01 7.586414722027257085e-05 1.157813021563924849e-04 1.046174584189429879e-04 9.019204298965632915e-05 4.385866850498132408e-05 6.747146107954904437e-05 1.171805706690065563e-04 1.191657065646722913e-04 9.119634341914206743e-05 1.887752296170219779e-05 8.988242916529998183e-05 1.227005213877419010e-05
1.250501002004008022e+01 7.540850492659956217e-05 1.151133110397495329e-04 1.040372371789999306e-04 8.968070324044674635e-05 4.359981903689913452e-05 6.706826388835906982e-05 1.164932327810674906e-04 1.184570137411355972e-04 9.066651546163484454e-05 1.876373062259517610e-05 8.936628000810742378e-05 1.219782097905408591e-05
1.258517034068136198e+01 7.498177001252770424e-05 1.144635098171420395e-04 1.034367669490166008e-04 8.915126818465068936e-05 4.334431650931946933e-05 6.668496644124388695e-05 1.158332379418425262e-04 1.178030797746032476e-04 9.011793008539825678e-05 1.865556805569212884e-05 8.886004798114299774e-05 1.212426923302700743e-05
1.266533066132264551e+01 7.455964805558323860e-05 1.137910658144392073e-04 1.028227852657437325e-04 8.864389383234083652e-05 4.309791984269395471e-05 6.629830750171095133e-05 1.151546894107013941e-04 1.170999239548109472e-04 8.963180880527943373e-05 1.854618676588870585e-05 8.833874017000198364e-05 1.205428725370438769e-05
1.274549098196392727e+01 7.413085404550656676e-05 1.131558601628057659e-04 1.022495926008559763e-04 8.815251203486695886e-05 4.284772876417264342e-05 6.593675789190456271e-05 1.145055503002367914e-04 1.164539207820780575e-04 8.908311428967863321e-05 1.843838435888756067e-05 8.784553938312456012e-05 1.198434347315924242e-05
1.282565130260520903e+01 7.369764352915808558e-05 1.125354028772562742e-04 1.016707683447748423e-04 8.764864469412714243e-05 4.260690911905840039e-05 6.554968422278761864e-05 1.138836305472068489e-04 1.158145678346045315e-04 8.862656250130385160e-05 1.833372334658633918e-05 8.731477282708510756e-05 1.191387400467647240e-05
1.290581162324649256e+01 7.328693754971027374e-05 1.119016742450185120e-04 1.010878113447688520e-04 8.714208524907007813e-05 4.237080065649934113e-05 6.517978181364014745e-05 1.132332326960749924e-04 1.151646793005056679e-04 8.812711894279345870e-05 1.822617923608049750e-05 8.686521323397755623e-05 1.184630491479765624e-05
1.298597194388777432e+01 7.289229688467457891e-05 1.112792742787860334e-04 1.005397134576924145e-04 8.666456415085121989e-05 4.212017665849998593e-05 6.481321906903758645e-05 1.125966446124948561e-04 1.145144997281022370e-04 8.763059304328635335e-05 1.812453956517856568e-05 8.635148697067052126e-05 1.177826379716861993e-05
1.306613226452905785e+01 7.249659392982721329e-05 1.106732524931430817e-04 9.998325549531728029e-05 8.618654101155698299e-05 4.188181264908052981e-05 6.446653424063697457e-05 1.119775042752735317e-04 1.139023079304024577e-04 8.712746057426556945e-05 1.802289625629782677e-05 8.587297634221613407e-05 1.171100575447781011e-05
1.314629258517033961e+01 7.207801536424085498e-05 1.100646841223351657e-04 9.942258475348353386e-05 8.570387581130489707e-05 4.166080543654970825e-05 6.409890920622274280e-05 1.113805847126059234e-04 1.132633551605977118e-04 8.664753841003403068e-05 1.791924296412616968e-05 8.541658462490886450e-05 1.164653986052144319e-05
1.322645290581162314e+01 7.168064621509984136e-05 1.094678227673284709e-04 9.888474596664309502e-05 8.524733129888772964e-05 4.142144825891591609e-05 6.374000076903030276e-05 1.107641292037442327e-04 1.126453935285098851e-04 8.616246486781165004e-05 1.781883656803984195e-05 8.494479698128998280e-05 1.158036411652574316e-05
1.330661322645290490e+01 7.130118319764733315e-05 1.088805584004148841e-04 9.833518561208620667e-05 8.477493247482925653e-05 4.119340155739337206e-05 6.338472303468734026e-05 1.101610614568926394e-04 1.120516390074044466e-04 8.571474609198048711e-05 1.771967072272673249e-05 8.447513391729444265e-05 1.151629021478584036e-05
1.338677354709418843e+01 7.091891166055575013e-05 1.082854068954475224e-04 9.781089465832337737e-05 8.430942398263141513e-05 4.097220153198577464e-05 6.306486466201022267e-05 1.095726620405912399e-04 1.114238184527494013e-04 8.523903670720756054e-05 1.762324063747655600e-05 8.402152161579579115e-05 1.145196893048705533e-05
1.346693386773547019e+01 7.054267189232632518e-05 1.077141860150732100e-04 9.729801968205720186e-05 8.385582623304799199e-05 4.074938624398782849e-05 6.270086305448785424e-05 1.089918805519118905e-04 1.108276192098855972e-04 8.479215466650202870e-05 1.752810385369230062e-05 8.356109901797026396e-05 1.138961488322820514e-05
1.354709418837675372e+01 7.015704613877460361e-05 1.071382648660801351e-04 9.675507317297160625e-05 8.341985812876373529e-05 4.053682641824707389e-05 6.236970511963590980e-05 1.084061150322668254e-04 1.102397654904052615e-04 8.432124013779684901e-05 1.742890708555933088e-05 8.314299338962882757e-05 1.132575198425911367e-05
1.362725450901803548e+01 6.974785355851054192e-05 1.065596661646850407e-04 9.624543599784374237e-05 8.296336454804986715e-05 4.031292701256461442e-05 6.205182580742985010e-05 1.078276036423631012e-04 1.096315027098171413e-04 8.388356945943087339e-05 1.733521457936149091e-05 8.268486999440938234e-05 1.126486858993303031e-05
1.370741482965931723e+01 6.940012099221348763e-05 1.060196373146027327e-04 9.575071453582495451e-05 8.253912528743967414e-05 4.009384792880155146e-05 6.170808046590536833e-05 1.072744780685752630e-04 1.090751684387214482e-04 8.344412344740703702e-05 1.724273533909581602e-05 8.223272016039118171e-05 1.120391789299901575e-05
1.378757515030060077e+01 6.902383756823837757e-05 1.054457898135297000e-04 9.522803156869485974e-05 8.209826046368107200e-05 3.989330798503942788e-05 6.137620221124961972e-05 1.066955010173842311e-04 1.084938121493905783e-04 8.300349145429208875e-05 1.715133657853584737e-05 8.179512951755896211e-05 1.114382757805287838e-05
1.386773547094188253e+01 6.867473712190985680e-05 1.049178099492564797e-04 9.473709360463544726e-05 8.167033956851810217e-05 3.967212614952586591e-05 6.107008812250569463e-05 1.061392831616103649e-04 1.079596113413572311e-04 8.257068839157000184e-05 1.705967406451236457e-05 8.139664714690297842e-05 1.108360538637498394e-05
1.394789579158316606e+01 6.832935468992218375e-05 1.043509037117473781e-04 9.422155562788248062e-05 8.122838335111737251e-05 3.947215373045764863e-05 6.074151679058559239e-05 1.055827306117862463e-04 1.073783641913905740e-04 8.213616092689335346e-05 1.696955587249249220e-05 8.094018994597718120e-05 1.102577880374155939e-05
1.402805611222444782e+01 6.797190144425258040e-05 1.038341360981576145e-04 9.377980313729494810e-05 8.080800034804269671e-05 3.925236524082720280e-05 6.043067696737125516e-05 1.050635619321838021e-04 1.068153214873746037e-04 8.170032378984615207e-05 1.687933036009781063e-05 8.052491466514766216e-05 1.096717915061162785e-05
1.410821643286573135e+01 6.761761324014514685e-05 1.032987565849907696e-04 9.327667066827416420e-05 8.040068496484309435e-05 3.905275661963969469e-05 6.010789002175442874e-05 1.045123572112061083e-04 1.062684095813892782e-04 8.129743218887597322e-05 1.679147499089594930e-05 8.012590114958584309e-05 1.090891055355314165e-05
1.418837675350701311e+01 6.726426363456994295e-05 1.027709149639122188e-04 9.280420636059716344e-05 7.997344073373824358e-05 3.885742262355051935e-05 5.978820263408124447e-05 1.039819908328354359e-04 1.057316476362757385e-04 8.086820162134245038e-05 1.670401252340525389e-05 7.970756996655836701e-05 1.085324765881523490e-05
1.426853707414829664e+01 6.692221359116956592e-05 1.022625438054092228e-04 9.234240860678255558e-05 7.957390334922820330e-05 3.865709732053801417e-05 5.949664773652330041e-05 1.034622109727934003e-04 1.052025181706994772e-04 8.046311995713040233e-05 1.661936948949005455e-05 7.932093285489827394e-05 1.079499725165078416e-05
1.434869739478957840e+01 6.658088386757299304e-05 1.017329777823761106e-04 9.186170791508629918e-05 7.917309994809329510e-05 3.846022082143463194e-05 5.919036630075424910e-05 1.029233389999717474e-04 1.046578763634897768e-04 8.005051495274528861e-05 1.653105755394790322e-05 7.891260611359030008e-05 1.074053216143511236e-05
1.442885771543086193e+01 6.623568333452567458e-05 1.012327920761890709e-04 9.141341433860361576e-05 7.877801544964313507e-05 3.826434840448200703e-05 5.888937448617070913e-05 1.024200755637139082e-04 1.041386858560144901e-04 7.965247641550377011e-05 1.644783696974627674e-05 7.849357643863186240e-05 1.068407800630666316e-05
1.450901803607214369e+01 6.592783756786957383e-05 1.007383325486443937e-04 9.096026769839227200e-05 7.837576413294300437e-05 3.807001849054358900e-05 5.859644443262368441e-05 1.019175324472598732e-04 1.036259272950701416e-04 7.925272075226530433e-05 1.636282104300335050e-05 7.812034164089709520e-05 1.062989758793264627e-05
1.458917835671342544e+01 6.557406595675274730e-05 1.002398421405814588e-04 9.050945664057508111e-05 7.798122533131390810e-05 3.788187677855603397e-05 5.831037196912802756e-05 1.014114532154053450e-04 1.031108768074773252e-04 7.887610991019755602e-05 1.627990604902151972e-05 7.772976096021011472e-05 1.057513600244419649e-05
1.466933867735470898e+01 6.527271034428849816e-05 9.974617569241672754e-05 9.005642641568556428e-05 7.760695007164031267e-05 3.768708120333030820e-05 5.801445149700157344e-05 1.008954786811955273e-04 1.026076715788803995e-04 7.848392124287784100e-05 1.619741124159190804e-05 7.734894461464136839e-05 1.052250081556849182e-05
1.474949899799599073e+01 6.495045818155631423e-05 9.926225902745500207e-05 8.962376887211576104e-05 7.723351882304996252e-05 3.750136602320708334e-05 5.771965879830531776e-05 1.004078803816810250e-04 1.021049902192316949e-04 7.808765076333656907e-05 1.611793231859337538e-05 7.696610555285587907e-05 1.047024852596223354e-05
1.482965931863727427e+01 6.462140299845486879e-05 9.878034325083717704e-05 8.919667743612080812e-05 7.685748278163373470e-05 3.732745972229167819e-05 5.745955422753468156e-05 9.993054845836013556e-05 1.016079622786492109e-04 7.768884825054556131e-05 1.603673081262968481e-05 7.658574759261682630e-05 1.041735140461241826e-05
1.490981963927855602e+01 6.430775101762264967e-05 9.828279871726408601e-05 8.874327613739296794e-05 7.645184086868539453e-05 3.713020487339235842e-05 5.716272789868526161e-05 9.942049655364826322e-05 1.010960986604914069e-04 7.731619552941992879e-05 1.595797766640316695e-05 7.621017721248790622e-05 1.036567937262589112e-05
1.498997995991983956e+01 6.400172424037009478e-05 9.781573317013680935e-05 8.831482409732416272e-05 7.611329056089743972e-05 3.695999112096615136e-05 5.690383477485738695e-05 9.894719551084563136e-05 1.006084785331040621e-04 7.695230306126177311e-05 1.587834231031592935e-05 7.585460116388276219e-05 1.031438387144589797e-05
1.507014028056112132e+01 6.367274181684479117e-05 9.735422645462676883e-05 8.787745900917798281e-05 7.574632036266848445e-05 3.677032145787961781e-05 5.660583337885327637e-05 9.847718320088461041e-05 1.001402270048856735e-04 7.657968671992421150e-05 1.580057687533553690e-05 7.548095891252160072e-05 1.026371319312602282e-05
1.515030060120240485e+01 6.338285311358049512e-05 9.689445869298651814e-05 8.745627565076574683e-05 7.537608325947076082e-05 3.659470894490368664e-05 5.632855754811316729e-05 9.800547559279948473e-05 9.967033838620409369e-05 7.620028918609023094e-05 1.572334440425038338e-05 7.514784374507144094e-05 1.021352454699808732e-05
1.523046092184368661e+01 6.308633601292967796e-05 9.642967779655009508e-05 8.704075298737734556e-05 7.502167864004150033e-05 3.641649891505949199e-05 5.608916399069130421e-05 9.755360952112823725e-05 9.917845454765483737e-05 7.584100239910185337e-05 1.564813283039256930e-05 7.476256723748520017e-05 1.016397891362430528e-05
1.531062124248497014e+01 6.277960346778854728e-05 9.597496682545170188e-05 8.665225323056802154e-05 7.466744864359498024e-05 3.624886812758632004e-05 5.580447032116353512e-05 9.707604476716369390e-05 9.870066423900425434e-05 7.549204019596800208e-05 1.557289033371489495e-05 7.442367495968937874e-05 1.011400854622479528e-05
1.539078156312625190e+01 6.247435521800071001e-05 9.552110714139416814e-05 8.621637971373274922e-05 7.431007543345913291e-05 3.607416147133335471e-05 5.555300231208093464e-05 9.663335367804393172e-05 9.823659638641402125e-05 7.513021409977227449e-05 1.549754051666241139e-05 7.407079101540148258e-05 1.006557977234479040e-05
1.547094188376753365e+01 6.218262569746002555e-05 9.508748189546167850e-05 8.584284660173580050e-05 7.395842112600803375e-05 3.590899723349139094e-05 5.528968904400244355e-05 9.617946489015594125e-05 9.780884283827617764e-05 7.475900201825425029e-05 1.542281825095415115e-05 7.369722152361646295e-05 1.001737291517201811e-05
1.555110220440881719e+01 6.189568375702947378e-05 9.464361937716603279e-05 8.541609713574871421e-05 7.361531606875360012e-05 3.574002039385959506e-05 5.503581269294954836e-05 9.573364513926208019e-05 9.734312334330752492e-05 7.443872891599312425e-05 1.534936382086016238e-05 7.338065188378095627e-05 9.969700840883888304e-06
1.563126252505009894e+01 6.160818884382024407e-05 9.419541311217471957e-05 8.504100696882233024e-05 7.326653576456010342e-05 3.556607407517731190e-05 5.477856393554247916e-05 9.527271322440356016e-05 9.686631528893485665e-05 7.407806697301566601e-05 1.527658059785608202e-05 7.303994789253920317e-05 9.921915989252738655e-06
1.571142284569138248e+01 6.133168062660843134e-05 9.376526577398180962e-05 8.462978439638391137e-05 7.291843940038233995e-05 3.540070611052215099e-05 5.451725883176550269e-05 9.484349720878526568e-05 9.643220982979983091e-05 7.374586857622489333e-05 1.520533260190859437e-05 7.268897752510383725e-05 9.874829629552550614e-06
1.579158316633266423e+01 6.105226930230855942e-05 9.334527567261829972e-05 8.425749547313898802e-05 7.259566336870193481e-05 3.523089253576472402e-05 5.425367999123409390e-05 9.441177826374769211e-05 9.598741598892956972e-05 7.339430158026516438e-05 1.513464576419210061e-05 7.237177487695589662e-05 9.828268048295285553e-06
1.587174348697394777e+01 6.075379860703833401e-05 9.290694288210943341e-05 8.386574336327612400e-05 7.226508023450151086e-05 3.507584551698528230e-05 5.401506859925575554e-05 9.396976383868604898e-05 9.554649295751005411e-05 7.305465260287746787e-05 1.506424450781196356e-05 7.201494008768349886e-05 9.782559573068283498e-06
1.595190380761522952e+01 6.049259900464676321e-05 9.249602589989081025e-05 8.347730909008532763e-05 7.193107012426480651e-05 3.491847746772691607e-05 5.378073547035455704e-05 9.355408110423013568e-05 9.513236000202596188e-05 7.272545190062373877e-05 1.499319841968826950e-05 7.169664604589343071e-05 9.737324035086203367e-06
1.603206412825651128e+01 6.021253648214042187e-05 9.207973926095291972e-05 8.310858538607135415e-05 7.161293615354225039e-05 3.475094854366034269e-05 5.352909647626802325e-05 9.313605551142245531e-05 9.467874770052731037e-05 7.240153354359790683e-05 1.492532192060025409e-05 7.138513319659978151e-05 9.692223102319985628e-06
1.611222444889779482e+01 5.992828300804831088e-05 9.166732343146577477e-05 8.274433639599010348e-05 7.128547440515831113e-05 3.459771323832683265e-05 5.327822509570978582e-05 9.270593000110238791e-05 9.426226461073383689e-05 7.208922033896669745e-05 1.485772190790157765e-05 7.105308759491890669e-05 9.647912520449608564e-06
1.619238476953907835e+01 5.966414755675941706e-05 9.126496297540143132e-05 8.236307621700689197e-05 7.098075730027630925e-05 3.443556488491594791e-05 5.305118611431680620e-05 9.230490104528144002e-05 9.385039447806775570e-05 7.175047358032315969e-05 1.478828562540002167e-05 7.072420703480020165e-05 9.603188118489924818e-06
1.627254509018035833e+01 5.938542744843289256e-05 9.085761848837137222e-05 8.199638250516727567e-05 7.063752127578482032e-05 3.428045238251797855e-05 5.281101402943022549e-05 9.188931289827451110e-05 9.343407145934179425e-05 7.144199480535462499e-05 1.472188250772887841e-05 7.041678327368572354e-05 9.559667887515388429e-06
1.635270541082164186e+01 5.913936183787882328e-05 9.045841579791158438e-05 8.163857273757457733e-05 7.033912697806954384e-05 3.412802470847964287e-05 5.256320582702755928e-05 9.147802484221756458e-05 9.302527905674651265e-05 7.111016748240217566e-05 1.465569312131265178e-05 7.009725959505885839e-05 9.516333193460013717e-06
1.643286573146292540e+01 5.885108475922606885e-05 9.007123298943042755e-05 8.127417095238342881e-05 7.004247163422405720e-05 3.397659747861325741e-05 5.233342744759283960e-05 9.107241203309968114e-05 9.264054097002372146e-05 7.080403156578540802e-05 1.458845235902117565e-05 6.978950113989412785e-05 9.473169484408572316e-06
1.651302605210420893e+01 5.859270459040999413e-05 8.966762834461405873e-05 8.092752977972850204e-05 6.971898983465507627e-05 3.382735667400993407e-05 5.211359894019551575e-05 9.066097845789045095e-05 9.221059735864400864e-05 7.050138083286583424e-05 1.452278047509025782e-05 6.950549868633970618e-05 9.431180842511821538e-06
1.659318637274548891e+01 5.834735929965972900e-05 8.927366434363648295e-05 8.055248326854780316e-05 6.942090840311720967e-05 3.367735916981473565e-05 5.189711737330071628e-05 9.028567001223564148e-05 9.180452616419643164e-05 7.015724986558780074e-05 1.445933412469457835e-05 6.920112355146557093e-05 9.388411854160949588e-06
1.667334669338677244e+01 5.810636503156274557e-05 8.889160380931571126e-05 8.023049304028972983e-05 6.911308446433395147e-05 3.352390558575280011e-05 5.165452967048622668e-05 8.987420005723834038e-05 9.140312613453716040e-05 6.987254164414480329e-05 1.439483366993954405e-05 6.889888754813000560e-05 9.346585102321114391e-06
1.675350701402805598e+01 5.784628956462256610e-05 8.850452286424115300e-05 7.985890260897576809e-05 6.881063745822757483e-05 3.337445741635747254e-05 5.142484951647929847e-05 8.949430048232898116e-05 9.100165334530174732e-05 6.958322046557441354e-05 1.433049874322023243e-05 6.859168206574395299e-05 9.306070751335937530e-06
1.683366733466933951e+01 5.759467967436648905e-05 8.813000749796628952e-05 7.953710155561566353e-05 6.852492515463382006e-05 3.323670534882694483e-05 5.120400237501598895e-05 8.909729513106867671e-05 9.062036406248807907e-05 6.928882066858932376e-05 1.426889866706915200e-05 6.829918856965377927e-05 9.264595064450986683e-06
1.691382765531061949e+01 5.734859587391838431e-05 8.774966408964246511e-05 7.918835763121023774e-05 6.823493458796292543e-05 3.309560634079389274e-05 5.098599649500101805e-05 8.874691411620005965e-05 9.020588913699612021e-05 6.897579442011192441e-05 1.420679200236918405e-05 6.799407856306061149e-05 9.223063898389227688e-06
1.699398797595190302e+01 5.712714118999429047e-05 8.737316966289654374e-05 7.883783109718933702e-05 6.790846964577212930e-05 3.295231363154016435e-05 5.075691660749725997e-05 8.835205517243593931e-05 8.985054591903463006e-05 6.867414776934310794e-05 1.414371490682242438e-05 6.768599996576085687e-05 9.183822839986532927e-06
1.707414829659318656e+01 5.685068026650696993e-05 8.700568287167698145e-05 7.851565896999090910e-05 6.764463614672422409e-05 3.281082535977475345e-05 5.054867506260052323e-05 8.798051567282527685e-05 8.945247827796265483e-05 6.837915861979126930e-05 1.408215393894352019e-05 6.741769175278022885e-05 9.143342140305321664e-06
1.715430861723446654e+01 5.662467083311639726e-05 8.664459892315790057e-05 7.817481673555448651e-05 6.735471106367185712e-05 3.267150532337836921e-05 5.034546484239399433e-05 8.760877972235903144e-05 8.909390453482046723e-05 6.809588376199826598e-05 1.402168982167495415e-05 6.713897164445370436e-05 9.104292075789999217e-06
1.723446893787575007e+01 5.638412767439149320e-05 8.627474744571372867e-05 7.785980415064841509e-05 6.706046406179666519e-05 3.253308750572614372e-05 5.012246401747688651e-05 8.723411883693188429e-05 8.869529847288504243e-05 6.782207492506131530e-05 1.396193783875787631e-05 6.685485277557745576e-05 9.064570804184768349e-06
1.731462925851703361e+01 5.614043038804084063e-05 8.591947698732838035e-05 7.751419616397470236e-05 6.678526551695540547e-05 3.239408033550716937e-05 4.991401510778814554e-05 8.688227535458281636e-05 8.833621541270986199e-05 6.752977787982672453e-05 1.390237412124406546e-05 6.657853373326361179e-05 9.025812687468715012e-06
1.739478957915831714e+01 5.589064312516711652e-05 8.556887769373133779e-05 7.719470886513590813e-05 6.650169234490022063e-05 3.225960608688183129e-05 4.969761721440590918e-05 8.651798998471349478e-05 8.798831549938768148e-05 6.724586273776367307e-05 1.384365714329760522e-05 6.630146526731550694e-05 8.987572982732672244e-06
1.747494989979959712e+01 5.567880361923016608e-05 8.521429845131933689e-05 7.688233745284378529e-05 6.623625085921958089e-05 3.211827424820512533e-05 4.947536945110186934e-05 8.615892875241115689e-05 8.760301716392859817e-05 6.697604112559929490e-05 1.378378328809048980e-05 6.601333734579384327e-05 8.949989933171309531e-06
1.755511022044088065e+01 5.544291343539953232e-05 8.485666330670937896e-05 7.656084926566109061e-05 6.594443402718752623e-05 3.198408739990554750e-05 4.927609188598580658e-05 8.579030691180378199e-05 8.724809595150873065e-05 6.668363494100049138e-05 1.372554197587305680e-05 6.574249709956347942e-05 8.911424629332032055e-06
1.763527054108216419e+01 5.521286584553308785e-05 8.450274617644026875e-05 7.623176497872918844e-05 6.569398829014971852e-05 3.185235254932194948e-05 4.908735718345269561e-05 8.544273441657423973e-05 8.688170055393129587e-05 6.640556239290162921e-05 1.367124968965072185e-05 6.546359509229660034e-05 8.873670594766736031e-06
1.771543086172344772e+01 5.499897815752774477e-05 8.417836943408474326e-05 7.594297494506463408e-05 6.541828770423308015e-05 3.172556898789480329e-05 4.888638795819133520e-05 8.510647603543475270e-05 8.654076373204588890e-05 6.614515586989000440e-05 1.361162776447599754e-05 6.522032344946637750e-05 8.836243068799376488e-06
1.779559118236472770e+01 5.476058868225663900e-05 8.382515807170420885e-05 7.562672544736415148e-05 6.515256245620548725e-05 3.159185143886134028e-05 4.867309326073154807e-05 8.474671631120145321e-05 8.617536514066159725e-05 6.587102689081802964e-05 1.355412678094580770e-05 6.494017725344747305e-05 8.799662282399367541e-06
1.787575150300601123e+01 5.453660196508280933e-05 8.348477422259747982e-05 7.531328446930274367e-05 6.488440703833475709e-05 3.146061499137431383e-05 4.847090531256981194e-05 8.440040255663916469e-05 8.582950977142900229e-05 6.560389738297089934e-05 1.349819467577617615e-05 6.467331695603206754e-05 8.763776349951513112e-06
1.795591182364729477e+01 5.431274985312484205e-05 8.314993465319275856e-05 7.501152140321210027e-05 6.463212775997817516e-05 3.133392965537495911e-05 4.829216049984097481e-05 8.406335109611973166e-05 8.548356709070503712e-05 6.532764382427558303e-05 1.344480187981389463e-05 6.442376616178080440e-05 8.726604391995351762e-06
1.803607214428857475e+01 5.409579534898512065e-05 8.282438648166134953e-05 7.471295975847169757e-05 6.436321564251556993e-05 3.120234032394364476e-05 4.808096127817407250e-05 8.373531454708427191e-05 8.514073124388232827e-05 6.508240039693191648e-05 1.338790298177627847e-05 6.415137613657861948e-05 8.690857612236868590e-06
1.811623246492985828e+01 5.387981218518689275e-05 8.248760423157364130e-05 7.441203342750668526e-05 6.411572394426912069e-05 3.108333112322725356e-05 4.788730439031496644e-05 8.339487976627424359e-05 8.480549877276644111e-05 6.479813600890338421e-05 1.333498494204832241e-05 6.388324982253834605e-05 8.655852980155032128e-06
1.819639278557114181e+01 5.365758261177688837e-05 8.216167043428868055e-05 7.411290425807237625e-05 6.384110020007938147e-05 3.095497595495544374e-05 4.771007297676987946e-05 8.306382369482889771e-05 8.446578431176021695e-05 6.456147093558683991e-05 1.328004509559832513e-05 6.363971624523401260e-05 8.619739674031734467e-06
1.827655310621242535e+01 5.345023237168788910e-05 8.183535101125016809e-05 7.381806062767282128e-05 6.358772952808067203e-05 3.082838884438388050e-05 4.750631705974228680e-05 8.274371066363528371e-05 8.411805174546316266e-05 6.429891800507903099e-05 1.322588832408655435e-05 6.338157982099801302e-05 8.585954674344975501e-06
1.835671342685370533e+01 5.324673111317679286e-05 8.152287045959383249e-05 7.352915417868643999e-05 6.334242061711847782e-05 3.070574166486039758e-05 4.733424430014565587e-05 8.241288742283359170e-05 8.381201041629537940e-05 6.403822771972045302e-05 1.317125952482456341e-05 6.313629273790866137e-05 8.550655365979764611e-06
1.843687374749498886e+01 5.303069701767526567e-05 8.119609992718324065e-05 7.322637975448742509e-05 6.310764001682400703e-05 3.058387301280163229e-05 4.713545786216855049e-05 8.208346116589382291e-05 8.347683615284040570e-05 6.377872341545298696e-05 1.312048516410868615e-05 6.288212171057239175e-05 8.515889021509792656e-06
1.851703406813627240e+01 5.282189522404223680e-05 8.087903552222996950e-05 7.295926479855552316e-05 6.284956907620653510e-05 3.046472738787997514e-05 4.695881943916901946e-05 8.176322444342076778e-05 8.313712896779179573e-05 6.354656215989962220e-05 1.306684134760871530e-05 6.262597889872267842e-05 8.482024895783979446e-06
1.859719438877755593e+01 5.261511250864714384e-05 8.056677324930205941e-05 7.267185719683766365e-05 6.259034125832840800e-05 3.034179098904132843e-05 4.676276512327603996e-05 8.144960156641900539e-05 8.281223563244566321e-05 6.328651943476870656e-05 1.301490647165337577e-05 6.240201037144288421e-05 8.447797881672158837e-06
1.867735470941883591e+01 5.240724203758873045e-05 8.025136776268482208e-05 7.237280806293711066e-05 6.237202615011483431e-05 3.022696182597428560e-05 4.657974932342767715e-05 8.111938950605690479e-05 8.250150858657434583e-05 6.304099224507808685e-05 1.296391928917728364e-05 6.215713074197992682e-05 8.414317562710493803e-06
1.875751503006011944e+01 5.219556260271929204e-05 7.995048508746549487e-05 7.211115735117346048e-05 6.212442531250417233e-05 3.010426735272631049e-05 4.641294071916490793e-05 8.081762643996626139e-05 8.218646689783781767e-05 6.279642548179253936e-05 1.291241642320528626e-05 6.190766725922003388e-05 8.381560292036738247e-06
1.883767535070140298e+01 5.200377927394583821e-05 7.963943789945915341e-05 7.182441186159849167e-05 6.187526741996407509e-05 2.998730451508890837e-05 4.622225242201238871e-05 8.050265023484826088e-05 8.186191553249955177e-05 6.257488712435588241e-05 1.286175756831653416e-05 6.166403181850910187e-05 8.347913535544648767e-06
1.891783567134268296e+01 5.180084190214984119e-05 7.932908192742615938e-05 7.154781633289530873e-05 6.164344813441857696e-05 2.987592233694158494e-05 4.604060814017429948e-05 8.018834341783076525e-05 8.154146780725568533e-05 6.231250881683081388e-05 1.281112599826883525e-05 6.144319922896102071e-05 8.315343620779458433e-06
1.899799599198396649e+01 5.161740409675985575e-05 7.903508958406746387e-05 7.128738070605322719e-05 6.139968172647058964e-05 2.975584538944531232e-05 4.586540308082476258e-05 7.988578727236017585e-05 8.124030864564701915e-05 6.207591650309041142e-05 1.276248258363921195e-05 6.120284524513408542e-05 8.283060196845326573e-06
1.907815631262525002e+01 5.139695349498651922e-05 7.873072900110855699e-05 7.100750372046604753e-05 6.116386794019490480e-05 2.964509803859982640e-05 4.570376040646806359e-05 7.958331116242334247e-05 8.093100041151046753e-05 6.183497316669672728e-05 1.271203564101597294e-05 6.096912693465128541e-05 8.250752216554246843e-06
1.915831663326653356e+01 5.122505172039382160e-05 7.843983621569350362e-05 7.074052700772881508e-05 6.091356772230938077e-05 2.952372233266942203e-05 4.552185055217705667e-05 7.928644481580704451e-05 8.062196138780564070e-05 6.161641067592427135e-05 1.266192157345358282e-05 6.074360499042086303e-05 8.217793947551399469e-06
1.923847695390781354e+01 5.102491195430047810e-05 7.813176489435136318e-05 7.045836537145078182e-05 6.069473238312639296e-05 2.941569073300343007e-05 4.534619802143424749e-05 7.898578041931614280e-05 8.030887693166732788e-05 6.135764851933345199e-05 1.261580564460018650e-05 6.051048330846242607e-05 8.187153071048669517e-06
1.931863727454909707e+01 5.082453571958467364e-05 7.784783520037308335e-05 7.020965131232514977e-05 6.048025170457549393e-05 2.930643495346885175e-05 4.518634159467183053e-05 7.868235843488946557e-05 8.002227696124464273e-05 6.113505514804273844e-05 1.256544692296301946e-05 6.027596464264206588e-05 8.155622708727605641e-06
1.939879759519038060e+01 5.064484139438718557e-05 7.754401303827762604e-05 6.992994167376309633e-05 6.023642708896659315e-05 2.919541111623402685e-05 4.500821160036139190e-05 7.839281170163303614e-05 7.968963473103940487e-05 6.092030525906011462e-05 1.251741377927828580e-05 6.005374234518967569e-05 8.124293344735633582e-06
1.947895791583166414e+01 5.044816862209700048e-05 7.726685726083815098e-05 6.967871013330295682e-05 6.001979272696189582e-05 2.908752321673091501e-05 4.484570308704860508e-05 7.810045644873753190e-05 7.941439980641007423e-05 6.068182483431883156e-05 1.246948249900015071e-05 5.984570452710613608e-05 8.093445103440899402e-06
1.955911823647294412e+01 5.024095298722386360e-05 7.698040280956774950e-05 6.941871833987534046e-05 5.979247725917957723e-05 2.897307604143861681e-05 4.467504550120793283e-05 7.780443411320447922e-05 7.912238652352243662e-05 6.046364796929992735e-05 1.242253892996814102e-05 5.961444185231812298e-05 8.062083907134365290e-06
1.963927855711422765e+01 5.004928971175104380e-05 7.669827755307778716e-05 6.917651626281440258e-05 5.958449037279933691e-05 2.886579204641748220e-05 4.451327185961417854e-05 7.752817327855154872e-05 7.881813507992774248e-05 6.023551031830720603e-05 1.237606738868635148e-05 5.937982496106997132e-05 8.032262485357932746e-06
1.971943887775551119e+01 4.988146611140109599e-05 7.640963303856551647e-05 6.891445809742435813e-05 5.934862929279915988e-05 2.876060898415744305e-05 4.434472066350281239e-05 7.724007446086034179e-05 7.852276758057996631e-05 6.000640496495179832e-05 1.233037983183749020e-05 5.915944348089396954e-05 8.000596608326304704e-06
1.979959919839679117e+01 4.969984365743584931e-05 7.613378693349659443e-05 6.865082832518965006e-05 5.913834320381283760e-05 2.865181522793136537e-05 4.416880983626469970e-05 7.695708336541429162e-05 7.824537897249683738e-05 5.977668479317799211e-05 1.228365636052330956e-05 5.895151844015344977e-05 7.971905688464175910e-06
1.987975951903807470e+01 4.952403469360433519e-05 7.585993444081395864e-05 6.840458809165284038e-05 5.892386616324074566e-05 2.855203820217866451e-05 4.401306796353310347e-05 7.667307363590225577e-05 7.796606223564594984e-05 5.958391921012662351e-05 1.223832441610284150e-05 5.872662222827784717e-05 7.941560397739522159e-06
1.995991983967935823e+01 4.931689909426495433e-05 7.558947254437953234e-05 6.815357482992112637e-05 5.871189569006673992e-05 2.844110531441401690e-05 4.384311250760219991e-05 7.639186515007168055e-05 7.768958312226459384e-05 5.935485751251690090e-05 1.219185469381045550e-05 5.853115726495161653e-05 7.911867214716039598e-06
2.004008016032064177e+01 4.916803300147876143e-05 7.531620940426364541e-05 6.792252679588273168e-05 5.849778972333297133e-05 2.833643884514458477e-05 4.368472582427784801e-05 7.611713226651772857e-05 7.740133150946348906e-05 5.913975473958998919e-05 1.214771782542811707e-05 5.829607835039496422e-05 7.882826139393728226e-06
2.012024048096192175e+01 4.898765473626554012e-05 7.504715904360637069e-05 6.767269951524212956e-05 5.828462963108904660e-05 2.823286013153847307e-05 4.353658005129545927e-05 7.584151171613484621e-05 7.712966180406510830e-05 5.893814523005858064e-05 1.210328900924650952e-05 5.808409696328453720e-05 7.853651368350256234e-06
2.020040080160320528e+01 4.879290645476430655e-05 7.477994222426787019e-05 6.741974357282742858e-05 5.809024514746852219e-05 2.813958599290344864e-05 4.337206337368115783e-05 7.558057404821738601e-05 7.685410673730075359e-05 5.870657696505077183e-05 1.205742591992020607e-05 5.788872294942848384e-05 7.824860404070932418e-06
2.028056112224448881e+01 4.863212234340608120e-05 7.451717101503163576e-05 6.717746873619034886e-05 5.784987297374755144e-05 2.802849121508188546e-05 4.321747837821021676e-05 7.531148730777204037e-05 7.659553375560790300e-05 5.851424793945625424e-05 1.201469240186270326e-05 5.765469177276827395e-05 7.796221325406804681e-06
2.036072144288577235e+01 4.845232615480199456e-05 7.423642091453075409e-05 6.692987517453730106e-05 5.765056630480103195e-05 2.792981831589713693e-05 4.306665141484700143e-05 7.503169763367623091e-05 7.629569154232740402e-05 5.828384746564552188e-05 1.197200617752969265e-05 5.747528848587535322e-05 7.767174793116282672e-06
2.044088176352705233e+01 4.827715019928291440e-05 7.397696754196658731e-05 6.670118455076590180e-05 5.745265298173762858e-05 2.782379851851146668e-05 4.290853394195437431e-05 7.476784230675548315e-05 7.601275137858465314e-05 5.808808418805710971e-05 1.192752733913948759e-05 5.726836388930678368e-05 7.738885869912337512e-06
2.052104208416833586e+01 4.810329483007080853e-05 7.371760148089379072e-05 6.645642861258238554e-05 5.723691720049828291e-05 2.772991865640506148e-05 4.276220715837553144e-05 7.450009434251114726e-05 7.576611096737906337e-05 5.788017006125301123e-05 1.188371243188157678e-05 5.706778756575658917e-05 7.711670150456484407e-06
2.060120240480961940e+01 4.794689084519632161e-05 7.345645281020551920e-05 6.622014916501939297e-05 5.704983777832239866e-05 2.763271913863718510e-05 4.260187415638938546e-05 7.423591159749776125e-05 7.548959547420963645e-05 5.767943730461411178e-05 1.184302891488187015e-05 5.686938675353303552e-05 7.683783223910722882e-06
2.068136272545089938e+01 4.777983122039586306e-05 7.321080192923545837e-05 6.600804772460833192e-05 5.684661300620064139e-05 2.752848195086698979e-05 4.245408126735128462e-05 7.399122841889038682e-05 7.522290979977697134e-05 5.747682371293194592e-05 1.179908485937630758e-05 5.666075230692513287e-05 7.655878107470925897e-06
2.076152304609218291e+01 4.760245792567729950e-05 7.295223622350022197e-05 6.577084423042833805e-05 5.663271440425887704e-05 2.742992182902526110e-05 4.230652484693564475e-05 7.371957326540723443e-05 7.497290789615362883e-05 5.726901872549206018e-05 1.175579745904542506e-05 5.646268982673063874e-05 7.628648290847195312e-06
2.084168336673346644e+01 4.742438250104896724e-05 7.268634362844750285e-05 6.552918057423084974e-05 5.644928387482650578e-05 2.733758083195425570e-05 4.216265733703039587e-05 7.345731864916160703e-05 7.468846160918474197e-05 5.707562741008587182e-05 1.171641270047985017e-05 5.627722566714510322e-05 7.601371180498972535e-06
2.092184368737474998e+01 4.726825136458501220e-05 7.243879372254014015e-05 6.529799429699778557e-05 5.625790436170063913e-05 2.724269324971828610e-05 4.201009869575500488e-05 7.321297016460448503e-05 7.442900096066296101e-05 5.687437078449875116e-05 1.167323807749198750e-05 5.607579441857524216e-05 7.573816674266709015e-06
2.100200400801602996e+01 4.710099165095016360e-05 7.218666723929345608e-05 6.507755460916087031e-05 5.605280239251442254e-05 2.714745824050623924e-05 4.186100704828277230e-05 7.295488467207178473e-05 7.417540473397821188e-05 5.667788354912772775e-05 1.163300930784316733e-05 5.586847692029550672e-05 7.547815584985073656e-06
2.108216432865731349e+01 4.693862501881085336e-05 7.194667705334722996e-05 6.485106132458895445e-05 5.586037514149211347e-05 2.705477709241677076e-05 4.171467662672512233e-05 7.271359208971261978e-05 7.393134001176804304e-05 5.648541264235973358e-05 1.159212206403026357e-05 5.567699918174184859e-05 7.520899998780805618e-06
2.116232464929859702e+01 4.678716868511401117e-05 7.170160824898630381e-05 6.464870966738089919e-05 5.568278720602393150e-05 2.696313094929791987e-05 4.157745570410043001e-05 7.245988672366365790e-05 7.367115176748484373e-05 5.628634971799328923e-05 1.155234804173232988e-05 5.548358967644162476e-05 7.494271812902297825e-06
2.124248496993988056e+01 4.661174170905724168e-05 7.146249845391139388e-05 6.442634912673383951e-05 5.548406625166535378e-05 2.686969673959538341e-05 4.142903344472870231e-05 7.220460247481241822e-05 7.343651668634265661e-05 5.609718573396094143e-05 1.151145806943532079e-05 5.530767157324589789e-05 7.467775049008196220e-06
2.132264529058116054e+01 4.646209345082752407e-05 7.120429654605686665e-05 6.419684359570965171e-05 5.527571556740440428e-05 2.677556403796188533e-05 4.129795343033038080e-05 7.196400838438421488e-05 7.315650873351842165e-05 5.589656211668625474e-05 1.146922659245319664e-05 5.511144627234898508e-05 7.442584774253191426e-06
2.140280561122244407e+01 4.629795512300916016e-05 7.096547051332890987e-05 6.397170363925397396e-05 5.509525726665742695e-05 2.668242086656391621e-05 4.115072442800737917e-05 7.171518518589437008e-05 7.291787915164604783e-05 5.570462235482409596e-05 1.143087683885823935e-05 5.493125354405492544e-05 7.416284915962023661e-06
2.148296593186372760e+01 4.614839053829200566e-05 7.074475433910265565e-05 6.378541729645803571e-05 5.491125557455234230e-05 2.659097481227945536e-05 4.100910155102610588e-05 7.148138683987781405e-05 7.269389607245102525e-05 5.552196307689882815e-05 1.139209143730113283e-05 5.472994234878569841e-05 7.390669452433940023e-06
2.156312625250500759e+01 4.598970190272666514e-05 7.049825217109173536e-05 6.355759251164272428e-05 5.473626151797361672e-05 2.650102760526351631e-05 4.087346314918249846e-05 7.124068361008539796e-05 7.243107393151149154e-05 5.533879811991937459e-05 1.135385809902800247e-05 5.454710480989888310e-05 7.365732471953378990e-06
2.164328657314629112e+01 4.583365807775408030e-05 7.025816739769652486e-05 6.334025238174945116e-05 5.454705751617439091e-05 2.641274477355182171e-05 4.072910451213829219e-05 7.099930371623486280e-05 7.217664824565872550e-05 5.515324301086366177e-05 1.131388762587448582e-05 5.437722211354412138e-05 7.340222055063350126e-06
2.172344689378757465e+01 4.567343421513214707e-05 7.002522761467844248e-05 6.313340418273583055e-05 5.436648280010558665e-05 2.631981078593526036e-05 4.059369894093833864e-05 7.076941255945712328e-05 7.193710189312696457e-05 5.495211007655598223e-05 1.127647738030645996e-05 5.418010550783947110e-05 7.314910817513009533e-06
2.180360721442885819e+01 4.552983955363743007e-05 6.979141471674665809e-05 6.291115278145298362e-05 5.416698331828229129e-05 2.623223008413333446e-05 4.047324910061433911e-05 7.052921864669770002e-05 7.171340257627889514e-05 5.476837395690381527e-05 1.123805486713536084e-05 5.400440568337216973e-05 7.290049325092695653e-06
2.188376753507013817e+01 4.539007204584777355e-05 6.956864672247320414e-05 6.271091115195304155e-05 5.399822475737892091e-05 2.614803452161140740e-05 4.031888602185063064e-05 7.028669642750173807e-05 7.148725126171484590e-05 5.460097236209549010e-05 1.119909939006902277e-05 5.382280869525857270e-05 7.264869509526761249e-06
2.196392785571142170e+01 4.522665767581202090e-05 6.933409895282238722e-05 6.249461875995621085e-05 5.381664959713816643e-05 2.605652844067662954e-05 4.020151027361862361e-05 7.005636871326714754e-05 7.124531111912801862e-05 5.441280154627747834e-05 1.116154726332752034e-05 5.364591925172135234e-05 7.240481409098720178e-06
2.204408817635270523e+01 4.506980258156545460e-05 6.911715900059789419e-05 6.230074359336867929e-05 5.364653043216094375e-05 2.596980266389437020e-05 4.006342351203784347e-05 6.982797640375792980e-05 7.101216760929673910e-05 5.426138886832632124e-05 1.112310201278887689e-05 5.347475962480530143e-05 7.215679488581372425e-06
2.212424849699398877e+01 4.493097731028683484e-05 6.887903873575851321e-05 6.208237027749419212e-05 5.344758028513751924e-05 2.588844836282078177e-05 3.992246274719946086e-05 6.959809252293780446e-05 7.076981273712590337e-05 5.406752825365401804e-05 1.108631113311275840e-05 5.330551357474178076e-05 7.191861186583992094e-06
2.220440881763526875e+01 4.477997208596207201e-05 6.865431350888684392e-05 6.188494444359093904e-05 5.329224950401112437e-05 2.580001455498859286e-05 3.978176391683518887e-05 6.936961290193721652e-05 7.052908767946064472e-05 5.388855061028152704e-05 1.104939019569428638e-05 5.312160647008568048e-05 7.168374850152758881e-06
2.228456913827655228e+01 4.462556535145267844e-05 6.844676681794226170e-05 6.168837717268615961e-05 5.312444045557640493e-05 2.571836012066341937e-05 3.965491487178951502e-05 6.915059202583506703e-05 7.033014117041602731e-05 5.371579391066916287e-05 1.101342058973386884e-05 5.295201845001429319e-05 7.144276423787232488e-06
2.236472945891783581e+01 4.448432446224614978e-05 6.820876296842470765e-05 6.148375541670247912e-05 5.295211667544208467e-05 2.562904046499170363e-05 3.954562271246686578e-05 6.892136298120021820e-05 7.006785745033994317e-05 5.354093809728510678e-05 1.097685799322789535e-05 5.276872616377659142e-05 7.120286227291217074e-06
2.244488977955911579e+01 4.434286529431119561e-05 6.800176197430118918e-05 6.128402310423552990e-05 5.278599201119504869e-05 2.554052116465754807e-05 3.940674650948494673e-05 6.869910430395975709e-05 6.986835069255903363e-05 5.336212416295893490e-05 1.094073832064168528e-05 5.260392572381533682e-05 7.097025900293374434e-06
2.252505010020039933e+01 4.418878233991563320e-05 6.776964437449350953e-05 6.107306398916989565e-05 5.259675162960775197e-05 2.546252653701230884e-05 3.927884245058521628e-05 6.847985059721395373e-05 6.962876068428158760e-05 5.318349576555192471e-05 1.090479054255411029e-05 5.242583574727177620e-05 7.073437700455542654e-06
2.260521042084168286e+01 4.405547588248737156e-05 6.755363574484363198e-05 6.087878500693477690e-05 5.243663690635003150e-05 2.538443368393927813e-05 3.913847103831358254e-05 6.825543823651969433e-05 6.940064486116170883e-05 5.302129648043774068e-05 1.086954125639749691e-05 5.227127621765248477e-05 7.050344265735475346e-06
2.268537074148296639e+01 4.390721369418315589e-05 6.734712951583787799e-05 6.069565642974339426e-05 5.226754365139640868e-05 2.529301855247467756e-05 3.901698437402956188e-05 6.803824362577870488e-05 6.918601138750091195e-05 5.285898441798053682e-05 1.083290771930478513e-05 5.209655137150548398e-05 7.027118499536300078e-06
2.276553106212424638e+01 4.378110679681412876e-05 6.712670437991619110e-05 6.049721559975296259e-05 5.209938535699620843e-05 2.521390342735685408e-05 3.890199150191619992e-05 6.781535194022580981e-05 6.896172271808609366e-05 5.268073437036946416e-05 1.079805588233284652e-05 5.193582910578697920e-05 7.003902737778844312e-06
2.284569138276552991e+01 4.363988045952282846e-05 6.691609451081603765e-05 6.030666554579511285e-05 5.192909520701505244e-05 2.513086838007438928e-05 3.877946073771454394e-05 6.761071563232690096e-05 6.874019163660705090e-05 5.251485345070250332e-05 1.076338685379596427e-05 5.175729529582895339e-05 6.980782927712425590e-06
2.292585170340681344e+01 4.349516530055552721e-05 6.670961738564074039e-05 6.013283200445584953e-05 5.176721242605708539e-05 2.505374322936404496e-05 3.865551479975692928e-05 6.739718082826584578e-05 6.852648948552086949e-05 5.233871706877835095e-05 1.072916802513645962e-05 5.160307773621752858e-05 6.958702670090133324e-06
2.300601202404809698e+01 4.336271740612573922e-05 6.648869020864367485e-05 5.992793740006163716e-05 5.159200736670754850e-05 2.497187779226806015e-05 3.853787347907200456e-05 6.717182986903935671e-05 6.830446363892406225e-05 5.216983481659553945e-05 1.069157951860688627e-05 5.143578528077341616e-05 6.936526460776804015e-06
2.308617234468937696e+01 4.320655716583132744e-05 6.627866969211027026e-05 5.974465602776035666e-05 5.143509770277887583e-05 2.490036968083586544e-05 3.840674253297038376e-05 6.695783667964860797e-05 6.808302714489400387e-05 5.203294858802109957e-05 1.066086224454920739e-05 5.126850010128691792e-05 6.913180641276994720e-06
2.316633266533066049e+01 4.307478593545965850e-05 6.607437535421922803e-05 5.954335938440635800e-05 5.128077464178204536e-05 2.481382216501515359e-05 3.828760236501693726e-05 6.674884934909641743e-05 6.788031168980523944e-05 5.185224290471524000e-05 1.062539740814827383e-05 5.111427890369668603e-05 6.891583325341343880e-06
2.324649298597194402e+01 4.295164035283960402e-05 6.587029201909899712e-05 5.937257446930743754e-05 5.110755591886118054e-05 2.473670429026242346e-05 3.816358366748318076e-05 6.654184835497289896e-05 6.767399463569745421e-05 5.167556810192763805e-05 1.059288933902280405e-05 5.094395601190626621e-05 6.869096523587359115e-06
2.332665330661322400e+01 4.280908979126252234e-05 6.566952652065083385e-05 5.917637099628336728e-05 5.095391679788008332e-05 2.466194018779788166e-05 3.804816878982819617e-05 6.633619341300800443e-05 6.746733561158180237e-05 5.153182064532302320e-05 1.055664506566245109e-05 5.080132541479542851e-05 6.848250905022723600e-06
2.340681362725450754e+01 4.266798350727185607e-05 6.546070653712376952e-05 5.899189636693336070e-05 5.079797847429290414e-05 2.458196286170277745e-05 3.792474672081880271e-05 6.613361620111390948e-05 6.724810373270884156e-05 5.135902756592258811e-05 1.052334391715703532e-05 5.062031414126977324e-05 6.825932359788566828e-06
2.348697394789579107e+01 4.254738450981676579e-05 6.526038487209007144e-05 5.879964373889379203e-05 5.063306161900982261e-05 2.450713145663030446e-05 3.780486440518870950e-05 6.592537829419597983e-05 6.704773841192945838e-05 5.120732384966686368e-05 1.049208822223590687e-05 5.048898310633376241e-05 6.803945325373206288e-06
2.356713426853707460e+01 4.241475107846781611e-05 6.506386125693097711e-05 5.863261321792379022e-05 5.048417006037198007e-05 2.442576806060969830e-05 3.769024260691367090e-05 6.572394340764731169e-05 6.683681567665189505e-05 5.104442971060052514e-05 1.045840326696634293e-05 5.032794069848023355e-05 6.782229320378974080e-06
2.364729458917835458e+01 4.228462421451695263e-05 6.486772326752543449e-05 5.844358747708611190e-05 5.033600609749555588e-05 2.435057649563532323e-05 3.757374724955298007e-05 6.552442937390878797e-05 6.663926615146920085e-05 5.089107798994518816e-05 1.042573967424686998e-05 5.017650619265623391e-05 6.761164058843860403e-06
2.372745490981963812e+01 4.214975342620164156e-05 6.466261402238160372e-05 5.826867345604114234e-05 5.017516741645522416e-05 2.427568324492312968e-05 3.745404319488443434e-05 6.532303814310580492e-05 6.641917570959776640e-05 5.073354259366169572e-05 1.039228664012625813e-05 5.001407771487720311e-05 6.740690423612250015e-06
2.380761523046092165e+01 4.201851334073580801e-05 6.447478517657145858e-05 5.808736386825330555e-05 5.002313628210686147e-05 2.420381497358903289e-05 3.733753328560851514e-05 6.513026164611801505e-05 6.623372610192745924e-05 5.058739770902320743e-05 1.036162757372949272e-05 4.986919157090596855e-05 6.719432803947711363e-06
2.388777555110220518e+01 4.189351602690294385e-05 6.427252083085477352e-05 5.790600698674097657e-05 4.986995554645545781e-05 2.412854519207030535e-05 3.723445115610957146e-05 6.493441469501703978e-05 6.602485518669709563e-05 5.041671829530969262e-05 1.032881391438422725e-05 4.970425288775004447e-05 6.698013294226257131e-06
2.396793587174348517e+01 4.177232040092349052e-05 6.407539331121370196e-05 5.773925659013912082e-05 4.971472662873566151e-05 2.405506893410347402e-05 3.711459066835232079e-05 6.472057430073618889e-05 6.583208596566691995e-05 5.025619248044677079e-05 1.029749910230748355e-05 4.955119948135688901e-05 6.677909368590917438e-06
2.404809619238476870e+01 4.163121775491163135e-05 6.388722977135330439e-05 5.757897088187746704e-05 4.955894473823718727e-05 2.398049218754749745e-05 3.700227898661978543e-05 6.452496745623648167e-05 6.562598719028756022e-05 5.012494875700213015e-05 1.026425070449477062e-05 4.940746657666750252e-05 6.656519872194621712e-06
2.412825651302605223e+01 4.150132008362561464e-05 6.369742186507210135e-05 5.739372863899916410e-05 4.941500446875579655e-05 2.390691952314227819e-05 3.688558717840351164e-05 6.434076203731819987e-05 6.543826020788401365e-05 4.996149436919949949e-05 1.023413642542436719e-05 4.925109897158108652e-05 6.636692887695971876e-06
2.420841683366733221e+01 4.139869997743517160e-05 6.350896728690713644e-05 5.721994239138439298e-05 4.927787449560128152e-05 2.383541504968889058e-05 3.679014116642065346e-05 6.415278039639815688e-05 6.523587944684550166e-05 4.982660175301134586e-05 1.020190120470942929e-05 4.910061034024693072e-05 6.616192422370659187e-06
2.428857715430861575e+01 4.125205668970011175e-05 6.330629548756405711e-05 5.704635623260401189e-05 4.911591895506717265e-05 2.376439624640624970e-05 3.667237251647748053e-05 6.395041418727487326e-05 6.502060568891465664e-05 4.966341293766163290e-05 1.017002978187520057e-05 4.896943937637843192e-05 6.595667400688398629e-06
2.436873747494989928e+01 4.114574039704166353e-05 6.312580080702900887e-05 5.687811790267005563e-05 4.897452890872955322e-05 2.369288813497405499e-05 3.656718399724923074e-05 6.376596138579770923e-05 6.483906327048316598e-05 4.951463415636681020e-05 1.013963901641545817e-05 4.882124994765035808e-05 6.575356110261054710e-06
2.444889779559118281e+01 4.101997910765931010e-05 6.294762715697288513e-05 5.671475810231640935e-05 4.883270594291388988e-05 2.362132363487035036e-05 3.644825119408778846e-05 6.357935490086674690e-05 6.465617479989305139e-05 4.938250276609323919e-05 1.010856067296117544e-05 4.867350799031555653e-05 6.556271273439051583e-06
2.452905811623246279e+01 4.090122456545941532e-05 6.274980114540085196e-05 5.653833795804530382e-05 4.869171243626624346e-05 2.354800017201341689e-05 3.634190579759888351e-05 6.338255479931831360e-05 6.445406324928626418e-05 4.921227082377299666e-05 1.007751870929496363e-05 4.851539415540173650e-05 6.535557986353524029e-06
2.460921843687374633e+01 4.077636185684241354e-05 6.257394124986603856e-05 5.637036156258545816e-05 4.853241989621892571e-05 2.347600457142107189e-05 3.623656448326073587e-05 6.320075772237032652e-05 6.427869084291160107e-05 4.908988557872362435e-05 1.004818113869987428e-05 4.837752931052818894e-05 6.515941549878334627e-06
2.468937875751502986e+01 4.065994653501547873e-05 6.238763307919725776e-05 5.620396404992789030e-05 4.840230758418329060e-05 2.341006984352134168e-05 3.612842192524112761e-05 6.301677058218047023e-05 6.408332410501316190e-05 4.893381992587819695e-05 1.001840428216382861e-05 4.823472045245580375e-05 6.496483365481253713e-06
2.476953907815631339e+01 4.052971780765801668e-05 6.219458009582012892e-05 5.603281533694826066e-05 4.824686766369268298e-05 2.334132113901432604e-05 3.602486685849726200e-05 6.282403774093836546e-05 6.388860492734238505e-05 4.878736581304110587e-05 9.987477824324741960e-06 4.808224548469297588e-05 6.477540409832727164e-06
2.484969939879759337e+01 4.041963256895542145e-05 6.201455107657238841e-05 5.588414205703884363e-05 4.809967504115775228e-05 2.327488255104981363e-05 3.591318090911954641e-05 6.263847171794623137e-05 6.369545008055865765e-05 4.864938091486692429e-05 9.959037925000302494e-06 4.794689084519632161e-05 6.457149993366328999e-06
2.492985971943887691e+01 4.031450225738808513e-05 6.184380617924034595e-05 5.571550718741491437e-05 4.796958091901615262e-05 2.320101884834002703e-05 3.580845805117860436e-05 6.246071279747411609e-05 6.351833144435659051e-05 4.851567064179107547e-05 9.928977306117303669e-06 4.782176984008401632e-05 6.438505806727334857e-06
2.501002004008016044e+01 4.018771142000332475e-05 6.166002276586368680e-05 5.554807648877613246e-05 4.784065095009282231e-05 2.313425102329347283e-05 3.569397085811942816e-05 6.227686390047892928e-05 6.332992052193731070e-05 4.836295556742697954e-05 9.898665666696615517e-06 4.767087011714465916e-05 6.419321834982838482e-06
2.509018036072144042e+01 4.006923336419276893e-05 6.147968815639615059e-05 5.538541518035344779e-05 4.769738006871193647e-05 2.306565147591754794e-05 3.559695323929190636e-05 6.209799903444945812e-05 6.313689664239063859e-05 4.822354094358161092e-05 9.869717359833884984e-06 4.754583642352372408e-05 6.399621270247735083e-06
2.517034068136272396e+01 3.996062878286466002e-05 6.131314148660749197e-05 5.522271749214269221e-05 4.755853660753928125e-05 2.299837433383800089e-05 3.549820394255220890e-05 6.193075387272983789e-05 6.297261279541999102e-05 4.809522215509787202e-05 9.840451639320235699e-06 4.739969881484284997e-05 6.381325420079519972e-06
2.525050100200400749e+01 3.983351052738726139e-05 6.112808478064835072e-05 5.505717854248359799e-05 4.741402881336398423e-05 2.293137731612659991e-05 3.539493263815529644e-05 6.174346344778314233e-05 6.278900400502607226e-05 4.793006883119232953e-05 9.811898053158074617e-06 4.727113264380022883e-05 6.361832674883771688e-06
2.533066132264529102e+01 3.972861304646357894e-05 6.095074058976024389e-05 5.490726834977976978e-05 4.726658153231255710e-05 2.286717244714964181e-05 3.528418892528861761e-05 6.156344170449301600e-05 6.259929796215146780e-05 4.781037205248139799e-05 9.782896086107939482e-06 4.712233567261137068e-05 6.342871074593858793e-06
2.541082164328657100e+01 3.959373498219065368e-05 6.077879152144305408e-05 5.475416764966212213e-05 4.714562237495556474e-05 2.280021362821571529e-05 3.518127050483599305e-05 6.138574099168181419e-05 6.241670780582353473e-05 4.767455538967624307e-05 9.753292033565230668e-06 4.699366763816215098e-05 6.324954938463633880e-06
2.549098196392785454e+01 3.949632809963077307e-05 6.061352542019449174e-05 5.460284592118114233e-05 4.700174031313508749e-05 2.273427344334777445e-05 3.508922964101657271e-05 6.121392652858048677e-05 6.225578545127063990e-05 4.753183020511642098e-05 9.726280040922574699e-06 4.687108230427838862e-05 6.306325303739868104e-06
2.557114228456913807e+01 3.938578083761967719e-05 6.044275869498960674e-05 5.444311682367697358e-05 4.688181070378050208e-05 2.266631963721010834e-05 3.497977377264760435e-05 6.104155909270048141e-05 6.208094418980181217e-05 4.738695133710280061e-05 9.699084330350160599e-06 4.672911018133163452e-05 6.287523774517467245e-06
2.565130260521041805e+01 3.926075078197754920e-05 6.026605842635035515e-05 5.429327575257048011e-05 4.673548755818046629e-05 2.260533619846682996e-05 3.488848960842005908e-05 6.086775101721286774e-05 6.189710256876423955e-05 4.725644248537719250e-05 9.670286999607924372e-06 4.659103797166608274e-05 6.270122867135796696e-06
2.573146292585170158e+01 3.914687113137915730e-05 6.009347998769953847e-05 5.413150574895553291e-05 4.660734339267946780e-05 2.253574530186597258e-05 3.478948201518505812e-05 6.068993025110103190e-05 6.171644054120406508e-05 4.713159432867541909e-05 9.642595614423044026e-06 4.646320303436368704e-05 6.251988452277146280e-06
2.581162324649298512e+01 3.903946708305738866e-05 5.993504601065069437e-05 5.398463326855562627e-05 4.647326568374410272e-05 2.247211341455113143e-05 3.468949580565094948e-05 6.052687240298837423e-05 6.155563460197299719e-05 4.701106081483885646e-05 9.614332157070748508e-06 4.632917989511042833e-05 6.234311058506136760e-06
2.589178356713426865e+01 3.894378824043087661e-05 5.976153624942526221e-05 5.383246025303378701e-05 4.634871584130451083e-05 2.241159018012695014e-05 3.458155333646573126e-05 6.035649130353704095e-05 6.137362652225419879e-05 4.686205647885799408e-05 9.586946362105663866e-06 4.618986713467165828e-05 6.215813300514128059e-06
2.597194388777554863e+01 3.880994700011797249e-05 5.958496694802306592e-05 5.367405901779420674e-05 4.621912376023828983e-05 2.234756175312213600e-05 3.449929863563738763e-05 6.017551277182064950e-05 6.119380122981965542e-05 4.672764043789356947e-05 9.559248610457871109e-06 4.607134906109422445e-05 6.198474693519528955e-06
2.605210420841683217e+01 3.871162334689870477e-05 5.942281131865456700e-05 5.352822336135432124e-05 4.608571907738223672e-05 2.228031735285185277e-05 3.440050932113081217e-05 6.001304063829593360e-05 6.101786857470870018e-05 4.660667400457896292e-05 9.532683179713785648e-06 4.594174606609158218e-05 6.179664069350110367e-06
2.613226452905811570e+01 3.861056393361650407e-05 5.926291851210407913e-05 5.338797927834093571e-05 4.595533027895726264e-05 2.222560760856140405e-05 3.430527431191876531e-05 5.985592360957525671e-05 6.086061694077216089e-05 4.646262823371216655e-05 9.506736205366905779e-06 4.581224493449553847e-05 6.163225407362915576e-06
2.621242484969939923e+01 3.849816494039259851e-05 5.910201798542402685e-05 5.323779259924776852e-05 4.582876135827973485e-05 2.215902532043401152e-05 3.419327549636363983e-05 5.968070763628929853e-05 6.069739174563437700e-05 4.634477954823523760e-05 9.478609172219876200e-06 4.568563235807232559e-05 6.145646693767048419e-06
2.629258517034067921e+01 3.839191049337387085e-05 5.893396155443042517e-05 5.306919774739071727e-05 4.570166856865398586e-05 2.210025013482663780e-05 3.411100624362006783e-05 5.952309220447205007e-05 6.052594835637137294e-05 4.622494088835082948e-05 9.451665391679853201e-06 4.554968472803011537e-05 6.127341293904464692e-06
2.637274549098196275e+01 3.827318141702562571e-05 5.877453440916724503e-05 5.293803042150102556e-05 4.558301588986068964e-05 2.203532676503527910e-05 3.401245339773595333e-05 5.934970249654725194e-05 6.036524064256809652e-05 4.608180825016461313e-05 9.425219104741699994e-06 4.542653186945244670e-05 6.110674803494475782e-06
2.645290581162324628e+01 3.819085395662114024e-05 5.861536192242056131e-05 5.279480319586582482e-05 4.545964111457578838e-05 2.197440517193172127e-05 3.392123471712693572e-05 5.918968599871732295e-05 6.019611828378401697e-05 4.595226346282288432e-05 9.398784641234669834e-06 4.530945443548262119e-05 6.093309821153525263e-06
2.653306613226452626e+01 3.808824840234592557e-05 5.845072519150562584e-05 5.264813808025792241e-05 4.532319871941581368e-05 2.191474050050601363e-05 3.382296927156858146e-05 5.903089549974538386e-05 6.002276859362609684e-05 4.583090048981830478e-05 9.372246495331637561e-06 4.517208435572683811e-05 6.076249519537668675e-06
2.661322645290580979e+01 3.797374665737152100e-05 5.829732617712579668e-05 5.250093454378657043e-05 4.520949005382135510e-05 2.185127777920570225e-05 3.373534855199977756e-05 5.886326835025101900e-05 5.987081749481149018e-05 4.571710087475366890e-05 9.345862963527906686e-06 4.505849938141182065e-05 6.059283350623445585e-06
2.669338677354709333e+01 3.786580418818630278e-05 5.813643656438216567e-05 5.235923526925034821e-05 4.508196798269636929e-05 2.179489820264279842e-05 3.363646465004421771e-05 5.871262328582815826e-05 5.970091660856269300e-05 4.557701686280779541e-05 9.320655408373568207e-06 4.493534288485534489e-05 6.042923359927954152e-06
2.677354709418837686e+01 3.776198354898951948e-05 5.797603080281987786e-05 5.221617175266146660e-05 4.494863242143765092e-05 2.173167922592256218e-05 3.355124863446690142e-05 5.855069684912450612e-05 5.953228901489637792e-05 4.545903357211500406e-05 9.294346455135382712e-06 4.481312498683109879e-05 6.025618858984671533e-06
2.685370741482965684e+01 3.765988367376849055e-05 5.782190055469982326e-05 5.208015863900072873e-05 4.483372686081565917e-05 2.166980084439273924e-05 3.345495133544318378e-05 5.838142169523052871e-05 5.937914102105423808e-05 4.533192986855283380e-05 9.268969733966514468e-06 4.469685882213525474e-05 6.009166099829599261e-06
2.693386773547094037e+01 3.755848956643603742e-05 5.766731919720768929e-05 5.194023833610117435e-05 4.471208012546412647e-05 2.161526936106383801e-05 3.336402005515992641e-05 5.823445826536044478e-05 5.921063348068855703e-05 4.521686423686333001e-05 9.243536624126136303e-06 4.457954128156416118e-05 5.992655587760964409e-06
2.701402805611222391e+01 3.746515722014009953e-05 5.751890785177238286e-05 5.179945947020314634e-05 4.459502088138833642e-05 2.155729816877283156e-05 3.328139791847206652e-05 5.808110290672630072e-05 5.906760998186655343e-05 4.509336213232018054e-05 9.217392289428971708e-06 4.444908336154185236e-05 5.975477961328579113e-06
2.709418837675350744e+01 3.735174686880782247e-05 5.736214006901718676e-05 5.166275514056906104e-05 4.447003448149189353e-05 2.149661486328113824e-05 3.318454400869086385e-05 5.792760202893987298e-05 5.890285683562979102e-05 4.496749534155242145e-05 9.193076039082370698e-06 4.432071000337600708e-05 5.959230293228756636e-06
2.717434869739478742e+01 3.725409260368905962e-05 5.720943954656831920e-05 5.152483936399221420e-05 4.435597293195314705e-05 2.144129393855109811e-05 3.310255124233663082e-05 5.777434125775471330e-05 5.874286944163031876e-05 4.484916644287295640e-05 9.167441021418198943e-06 4.420568075147457421e-05 5.942908501310739666e-06
2.725450901803607096e+01 3.715251659741625190e-05 5.704759314539842308e-05 5.138156484463252127e-05 4.422596248332411051e-05 2.138179115718230605e-05 3.301043761894106865e-05 5.760725980508141220e-05 5.857839641976170242e-05 4.473404624150134623e-05 9.143447641690727323e-06 4.408670793054625392e-05 5.926850917603587732e-06
2.733466933867735449e+01 3.705931158037856221e-05 5.689929457730613649e-05 5.124376548337750137e-05 4.410954352351836860e-05 2.132613553840201348e-05 3.291236134828068316e-05 5.744969530496746302e-05 5.843255348736420274e-05 4.461130811250768602e-05 9.116994988289661705e-06 4.396993608679622412e-05 5.910673735343152657e-06
2.741482965931863447e+01 3.694363840622827411e-05 5.675511783920228481e-05 5.110857819090597332e-05 4.400244870339520276e-05 2.126433719240594655e-05 3.283765181549824774e-05 5.730901466449722648e-05 5.828629582538269460e-05 4.447771061677485704e-05 9.094208508031442761e-06 4.385390275274403393e-05 5.894248261029133573e-06
2.749498997995991800e+01 3.684852708829566836e-05 5.660232636728323996e-05 5.096577660879120231e-05 4.387644730741158128e-05 2.120799399563111365e-05 3.274752816651016474e-05 5.715896622859872878e-05 5.812221934320405126e-05 4.437522147782146931e-05 9.068997314898297191e-06 4.374367199488915503e-05 5.878698175365570933e-06
2.757515030060120154e+01 3.676379856187850237e-05 5.645620331051759422e-05 5.083500582259148359e-05 4.376470315037295222e-05 2.115206370945088565e-05 3.266779458499513566e-05 5.700594920199364424e-05 5.797397170681506395e-05 4.425963561516255140e-05 9.043847057910170406e-06 4.362722756923176348e-05 5.862842499482212588e-06
2.765531062124248507e+01 3.666922202683053911e-05 5.630166560877114534e-05 5.069780308986082673e-05 4.363854532130062580e-05 2.109710840159095824e-05 3.257055141148157418e-05 5.685431096935644746e-05 5.781617437605746090e-05 4.412800990394316614e-05 9.020038305607158691e-06 4.351101233623921871e-05 5.846906333317747340e-06
2.773547094188376505e+01 3.656449916888959706e-05 5.615428744931705296e-05 5.056993904872797430e-05 4.353766053100116551e-05 2.104303530359175056e-05 3.248763459851033986e-05 5.670324026141315699e-05 5.765435707871802151e-05 4.403002822073176503e-05 8.995145435619633645e-06 4.339324368629604578e-05 5.831403996126027778e-06
2.781563126252504858e+01 3.646842014859430492e-05 5.601573138847015798e-05 5.045452053309418261e-05 4.342495594755746424e-05 2.098197728628292680e-05 3.240335354348644614e-05 5.656017674482427537e-05 5.750270429416559637e-05 4.391428956296294928e-05 8.971559509518556297e-06 4.328466820879839361e-05 5.815653366880724207e-06
2.789579158316633212e+01 3.638078123913146555e-05 5.586021143244579434e-05 5.031421460444107652e-05 4.330844967626035213e-05 2.092666181852109730e-05 3.231293158023618162e-05 5.640440213028341532e-05 5.734963269787840545e-05 4.378511584945954382e-05 8.947071364673320204e-06 4.315438127378001809e-05 5.800498456665081903e-06
2.797595190380761565e+01 3.627784826676361263e-05 5.572230656980536878e-05 5.018483352614566684e-05 4.319448999012820423e-05 2.087864049826748669e-05 3.223026578780263662e-05 5.625651101581752300e-05 5.721628622268326581e-05 4.367805740912444890e-05 8.924198482418432832e-06 4.306620030547492206e-05 5.785178927908418700e-06
2.805611222444889563e+01 3.619732888182625175e-05 5.557603799388743937e-05 5.005511047784239054e-05 4.309195719542913139e-05 2.082034370687324554e-05 3.215909964637830853e-05 5.611179585685022175e-05 5.706131560145877302e-05 4.355892451712861657e-05 8.901647561287973076e-06 4.294722020858898759e-05 5.769504241470713168e-06
2.813627254509017916e+01 3.609102350310422480e-05 5.543856605072505772e-05 4.992472531739622355e-05 4.298106432543136179e-05 2.076525561278685927e-05 3.206086694262921810e-05 5.597267954726703465e-05 5.691452679457142949e-05 4.345337220001965761e-05 8.876869287632871419e-06 4.284307215129956603e-05 5.754162884841207415e-06
2.821643286573146270e+01 3.600192212616093457e-05 5.529369809664785862e-05 4.978537253919057548e-05 4.286746479920111597e-05 2.071321978291962296e-05 3.198189369868487120e-05 5.582922676694579422e-05 5.677271474269218743e-05 4.333881952334195375e-05 8.853500730765517801e-06 4.272841397323645651e-05 5.739146217820234597e-06
2.829659318637274268e+01 3.591225322452373803e-05 5.515023804036900401e-05 4.965744665241800249e-05 4.274724415154196322e-05 2.065906846837606281e-05 3.189882772858254611e-05 5.569016866502352059e-05 5.662780313286930323e-05 4.321690357755869627e-05 8.830581464280840009e-06 4.260947025613859296e-05 5.724474704038584605e-06
2.837675350701402621e+01 3.581645069061778486e-05 5.500989573192782700e-05 4.952861490892246366e-05 4.264008020982146263e-05 2.060000770143233240e-05 3.181788997608236969e-05 5.554118615691550076e-05 5.647884609061293304e-05 4.312529927119612694e-05 8.807016456557903439e-06 4.249791163601912558e-05 5.708838671125704423e-06
2.845691382765530975e+01 3.572816058294847608e-05 5.485974179464392364e-05 4.940516009810380638e-05 4.251615609973669052e-05 2.055391269095707685e-05 3.173588993377052248e-05 5.539566336665302515e-05 5.631845488096587360e-05 4.301321314414963126e-05 8.784319106780458242e-06 4.239226473146118224e-05 5.693750608770642430e-06
2.853707414829659328e+01 3.563696373021230102e-05 5.472344855661503971e-05 4.927533882437273860e-05 4.241001443006098270e-05 2.049888462352100760e-05 3.165907764923758805e-05 5.526095992536284029e-05 5.618295108433812857e-05 4.289768912713043392e-05 8.761837307247333229e-06 4.227595127304084599e-05 5.678876277670497075e-06
2.861723446893787326e+01 3.553332498995587230e-05 5.458857049234211445e-05 4.914473538519814610e-05 4.231705679558217525e-05 2.044266148004680872e-05 3.157489118166267872e-05 5.511175913852639496e-05 5.605018304777331650e-05 4.278741471352986991e-05 8.738337783142924309e-06 4.217978494125418365e-05 5.664083346346160397e-06
2.869739478957915679e+01 3.544123683241195977e-05 5.445032002171501517e-05 4.903692388324998319e-05 4.220811388222500682e-05 2.039261926256585866e-05 3.149219628539867699e-05 5.497522943187505007e-05 5.590204818872734904e-05 4.267132317181676626e-05 8.716821866983082145e-06 4.206462108413688838e-05 5.649792001349851489e-06
2.877755511022044033e+01 3.535660653142258525e-05 5.431487807072699070e-05 4.889677802566438913e-05 4.208837708574719727e-05 2.033517375821247697e-05 3.141081833746284246e-05 5.484290522872470319e-05 5.576031981036067009e-05 4.257620457792654634e-05 8.693328709341585636e-06 4.196645386400632560e-05 5.634865374304354191e-06
2.885771543086172386e+01 3.526850923663005233e-05 5.418292494141496718e-05 4.877950777881778777e-05 4.198951501166447997e-05 2.029093047895003110e-05 3.133258360321633518e-05 5.470114047056995332e-05 5.563618833548389375e-05 4.247173637850210071e-05 8.671899195178411901e-06 4.185661964584141970e-05 5.620653610094450414e-06
2.893787575150300384e+01 3.518861922202631831e-05 5.404540934250690043e-05 4.865276787313632667e-05 4.188908496871590614e-05 2.023452179855667055e-05 3.124444265267811716e-05 5.456573489936999977e-05 5.548523040488362312e-05 4.235310916556045413e-05 8.649137271277140826e-06 4.175610592938028276e-05 5.605386832030490041e-06
2.901803607214428737e+01 3.509297675918787718e-05 5.390388469095341861e-05 4.852908750763162971e-05 4.178690141998231411e-05 2.018500890699215233e-05 3.117785672657191753e-05 5.442266410682350397e-05 5.534006413654424250e-05 4.224754229653626680e-05 8.626647286291699857e-06 4.164782149018719792e-05 5.591516128333751112e-06
2.909819639278557091e+01 3.501305036479607224e-05 5.376760236686095595e-05 4.840208202949725091e-05 4.167368024354800582e-05 2.013529228861443698e-05 3.109486351604573429e-05 5.428483564173802733e-05 5.520644117495976388e-05 4.213833744870498776e-05 8.604775757703464478e-06 4.154325506533496082e-05 5.577806859946576878e-06
2.917835671342685089e+01 3.492563701001927257e-05 5.364369280869141221e-05 4.828525561606511474e-05 4.158090814598836005e-05 2.008508272410836071e-05 3.102147093159146607e-05 5.415778650785796344e-05 5.507871173904277384e-05 4.204520882922224700e-05 8.583399903727695346e-06 4.143634214415214956e-05 5.563367267313878983e-06
2.925851703406813442e+01 3.482758620521053672e-05 5.350937135517597198e-05 4.816815999220125377e-05 4.146476567257195711e-05 2.003293593588750809e-05 3.094434941885992885e-05 5.402305396273732185e-05 5.494205106515437365e-05 4.193248605588451028e-05 8.561189133615698665e-06 4.133313632337376475e-05 5.549203706323169172e-06
2.933867735470941795e+01 3.473438118817284703e-05 5.337121910997666419e-05 4.804571290151216090e-05 4.136109419050626457e-05 1.998084553633816540e-05 3.086239303229376674e-05 5.388541467254981399e-05 5.479417814058251679e-05 4.183151395409367979e-05 8.539669579477049410e-06 4.122649261262267828e-05 5.535170657822163776e-06
2.941883767535070149e+01 3.464763722149655223e-05 5.323786535882391036e-05 4.792928666574880481e-05 4.125764098716899753e-05 1.992977013287600130e-05 3.078687586821615696e-05 5.374956526793539524e-05 5.465337744681164622e-05 4.172744957031682134e-05 8.517691640008706599e-06 4.112632450414821506e-05 5.521189450519159436e-06
2.949899799599198147e+01 3.455952901276759803e-05 5.310985579853877425e-05 4.781429015565663576e-05 4.116002310183830559e-05 1.988367512240074575e-05 3.070937236770987511e-05 5.361513103707693517e-05 5.452593904919922352e-05 4.161978722549974918e-05 8.496719601680524647e-06 4.103351602680049837e-05 5.507048626895993948e-06
2.957915831663326500e+01 3.448969800956547260e-05 5.298919859342277050e-05 4.770210944116115570e-05 4.105774132767692208e-05 1.983534275495912880e-05 3.063463736907579005e-05 5.349225466488860548e-05 5.440314998850226402e-05 4.152202382101677358e-05 8.475306458421982825e-06 4.093560346518643200e-05 5.493688604474300519e-06
2.965931863727454854e+01 3.438798012211918831e-05 5.285388033371418715e-05 4.757618080475367606e-05 4.095867916475981474e-05 1.978246473299805075e-05 3.054691478610038757e-05 5.336548201739788055e-05 5.425186827778816223e-05 4.142531906836666167e-05 8.454583621642086655e-06 4.082827217644080520e-05 5.479660103446803987e-06
2.973947895791583207e+01 3.430527431191876531e-05 5.272294583846814930e-05 4.746537524624727666e-05 4.085140608367510140e-05 1.973631879081949592e-05 3.048617691092658788e-05 5.322475044522434473e-05 5.412943937699310482e-05 4.131165769649669528e-05 8.433155926468316466e-06 4.073019590578041971e-05 5.465719368658028543e-06
2.981963927855711205e+01 3.422923327889293432e-05 5.259455065242946148e-05 4.734823960461653769e-05 4.075848119100555778e-05 1.968625838344451040e-05 3.040778028662316501e-05 5.309532207320444286e-05 5.399075598688796163e-05 4.121957317693158984e-05 8.413081559410784394e-06 4.063010055688209832e-05 5.451945071399677545e-06
2.989979959919839558e+01 3.414420280023477972e-05 5.245776992524042726e-05 4.722080484498292208e-05 4.065204120706766844e-05 1.964024158951360732e-05 3.033126085938420147e-05 5.296171002555638552e-05 5.384827454690821469e-05 4.113157774554565549e-05 8.391205483349040151e-06 4.051928044646047056e-05 5.437960680865217000e-06
2.997995991983967912e+01 3.405503593967296183e-05 5.233937190496362746e-05 4.711874134954996407e-05 4.055721001350320876e-05 1.959038854693062603e-05 3.025415571755729616e-05 5.284007784212008119e-05 5.372404120862483978e-05 4.101896047359332442e-05 8.370664545509498566e-06 4.043300941702909768e-05 5.424996288638794795e-06
3.006012024048095910e+01 3.397313048481009901e-05 5.221184619585983455e-05 4.700223144027404487e-05 4.045202513225376606e-05 1.954440813278779387e-05 3.018602728843688965e-05 5.271103509585373104e-05 5.359897113521583378e-05 4.092030576430261135e-05 8.349601557711139321e-06 4.032791912322863936e-05 5.411241090769181028e-06
3.014028056112224263e+01 3.390073106857016683e-05 5.208736911299638450e-05 4.688279659603722394e-05 4.036089376313611865e-05 1.949511533894110471e-05 3.010154068761039525e-05 5.258180681266821921e-05 5.347348269424401224e-05 4.081172664882615209e-05 8.329273441631812602e-06 4.023618384962901473e-05 5.397510449256515130e-06
3.022044088176352616e+01 3.381471469765529037e-05 5.196546408114954829e-05 4.678123150370083749e-05 4.026209353469312191e-05 1.944779978657606989e-05 3.003366873599588871e-05 5.245884312898851931e-05 5.334401066647842526e-05 4.071605872013606131e-05 8.308439646498300135e-06 4.013707803096622229e-05 5.384986252465751022e-06
3.030060120240480970e+01 3.374062725924886763e-05 5.183894609217531979e-05 4.666351742343977094e-05 4.016081584268249571e-05 1.940193396876566112e-05 2.996783587150275707e-05 5.233063347986899316e-05 5.321855496731586754e-05 4.061538129462860525e-05 8.288354365504346788e-06 4.004218862974084914e-05 5.370897270040586591e-06
3.038076152304608968e+01 3.365096927154809237e-05 5.171363227418623865e-05 4.655195152736268938e-05 4.006518065580166876e-05 1.935408727149479091e-05 2.989225322380661964e-05 5.220312596065923572e-05 5.308823165250942111e-05 4.052554140798747540e-05 8.270186299341730773e-06 3.994950384367257357e-05 5.358781891118269414e-06
3.046092184368737321e+01 3.356398519827052951e-05 5.159274223842658103e-05 4.643990541808307171e-05 3.998056490672752261e-05 1.930597500177100301e-05 2.982306250487454236e-05 5.208249422139488161e-05 5.296060407999902964e-05 4.042780346935614944e-05 8.248754056694451720e-06 3.984509748988784850e-05 5.345042154658585787e-06
3.054108216432865675e+01 3.349188409629277885e-05 5.146906914887949824e-05 4.632847776520065963e-05 3.988744720118120313e-05 1.926163531607016921e-05 2.975034112751018256e-05 5.195648918743245304e-05 5.283872087602503598e-05 4.031827120343223214e-05 8.228466867876704782e-06 3.974850915255956352e-05 5.332221917342394590e-06
3.062124248496994028e+01 3.341130286571569741e-05 5.134418461238965392e-05 4.622634878614917397e-05 3.978256063419394195e-05 1.921334842336364090e-05 2.967522232211194932e-05 5.183884786674752831e-05 5.269319444778375328e-05 4.022383291157893836e-05 8.207744940591510385e-06 3.965419455198571086e-05 5.318951025401474908e-06
3.070140280561122026e+01 3.332954656798392534e-05 5.122117363498546183e-05 4.610998803400434554e-05 3.967197335441596806e-05 1.916949622682295740e-05 2.960994788736570626e-05 5.171234442968852818e-05 5.257754310150630772e-05 4.013616126030683517e-05 8.188651918317191303e-06 3.956263390136882663e-05 5.306355433276621625e-06
3.078156312625250379e+01 3.324859426356852055e-05 5.110269194119609892e-05 4.600654574460349977e-05 3.958384695579297841e-05 1.912364677991718054e-05 2.953436887764837593e-05 5.158177737030200660e-05 5.246454747975803912e-05 4.003569483757019043e-05 8.168832209776155651e-06 3.946063588955439627e-05 5.293250069371424615e-06
3.086172344689378733e+01 3.316448419354856014e-05 5.098048859508708119e-05 4.589033778756856918e-05 3.948491576011292636e-05 1.907506884890608490e-05 2.947022039734292775e-05 5.145874820300377905e-05 5.234200943959876895e-05 3.994592043454758823e-05 8.149278983182739466e-06 3.936569191864691675e-05 5.280740424495888874e-06
3.094188376753506731e+01 3.309734529466368258e-05 5.086627788841724396e-05 4.578957305056974292e-05 3.940866372431628406e-05 1.902679468912538141e-05 2.939740625151898712e-05 5.133866216056048870e-05 5.221408355282619596e-05 3.985041985288262367e-05 8.129826710501220077e-06 3.928805745090357959e-05 5.268105269351508468e-06
3.102204408817635084e+01 3.300716343801468611e-05 5.074611544841900468e-05 4.567805081023834646e-05 3.931271930923685431e-05 1.898563277791254222e-05 2.933112409664317966e-05 5.121757931192405522e-05 5.209814116824418306e-05 3.976022344431839883e-05 8.109825103019829839e-06 3.918866786989383399e-05 5.256061285763280466e-06
3.110220440881763437e+01 3.293827103334479034e-05 5.062640411779284477e-05 4.556749991024844348e-05 3.920859307982027531e-05 1.894249908218625933e-05 2.925251465057954192e-05 5.110770143801346421e-05 5.196877827984280884e-05 3.966217627748847008e-05 8.089748916972894222e-06 3.909501538146287203e-05 5.242879524303134531e-06
3.118236472945891791e+01 3.286632272647693753e-05 5.050941399531438947e-05 4.545760384644381702e-05 3.913470573024824262e-05 1.889308441604953259e-05 2.918948121077846736e-05 5.098118708701804280e-05 5.185234476812183857e-05 3.956531509174965322e-05 8.072192940744571388e-06 3.900712545146234334e-05 5.230155238677980378e-06
3.126252505010019789e+01 3.277542418800294399e-05 5.038711969973519444e-05 4.535631524049676955e-05 3.903410834027454257e-05 1.885197525552939624e-05 2.912533273047301918e-05 5.087200406705960631e-05 5.170825170353055000e-05 3.948446465074084699e-05 8.051211807469371706e-06 3.891015512635931373e-05 5.217426405579317361e-06
3.134268537074148142e+01 3.270660818088799715e-05 5.027344377594999969e-05 4.525193799054250121e-05 3.894783731084316969e-05 1.880860872915945947e-05 2.905680594267323613e-05 5.074985165265388787e-05 5.160239015822298825e-05 3.938555892091244459e-05 8.032890036702156067e-06 3.881720112985931337e-05 5.205319666856667027e-06
3.142284569138276495e+01 3.262956306571140885e-05 5.015054921386763453e-05 4.513978637987747788e-05 3.885753176291473210e-05 1.876401620393153280e-05 2.898537422879599035e-05 5.063146818429231644e-05 5.147150659468024969e-05 3.929030572180636227e-05 8.014495506358798593e-06 3.872469460475258529e-05 5.192617209104355425e-06
3.150300601202404849e+01 3.254484545323066413e-05 5.003601472708396614e-05 4.503830859903246164e-05 3.876097616739571095e-05 1.871720996859949082e-05 2.892360316764097661e-05 5.050862819189205766e-05 5.135922401677817106e-05 3.919950904673896730e-05 7.994898624019697309e-06 3.863594247377477586e-05 5.180419520911527798e-06
3.158316633266532847e+01 3.248379653086885810e-05 4.992405956727452576e-05 4.493706001085229218e-05 3.868438579957000911e-05 1.867573519120924175e-05 2.885538742702919990e-05 5.039498864789493382e-05 5.124161543790251017e-05 3.910732266376726329e-05 7.976627784955780953e-06 3.854838723782449961e-05 5.168428742763353512e-06
3.166332665330661200e+01 3.240254955017007887e-05 4.981261008651927114e-05 4.483706652536056936e-05 3.858575291815213859e-05 1.863121178757864982e-05 2.878694976971019059e-05 5.028160012443549931e-05 5.112544386065565050e-05 3.902532262145541608e-05 7.958209607750177383e-06 3.846385152428410947e-05 5.156199677003314719e-06
3.174348697394789554e+01 3.232969902455806732e-05 4.969570727553218603e-05 4.472662476473487914e-05 3.850785651593469083e-05 1.859372059698216617e-05 2.871722244890406728e-05 5.016186332795768976e-05 5.101065471535548568e-05 3.892570384778082371e-05 7.939433089632075280e-06 3.838389602606184781e-05 5.144735496287466958e-06
3.182364729458917552e+01 3.225298860343173146e-05 4.958691715728491545e-05 4.463360528461635113e-05 3.841590296360664070e-05 1.854489710240159184e-05 2.865318128897342831e-05 5.005215643905103207e-05 5.089598198537714779e-05 3.883582758135162294e-05 7.921471478766761720e-06 3.828504486591555178e-05 5.132062597112962976e-06
3.190380761523045905e+01 3.217802805011160672e-05 4.947070556227117777e-05 4.452231223694980145e-05 3.831035064649768174e-05 1.850350781751330942e-05 2.858145853679161519e-05 4.993386755813844502e-05 5.078035246697254479e-05 3.875332549796439707e-05 7.902260222181212157e-06 3.820564234047196805e-05 5.119856268720468506e-06
3.198396793587174258e+01 3.211355578969232738e-05 4.936404002364724874e-05 4.442637509782798588e-05 3.824322266154922545e-05 1.845924998633563519e-05 2.852552825061138719e-05 4.981795427738688886e-05 5.067223537480458617e-05 3.866959377774037421e-05 7.883630132710095495e-06 3.811160786426626146e-05 5.108340701553970575e-06
3.206412825651302256e+01 3.203409141860902309e-05 4.924801760353147984e-05 4.432679634192027152e-05 3.816041862592101097e-05 1.842135316110216081e-05 2.845825110853184015e-05 4.971022281097248197e-05 5.054419307271018624e-05 3.857012052321806550e-05 7.865764018788468093e-06 3.803122672252357006e-05 5.096589575259713456e-06
3.214428857715430610e+01 3.196305260644294322e-05 4.913675002171657979e-05 4.422174242790788412e-05 3.806417225860059261e-05 1.837688978412188590e-05 2.839140324795152992e-05 4.959384023095481098e-05 5.044004137744195759e-05 3.848065171041525900e-05 7.847706910979468375e-06 3.793711584876291454e-05 5.084496933704940602e-06
3.222444889779558963e+01 3.188052141922526062e-05 4.902794171357527375e-05 4.412725320435129106e-05 3.797968747676350176e-05 1.833522765082307160e-05 2.832903555827215314e-05 4.948404239257797599e-05 5.032055196352303028e-05 3.840473073069006205e-05 7.829794412828050554e-06 3.785630906349979341e-05 5.072794920124579221e-06
3.230460921843687316e+01 3.181855936418287456e-05 4.891931894235312939e-05 4.402557897265069187e-05 3.789011680055409670e-05 1.829603206715546548e-05 2.826130730682052672e-05 4.937176345265470445e-05 5.021326796850189567e-05 3.831722278846427798e-05 7.810643182892818004e-06 3.777458914555609226e-05 5.061501724412664771e-06
3.238476953907815670e+01 3.174143057549372315e-05 4.880286724073812366e-05 4.392869959701783955e-05 3.780014230869710445e-05 1.825205981731414795e-05 2.819715155055746436e-05 4.925950634060427547e-05 5.008595690014772117e-05 3.822769213002175093e-05 7.793589247739873827e-06 3.768305396079085767e-05 5.049636456533335149e-06
3.246492985971944023e+01 3.168064358760602772e-05 4.870213160756975412e-05 4.383186387713067234e-05 3.771077172132208943e-05 1.820800753193907440e-05 2.813207174767740071e-05 4.914783130516298115e-05 4.998880467610433698e-05 3.815237505477853119e-05 7.776068741804920137e-06 3.760389881790615618e-05 5.037746177549706772e-06
3.254509018036071666e+01 3.159399057039991021e-05 4.859115142608061433e-05 4.372857438283972442e-05 3.763212953344918787e-05 1.816643271013163030e-05 2.807289638440124691e-05 4.903612352791242301e-05 4.987756256014108658e-05 3.806242966675199568e-05 7.757129424135200679e-06 3.751292024389840662e-05 5.026353392167948186e-06
3.262525050100200019e+01 3.152542922180145979e-05 4.847417949349619448e-05 4.363151310826651752e-05 3.754953286261297762e-05 1.812529808375984430e-05 2.801101618388202041e-05 4.892644938081502914e-05 4.974702460458502173e-05 3.796827877522446215e-05 7.740059118077624589e-06 3.742612534551881254e-05 5.015082024328876287e-06
3.270541082164328373e+01 3.146523522445932031e-05 4.837440792471170425e-05 4.353749318397603929e-05 3.747216032934375107e-05 1.808525848900899291e-05 2.794847023324109614e-05 4.882348730461671948e-05 4.964357140124775469e-05 3.788451431319117546e-05 7.722157533862628043e-06 3.735014252015389502e-05 5.003468686481937766e-06
3.278557114228456726e+01 3.138899410259909928e-05 4.826593431062065065e-05 4.344119224697351456e-05 3.737191582331433892e-05 1.804678322514519095e-05 2.788359233818482608e-05 4.871958299190737307e-05 4.953405004926025867e-05 3.779801409109495580e-05 7.705039934080559760e-06 3.726411523530259728e-05 4.992006324755493551e-06
3.286573146292585079e+01 3.132218989776447415e-05 4.816384171135723591e-05 4.335047924541868269e-05 3.729934906004928052e-05 1.800557765818666667e-05 2.781912735372316092e-05 4.860889384872280061e-05 4.942759187542833388e-05 3.772357376874424517e-05 7.688568985031452030e-06 3.718523657880723476e-05 4.981001893611392006e-06
3.294589178356713433e+01 3.124146314803510904e-05 4.805199569091200829e-05 4.324229666963219643e-05 3.721393659361638129e-05 1.796364267647732049e-05 2.776169822027441114e-05 4.849485412705689669e-05 4.932019146508537233e-05 3.763492713915184140e-05 7.671357707295101136e-06 3.710309101734310389e-05 4.969481324224034324e-06
3.302605210420841786e+01 3.117973028565756977e-05 4.794387132278643548e-05 4.314647958381101489e-05 3.712581383297219872e-05 1.792741204553749412e-05 2.769720049400348216e-05 4.839127723244018853e-05 4.920884020975790918e-05 3.754810313694179058e-05 7.654045475646853447e-06 3.701445530168712139e-05 4.958247700415086001e-06
3.310621242484970139e+01 3.112147533101961017e-05 4.784051634487695992e-05 4.305852053221315145e-05 3.704535265569575131e-05 1.788369809219148010e-05 2.763443262665532529e-05 4.828502642340026796e-05 4.909536437480710447e-05 3.746661968762055039e-05 7.636837835889309645e-06 3.693465987453237176e-05 4.947294655721634626e-06
3.318637274549097782e+01 3.104837742284871638e-05 4.773412365466356277e-05 4.295180406188592315e-05 3.696908606798388064e-05 1.784332380339037627e-05 2.757706897682510316e-05 4.818644447368569672e-05 4.898186307400465012e-05 3.738956002052873373e-05 7.619458301633130759e-06 3.684863622765988111e-05 4.936078767059370875e-06
3.326653306613226135e+01 3.097804074059240520e-05 4.763485412695445120e-05 4.286023249733261764e-05 3.689104050863534212e-05 1.780482307367492467e-05 2.751071588136255741e-05 4.807449295185506344e-05 4.888750481768511236e-05 3.730902608367614448e-05 7.602038294862722978e-06 3.677453059935942292e-05 4.924925178784178570e-06
3.334669338677354489e+01 3.090789687121286988e-05 4.752649692818522453e-05 4.277452535461634398e-05 3.680136796901933849e-05 1.776498174876905978e-05 2.746201244008261710e-05 4.796198481926694512e-05 4.877620085608214140e-05 3.722444307641126215e-05 7.584760169265791774e-06 3.669364014058373868e-05 4.914171768177766353e-06
3.342685370741482842e+01 3.084129639319144189e-05 4.742596138385124505e-05 4.268548582331277430e-05 3.672248931252397597e-05 1.772572068148292601e-05 2.739212322921957821e-05 4.786210047313943505e-05 4.866858944296836853e-05 3.714954073075205088e-05 7.568921319034416229e-06 3.660598304122686386e-05 4.903068202111171558e-06
3.350701402805611195e+01 3.076902794418856502e-05 4.732429442810826004e-05 4.258505578036420047e-05 3.663898678496479988e-05 1.769022310327272862e-05 2.734005829552188516e-05 4.776424975716508925e-05 4.856992745772004128e-05 3.705984272528439760e-05 7.551710496045416221e-06 3.653553358162753284e-05 4.892232027486898005e-06
3.358717434869739549e+01 3.070638558710925281e-05 4.721880395663902164e-05 4.250557685736566782e-05 3.655581531347706914e-05 1.765233901096507907e-05 2.727685205172747374e-05 4.765301127918064594e-05 4.846087540499866009e-05 3.697116335388273001e-05 7.535208169429097325e-06 3.644894968601875007e-05 4.881224413111340255e-06
3.366733466933867902e+01 3.064334669033996761e-05 4.711860674433410168e-05 4.240326234139502048e-05 3.648734491434879601e-05 1.761247040121816099e-05 2.721926648519001901e-05 4.755091867991723120e-05 4.835843355976976454e-05 3.689646109705790877e-05 7.518030997744062915e-06 3.637356348917819560e-05 4.870710654358845204e-06
3.374749498997995545e+01 3.057466165046207607e-05 4.701301804743707180e-05 4.230963168083690107e-05 3.641365037765353918e-05 1.757503559929318726e-05 2.716418748605065048e-05 4.744705074699595571e-05 4.824424468097276986e-05 3.681899033836089075e-05 7.501945219701156020e-06 3.629774801083840430e-05 4.860052285948768258e-06
3.382765531062123898e+01 3.050226041523274034e-05 4.691773210652172565e-05 4.221338895149528980e-05 3.632520747487433255e-05 1.752945718180853873e-05 2.709107866394333541e-05 4.734891626867465675e-05 4.815015563508495688e-05 3.673765604617074132e-05 7.484322850359603763e-06 3.621635187300853431e-05 4.849121523875510320e-06
3.390781563126252252e+01 3.043008655367884785e-05 4.681096470449119806e-05 4.211535633658058941e-05 3.625208046287298203e-05 1.749715374899096787e-05 2.704131293285172433e-05 4.724688551505096257e-05 4.804237323696725070e-05 3.665883923531509936e-05 7.468031981261447072e-06 3.613059379858896136e-05 4.838575478061102331e-06
3.398797595190380605e+01 3.037606984435115010e-05 4.672077920986339450e-05 4.203763091936707497e-05 3.618358823587186635e-05 1.745810004649683833e-05 2.697936179174575955e-05 4.714287570095621049e-05 4.795091808773577213e-05 3.657485649455338717e-05 7.451690180459991097e-06 3.606924292398616672e-05 4.827891189052024856e-06
3.406813627254508958e+01 3.030038533324841410e-05 4.662191349780187011e-05 4.194700886728242040e-05 3.610124986153095961e-05 1.742128006299026310e-05 2.691609188332222402e-05 4.705035462393425405e-05 4.784475822816602886e-05 3.650140206445939839e-05 7.436809937644284219e-06 3.599073170335032046e-05 4.817105946131050587e-06
3.414829659318637312e+01 3.025464684469625354e-05 4.652037387131713331e-05 4.186256410321220756e-05 3.601991920731961727e-05 1.737838647386524826e-05 2.686485640879254788e-05 4.694650488090701401e-05 4.773656110046431422e-05 3.641809598775580525e-05 7.420281690428964794e-06 3.591119093471206725e-05 4.806996457773493603e-06
3.422845691382765665e+01 3.018432835233397782e-05 4.642230123863555491e-05 4.177682058070786297e-05 3.594771260395646095e-05 1.734702345856931061e-05 2.680418037925846875e-05 4.684543091570958495e-05 4.763124525197781622e-05 3.635428220150060952e-05 7.402958090096944943e-06 3.583404759410768747e-05 4.796171651832992211e-06
3.430861723446893308e+01 3.011960143339820206e-05 4.632264244719408453e-05 4.167816950939595699e-05 3.586706952773965895e-05 1.730804251565132290e-05 2.675238647498190403e-05 4.674430965678766370e-05 4.753713074023835361e-05 3.627756814239546657e-05 7.388034191535552964e-06 3.575740629457868636e-05 4.785858891409588978e-06
3.438877755511021661e+01 3.005214784934651107e-05 4.622355845640413463e-05 4.158903902862221003e-05 3.578790710889734328e-05 1.727229209791403264e-05 2.669260356924496591e-05 4.664398511522449553e-05 4.744071702589280903e-05 3.618994014686904848e-05 7.371804258582415059e-06 3.567797466530464590e-05 4.775341039930935949e-06
3.446893787575150014e+01 2.999110802193172276e-05 4.612337943399325013e-05 4.150206950725987554e-05 3.572100831661373377e-05 1.723688183119520545e-05 2.663762461452279240e-05 4.653952419175766408e-05 4.733149035018868744e-05 3.612263390095904469e-05 7.355989055213285610e-06 3.560825643944554031e-05 4.765250650962116197e-06
3.454909819639278368e+01 2.992208646901417524e-05 4.602754415827803314e-05 4.141327008255757391e-05 3.563431164366193116e-05 1.719626197882462293e-05 2.657976801856420934e-05 4.645190711016766727e-05 4.723368328996002674e-05 3.603311051847413182e-05 7.340655884036095813e-06 3.552590715116821229e-05 4.754827841679798439e-06
3.462925851703406721e+01 2.987427069456316531e-05 4.593007179209962487e-05 4.131902824155986309e-05 3.556034425855614245e-05 1.715596772555727512e-05 2.651695467648096383e-05 4.635158984456211329e-05 4.713285306934267282e-05 3.596232272684574127e-05 7.324956641241442412e-06 3.544924766174517572e-05 4.744975285575492308e-06
3.470941883767535074e+01 2.980185308842919767e-05 4.583327972795814276e-05 4.124497718294151127e-05 3.549010943970642984e-05 1.712647645035758615e-05 2.646793836902361363e-05 4.624795838026329875e-05 4.703155718743801117e-05 3.588790787034668028e-05 7.308683962037321180e-06 3.538231248967349529e-05 4.734818503493443131e-06
3.478957915831663428e+01 2.973734808620065451e-05 4.573890328174456954e-05 4.115802585147321224e-05 3.542103513609617949e-05 1.709173920971807092e-05 2.641198625497054309e-05 4.615992293111048639e-05 4.692448419518768787e-05 3.582109638955444098e-05 7.293122507689986378e-06 3.530734466039575636e-05 4.724246082332683727e-06
3.486973947895791781e+01 2.966987267427612096e-05 4.564430128084495664e-05 4.107814675080589950e-05 3.533840208547189832e-05 1.705209433566778898e-05 2.635597957123536617e-05 4.605513822752982378e-05 4.683400038629770279e-05 3.574386937543749809e-05 7.277032182173570618e-06 3.522864062688313425e-05 4.714129318017512560e-06
3.494989979959919424e+01 2.961794052680488676e-05 4.554790211841464043e-05 4.098799036000855267e-05 3.526272485032677650e-05 1.701554174360353500e-05 2.630287235660944134e-05 4.595782957039773464e-05 4.673985313274897635e-05 3.566286977729760110e-05 7.262860435730544850e-06 3.515715434332378209e-05 4.704257662524469197e-06
3.503006012024047777e+01 2.954704723379109055e-05 4.545446063275448978e-05 4.089455615030601621e-05 3.518465746310539544e-05 1.698101550573483109e-05 2.624742046464234591e-05 4.587165676639415324e-05 4.663975778385065496e-05 3.559097967809066176e-05 7.246767381730023772e-06 3.509291127556934953e-05 4.694174094765912741e-06
3.511022044088176131e+01 2.949074405478313565e-05 4.535984044196084142e-05 4.080919825355522335e-05 3.511356771923601627e-05 1.694499042059760541e-05 2.619385668367613107e-05 4.577363506541587412e-05 4.654893200495280325e-05 3.550490509951487184e-05 7.231551990116713569e-06 3.501514947856776416e-05 4.684000941779231653e-06
3.519038076152304484e+01 2.942854189313948154e-05 4.526884731603786349e-05 4.072599767823703587e-05 3.504177584545686841e-05 1.690965109446551651e-05 2.613955803099088371e-05 4.568114673020318151e-05 4.645575972972437739e-05 3.544103310559876263e-05 7.216285666800104082e-06 3.493549957056529820e-05 4.674553565564565361e-06
3.527054108216432837e+01 2.936739656433928758e-05 4.517366323852911592e-05 4.064692257088609040e-05 3.496276622172445059e-05 1.687434087216388434e-05 2.607823080325033516e-05 4.558492582873441279e-05 4.635291406884789467e-05 3.536996155162341893e-05 7.201421794889029115e-06 3.486547211650758982e-05 4.664921107178088278e-06
3.535070140280561191e+01 2.930363916675560176e-05 4.508404526859521866e-05 4.055875251651741564e-05 3.490253584459424019e-05 1.683979462541174144e-05 2.602389577077701688e-05 4.549169170786626637e-05 4.625969449989497662e-05 3.529909736244007945e-05 7.185205049609066918e-06 3.480030136415734887e-05 4.654699750972213224e-06
3.543086172344689544e+01 2.924119326053187251e-05 4.498911948758177459e-05 4.047880793223157525e-05 3.483612454147078097e-05 1.680483546806499362e-05 2.596940430521499366e-05 4.539193105301819742e-05 4.616881415131501853e-05 3.521500548231415451e-05 7.171676770667545497e-06 3.471835225354880095e-05 4.644806722353678197e-06
3.551102204408817187e+01 2.918093559856060892e-05 4.489647471928037703e-05 4.039038685732521117e-05 3.475625271676108241e-05 1.676939064054749906e-05 2.592014243418816477e-05 4.530072692432440817e-05 4.607245136867277324e-05 3.514740092214196920e-05 7.155854746088152751e-06 3.465302506810985506e-05 4.635058303392725065e-06
3.559118236472945540e+01 2.911941737693268806e-05 4.480876668822020292e-05 4.031285061500966549e-05 3.467947317403741181e-05 1.673371843935456127e-05 2.586781556601636112e-05 4.521293885773047805e-05 4.598040322889573872e-05 3.507688234094530344e-05 7.141469723137561232e-06 3.458596984273754060e-05 4.625242581823840737e-06
3.567134268537073893e+01 2.906512054323684424e-05 4.471503416425548494e-05 4.022559733130037785e-05 3.462134554865770042e-05 1.669925040914677083e-05 2.581035005277954042e-05 4.512265513767488301e-05 4.587957300827838480e-05 3.500419916235841811e-05 7.126481250452343374e-06 3.450505391811020672e-05 4.615883426595246419e-06
3.575150300601202247e+01 2.900348408729769289e-05 4.462295328266918659e-05 4.014863952761515975e-05 3.453844328760169446e-05 1.666652497078757733e-05 2.575799953774549067e-05 4.502323645283468068e-05 4.579180313157849014e-05 3.493256735964678228e-05 7.111470495146932080e-06 3.443392051849514246e-05 4.606147740560118109e-06
3.583166332665330600e+01 2.893883356591686606e-05 4.452907887753099203e-05 4.006510425824671984e-05 3.446914342930540442e-05 1.663349758018739522e-05 2.570724973338656127e-05 4.492926382226869464e-05 4.569430166156962514e-05 3.485955312498845160e-05 7.097107754816533998e-06 3.436601400608196855e-05 4.596274266077671200e-06
3.591182364729458953e+01 2.889212191803380847e-05 4.444275691639631987e-05 3.998624379164539278e-05 3.439942520344629884e-05 1.659847839619033039e-05 2.565525574027560651e-05 4.484442251850850880e-05 4.560184243018738925e-05 3.478231519693508744e-05 7.082320735207758844e-06 3.430258948355913162e-05 4.586352588376030326e-06
3.599198396793587307e+01 2.883635352191049606e-05 4.435651135281659663e-05 3.990670302300713956e-05 3.433908568695187569e-05 1.656359563639853150e-05 2.560248685767874122e-05 4.475487367017194629e-05 4.551108577288687229e-05 3.471809031907469034e-05 7.067659225867828354e-06 3.423373345867730677e-05 4.577682830131379887e-06
3.607214428857714950e+01 2.876911094062961638e-05 4.426095983944833279e-05 3.982868656748905778e-05 3.426378680160269141e-05 1.652995342737995088e-05 2.555280116212088615e-05 4.465702659217640758e-05 4.541132875601761043e-05 3.464803376118652523e-05 7.052341516100568697e-06 3.415889295865781605e-05 4.568027634377358481e-06
3.615230460921843303e+01 2.870804746635258198e-05 4.417084346641786397e-05 3.973918501287698746e-05 3.419040513108484447e-05 1.649425394134595990e-05 2.549766395532060415e-05 4.456908209249377251e-05 4.532077582553029060e-05 3.457766069914214313e-05 7.037701834633480757e-06 3.408609336474910378e-05 4.558244654617737979e-06
3.623246492985971656e+01 2.866055910999421030e-05 4.408608583617024124e-05 3.965952782891690731e-05 3.412421574466861784e-05 1.646258897380903363e-05 2.544880953792016953e-05 4.448271647561341524e-05 4.523782627074979246e-05 3.450291842455044389e-05 7.023179477982921526e-06 3.402130823815241456e-05 4.549359346128767356e-06
3.631262525050100010e+01 2.859097367036156356e-05 4.399375393404625356e-05 3.957652006647549570e-05 3.405808820389211178e-05 1.642849201743956655e-05 2.539719389460515231e-05 4.439253098098561168e-05 4.513677413342520595e-05 3.444118192419409752e-05 7.009060936979949474e-06 3.395026578800752759e-05 4.539932433544890955e-06
3.639278557114228363e+01 2.854438753274735063e-05 4.391211768961511552e-05 3.949885285692289472e-05 3.398580156499519944e-05 1.639756192162167281e-05 2.535049134166911244e-05 4.430566332302987576e-05 4.506498953560367227e-05 3.436431143200024962e-05 6.994757768552517518e-06 3.388230834389105439e-05 4.530162641458446160e-06
3.647294589178356716e+01 2.848453550541307777e-05 4.381704275147058070e-05 3.941595423384569585e-05 3.391334394109435380e-05 1.636150955164339393e-05 2.529053563193883747e-05 4.420732147991657257e-05 4.496363544603809714e-05 3.429974458413198590e-05 6.980523266975069419e-06 3.381197529961355031e-05 4.520901256910292432e-06
3.655310621242485070e+01 2.842716821760404855e-05 4.373213232611306012e-05 3.933878178941085935e-05 3.385762829566374421e-05 1.632763996894937009e-05 2.524051342334132642e-05 4.412350608617998660e-05 4.486828765948303044e-05 3.423432281124405563e-05 6.966943146835546941e-06 3.375063170096836984e-05 4.511972292675636709e-06
3.663326653306613423e+01 2.837657120835501701e-05 4.364379128674045205e-05 3.925940472981892526e-05 3.378009569132700562e-05 1.629873258934821934e-05 2.519520603527780622e-05 4.403497950988821685e-05 4.478193659451790154e-05 3.416700565139763057e-05 6.953481715754605830e-06 3.368825127836316824e-05 4.502845968090696260e-06
3.671342685370741066e+01 2.830300581990741193e-05 4.356476711109280586e-05 3.918504444300197065e-05 3.371155253262259066e-05 1.626638731977436692e-05 2.514004700060468167e-05 4.395895302877761424e-05 4.470299973036162555e-05 3.409402779652737081e-05 6.937465968803735450e-06 3.360854316269978881e-05 4.493400410865433514e-06
3.679358717434869419e+01 2.825155388563871384e-05 4.346613422967493534e-05 3.909516453859396279e-05 3.364814619999378920e-05 1.623081152501981705e-05 2.509355726942885667e-05 4.386431828606873751e-05 4.459331830730661750e-05 3.402289803489111364e-05 6.924371973582310602e-06 3.354907312314026058e-05 4.484341843635775149e-06
3.687374749498997772e+01 2.818817301886156201e-05 4.339166844147257507e-05 3.903209290001541376e-05 3.357970490469597280e-05 1.619948125153314322e-05 2.503864743630401790e-05 4.377455115900374949e-05 4.452812572708353400e-05 3.396434840396977961e-05 6.910656338732223958e-06 3.347939855302684009e-05 4.475736659514950588e-06
3.695390781563126126e+01 2.813518403854686767e-05 4.329955845605581999e-05 3.895084228133782744e-05 3.349971302668564022e-05 1.616540612303651869e-05 2.499460788385476917e-05 4.368422378320246935e-05 4.443336365511640906e-05 3.389575067558325827e-05 6.897566890984307975e-06 3.341697811265476048e-05 4.466803602554136887e-06
3.703406813627254479e+01 2.807819691952317953e-05 4.321083906688727438e-05 3.886924605467356741e-05 3.344314609421417117e-05 1.613770837138872594e-05 2.494364889571443200e-05 4.360539242043159902e-05 4.433668436831794679e-05 3.381816713954322040e-05 6.883162768644979224e-06 3.334671418997459114e-05 4.457819613890023902e-06
3.711422845691382832e+01 2.802132803481072187e-05 4.313176032155752182e-05 3.880432268488220870e-05 3.339308022987097502e-05 1.610275285202078521e-05 2.489108555892016739e-05 4.352010364527814090e-05 4.424773214850574732e-05 3.375317464815452695e-05 6.869162461953237653e-06 3.327809099573642015e-05 4.448307208804180846e-06
3.719438877755511186e+01 2.797609704430215061e-05 4.305323818698525429e-05 3.872620800393633544e-05 3.332166670588776469e-05 1.607041122042573988e-05 2.484365541022270918e-05 4.343626642366871238e-05 4.417158925207331777e-05 3.369361365912482142e-05 6.853908871562452987e-06 3.322079646750353277e-05 4.440089014678960666e-06
3.727454909819638829e+01 2.792531995510216802e-05 4.296704719308763742e-05 3.865418329951353371e-05 3.325591751490719616e-05 1.603546115802600980e-05 2.479887007211800665e-05 4.334758341428823769e-05 4.407771120895631611e-05 3.363005453138612211e-05 6.841044978500576690e-06 3.315569483675062656e-05 4.430504304764326662e-06
3.735470941883767182e+01 2.785581818898208439e-05 4.288243871997110546e-05 3.857431147480383515e-05 3.319087409181520343e-05 1.600785253685899079e-05 2.474691973475273699e-05 4.326189446146599948e-05 4.399703539093025029e-05 3.356385786901228130e-05 6.827625384175917134e-06 3.309093881398439407e-05 4.422057372721610591e-06
3.743486973947895535e+01 2.780793511192314327e-05 4.279888526070863008e-05 3.850212669931352139e-05 3.312215994810685515e-05 1.597712071088608354e-05 2.469851460773497820e-05 4.318114588386379182e-05 4.390968388179317117e-05 3.349364124005660415e-05 6.814140306232729927e-06 3.302145705674774945e-05 4.413008809933671728e-06
3.751503006012023889e+01 2.775944813038222492e-05 4.272016667528077960e-05 3.842227670247666538e-05 3.305929931229911745e-05 1.594107925484422594e-05 2.465192119416315109e-05 4.309767246013507247e-05 4.383027771837078035e-05 3.343858770676888525e-05 6.801518793508876115e-06 3.296255817986093462e-05 4.404309947858564556e-06
3.759519038076152242e+01 2.770015817077364773e-05 4.262989386916160583e-05 3.835034658550284803e-05 3.299750096630305052e-05 1.591372347320429981e-05 2.460677751514595002e-05 4.300812361179850996e-05 4.373691263026557863e-05 3.336312875035218894e-05 6.786758603993803263e-06 3.288845255156047642e-05 4.395581981953000650e-06
3.767535070140280595e+01 2.764616328931879252e-05 4.255257954355329275e-05 3.827960608759894967e-05 3.294175621704198420e-05 1.588238592376001179e-05 2.455014873703476042e-05 4.292666562832891941e-05 4.365207132650539279e-05 3.330346225993707776e-05 6.773943368898471817e-06 3.283596379333175719e-05 4.386888122098753229e-06
3.775551102204408949e+01 2.758137998171150684e-05 4.246993921697139740e-05 3.820254278252832592e-05 3.286607170593924820e-05 1.584799429110717028e-05 2.450759893690701574e-05 4.285312388674356043e-05 4.356872887001372874e-05 3.323103010188788176e-05 6.760235464753350243e-06 3.275911149103194475e-05 4.378282483230577782e-06
3.783567134268536591e+01 2.754773231572471559e-05 4.238378460286185145e-05 3.812302384176291525e-05 3.279709198977798223e-05 1.581752258061897010e-05 2.445429709041491151e-05 4.276167965144850314e-05 4.348454967839643359e-05 3.316486618132330477e-05 6.748055056959856302e-06 3.270161687396466732e-05 4.369343059806851670e-06
3.791583166332664945e+01 2.748095357674174011e-05 4.230175181874074042e-05 3.804620428127236664e-05 3.273837501183152199e-05 1.578822593728546053e-05 2.441759352223016322e-05 4.268292104825377464e-05 4.339713632361963391e-05 3.311019099783152342e-05 6.734373982908437029e-06 3.263753023929893970e-05 4.361021638032980263e-06
3.799599198396793298e+01 2.743774348346050829e-05 4.221938070259056985e-05 3.797700992436148226e-05 3.266950807301327586e-05 1.575944952492136508e-05 2.436706927255727351e-05 4.259106935933232307e-05 4.331659147283062339e-05 3.305107384221628308e-05 6.721425961586646736e-06 3.257735806982964277e-05 4.352312771516153589e-06
3.807615230460921651e+01 2.738099829002749175e-05 4.214626824250444770e-05 3.790825576288625598e-05 3.260890662204474211e-05 1.572692963236477226e-05 2.431481516396161169e-05 4.251729114912450314e-05 4.324382098275236785e-05 3.297752482467330992e-05 6.708113232889445499e-06 3.251593443565070629e-05 4.344044555182335898e-06
3.815631262525050005e+01 2.732666143856476992e-05 4.206083394819870591e-05 3.783566353376954794e-05 3.255043338867835701e-05 1.569607775309123099e-05 2.426862192805856466e-05 4.242915383656509221e-05 4.315158730605617166e-05 3.291823304607532918e-05 6.695554020552663133e-06 3.245632615289650857e-05 4.335907306085573509e-06
3.823647294589178358e+01 2.726644925132859498e-05 4.198654278297908604e-05 3.775823643081821501e-05 3.249129440519027412e-05 1.566733590152580291e-05 2.422810939606279135e-05 4.235746746417135000e-05 4.307782364776358008e-05 3.286039645900018513e-05 6.682222192466724664e-06 3.239491707063280046e-05 4.327125225245254114e-06
3.831663326653306711e+01 2.721976125030778348e-05 4.190580511931329966e-05 3.768532042158767581e-05 3.242347520426847041e-05 1.563467776577454060e-05 2.417965879430994391e-05 4.227627505315467715e-05 4.299020656617358327e-05 3.280588134657591581e-05 6.667854449915466830e-06 3.232896051486022770e-05 4.318722858442924917e-06
3.839679358717435065e+01 2.717284223763272166e-05 4.182761040283367038e-05 3.762347841984592378e-05 3.236002521589398384e-05 1.560637247166596353e-05 2.412951107544358820e-05 4.220264236209914088e-05 4.290484866942279041e-05 3.273244510637596250e-05 6.655758170381886885e-06 3.226603439543396235e-05 4.310296844778349623e-06
3.847695390781562708e+01 2.712678360694553703e-05 4.174810601398348808e-05 3.754309000214561820e-05 3.230060974601656199e-05 1.557654650241602212e-05 2.408867658232338727e-05 4.211688428767956793e-05 4.283363523427397013e-05 3.267415377194993198e-05 6.643467713729478419e-06 3.220323196728713810e-05 4.301951776142232120e-06
3.855711422845691061e+01 2.706515260797459632e-05 4.166888538748025894e-05 3.747212394955568016e-05 3.223232488380745053e-05 1.554674599901773036e-05 2.403374310233630240e-05 4.203823118587024510e-05 4.275005267118103802e-05 3.260931043769232929e-05 6.630227289861068130e-06 3.214649768779054284e-05 4.293361143936635926e-06
3.863727454909819414e+01 2.701177436392754316e-05 4.158920637564733624e-05 3.741456384886987507e-05 3.218220444978214800e-05 1.551836430735420436e-05 2.399710137979127467e-05 4.195877045276574790e-05 4.265760799171403050e-05 3.254568582633510232e-05 6.617366125283297151e-06 3.208460111636668444e-05 4.285229351808084175e-06
3.871743486973947768e+01 2.696760748222004622e-05 4.151125176576897502e-05 3.733372432179749012e-05 3.211952935089357197e-05 1.548830550746060908e-05 2.395075534877832979e-05 4.188097591395489872e-05 4.258489570929668844e-05 3.248243228881619871e-05 6.605461749131791294e-06 3.202404332114383578e-05 4.277153038856340572e-06
3.879759519038076121e+01 2.691555164346937090e-05 4.143755359109491110e-05 3.726507566170766950e-05 3.206270048394799232e-05 1.545719896967057139e-05 2.390450026723556221e-05 4.179997631581500173e-05 4.251412974554114044e-05 3.242174352635629475e-05 6.591762030438985676e-06 3.195796307409182191e-05 4.268620159564306960e-06
3.887775551102204474e+01 2.686254993022885174e-05 4.135558629059232771e-05 3.719793312484398484e-05 3.199897764716297388e-05 1.543083817523438483e-05 2.386063533776905388e-05 4.172398621449247003e-05 4.242251816322095692e-05 3.235844997107051313e-05 6.579923137906007469e-06 3.190193092450499535e-05 4.260490186425158754e-06
3.895791583166332828e+01 2.682023659872356802e-05 4.127458669245243073e-05 3.711958197527565062e-05 3.193684824509546161e-05 1.539992081234231591e-05 2.381385274929925799e-05 4.163602352491579950e-05 4.234701191307976842e-05 3.230214861105196178e-05 6.567548098246334121e-06 3.183832086506299675e-05 4.252667622495209798e-06
3.903807615230460470e+01 2.676524854905437678e-05 4.120194353163242340e-05 3.705312701640650630e-05 3.187611218891106546e-05 1.536907984700519592e-05 2.377210148551966995e-05 4.156299110036343336e-05 4.226994860800914466e-05 3.223927342332899570e-05 6.554533229063963518e-06 3.178613769705407321e-05 4.244301180733600631e-06
3.911823647294588824e+01 2.671998299774713814e-05 4.112253736821003258e-05 3.699140870594419539e-05 3.181585998390801251e-05 1.533959039079491049e-05 2.372010749240871519e-05 4.148438165429979563e-05 4.218095273245126009e-05 3.217416451661847532e-05 6.541643870150437579e-06 3.172100332449190319e-05 4.236286258674226701e-06
3.919839679358717177e+01 2.666588807187508792e-05 4.104812978766858578e-05 3.691951496875844896e-05 3.176022801198996603e-05 1.531515044916886836e-05 2.368279092479497194e-05 4.141018871450796723e-05 4.210905171930789948e-05 3.211132207070477307e-05 6.529838628921424970e-06 3.167085378663614392e-05 4.228205852996325120e-06
3.927855711422845530e+01 2.661075996002182364e-05 4.097456985618919134e-05 3.685004048747941852e-05 3.169837873429059982e-05 1.528503344161435962e-05 2.363105704716872424e-05 4.133191396249458194e-05 4.203807111480273306e-05 3.206263863830827177e-05 6.517507245007436723e-06 3.160061896778643131e-05 4.220410119160078466e-06
3.935871743486973884e+01 2.656431024661287665e-05 4.089572394150309265e-05 3.677607310237362981e-05 3.164114605169743299e-05 1.525753759779036045e-05 2.358913297939579934e-05 4.126102794543839991e-05 4.195132714812643826e-05 3.199403363396413624e-05 6.505435521830804646e-06 3.154951627948321402e-05 4.212215571897104383e-06
3.943887775551102237e+01 2.651293470989912748e-05 4.081669612787663937e-05 3.670008300105109811e-05 3.157977334922179580e-05 1.522907405160367489e-05 2.354658499825745821e-05 4.117816206417046487e-05 4.187346348771825433e-05 3.193861630279570818e-05 6.492327429441502318e-06 3.149330950691364706e-05 4.204101514915237203e-06
3.951903807615230590e+01 2.646079883561469615e-05 4.075086326338350773e-05 3.665338590508326888e-05 3.152434510411694646e-05 1.520156183687504381e-05 2.350687282159924507e-05 4.110848385607823730e-05 4.179949610261246562e-05 3.188499249517917633e-05 6.480976026068674400e-06 3.143836147501133382e-05 4.196150257484987378e-06
3.959919839679358233e+01 2.641012360982131213e-05 4.067323970957659185e-05 3.658671630546450615e-05 3.147117968183010817e-05 1.517221880931174383e-05 2.346237306483089924e-05 4.102518141735345125e-05 4.172203989583067596e-05 3.182198997819796205e-05 6.467559160228120163e-06 3.137244129902683198e-05 4.188573711871867999e-06
3.967935871743486587e+01 2.636402314237784594e-05 4.059486673213541508e-05 3.649667269201017916e-05 3.140512853860855103e-05 1.514290306658949703e-05 2.341931758564896882e-05 4.095313852303661406e-05 4.164901110925711691e-05 3.176141399308107793e-05 6.456176834035431966e-06 3.131914127152413130e-05 4.180767518846550956e-06
3.975951903807614940e+01 2.632610994623973966e-05 4.051789437653496861e-05 3.643532909336499870e-05 3.135222505079582334e-05 1.511447953816968948e-05 2.337415753572713584e-05 4.087322668056003749e-05 4.156338400207459927e-05 3.170403579133562744e-05 6.444544396799756214e-06 3.126035880995914340e-05 4.172594344709068537e-06
3.983967935871743293e+01 2.626933019200805575e-05 4.044442539452575147e-05 3.637325062300078571e-05 3.129083779640495777e-05 1.508711829956155270e-05 2.332941585336811841e-05 4.080133658135309815e-05 4.148228254052810371e-05 3.165406451444141567e-05 6.432405371015192941e-06 3.119987013633362949e-05 4.164635356573853642e-06
3.991983967935871647e+01 2.622169995447620749e-05 4.037286998936906457e-05 3.630930950748734176e-05 3.122898124274797738e-05 1.505950422142632306e-05 2.329117887711618096e-05 4.072266165167093277e-05 4.141793033340945840e-05 3.158808613079600036e-05 6.419425972126191482e-06 3.114454739261418581e-05 4.156933300691889599e-06
4.000000000000000000e+01 2.617850077513139695e-05 4.030427226098254323e-05 3.624630699050612748e-05 3.117729283985681832e-05 1.503371913713635877e-05 2.325138666492421180e-05 4.065475513925775886e-05 4.134535629418678582e-05 3.153246143483556807e-05 6.407657565432600677e-06 3.109112731181085110e-05 4.149285359744681045e-06
