# Omega RhoOverOmega_mean RhoOverOmega_error RhoOverOmega_sample_0 RhoOverOmega_sample_1 RhoOverOmega_sample_2 RhoOverOmega_sample_3 RhoOverOmega_sample_4 RhoOverOmega_sample_5 RhoOverOmega_sample_6 RhoOverOmega_sample_7 RhoOverOmega_sample_8 RhoOverOmega_sample_9
0.000000000000000000e+00 2.572414698079228401e-03 1.413444115314632654e-04 2.611882518976926804e-03 2.531922189518809319e-03 2.558850217610597610e-03 2.625540364533662796e-03 2.569138770923018456e-03 2.512814942747354507e-03 2.638582373037934303e-03 2.551084151491522789e-03 2.503267955034971237e-03 2.597659593448042870e-03
2.004008016032064049e-02 2.095808440572000109e-06 1.865350895968731493e-05 1.436233742424519733e-05 2.530771894271310885e-07 3.367364797668415122e-06 1.559313022880814970e-05 1.029033342092589010e-06 3.088644916715566069e-06 8.495390488860721234e-07 3.455122623563511297e-07 3.584044861781876534e-06 6.683923743366904091e-07
4.008016032064128098e-02 1.500714006397174671e-06 1.150492244050838053e-05 9.027611667988821864e-06 1.844599353262310615e-07 2.364015472267055884e-06 9.750277058628853410e-06 7.396581054308626335e-07 2.193253067162004299e-06 6.172135158521996345e-07 2.523900093365227804e-07 2.507736780898994766e-06 4.861076945417153183e-07
6.012024048096192147e-02 1.384837219120527152e-06 8.647191862110048532e-06 6.977821158216102049e-06 1.759878927032332285e-07 2.110828518198104575e-06 7.490856205549789593e-06 6.876832117086451035e-07 1.993870000660535879e-06 5.843766075486200862e-07 2.415833080249285558e-07 2.228705398010788485e-06 4.609178745340614114e-07
8.016032064128256196e-02 1.405616671945608687e-06 7.039708634692942724e-06 5.869102551514515653e-06 1.872838168992529972e-07 2.057635128949186765e-06 6.267647222557570785e-06 7.060923508106498048e-07 1.986539928111596964e-06 6.146881901258893777e-07 2.582479226020950591e-07 2.161268639611080289e-06 4.861257707489130553e-07
1.002004008016031955e-01 1.497467223998683039e-06 6.063346972950967029e-06 5.229496309766545892e-06 2.114163777378053055e-07 2.098138338624266908e-06 5.562279511650558561e-06 7.630812888237414882e-07 2.071480366794276051e-06 6.835587100795237347e-07 2.930403866230335552e-07 2.189284487030818127e-06 5.425535505310108420e-07
1.202404809619238429e-01 1.641042445044149645e-06 5.476758815348148346e-06 4.881489530816907063e-06 2.475817666436341824e-07 2.197580670326715335e-06 5.175669684831518680e-06 8.493989298585802317e-07 2.220088390458840877e-06 7.860227242417749949e-07 3.453024532973358873e-07 2.280017497469088994e-06 6.265680099204473663e-07
1.402805611222444904e-01 1.832472207752289250e-06 5.155977760296082124e-06 4.737158178613753989e-06 2.972344361751311226e-07 2.348347152292262763e-06 5.011563189327716827e-06 9.643662224334548227e-07 2.422055331408046186e-06 9.239824407814012375e-07 4.174463299477793043e-07 2.422960960757336579e-06 7.402586561511270702e-07
1.603206412825651239e-01 2.074196572721120901e-06 5.030170541431289166e-06 4.750327207148075104e-06 3.631706704254611395e-07 2.551232000769232400e-06 5.016823251935420558e-06 1.110044195229420438e-06 2.680167881408124231e-06 1.102561782317934558e-06 5.138998631082358770e-07 2.618046892166603357e-06 8.883412192517425865e-07
1.803607214428857575e-01 2.371064510953146964e-06 5.059864179202122614e-06 4.900151452602585778e-06 4.496717167512542801e-07 2.807039891195017844e-06 5.166881237528286874e-06 1.291534204028721433e-06 3.002228822879260406e-06 1.329786073256400414e-06 6.415275493054650724e-07 2.869745685529778711e-06 1.078455852621118538e-06
2.004008016032063910e-01 2.734494273681775667e-06 5.219983904680702835e-06 5.176790182304102927e-06 5.625514063467562664e-07 3.129646074739866890e-06 5.452397090266458690e-06 1.515905182714050170e-06 3.393361112102866173e-06 1.617152747712680139e-06 8.091829499790037517e-07 3.185904915881110355e-06 1.320479896094184369e-06
2.204408817635270523e-01 3.180334488206426613e-06 5.499676717590773478e-06 5.583213805948616937e-06 7.095850378391332924e-07 3.532486061885720119e-06 5.875150236533954740e-06 1.792804255273949821e-06 3.872941306326538324e-06 1.979295120690949261e-06 1.029352347359235864e-06 3.580143584258621559e-06 1.628377276574610732e-06
2.404809619238476859e-01 3.726937393366824836e-06 5.897323262615827844e-06 6.133140232122968882e-06 9.009590371533704456e-07 4.027901013614609838e-06 6.447003670473350212e-06 2.135305066985893063e-06 4.462537162908120081e-06 2.434825546515639871e-06 1.317956161983602215e-06 4.071663170179817826e-06 2.019064822889049537e-06
2.605210420841683194e-01 4.397896191221661866e-06 6.415963980543892831e-06 6.846841188234975561e-06 1.150872321886708960e-06 4.642251496989047155e-06 7.192711109382798895e-06 2.560838765930384398e-06 5.183899247640511021e-06 3.009171223311568610e-06 1.696692379482556134e-06 4.677126526075880975e-06 2.516332415325450711e-06
2.805611222444889807e-01 5.225448603596305475e-06 7.065771569614298642e-06 7.758076208119746298e-06 1.477653540860046633e-06 5.403541308623971418e-06 8.140929821820463985e-06 3.090018026341567747e-06 6.070237304811598733e-06 3.733892526724957861e-06 2.194755325035657734e-06 5.429317297966917977e-06 3.149845497318892740e-06
3.006012024048095865e-01 6.253760147956199944e-06 7.866186933824792504e-06 8.909547432267572731e-06 1.906260195028153248e-06 6.350334388116607442e-06 9.339714779343921691e-06 3.753912096726708114e-06 7.173113317548995838e-06 4.651686595025239512e-06 2.850822966138366610e-06 6.366111847455613315e-06 3.960117737733526155e-06
3.206412825651302478e-01 7.540318620158359408e-06 8.842999704938847572e-06 1.036277353705372661e-05 2.470925892339437269e-06 7.534244559792568907e-06 1.084978066501207650e-05 4.590776825352804735e-06 8.547443030693102628e-06 5.820452770421979949e-06 3.716729224834125489e-06 7.536774319305550307e-06 5.001440968044335023e-06
3.406813627254509091e-01 9.159278306469786912e-06 1.003068064164835960e-05 1.219901969307102263e-05 3.218028950868756510e-06 9.023230632010381669e-06 1.275818704016273841e-05 5.653726475429721177e-06 1.026960762828821316e-05 7.315664333873428404e-06 4.864109541813377291e-06 9.009920177049934864e-06 6.345806013996480033e-06
3.607214428857715149e-01 1.121546392823802307e-05 1.148079718404915184e-05 1.453171717002987862e-05 4.211496616335352883e-06 1.090971090889070183e-05 1.517671898909611627e-05 7.012878540990641341e-06 1.245186012965859845e-05 9.239790415449533612e-06 6.390814178303116933e-06 1.087878081307280809e-05 8.092897587630432099e-06
3.807615230460921762e-01 1.385223004035651684e-05 1.326090205111540854e-05 1.751586933096405119e-05 5.542339295061537996e-06 1.331907151325140148e-05 1.826348307076841593e-05 8.768064617470372468e-06 1.523969331174157560e-05 1.173605051008053124e-05 8.435101335635408759e-06 1.326923393207835034e-05 1.038137997966259718e-05
4.008016032064127820e-01 1.726409027469344437e-05 1.546510611660778522e-05 2.136748116754461080e-05 7.338667273870669305e-06 1.643297400732990354e-05 2.224229137937072664e-05 1.105480714613804594e-05 1.883910772448871285e-05 1.500502912676893175e-05 1.118390173360239714e-05 1.635803164390381426e-05 1.340470407740212977e-05
4.208416833667334433e-01 2.174133987864479423e-05 1.823343882279004902e-05 2.640216735017020255e-05 9.786945156520232558e-06 2.050054717983584851e-05 2.742550168477464467e-05 1.407099989592097700e-05 2.354148637095931917e-05 1.933495695993769914e-05 1.492009778303327039e-05 2.039547871390823275e-05 1.744733526720665395e-05
4.408817635270541047e-01 2.769447928585577756e-05 2.175682675442658365e-05 3.306888538645580411e-05 1.316344878432573751e-05 2.588711322459857911e-05 3.427342380746267736e-05 1.810442699934355915e-05 2.978392330987844616e-05 2.514302104827947915e-05 2.005575879593379796e-05 2.575517464720178396e-05 2.292287354066502303e-05
4.609218436873747105e-01 3.575055961846373975e-05 2.633644908200949430e-05 4.205366712994873524e-05 1.789132329577114433e-05 3.314282730570994318e-05 4.347579306340776384e-05 2.358101301069837064e-05 3.820728306891396642e-05 3.306166763650253415e-05 2.721535020100418478e-05 3.298850060673430562e-05 3.045949779334478080e-05
4.809619238476953718e-01 4.688619083026424050e-05 3.243913306505419314e-05 5.441928806249052286e-05 2.463022974552586675e-05 4.312266537453979254e-05 5.609092477243393660e-05 3.116828520433045924e-05 4.981828897143714130e-05 4.407998130773194134e-05 3.737632869160734117e-05 4.296057522878982127e-05 4.104948675376363099e-05
5.010020040080159776e-01 6.269553705351427197e-05 4.083629028173163533e-05 7.190726319095119834e-05 3.446864866418763995e-05 5.719800901715643704e-05 7.386079960269853473e-05 4.194592838757671416e-05 6.626392132602632046e-05 5.980393689242191613e-05 5.217605576035566628e-05 5.706735100829973817e-05 5.633402906823903322e-05
5.210420841683366389e-01 8.595178223913535476e-05 5.291510024107992649e-05 9.752589539857581258e-05 4.929371789330616593e-05 7.771886157570406795e-05 9.975145076168701053e-05 5.773909651907160878e-05 9.040276199812069535e-05 8.303047798108309507e-05 7.445739174727350473e-05 7.774688856443390250e-05 7.917748735053464770e-05
5.410821643286573002e-01 1.218100078403949738e-04 7.131059828680008650e-05 1.369491947116330266e-04 7.264822488650679588e-05 1.090284567908383906e-04 1.393362908856943250e-04 8.190713560907170177e-05 1.275983522646129131e-04 1.189550966955721378e-04 1.096482374123297632e-04 1.095119660021737218e-04 1.150474490714259446e-04
5.611222444889779615e-01 1.862423960119485855e-04 1.124307236750610173e-04 2.145977196050807834e-04 1.120821034419350326e-04 1.610894832992926240e-04 2.123163867508992553e-04 1.213849172927439213e-04 2.001592220040038228e-04 1.811802358133718371e-04 1.754641125444322824e-04 1.641505659790709615e-04 1.818053569877520204e-04
5.811623246492986228e-01 1.978398533537983894e-03 3.712060162797570229e-03 3.582115750759840012e-03 3.269595035817474127e-04 7.012077840045094490e-04 2.458665519952774048e-03 3.010675136465579271e-04 3.410754958167672157e-03 1.246348489075899124e-03 2.531567355617880821e-03 1.176872174255549908e-03 2.522962633520364761e-03
6.012024048096191731e-01 3.220267221331596375e-02 1.559409033507108688e-02 3.431417047977447510e-02 2.463188767433166504e-02 2.670945040881633759e-02 3.152114897966384888e-02 2.082587964832782745e-02 3.361626714468002319e-02 3.019244037568569183e-02 3.462396934628486633e-02 3.046577237546443939e-02 3.482900187373161316e-02
6.212424849699398344e-01 7.779276371002197266e-02 1.460742484778165817e-02 7.926780730485916138e-02 7.340458780527114868e-02 7.149019092321395874e-02 7.532697916030883789e-02 6.730978935956954956e-02 7.779640704393386841e-02 7.545691728591918945e-02 8.128478378057479858e-02 7.666616886854171753e-02 8.200675994157791138e-02
6.412825651302604957e-01 1.277394741773605347e-01 1.041470374912023544e-02 1.281863301992416382e-01 1.296730190515518188e-01 1.227184608578681946e-01 1.236780285835266113e-01 1.233876273036003113e-01 1.258464455604553223e-01 1.254777908325195312e-01 1.311756372451782227e-01 1.279903054237365723e-01 1.325904279947280884e-01
6.613226452905811570e-01 1.746282577514648438e-01 1.253975741565227509e-02 1.740774512290954590e-01 1.826964318752288818e-01 1.719722300767898560e-01 1.695446670055389404e-01 1.780815422534942627e-01 1.709371358156204224e-01 1.725579053163528442e-01 1.770281046628952026e-01 1.764611601829528809e-01 1.791348904371261597e-01
6.813627254509018183e-01 2.138300091028213501e-01 1.870884932577610016e-02 2.125245928764343262e-01 2.262215316295623779e-01 2.138987928628921509e-01 2.084329277276992798e-01 2.245443761348724365e-01 2.087646126747131348e-01 2.119615674018859863e-01 2.145659923553466797e-01 2.170724868774414062e-01 2.171964645385742188e-01
7.014028056112223686e-01 2.428129911422729492e-01 2.370352856814861298e-02 2.410760670900344849e-01 2.571647167205810547e-01 2.454751878976821899e-01 2.377821505069732666e-01 2.590041756629943848e-01 2.369568645954132080e-01 2.411290705204010010e-01 2.416474968194961548e-01 2.470602840185165405e-01 2.445205003023147583e-01
7.214428857715430299e-01 2.606035172939300537e-01 2.610082179307937622e-02 2.587508261203765869e-01 2.746199965476989746e-01 2.654148042201995850e-01 2.564909756183624268e-01 2.799089848995208740e-01 2.545605897903442383e-01 2.591005563735961914e-01 2.576352953910827637e-01 2.653300762176513672e-01 2.604170143604278564e-01
7.414829659318636912e-01 2.673268616199493408e-01 2.583889476954936981e-02 2.656393051147460938e-01 2.791252434253692627e-01 2.736811339855194092e-01 2.645220756530761719e-01 2.873152494430541992e-01 2.616803348064422607e-01 2.660251557826995850e-01 2.628934979438781738e-01 2.719844281673431396e-01 2.652696371078491211e-01
7.615230460921843525e-01 2.638780176639556885e-01 2.338175848126411438e-02 2.625665068626403809e-01 2.721199989318847656e-01 2.711059451103210449e-01 2.625933587551116943e-01 2.823398113250732422e-01 2.590959370136260986e-01 2.628159224987030029e-01 2.584848701953887939e-01 2.679516971111297607e-01 2.601707875728607178e-01
7.815631262525050138e-01 2.516399621963500977e-01 1.951370947062969208e-02 2.508416771888732910e-01 2.555536031723022461e-01 2.590825855731964111e-01 2.519230842590332031e-01 2.667717039585113525e-01 2.480859756469726562e-01 2.508666217327117920e-01 2.458514869213104248e-01 2.547025978565216064e-01 2.466363012790679932e-01
8.016032064128255641e-01 2.322764396667480469e-01 1.540385931730270386e-02 2.320678681135177612e-01 2.316292077302932739e-01 2.393573969602584839e-01 2.340425252914428711e-01 2.427902072668075562e-01 2.301840484142303467e-01 2.318394780158996582e-01 2.266548275947570801e-01 2.340158075094223022e-01 2.264201045036315918e-01
8.216432865731462254e-01 2.075881958007812500e-01 1.279890909790992737e-02 2.079846858978271484e-01 2.026046961545944214e-01 2.138348519802093506e-01 2.106439769268035889e-01 2.127480804920196533e-01 2.070536762475967407e-01 2.075224965810775757e-01 2.026220113039016724e-01 2.078255265951156616e-01 2.013307511806488037e-01
8.416833667334668867e-01 1.793834716081619263e-01 1.327737141400575638e-02 1.803469210863113403e-01 1.706499457359313965e-01 1.844618916511535645e-01 1.834608614444732666e-01 1.790072023868560791e-01 1.803867369890213013e-01 1.797047406435012817e-01 1.754558235406875610e-01 1.780785620212554932e-01 1.731671094894409180e-01
8.617234468937875480e-01 1.494084298610687256e-01 1.609887182712554932e-02 1.508602499961853027e-01 1.377716660499572754e-01 1.531222611665725708e-01 1.541833132505416870e-01 1.438272595405578613e-01 1.518172323703765869e-01 1.501030921936035156e-01 1.467625200748443604e-01 1.466522365808486938e-01 1.436164379119873047e-01
8.817635270541082093e-01 1.192840114235877991e-01 1.931782439351081848e-02 1.211078092455863953e-01 1.057733967900276184e-01 1.215769574046134949e-01 1.244090646505355835e-01 1.093052625656127930e-01 1.228617355227470398e-01 1.203144788742065430e-01 1.180223971605300903e-01 1.152994558215141296e-01 1.142210364341735840e-01
9.018036072144288706e-01 9.047003835439682007e-02 2.165202051401138306e-02 9.252718836069107056e-02 7.621768116950988770e-02 9.142766147851943970e-02 9.560333937406539917e-02 7.730947434902191162e-02 9.489275515079498291e-02 9.176521748304367065e-02 9.054238349199295044e-02 8.559953421354293823e-02 8.635242283344268799e-02
9.218436873747494209e-01 6.425036489963531494e-02 2.239162474870681763e-02 6.638561934232711792e-02 5.042248964309692383e-02 6.407489627599716187e-02 6.906417757272720337e-02 4.947302490472793579e-02 6.912378966808319092e-02 6.570934504270553589e-02 6.545454263687133789e-02 5.892945826053619385e-02 6.118346750736236572e-02
9.418837675350700822e-01 4.171379655599594116e-02 2.110522985458374023e-02 4.375715553760528564e-02 2.945737168192863464e-02 4.071410745382308960e-02 4.591489583253860474e-02 2.716490998864173889e-02 4.658510163426399231e-02 4.320538043975830078e-02 4.371642321348190308e-02 3.646241500973701477e-02 3.969700634479522705e-02
9.619238476953907435e-01 2.374579012393951416e-02 1.754267700016498566e-02 2.552312426269054413e-02 1.413159258663654327e-02 2.232698909938335419e-02 2.708766236901283264e-02 1.146600395441055298e-02 2.811736427247524261e-02 2.512270770967006683e-02 2.609958127140998840e-02 1.915242895483970642e-02 2.267322130501270294e-02
9.819639278557114048e-01 1.100863236933946609e-02 1.171325892210006714e-02 1.234761811792850494e-02 4.937664140015840530e-03 9.642394259572029114e-03 1.330267079174518585e-02 3.056198824197053909e-03 1.437795814126729965e-02 1.210168376564979553e-02 1.317800488322973251e-02 7.679056841880083084e-03 1.066796202212572098e-02
1.002004008016031955e+00 3.827390493825078011e-03 4.866789095103740692e-03 4.585497081279754639e-03 1.602585543878376484e-03 2.990314969792962074e-03 4.990481305867433548e-03 1.091875019483268261e-03 5.750811658799648285e-03 4.481042735278606415e-03 5.259959027171134949e-03 2.250622957944869995e-03 3.910097759217023849e-03
1.022044088176352616e+00 1.544651342555880547e-03 1.260611927136778831e-03 1.770177856087684631e-03 1.091168494895100594e-03 1.287597930058836937e-03 1.836302806623280048e-03 8.891319157555699348e-04 2.061627805233001709e-03 1.781340688467025757e-03 2.037317724898457527e-03 1.133939600549638271e-03 1.687075826339423656e-03
1.042084168336673278e+00 1.183067215606570244e-03 5.059720133431255817e-04 1.264264807105064392e-03 1.034615677781403065e-03 1.062287599779665470e-03 1.257649622857570648e-03 8.637573337182402611e-04 1.288317143917083740e-03 1.300264964811503887e-03 1.364788273349404335e-03 9.976979345083236694e-04 1.299615832976996899e-03
1.062124248496993939e+00 1.136694569140672684e-03 4.047452530357986689e-04 1.194842741824686527e-03 1.038534333929419518e-03 1.035080640576779842e-03 1.174364588223397732e-03 8.623361354693770409e-04 1.177887199446558952e-03 1.233567600138485432e-03 1.264880062080919743e-03 9.825611487030982971e-04 1.250023953616619110e-03
1.082164328657314600e+00 1.140396692790091038e-03 3.929932427126914263e-04 1.195206888951361179e-03 1.059339265339076519e-03 1.040280330926179886e-03 1.167760114185512066e-03 8.716952870599925518e-04 1.171713112853467464e-03 1.235091011039912701e-03 1.264150370843708515e-03 9.898905409500002861e-04 1.259943470358848572e-03
1.102204408817635262e+00 1.161071471869945526e-03 3.967329103033989668e-04 1.216078409925103188e-03 1.091915415599942207e-03 1.058704685419797897e-03 1.181909232400357723e-03 8.903651614673435688e-04 1.189299859106540680e-03 1.257284777238965034e-03 1.288239378482103348e-03 1.009053667075932026e-03 1.289032748900353909e-03
1.122244488977955923e+00 1.193941803649067879e-03 4.071513540111482143e-04 1.249762834049761295e-03 1.135035534389317036e-03 1.088222255930304527e-03 1.208481029607355595e-03 9.172989521175622940e-04 1.221119542606174946e-03 1.293105538934469223e-03 1.326742931269109249e-03 1.038643647916615009e-03 1.332770800217986107e-03
1.142284569138276584e+00 1.238455297425389290e-03 4.224823787808418274e-04 1.295835711061954498e-03 1.189543050713837147e-03 1.128474716097116470e-03 1.247013220563530922e-03 9.531345567665994167e-04 1.265157945454120636e-03 1.342003233730792999e-03 1.378798042424023151e-03 1.078542903997004032e-03 1.389729790389537811e-03
1.162324649298597246e+00 1.295324997045099735e-03 4.438936302904039621e-04 1.355595421046018600e-03 1.256437273696064949e-03 1.179782440885901451e-03 1.297364360652863979e-03 9.975152788683772087e-04 1.321192947216331959e-03 1.404345151968300343e-03 1.445170724764466286e-03 1.129012787714600563e-03 1.461393432691693306e-03
1.182364729458917685e+00 1.365777687169611454e-03 4.732455126941204071e-04 1.429407042451202869e-03 1.337796915322542191e-03 1.242885831743478775e-03 1.360209775157272816e-03 1.051529892720282078e-03 1.391323399730026722e-03 1.480802544392645359e-03 1.528185443021357059e-03 1.190166338346898556e-03 1.551773631945252419e-03
1.202404809619238346e+00 1.453216886147856712e-03 5.210635717958211899e-04 1.522026956081390381e-03 1.439853571355342865e-03 1.320056384429335594e-03 1.438073697499930859e-03 1.116252737119793892e-03 1.481516053900122643e-03 1.578090246766805649e-03 1.640202826820313931e-03 1.265265280380845070e-03 1.674459548667073250e-03
1.222444889779559007e+00 1.570598804391920567e-03 6.360646220855414867e-04 1.650670310482382774e-03 1.589874853380024433e-03 1.417165156453847885e-03 1.536412863060832024e-03 1.193231903016567230e-03 1.610007486306130886e-03 1.715227379463613033e-03 1.824994222261011600e-03 1.359891495667397976e-03 1.886675483547151089e-03
1.242484969939879669e+00 1.774125616066157818e-03 1.023021177388727665e-03 1.885355450212955475e-03 1.904355362057685852e-03 1.556781935505568981e-03 1.679127220995724201e-03 1.287978957407176495e-03 1.859043259173631668e-03 1.972535857930779457e-03 2.248376375064253807e-03 1.501208054833114147e-03 2.391183748841285706e-03
1.262525050100200330e+00 2.282550558447837830e-03 2.268957439810037613e-03 2.484962344169616699e-03 2.795929322019219398e-03 1.846787636168301105e-03 1.967567484825849533e-03 1.420609652996063232e-03 2.524586627259850502e-03 2.632050542160868645e-03 3.398277796804904938e-03 1.812409958802163601e-03 3.757440252229571342e-03
1.282565130260520991e+00 3.736227750778198242e-03 5.085734184831380844e-03 4.143933765590190887e-03 5.188734736293554306e-03 2.689678687602281570e-03 2.761283190920948982e-03 1.695745741017162800e-03 4.345832392573356628e-03 4.413455724716186523e-03 6.138421129435300827e-03 2.764834323897957802e-03 6.880553439259529114e-03
1.302605210420841653e+00 7.129037752747535706e-03 9.289127774536609650e-03 7.809225935488939285e-03 9.929400868713855743e-03 5.046232603490352631e-03 4.915299825370311737e-03 2.560404362156987190e-03 8.210050873458385468e-03 8.241837844252586365e-03 1.110376510769128799e-02 5.410248879343271255e-03 1.231415010988712311e-02
1.322645290581162314e+00 1.300601102411746979e-02 1.387964747846126556e-02 1.393275521695613861e-02 1.720851473510265350e-02 9.844278916716575623e-03 9.351916611194610596e-03 5.173676647245883942e-03 1.447769440710544586e-02 1.452744100242853165e-02 1.840840466320514679e-02 1.061279419809579849e-02 2.010688558220863342e-02
1.342685370741482975e+00 2.137873135507106781e-02 1.793228276073932648e-02 2.249125018715858459e-02 2.687272988259792328e-02 1.730797067284584045e-02 1.637006178498268127e-02 1.060873456299304962e-02 2.309963293373584747e-02 2.323016338050365448e-02 2.790968306362628937e-02 1.851194724440574646e-02 3.008950874209403992e-02
1.362725450901803637e+00 3.204140812158584595e-02 2.109553851187229156e-02 3.327285498380661011e-02 3.865726664662361145e-02 2.727968059480190277e-02 2.587072551250457764e-02 1.903595961630344391e-02 3.386617824435234070e-02 3.413790091872215271e-02 3.937497362494468689e-02 2.891782857477664948e-02 4.201494902372360229e-02
1.382765531062124298e+00 4.472114890813827515e-02 2.331968769431114197e-02 4.600534960627555847e-02 5.226394161581993103e-02 3.948192298412322998e-02 3.760543465614318848e-02 3.022607043385505676e-02 4.651159793138504028e-02 4.697841778397560120e-02 5.254270881414413452e-02 4.153997078537940979e-02 5.560998991131782532e-02
1.402805611222444737e+00 5.912247300148010254e-02 2.465497516095638275e-02 6.040244549512863159e-02 6.739506870508193970e-02 5.360706523060798645e-02 5.128590762615203857e-02 4.383965954184532166e-02 6.075981259346008301e-02 6.146503239870071411e-02 6.714748591184616089e-02 5.606033280491828918e-02 7.059722393751144409e-02
1.422845691382765398e+00 7.495351135730743408e-02 2.518947608768939972e-02 7.617533206939697266e-02 8.375661820173263550e-02 6.933247298002243042e-02 6.660956144332885742e-02 5.951089039444923401e-02 7.634019851684570312e-02 7.731483876705169678e-02 8.292711526155471802e-02 7.216134667396545410e-02 8.671056479215621948e-02
1.442885771543086060e+00 9.193178266286849976e-02 2.502175606787204742e-02 9.304787963628768921e-02 1.010790616273880005e-01 8.635556697845458984e-02 8.328621834516525269e-02 7.687806338071823120e-02 9.298719465732574463e-02 9.425245970487594604e-02 9.963136911392211914e-02 8.952926099300384521e-02 1.036967709660530090e-01
1.462925851703406721e+00 1.097900643944740295e-01 2.425323612987995148e-02 1.107562780380249023e-01 1.191033422946929932e-01 1.043804287910461426e-01 1.010344997048377991e-01 9.559455513954162598e-02 1.104517355561256409e-01 1.120173335075378418e-01 1.170251145958900452e-01 1.078724712133407593e-01 1.213169619441032410e-01
1.482965931863727382e+00 1.282759010791778564e-01 2.298259176313877106e-02 1.290574371814727783e-01 1.375872045755386353e-01 1.231359392404556274e-01 1.195843666791915894e-01 1.153357774019241333e-01 1.284922063350677490e-01 1.303652226924896240e-01 1.348839551210403442e-01 1.269177496433258057e-01 1.393490731716156006e-01
1.503006012024048044e+00 1.471563577651977539e-01 2.131751179695129395e-02 1.477200090885162354e-01 1.563134193420410156e-01 1.423678398132324219e-01 1.386804878711700439e-01 1.357965767383575439e-01 1.468918621540069580e-01 1.490702927112579346e-01 1.530055403709411621e-01 1.464111804962158203e-01 1.575900167226791382e-01
1.523046092184368705e+00 1.662112027406692505e-01 1.935847289860248566e-02 1.665375977754592896e-01 1.750795990228652954e-01 1.618392318487167358e-01 1.580992788076400757e-01 1.566960513591766357e-01 1.654528379440307617e-01 1.679248511791229248e-01 1.711989492177963257e-01 1.661183387041091919e-01 1.758493036031723022e-01
1.543086172344689366e+00 1.852488815784454346e-01 1.721892878413200378e-02 1.853155940771102905e-01 1.937058418989181519e-01 1.813409030437469482e-01 1.776229143142700195e-01 1.777797788381576538e-01 1.839889734983444214e-01 1.867346465587615967e-01 1.892950832843780518e-01 1.858262568712234497e-01 1.939578354358673096e-01
1.563126252505010028e+00 2.040882259607315063e-01 1.502910163253545761e-02 2.038809359073638916e-01 2.120282053947448730e-01 2.006782293319702148e-01 1.970547288656234741e-01 1.988125741481781006e-01 2.023325711488723755e-01 2.053274810314178467e-01 2.071345895528793335e-01 2.053427547216415405e-01 2.117587774991989136e-01
1.583166332665330689e+00 2.225649654865264893e-01 1.295414846390485764e-02 2.220763117074966431e-01 2.298964709043502808e-01 2.196773439645767212e-01 2.162166684865951538e-01 2.195831984281539917e-01 2.203246802091598511e-01 2.235489189624786377e-01 2.245735228061676025e-01 2.244897633790969849e-01 2.291147857904434204e-01
1.603206412825651128e+00 2.405350804328918457e-01 1.122085656970739365e-02 2.397613972425460815e-01 2.471822202205657959e-01 2.381786853075027466e-01 2.349495142698287964e-01 2.399014234542846680e-01 2.378298342227935791e-01 2.412571609020233154e-01 2.414886057376861572e-01 2.431164681911468506e-01 2.459027320146560669e-01
1.623246492985971789e+00 2.578733861446380615e-01 1.011229772120714188e-02 2.568119168281555176e-01 2.637734115123748779e-01 2.560439407825469971e-01 2.531079053878784180e-01 2.595976889133453369e-01 2.547318339347839355e-01 2.583261728286743164e-01 2.577649354934692383e-01 2.610805630683898926e-01 2.620115578174591064e-01
1.643286573146292451e+00 2.744663953781127930e-01 9.887049905955791473e-03 2.731197774410247803e-01 2.795703113079071045e-01 2.731532752513885498e-01 2.705650627613067627e-01 2.785232663154602051e-01 2.709176838397979736e-01 2.746486067771911621e-01 2.733081579208374023e-01 2.782628238201141357e-01 2.773478031158447266e-01
1.663326653306613112e+00 2.902144193649291992e-01 1.058834418654441833e-02 2.885891199111938477e-01 2.944853007793426514e-01 2.894016802310943604e-01 2.872099578380584717e-01 2.965500354766845703e-01 2.862967848777770996e-01 2.901307344436645508e-01 2.880342006683349609e-01 2.945614159107208252e-01 2.918342053890228271e-01
1.683366733466933773e+00 3.050318956375122070e-01 1.200110092759132385e-02 3.031397163867950439e-01 3.084481656551361084e-01 3.047015666961669922e-01 3.029468953609466553e-01 3.135625720024108887e-01 3.007862865924835205e-01 3.046865761280059814e-01 3.018688261508941650e-01 3.098846673965454102e-01 3.054009377956390381e-01
1.703406813627254435e+00 3.188517689704895020e-01 1.383718382567167282e-02 3.167061507701873779e-01 3.214009404182434082e-01 3.189772367477416992e-01 3.176916241645812988e-01 3.294704258441925049e-01 3.143189847469329834e-01 3.182525038719177246e-01 3.147497177124023438e-01 3.241578638553619385e-01 3.179885447025299072e-01
1.723446893787575096e+00 3.316135406494140625e-01 1.586329936981201172e-02 3.292280435562133789e-01 3.332948982715606689e-01 3.321656584739685059e-01 3.313766121864318848e-01 3.441912531852722168e-01 3.268444538116455078e-01 3.307710289955139160e-01 3.266299068927764893e-01 3.373166918754577637e-01 3.295508623123168945e-01
1.743486973947895757e+00 3.432729244232177734e-01 1.793409511446952820e-02 3.406633436679840088e-01 3.440933525562286377e-01 3.442180454730987549e-01 3.439444899559020996e-01 3.576645553112030029e-01 3.383087217807769775e-01 3.421973288059234619e-01 3.374698162078857422e-01 3.493133485317230225e-01 3.400531411170959473e-01
1.763527054108216419e+00 3.537895977497100830e-01 1.994822546839714050e-02 3.509810864925384521e-01 3.537701070308685303e-01 3.550958037376403809e-01 3.553509116172790527e-01 3.698349893093109131e-01 3.486850857734680176e-01 3.525008559226989746e-01 3.472376763820648193e-01 3.601105511188507080e-01 3.494717776775360107e-01
1.783567134268537080e+00 3.631409108638763428e-01 2.184746600687503815e-02 3.601556718349456787e-01 3.623067736625671387e-01 3.647707402706146240e-01 3.655662238597869873e-01 3.806683123111724854e-01 3.579441308975219727e-01 3.616560399532318115e-01 3.559105098247528076e-01 3.696808218955993652e-01 3.577881455421447754e-01
1.803607214428857741e+00 3.713119029998779297e-01 2.358801104128360748e-02 3.681709170341491699e-01 3.696927130222320557e-01 3.732242584228515625e-01 3.745584189891815186e-01 3.901400864124298096e-01 3.660718798637390137e-01 3.696471452713012695e-01 3.634786903858184814e-01 3.780070245265960693e-01 3.649943768978118896e-01
1.823647294589178181e+00 3.782934844493865967e-01 2.514304034411907196e-02 3.750217556953430176e-01 3.759277760982513428e-01 3.804484605789184570e-01 3.823123276233673096e-01 3.982356786727905273e-01 3.730610311031341553e-01 3.764652311801910400e-01 3.699353933334350586e-01 3.850839138031005859e-01 3.710848987102508545e-01
1.843687374749498842e+00 3.840872049331665039e-01 2.649402618408203125e-02 3.807079195976257324e-01 3.810140490531921387e-01 3.864437043666839600e-01 3.888259232044219971e-01 4.049522578716278076e-01 3.789106309413909912e-01 3.821103572845458984e-01 3.752839565277099609e-01 3.909125924110412598e-01 3.760666549205780029e-01
1.863727454909819503e+00 3.886986076831817627e-01 2.762630954384803772e-02 3.852376639842987061e-01 3.849660456180572510e-01 3.912187516689300537e-01 3.940994441509246826e-01 4.102896749973297119e-01 3.836184144020080566e-01 3.865928351879119873e-01 3.795330226421356201e-01 3.955024778842926025e-01 3.799467682838439941e-01
1.883767535070140164e+00 3.921409249305725098e-01 2.853302285075187683e-02 3.886255323886871338e-01 3.878022432327270508e-01 3.947900235652923584e-01 3.981467783451080322e-01 4.142642617225646973e-01 3.872020840644836426e-01 3.899250924587249756e-01 3.826963603496551514e-01 3.988662064075469971e-01 3.827429711818695068e-01
1.903807615230460826e+00 3.944328129291534424e-01 2.920843288302421570e-02 3.908906877040863037e-01 3.895421326160430908e-01 3.971801102161407471e-01 4.009768962860107422e-01 4.168935120105743408e-01 3.896754980087280273e-01 3.921257853507995605e-01 3.847922384738922119e-01 4.010288417339324951e-01 3.844769895076751709e-01
1.923847695390781487e+00 3.955999016761779785e-01 2.965221181511878967e-02 3.920560777187347412e-01 3.902148902416229248e-01 3.984113037586212158e-01 4.026202857494354248e-01 4.182061553001403809e-01 3.910669386386871338e-01 3.932192027568817139e-01 3.858419358730316162e-01 4.020149707794189453e-01 3.851768672466278076e-01
1.943887775551102148e+00 3.956717848777770996e-01 2.986638620495796204e-02 3.921495378017425537e-01 3.898518085479736328e-01 3.985146880149841309e-01 4.030963778495788574e-01 4.182374775409698486e-01 3.913993835449218750e-01 3.932352066040039062e-01 3.858747184276580811e-01 4.018568992614746094e-01 3.848706483840942383e-01
1.963927855711422810e+00 3.946810960769653320e-01 2.985791116952896118e-02 3.912079334259033203e-01 3.884860873222351074e-01 3.975271582603454590e-01 4.024454355239868164e-01 4.170265793800354004e-01 3.907045125961303711e-01 3.922087848186492920e-01 3.849202096462249756e-01 4.005910456180572510e-01 3.835902512073516846e-01
1.983967935871743471e+00 3.926646113395690918e-01 2.962978743016719818e-02 3.892676830291748047e-01 3.861550092697143555e-01 3.954877853393554688e-01 4.006950259208679199e-01 4.146167337894439697e-01 3.890177607536315918e-01 3.901716470718383789e-01 3.830166757106781006e-01 3.982591927051544189e-01 3.813721537590026855e-01
2.004008016032063910e+00 3.896645009517669678e-01 2.919506654143333435e-02 3.863666951656341553e-01 3.829005360603332520e-01 3.924411535263061523e-01 3.978945612907409668e-01 4.110581874847412109e-01 3.863721191883087158e-01 3.871650993824005127e-01 3.802000284194946289e-01 3.949067592620849609e-01 3.782559335231781006e-01
2.024048096192384794e+00 3.857236504554748535e-01 2.856049127876758575e-02 3.825466930866241455e-01 3.787652254104614258e-01 3.884334564208984375e-01 3.940846920013427734e-01 4.063998460769653320e-01 3.828108310699462891e-01 3.832325637340545654e-01 3.765077590942382812e-01 3.905783891677856445e-01 3.742834925651550293e-01
2.044088176352705233e+00 3.808864951133728027e-01 2.774095535278320312e-02 3.778533339500427246e-01 3.737902045249938965e-01 3.835139572620391846e-01 3.893103301525115967e-01 4.006994962692260742e-01 3.783743083477020264e-01 3.784213066101074219e-01 3.719818592071533203e-01 3.853257298469543457e-01 3.694962263107299805e-01
2.064128256513026116e+00 3.752015829086303711e-01 2.674683183431625366e-02 3.723330199718475342e-01 3.680265545845031738e-01 3.777339458465576172e-01 3.836231231689453125e-01 3.940140902996063232e-01 3.731046915054321289e-01 3.727791011333465576e-01 3.666695058345794678e-01 3.791992962360382080e-01 3.639397919178009033e-01
2.084168336673346555e+00 3.687168359756469727e-01 2.559022605419158936e-02 3.660358488559722900e-01 3.615221083164215088e-01 3.711445033550262451e-01 3.770700395107269287e-01 3.864034712314605713e-01 3.670533597469329834e-01 3.663564324378967285e-01 3.606153428554534912e-01 3.722526133060455322e-01 3.576597571372985840e-01
2.104208416833667439e+00 3.614854514598846436e-01 2.428719401359558105e-02 3.590122461318969727e-01 3.543240725994110107e-01 3.637977838516235352e-01 3.697068989276885986e-01 3.779293894767761230e-01 3.602603077888488770e-01 3.591972887516021729e-01 3.538667559623718262e-01 3.645373284816741943e-01 3.507053554058074951e-01
2.124248496993987878e+00 3.535596132278442383e-01 2.285371534526348114e-02 3.513097763061523438e-01 3.464841842651367188e-01 3.557460010051727295e-01 3.615868389606475830e-01 3.686537444591522217e-01 3.527794778347015381e-01 3.513538539409637451e-01 3.464713096618652344e-01 3.561106026172637939e-01 3.431221544742584229e-01
2.144288577154308317e+00 3.449909687042236328e-01 2.131270617246627808e-02 3.429806530475616455e-01 3.380505144596099854e-01 3.470460772514343262e-01 3.527683317661285400e-01 3.586427569389343262e-01 3.446627557277679443e-01 3.428790867328643799e-01 3.384724855422973633e-01 3.470320999622344971e-01 3.349598348140716553e-01
2.164328657314629201e+00 3.358327448368072510e-01 1.968643628060817719e-02 3.340780138969421387e-01 3.290748000144958496e-01 3.377511799335479736e-01 3.433099389076232910e-01 3.479629755020141602e-01 3.359580338001251221e-01 3.338243365287780762e-01 3.299181163311004639e-01 3.373566567897796631e-01 3.262673020362854004e-01
2.184368737474949640e+00 3.261393010616302490e-01 1.799821481108665466e-02 3.246524930000305176e-01 3.196060955524444580e-01 3.279154896736145020e-01 3.332650065422058105e-01 3.366794288158416748e-01 3.267185091972351074e-01 3.242446482181549072e-01 3.208601772785186768e-01 3.271408379077911377e-01 3.170911371707916260e-01
2.204408817635270523e+00 3.159652054309844971e-01 1.627907902002334595e-02 3.147550523281097412e-01 3.096921145915985107e-01 3.175974786281585693e-01 3.226934969425201416e-01 3.248557746410369873e-01 3.169912397861480713e-01 3.141951560974121094e-01 3.113456368446350098e-01 3.164444565773010254e-01 3.074804544448852539e-01
2.224448897795590963e+00 3.053649961948394775e-01 1.456878148019313812e-02 3.044379949569702148e-01 2.993864715099334717e-01 3.068523406982421875e-01 3.116548061370849609e-01 3.125614821910858154e-01 3.068314790725708008e-01 3.037247955799102783e-01 3.014285862445831299e-01 3.053185939788818359e-01 2.974801361560821533e-01
2.244488977955911846e+00 2.943909764289855957e-01 1.291492767632007599e-02 2.937538325786590576e-01 2.887385487556457520e-01 2.957343459129333496e-01 3.002069294452667236e-01 2.998619377613067627e-01 2.962864041328430176e-01 2.928886711597442627e-01 2.911496758460998535e-01 2.938237488269805908e-01 2.871428728103637695e-01
2.264529058116232285e+00 2.830954194068908691e-01 1.138062961399555206e-02 2.827536463737487793e-01 2.777989804744720459e-01 2.842974960803985596e-01 2.884047031402587891e-01 2.868219316005706787e-01 2.854067981243133545e-01 2.817374467849731445e-01 2.805616855621337891e-01 2.820115685462951660e-01 2.765145599842071533e-01
2.284569138276553169e+00 2.715305685997009277e-01 1.005586702376604080e-02 2.714858651161193848e-01 2.666154205799102783e-01 2.725965678691864014e-01 2.763075232505798340e-01 2.735094726085662842e-01 2.742437720298767090e-01 2.703221440315246582e-01 2.697101235389709473e-01 2.699420452117919922e-01 2.656457126140594482e-01
2.304609218436873608e+00 2.597479522228240967e-01 9.053931571543216705e-03 2.600014209747314453e-01 2.552355825901031494e-01 2.606845796108245850e-01 2.639669477939605713e-01 2.599861025810241699e-01 2.628473043441772461e-01 2.586916387081146240e-01 2.586419284343719482e-01 2.576723396778106689e-01 2.545783221721649170e-01
2.324649298597194491e+00 2.478002011775970459e-01 8.498150855302810669e-03 2.483482360839843750e-01 2.437079995870590210e-01 2.486136257648468018e-01 2.514433562755584717e-01 2.463170588016510010e-01 2.512676119804382324e-01 2.468959242105484009e-01 2.474035024642944336e-01 2.452539056539535522e-01 2.433615922927856445e-01
2.344689378757514930e+00 2.357377856969833374e-01 8.465762250125408173e-03 2.365760356187820435e-01 2.320795655250549316e-01 2.364324182271957397e-01 2.387892901897430420e-01 2.325628846883773804e-01 2.395502030849456787e-01 2.349864393472671509e-01 2.360416501760482788e-01 2.327389568090438843e-01 2.320406287908554077e-01
2.364729458917835370e+00 2.236083596944808960e-01 8.938977494835853577e-03 2.247307747602462769e-01 2.203965634107589722e-01 2.241943180561065674e-01 2.260644286870956421e-01 2.187839150428771973e-01 2.277358174324035645e-01 2.230112552642822266e-01 2.245995253324508667e-01 2.201791107654571533e-01 2.206580191850662231e-01
2.384769539078156253e+00 2.114614099264144897e-01 9.813816286623477936e-03 2.128606438636779785e-01 2.087015062570571899e-01 2.119446396827697754e-01 2.133160233497619629e-01 2.050425261259078979e-01 2.158784717321395874e-01 2.110193371772766113e-01 2.131204754114151001e-01 2.076234370470046997e-01 2.092556208372116089e-01
2.404809619238476692e+00 1.993416547775268555e-01 1.095257140696048737e-02 2.010100483894348145e-01 1.970385015010833740e-01 1.997315883636474609e-01 2.005981504917144775e-01 1.913973838090896606e-01 2.040244191884994507e-01 1.990526914596557617e-01 2.016480118036270142e-01 1.951237767934799194e-01 1.978762745857238770e-01
2.424849699398797576e+00 1.872957795858383179e-01 1.223513111472129822e-02 1.892220973968505859e-01 1.854487955570220947e-01 1.876005828380584717e-01 1.879570931196212769e-01 1.779057532548904419e-01 1.922149956226348877e-01 1.871593594551086426e-01 1.902217864990234375e-01 1.827293634414672852e-01 1.865591853857040405e-01
2.444889779559118015e+00 1.753683537244796753e-01 1.357332337647676468e-02 1.775392293930053711e-01 1.739746332168579102e-01 1.755992770195007324e-01 1.754461377859115601e-01 1.646236479282379150e-01 1.804940700531005859e-01 1.753810346126556396e-01 1.788811534643173218e-01 1.704870015382766724e-01 1.753443926572799683e-01
2.464929859719438898e+00 1.636040806770324707e-01 1.490658242255449295e-02 1.660027652978897095e-01 1.626549065113067627e-01 1.637687385082244873e-01 1.631139516830444336e-01 1.516047865152359009e-01 1.689036339521408081e-01 1.637592911720275879e-01 1.676692962646484375e-01 1.584401130676269531e-01 1.642708629369735718e-01
2.484969939879759337e+00 1.520443111658096313e-01 1.618756167590618134e-02 1.546538621187210083e-01 1.515288352966308594e-01 1.521519571542739868e-01 1.510078459978103638e-01 1.389023810625076294e-01 1.574851423501968384e-01 1.523374468088150024e-01 1.566210985183715820e-01 1.466324031352996826e-01 1.533733308315277100e-01
2.505010020040080221e+00 1.407281458377838135e-01 1.738256961107254028e-02 1.435323804616928101e-01 1.406296342611312866e-01 1.407865434885025024e-01 1.391730755567550659e-01 1.265656650066375732e-01 1.462760716676712036e-01 1.411547958850860596e-01 1.457739770412445068e-01 1.351043730974197388e-01 1.426876336336135864e-01
2.525050100200400660e+00 1.296957284212112427e-01 1.846558041870594025e-02 1.326750665903091431e-01 1.299953758716583252e-01 1.297123134136199951e-01 1.276523619890213013e-01 1.146427318453788757e-01 1.353175193071365356e-01 1.302481740713119507e-01 1.351637244224548340e-01 1.238993108272552490e-01 1.322490125894546509e-01
2.545090180360721543e+00 1.189832091331481934e-01 1.941460557281970978e-02 1.221167370676994324e-01 1.196603924036026001e-01 1.189692914485931396e-01 1.164900511503219604e-01 1.031799316406250000e-01 1.246459037065505981e-01 1.196561828255653381e-01 1.248268485069274902e-01 1.130564436316490173e-01 1.220898851752281189e-01
2.565130260521041983e+00 1.086281761527061462e-01 2.020962908864021301e-02 1.118921414017677307e-01 1.096581295132637024e-01 1.085913330316543579e-01 1.057257950305938721e-01 9.222452342510223389e-02 1.142942905426025391e-01 1.094142869114875793e-01 1.147946119308471680e-01 1.026113778352737427e-01 1.122446283698081970e-01
2.585170340681362422e+00 9.866371005773544312e-02 2.083561755716800690e-02 1.020341217517852783e-01 1.000170856714248657e-01 9.861306846141815186e-02 9.539881348609924316e-02 8.181778341531753540e-02 1.042972728610038757e-01 9.955456852912902832e-02 1.051000803709030151e-01 9.259819984436035156e-02 1.027387976646423340e-01
2.605210420841683305e+00 8.912370353937149048e-02 2.127706259489059448e-02 9.257310628890991211e-02 9.076695144176483154e-02 8.906605094671249390e-02 8.554037660360336304e-02 7.200139015913009644e-02 9.468516707420349121e-02 9.010649472475051880e-02 9.576957672834396362e-02 8.305103331804275513e-02 9.360300004482269287e-02
2.625250501002003745e+00 8.003789931535720825e-02 2.152385190129280090e-02 8.353914320468902588e-02 8.193503320217132568e-02 7.997885346412658691e-02 7.618846744298934937e-02 6.281000375747680664e-02 8.549153059720993042e-02 8.110213279724121094e-02 8.683122694492340088e-02 7.400363683700561523e-02 8.486369997262954712e-02
2.645290581162324628e+00 7.143387943506240845e-02 2.156608365476131439e-02 7.496086508035659790e-02 7.354824244976043701e-02 7.137924432754516602e-02 6.737495958805084229e-02 5.427861213684082031e-02 7.674310356378555298e-02 7.256834208965301514e-02 7.831331342458724976e-02 6.548361480236053467e-02 7.654560357332229614e-02
2.665330661322645067e+00 6.333877891302108765e-02 2.139658667147159576e-02 6.686169654130935669e-02 6.563091278076171875e-02 6.329182535409927368e-02 5.912934243679046631e-02 4.643886908888816833e-02 6.846944242715835571e-02 6.453067064285278320e-02 7.024038583040237427e-02 5.751511827111244202e-02 6.867230683565139771e-02
2.685370741482965951e+00 5.577600747346878052e-02 2.100995555520057678e-02 5.926673486828804016e-02 5.820510908961296082e-02 5.574070662260055542e-02 5.147875845432281494e-02 3.931486606597900391e-02 6.069121137261390686e-02 5.701300874352455139e-02 6.263349950313568115e-02 5.012423917651176453e-02 6.126447767019271851e-02
2.705410821643286390e+00 4.876618087291717529e-02 2.040261961519718170e-02 5.219475924968719482e-02 5.129016563296318054e-02 4.874558374285697937e-02 4.444795101881027222e-02 3.292933106422424316e-02 5.343455076217651367e-02 5.003661289811134338e-02 5.551172792911529541e-02 4.333212226629257202e-02 5.434139817953109741e-02
2.725450901803607273e+00 4.232723638415336609e-02 1.957737095654010773e-02 4.566348716616630554e-02 4.490244016051292419e-02 4.232332482933998108e-02 3.805423900485038757e-02 2.729641646146774292e-02 4.671812430024147034e-02 4.361629113554954529e-02 4.889452457427978516e-02 3.715471178293228149e-02 4.791913926601409912e-02
2.745490981963927712e+00 3.647388517856597900e-02 1.854031533002853394e-02 3.968697413802146912e-02 3.905335441231727600e-02 3.648658096790313721e-02 3.231174871325492859e-02 2.242186665534973145e-02 4.055482149124145508e-02 3.776684030890464783e-02 4.279613867402076721e-02 3.160326927900314331e-02 4.201032966375350952e-02
2.765531062124248596e+00 3.121598809957504272e-02 1.730768941342830658e-02 3.427535295486450195e-02 3.375452011823654175e-02 3.124415501952171326e-02 2.722864784300327301e-02 1.829838193953037262e-02 3.495933488011360168e-02 3.249754756689071655e-02 3.722874447703361511e-02 2.668310515582561493e-02 3.662274777889251709e-02
2.785571142284569035e+00 2.655696868896484375e-02 1.590480841696262360e-02 2.943499386310577393e-02 2.901018410921096802e-02 2.659951709210872650e-02 2.280628494918346405e-02 1.490372605621814728e-02 2.993750572204589844e-02 2.781221084296703339e-02 3.220006823539733887e-02 2.239454537630081177e-02 3.176533430814743042e-02
2.805611222444889474e+00 2.249330654740333557e-02 1.436865050345659256e-02 2.516436204314231873e-02 2.482103370130062103e-02 2.254799194633960724e-02 1.903519034385681152e-02 1.219701021909713745e-02 2.549289166927337646e-02 2.370747365057468414e-02 2.771377563476562500e-02 1.872709020972251892e-02 2.743641845881938934e-02
2.825651302605210358e+00 1.901300251483917236e-02 1.275146659463644028e-02 2.145453542470932007e-02 2.117978595197200775e-02 1.907725073397159576e-02 1.589204184710979462e-02 1.011289190500974655e-02 2.161986939609050751e-02 2.017281576991081238e-02 2.376589179039001465e-02 1.565896533429622650e-02 2.363174594938755035e-02
2.845691382765530797e+00 1.609375514090061188e-02 1.111777313053607941e-02 1.829093880951404572e-02 1.807119511067867279e-02 1.616385206580162048e-02 1.334064546972513199e-02 8.564792573451995850e-03 1.830638200044631958e-02 1.718778163194656372e-02 2.034712955355644226e-02 1.315632369369268417e-02 2.034023404121398926e-02
2.865731462925851680e+00 1.370084937661886215e-02 9.536315687000751495e-03 1.564719900488853455e-02 1.546940207481384277e-02 1.377443131059408188e-02 1.132779289036989212e-02 7.452248595654964447e-03 1.553000882267951965e-02 1.472098845988512039e-02 1.743935421109199524e-02 1.117015350610017776e-02 1.754250749945640564e-02
2.885771543086172120e+00 1.178825087845325470e-02 8.068632334470748901e-03 1.348595414310693741e-02 1.333891320973634720e-02 1.186212990432977676e-02 9.784627705812454224e-03 6.673832889646291733e-03 1.325555797666311264e-02 1.272943522781133652e-02 1.501497719436883926e-02 9.638800285756587982e-03 1.520857121795415878e-02
2.905811623246493003e+00 1.029701903462409973e-02 6.763526704162359238e-03 1.175873819738626480e-02 1.163317169994115829e-02 1.036936603486537933e-02 8.631827309727668762e-03 6.138190161436796188e-03 1.143663842231035233e-02 1.115889754146337509e-02 1.303722616285085678e-02 8.489432744681835175e-03 1.330091897398233414e-02
2.925851703406813442e+00 9.161458350718021393e-03 5.647705867886543274e-03 1.040971186012029648e-02 1.029742881655693054e-02 9.230209514498710632e-03 7.789866533130407333e-03 5.771434865891933441e-03 1.001789979636669159e-02 9.946827776730060577e-03 1.145788468420505524e-02 7.646629121154546738e-03 1.177203468978404999e-02
2.945891783567134325e+00 8.313866332173347473e-03 4.728010855615139008e-03 9.376960806548595428e-03 9.272269904613494873e-03 8.378501050174236298e-03 7.184403482824563980e-03 5.519264377653598785e-03 8.935288526117801666e-03 9.029229171574115753e-03 1.022336725145578384e-02 7.039515767246484756e-03 1.057051029056310654e-02
2.965931863727454765e+00 7.690094877034425735e-03 3.994399216026067734e-03 8.598855696618556976e-03 8.497866801917552948e-03 7.751252502202987671e-03 6.751921959221363068e-03 5.343290045857429504e-03 8.124976418912410736e-03 8.343853987753391266e-03 9.275993332266807556e-03 6.606127135455608368e-03 9.642240591347217560e-03
2.985971943887775648e+00 7.234780583530664444e-03 3.425367875024676323e-03 8.019883185625076294e-03 7.919969037175178528e-03 7.292899768799543381e-03 6.443045567721128464e-03 5.217023193836212158e-03 7.526353001594543457e-03 7.836574688553810120e-03 8.559838868677616119e-03 6.297281477600336075e-03 8.934006094932556152e-03
3.006012024048096087e+00 6.903904955834150314e-03 2.994042821228504181e-03 7.591781672090291977e-03 7.491663098335266113e-03 6.959809456020593643e-03 6.220780778676271439e-03 5.122688133269548416e-03 7.087965495884418488e-03 7.462325971573591232e-03 8.024146780371665955e-03 6.076553370803594589e-03 8.399210870265960693e-03
3.026052104208416527e+00 6.662398576736450195e-03 2.673085080459713936e-03 7.275683339685201645e-03 7.175409235060214996e-03 6.716967560350894928e-03 6.058706901967525482e-03 5.049500614404678345e-03 6.767817772924900055e-03 7.186105940490961075e-03 7.625779137015342712e-03 5.916382186114788055e-03 7.997133769094944000e-03
3.046092184368737410e+00 6.484444253146648407e-03 2.437415299937129021e-03 7.042011711746454239e-03 6.941411644220352173e-03 6.539489608258008957e-03 5.937544628977775574e-03 4.991226829588413239e-03 6.533180363476276398e-03 6.980983540415763855e-03 7.329615764319896698e-03 5.799050442874431610e-03 7.696205284446477890e-03
3.066132264529057849e+00 6.351524963974952698e-03 2.265514107421040535e-03 6.867770571261644363e-03 6.767142098397016525e-03 6.407729350030422211e-03 5.845126695930957794e-03 4.943286068737506866e-03 6.359520368278026581e-03 6.826972123235464096e-03 7.109137717634439468e-03 5.711629986763000488e-03 7.470140699297189713e-03
3.086172344689378733e+00 6.251016166061162949e-03 2.140653086826205254e-03 6.735926028341054916e-03 6.636069621890783310e-03 6.309019867330789566e-03 5.772537086158990860e-03 4.902998916804790497e-03 6.229877937585115433e-03 6.709848064929246902e-03 6.943823304027318954e-03 5.644276738166809082e-03 7.299648597836494446e-03
3.106212424849699172e+00 6.173631642013788223e-03 2.049836097285151482e-03 6.635043770074844360e-03 6.536835338920354843e-03 6.233423482626676559e-03 5.713621154427528381e-03 4.868743009865283966e-03 6.131366360932588577e-03 6.619585677981376648e-03 6.818675901740789413e-03 5.592018365859985352e-03 7.169871591031551361e-03
3.126252505010020055e+00 6.112673785537481308e-03 1.983508002012968063e-03 6.556534208357334137e-03 6.459976080805063248e-03 6.175075192004442215e-03 5.665041506290435791e-03 4.838979337364435196e-03 6.054796278476715088e-03 6.548726465553045273e-03 6.722216960042715073e-03 5.549862515181303024e-03 7.069857325404882431e-03
3.146292585170340494e+00 6.063553038984537125e-03 1.935062697157263756e-03 6.494449451565742493e-03 6.399867590516805649e-03 6.129369605332612991e-03 5.624253768473863602e-03 4.813148174434900284e-03 5.994207225739955902e-03 6.492338608950376511e-03 6.646913941949605942e-03 5.515243392437696457e-03 6.992393638938665390e-03
3.166332665330661378e+00 6.023488007485866547e-03 1.899077906273305416e-03 6.444283761084079742e-03 6.351579912006855011e-03 6.092809140682220459e-03 5.589467007666826248e-03 4.790528211742639542e-03 5.945493467152118683e-03 6.446774583309888840e-03 6.587513256818056107e-03 5.486773792654275894e-03 6.931342650204896927e-03
3.186372745490981817e+00 5.990454927086830139e-03 1.871871063485741615e-03 6.403496954590082169e-03 6.312781479209661484e-03 6.063662469387054443e-03 5.560071673244237900e-03 4.770949482917785645e-03 5.905948113650083542e-03 6.409611552953720093e-03 6.539782043546438217e-03 5.463388748466968536e-03 6.882783025503158569e-03
3.206412825651302256e+00 5.962968338280916214e-03 1.851059496402740479e-03 6.369883194565773010e-03 6.280899047851562500e-03 6.040429696440696716e-03 5.534782074391841888e-03 4.754263442009687424e-03 5.873817484825849533e-03 6.378714460879564285e-03 6.502029020339250565e-03 5.444055423140525818e-03 6.843687966465950012e-03
3.226452905811623140e+00 5.940197966992855072e-03 1.834540278650820255e-03 6.342772394418716431e-03 6.254749372601509094e-03 6.021967623382806778e-03 5.513400305062532425e-03 4.740224219858646393e-03 5.847278516739606857e-03 6.352789700031280518e-03 6.471408531069755554e-03 5.428205244243144989e-03 6.811580155044794083e-03
3.246492985971943579e+00 5.921439733356237411e-03 1.821656245738267899e-03 6.320552434772253036e-03 6.233843974769115448e-03 6.007259245961904526e-03 5.495577119290828705e-03 4.728558938950300217e-03 5.825281608849763870e-03 6.331169977784156799e-03 6.446943152695894241e-03 5.415661726146936417e-03 6.785971578210592270e-03
3.266533066132264462e+00 5.906130652874708176e-03 1.811074907891452312e-03 6.302765104919672012e-03 6.217049900442361832e-03 5.996020510792732239e-03 5.480804946273565292e-03 4.719244781881570816e-03 5.806961096823215485e-03 6.313417572528123856e-03 6.426901090890169144e-03 5.406033247709274292e-03 6.765129510313272476e-03
3.286573146292584902e+00 5.893917288631200790e-03 1.801853068172931671e-03 6.288459990173578262e-03 6.203650031238794327e-03 5.988243035972118378e-03 5.469108000397682190e-03 4.712454043328762054e-03 5.791531410068273544e-03 6.298958323895931244e-03 6.410741712898015976e-03 5.398937035351991653e-03 6.748149637132883072e-03
3.306613226452905785e+00 5.884606856852769852e-03 1.794085372239351273e-03 6.277502980083227158e-03 6.193554028868675232e-03 5.983467213809490204e-03 5.460038781166076660e-03 4.708064720034599304e-03 5.778249353170394897e-03 6.288072094321250916e-03 6.397704593837261200e-03 5.394638050347566605e-03 6.735288538038730621e-03
3.326653306613226224e+00 5.878041032701730728e-03 1.787834800779819489e-03 6.269593723118305206e-03 6.186007987707853317e-03 5.981312599033117294e-03 5.453704390674829483e-03 4.705769009888172150e-03 5.767234601080417633e-03 6.280025001615285873e-03 6.388065870851278305e-03 5.392566323280334473e-03 6.726553197950124741e-03
3.346693386773547108e+00 5.873795133084058762e-03 1.783079002052545547e-03 6.264226045459508896e-03 6.181451957672834396e-03 5.981502123177051544e-03 5.449061281979084015e-03 4.705151543021202087e-03 5.758137907832860947e-03 6.274372804909944534e-03 6.381551269441843033e-03 5.392445251345634460e-03 6.720891688019037247e-03
3.366733466933867547e+00 5.871681962162256241e-03 1.780078629963099957e-03 6.261243019253015518e-03 6.179295014590024948e-03 5.983709357678890228e-03 5.445624236017465591e-03 4.705771338194608688e-03 5.751086864620447159e-03 6.271242629736661911e-03 6.377372425049543381e-03 5.393512547016143799e-03 6.718241143971681595e-03
3.386773547094188430e+00 5.871930625289678574e-03 1.777988742105662823e-03 6.260647438466548920e-03 6.179135758429765701e-03 5.987368989735841751e-03 5.444445647299289703e-03 4.707573913037776947e-03 5.746620241552591324e-03 6.270324345678091049e-03 6.375483702868223190e-03 5.395980086177587509e-03 6.717975717037916183e-03
3.406813627254508869e+00 5.874283611774444580e-03 1.776454271748661995e-03 6.261781789362430573e-03 6.181417033076286316e-03 5.992269609123468399e-03 5.444868002086877823e-03 4.710911773145198822e-03 5.744730588048696518e-03 6.271469406783580780e-03 6.375886499881744385e-03 5.400277674198150635e-03 6.719888653606176376e-03
3.426853707414829309e+00 5.878399126231670380e-03 1.775188837200403214e-03 6.264644674956798553e-03 6.185749080032110214e-03 5.998523440212011337e-03 5.447182804346084595e-03 4.715986549854278564e-03 5.745154805481433868e-03 6.274212617427110672e-03 6.378508638590574265e-03 5.406762938946485519e-03 6.724216975271701813e-03
3.446893787575150192e+00 5.884181242436170578e-03 1.774359145201742649e-03 6.268932949751615524e-03 6.191717460751533508e-03 6.006727926433086395e-03 5.450924858450889587e-03 4.722896497696638107e-03 5.747779738157987595e-03 6.278779823333024979e-03 6.383250001817941666e-03 5.414984654635190964e-03 6.731062196195125580e-03
3.466933867735470631e+00 5.891520995646715164e-03 1.773598720319569111e-03 6.275360938161611557e-03 6.198897957801818848e-03 6.016622297465801239e-03 5.456733983010053635e-03 4.731208086013793945e-03 5.752665456384420395e-03 6.285427138209342957e-03 6.389730609953403473e-03 5.424556788057088852e-03 6.739114876836538315e-03
3.486973947895791515e+00 5.900516640394926071e-03 1.773303141817450523e-03 6.283468101173639297e-03 6.207823287695646286e-03 6.028544157743453979e-03 5.463850684463977814e-03 4.740868229418992996e-03 5.759658291935920715e-03 6.294061429798603058e-03 6.397713907063007355e-03 5.435696803033351898e-03 6.749034393578767776e-03
3.507014028056111954e+00 5.911153275519609451e-03 1.773509779013693333e-03 6.293508689850568771e-03 6.218411959707736969e-03 6.042405962944030762e-03 5.472484976053237915e-03 4.751708824187517166e-03 5.768671631813049316e-03 6.304871290922164917e-03 6.407263223081827164e-03 5.448449868708848953e-03 6.760584656149148941e-03
3.527054108216432837e+00 5.923314020037651062e-03 1.773703726939857006e-03 6.305167451500892639e-03 6.230878643691539764e-03 6.057438906282186508e-03 5.482835695147514343e-03 4.763840232044458389e-03 5.779565777629613876e-03 6.317192222923040390e-03 6.418419070541858673e-03 5.462908186018466949e-03 6.773387547582387924e-03
3.547094188376753277e+00 5.937070585787296295e-03 1.774209551513195038e-03 6.318732164800167084e-03 6.244995631277561188e-03 6.074170581996440887e-03 5.495080724358558655e-03 4.777454305440187454e-03 5.791795905679464340e-03 6.330977194011211395e-03 6.431631278246641159e-03 5.478832870721817017e-03 6.787919439375400543e-03
3.567134268537074160e+00 5.952456500381231308e-03 1.774806296452879906e-03 6.333722732961177826e-03 6.260695401579141617e-03 6.091911811381578445e-03 5.508737638592720032e-03 4.792099818587303162e-03 5.805509630590677261e-03 6.345664616674184799e-03 6.446330342441797256e-03 5.496214609593153000e-03 6.803831085562705994e-03
3.587174348697394599e+00 5.968949291855096817e-03 1.775765791535377502e-03 6.350262090563774109e-03 6.277693901211023331e-03 6.111110560595989227e-03 5.524266511201858521e-03 4.807956982403993607e-03 5.820525810122489929e-03 6.361722014844417572e-03 6.462370976805686951e-03 5.514925811439752579e-03 6.821699440479278564e-03
3.607214428857715482e+00 5.986358504742383957e-03 1.776887336745858192e-03 6.367912050336599350e-03 6.295632105320692062e-03 6.131465546786785126e-03 5.540625657886266708e-03 4.824873525649309158e-03 5.837033502757549286e-03 6.379164289683103561e-03 6.479936651885509491e-03 5.535068921744823456e-03 6.840621586889028549e-03
3.627254509018035922e+00 6.005069240927696228e-03 1.778240315616130829e-03 6.386557128280401230e-03 6.314306054264307022e-03 6.153587251901626587e-03 5.558123346418142319e-03 4.842751193791627884e-03 5.854836199432611465e-03 6.398044526576995850e-03 6.498902570456266403e-03 5.556696560233831406e-03 6.860992405563592911e-03
3.647294589178356361e+00 6.024674046784639359e-03 1.780181191861629486e-03 6.406321655958890915e-03 6.334387697279453278e-03 6.177371367812156677e-03 5.576543509960174561e-03 4.861828871071338654e-03 5.873493850231170654e-03 6.418543867766857147e-03 6.519420538097620010e-03 5.579280667006969452e-03 6.882772780954837799e-03
3.667334669338677244e+00 6.045864894986152649e-03 1.782848383300006390e-03 6.427235901355743408e-03 6.356013007462024689e-03 6.202467251569032669e-03 5.595766473561525345e-03 4.881927277892827988e-03 5.893133115023374557e-03 6.440514698624610901e-03 6.541192997246980667e-03 5.602973978966474533e-03 6.906586233526468277e-03
3.687374749498997684e+00 6.068170536309480667e-03 1.785792643204331398e-03 6.449685897678136826e-03 6.379343103617429733e-03 6.228841375559568405e-03 5.616231355816125870e-03 4.903145134449005127e-03 5.913578905165195465e-03 6.463679950684309006e-03 6.563961040228605270e-03 5.627894774079322815e-03 6.931731943041086197e-03
3.707414829659318567e+00 6.091871298849582672e-03 1.788536901585757732e-03 6.473407614976167679e-03 6.404008716344833374e-03 6.256182212382555008e-03 5.638016853481531143e-03 4.925444256514310837e-03 5.935238674283027649e-03 6.488124839961528778e-03 6.588102784007787704e-03 5.653553642332553864e-03 6.957216653972864151e-03
3.727454909819639006e+00 6.116985343396663666e-03 1.791099668480455875e-03 6.498469971120357513e-03 6.429689936339855194e-03 6.284243892878293991e-03 5.661207251250743866e-03 4.948726855218410492e-03 5.958076566457748413e-03 6.513451691716909409e-03 6.613403093069791794e-03 5.679798312485218048e-03 6.983365397900342941e-03
3.747494989979959890e+00 6.143298931419849396e-03 1.793505041860044003e-03 6.524698808789253235e-03 6.456396542489528656e-03 6.313174962997436523e-03 5.685472860932350159e-03 4.972982220351696014e-03 5.981863941997289658e-03 6.539958529174327850e-03 6.639794446527957916e-03 5.707142874598503113e-03 7.010112982243299484e-03
3.767535070140280329e+00 6.170741282403469086e-03 1.795950345695018768e-03 6.552129983901977539e-03 6.483916658908128738e-03 6.342920940369367599e-03 5.710190627723932266e-03 4.998485092073678970e-03 6.006725132465362549e-03 6.567437667399644852e-03 6.667625159025192261e-03 5.735535640269517899e-03 7.037840783596038818e-03
3.787575150300601212e+00 6.199092604219913483e-03 1.798437326215207577e-03 6.580532062798738480e-03 6.512659136205911636e-03 6.373747251927852631e-03 5.735811311751604080e-03 5.024726968258619308e-03 6.032554898411035538e-03 6.595943588763475418e-03 6.696214899420738220e-03 5.764994770288467407e-03 7.066256366670131683e-03
3.807615230460921651e+00 6.228177808225154877e-03 1.801040838472545147e-03 6.610081531107425690e-03 6.542433053255081177e-03 6.405162159353494644e-03 5.762251559644937515e-03 5.051282700151205063e-03 6.058983504772186279e-03 6.625225767493247986e-03 6.725376471877098083e-03 5.795157048851251602e-03 7.094873581081628799e-03
3.827655310621242535e+00 6.257900968194007874e-03 1.804043189622461796e-03 6.640419363975524902e-03 6.573014892637729645e-03 6.437392439693212509e-03 5.790129769593477249e-03 5.078719928860664368e-03 6.085881963372230530e-03 6.655417382717132568e-03 6.755981594324111938e-03 5.825857631862163544e-03 7.124864961951971054e-03
3.847695390781562974e+00 6.288438569754362106e-03 1.807003864087164402e-03 6.671764887869358063e-03 6.604749243706464767e-03 6.470575463026762009e-03 5.819285288453102112e-03 5.106900352984666824e-03 6.113603711128234863e-03 6.686553824692964554e-03 6.787139456719160080e-03 5.857776850461959839e-03 7.155772764235734940e-03
3.867735470941883413e+00 6.319826003164052963e-03 1.810459187254309654e-03 6.703853141516447067e-03 6.637176498770713806e-03 6.504971999675035477e-03 5.849259905517101288e-03 5.135862156748771667e-03 6.142372731119394302e-03 6.718961987644433975e-03 6.819233763962984085e-03 5.890650209039449692e-03 7.188308518379926682e-03
3.887775551102204297e+00 6.352119147777557373e-03 1.813804148696362972e-03 6.736419163644313812e-03 6.670487578958272934e-03 6.540638860315084457e-03 5.880479235202074051e-03 5.165968555957078934e-03 6.172404624521732330e-03 6.752442568540573120e-03 6.851982325315475464e-03 5.924458615481853485e-03 7.222282234579324722e-03
3.907815631262524736e+00 6.385191809386014938e-03 1.816799165681004524e-03 6.770185194909572601e-03 6.704413332045078278e-03 6.577305961400270462e-03 5.912502296268939972e-03 5.197273567318916321e-03 6.204284261912107468e-03 6.786548998206853867e-03 6.885225884616374969e-03 5.958977621048688889e-03 7.257115561515092850e-03
3.927855711422845619e+00 6.419313140213489532e-03 1.820255303755402565e-03 6.805373355746269226e-03 6.739451549947261810e-03 6.615204270929098129e-03 5.945238284766674042e-03 5.229446105659008026e-03 6.237682886421680450e-03 6.821721792221069336e-03 6.919268984347581863e-03 5.994250066578388214e-03 7.293371018022298813e-03
3.947895791583166059e+00 6.454279180616140366e-03 1.823668717406690121e-03 6.841561291366815567e-03 6.774880923330783844e-03 6.654141936451196671e-03 5.978679750114679337e-03 5.262476857751607895e-03 6.272261962294578552e-03 6.858159787952899933e-03 6.954358424991369247e-03 6.029951386153697968e-03 7.329918444156646729e-03
3.967935871743486942e+00 6.490021478384733200e-03 1.826953259296715260e-03 6.878316402435302734e-03 6.811117287725210190e-03 6.694031413644552231e-03 6.012751255184412003e-03 5.296442657709121704e-03 6.307445932179689407e-03 6.895297672599554062e-03 6.990623194724321365e-03 6.066854577511548996e-03 7.367107085883617401e-03
3.987975951903807381e+00 6.526647135615348816e-03 1.830023014917969704e-03 6.915376987308263779e-03 6.848485674709081650e-03 6.734254769980907440e-03 6.047370377928018570e-03 5.331116728484630585e-03 6.343079730868339539e-03 6.933042313903570175e-03 7.027625571936368942e-03 6.104629021137952805e-03 7.404697127640247345e-03
4.008016032064127820e+00 6.564261391758918762e-03 1.833388232626020908e-03 6.953003816306591034e-03 6.886987015604972839e-03 6.775138434022665024e-03 6.082445383071899414e-03 5.366174969822168350e-03 6.379406899213790894e-03 6.971841212362051010e-03 7.065027020871639252e-03 6.143094971776008606e-03 7.443072739988565445e-03
4.028056112224448704e+00 6.602759473025798798e-03 1.836921786889433861e-03 6.991223897784948349e-03 6.926407571882009506e-03 6.816421635448932648e-03 6.118281744420528412e-03 5.401690024882555008e-03 6.416270975023508072e-03 7.010946515947580338e-03 7.103245239704847336e-03 6.181945092976093292e-03 7.482240907847881317e-03
4.048096192384769587e+00 6.641950458288192749e-03 1.840066048316657543e-03 7.029939442873001099e-03 6.966221611946821213e-03 6.857598666101694107e-03 6.155219860374927521e-03 5.438372492790222168e-03 6.453727837651968002e-03 7.050316780805587769e-03 7.142575457692146301e-03 6.221349351108074188e-03 7.522409781813621521e-03
4.068136272545089582e+00 6.681649014353752136e-03 1.843611709773540497e-03 7.069395855069160461e-03 7.006666623055934906e-03 6.898811087012290955e-03 6.192715838551521301e-03 5.475566256791353226e-03 6.491202861070632935e-03 7.089878898113965988e-03 7.182576227933168411e-03 6.261495873332023621e-03 7.563977036625146866e-03
4.088176352705410466e+00 6.722095888108015060e-03 1.847778796218335629e-03 7.109974976629018784e-03 7.047639694064855576e-03 6.940805353224277496e-03 6.230896338820457458e-03 5.513074807822704315e-03 6.528838071972131729e-03 7.130618672817945480e-03 7.223208900541067123e-03 6.302500609308481216e-03 7.606653962284326553e-03
4.108216432865731349e+00 6.763129495084285736e-03 1.851921784691512585e-03 7.151397876441478729e-03 7.089010439813137054e-03 6.983097642660140991e-03 6.269943900406360626e-03 5.551163107156753540e-03 6.566298194229602814e-03 7.172269746661186218e-03 7.264287676662206650e-03 6.344445981085300446e-03 7.649956736713647842e-03
4.128256513026052232e+00 6.804843433201313019e-03 1.855900976806879044e-03 7.193454075604677200e-03 7.130947429686784744e-03 7.026409730315208435e-03 6.309967488050460815e-03 5.590037908405065536e-03 6.603697780519723892e-03 7.214288227260112762e-03 7.305991370230913162e-03 6.387086119502782822e-03 7.693880703300237656e-03
4.148296593186372228e+00 6.847293116152286530e-03 1.859510084614157677e-03 7.236262783408164978e-03 7.173684425652027130e-03 7.070286665111780167e-03 6.350797135382890701e-03 5.629854276776313782e-03 6.641286425292491913e-03 7.256940007209777832e-03 7.348251529037952423e-03 6.430652923882007599e-03 7.738185115158557892e-03
4.168336673346693111e+00 6.890342570841312408e-03 1.862829318270087242e-03 7.279458455741405487e-03 7.217037025839090347e-03 7.115568500012159348e-03 6.392694544047117233e-03 5.670294631272554398e-03 6.679519079625606537e-03 7.300155702978372574e-03 7.390909828245639801e-03 6.474980618804693222e-03 7.782846223562955856e-03
4.188376753507013994e+00 6.934112403541803360e-03 1.865945989266037941e-03 7.323723286390304565e-03 7.260936312377452850e-03 7.161350920796394348e-03 6.435455754399299622e-03 5.711429286748170853e-03 6.718828808516263962e-03 7.343812379986047745e-03 7.434814237058162689e-03 6.519875489175319672e-03 7.827631197869777679e-03
4.208416833667334878e+00 6.978516001254320145e-03 1.869239844381809235e-03 7.369032129645347595e-03 7.305568084120750427e-03 7.207840215414762497e-03 6.478964351117610931e-03 5.753166042268276215e-03 6.759366951882839203e-03 7.388041820377111435e-03 7.479486986994743347e-03 6.564856506884098053e-03 7.873024791479110718e-03
4.228456913827654873e+00 7.023656275123357773e-03 1.871976652182638645e-03 7.415015716105699539e-03 7.350601721554994583e-03 7.255064789205789566e-03 6.523238960653543472e-03 5.795608740299940109e-03 6.801496725529432297e-03 7.432928308844566345e-03 7.524594664573669434e-03 6.610348355025053024e-03 7.918404415249824524e-03
4.248496993987975756e+00 7.069473620504140854e-03 1.874665264040231705e-03 7.461085915565490723e-03 7.396171335130929947e-03 7.302857469767332077e-03 6.567831616848707199e-03 5.838483106344938278e-03 6.845043972134590149e-03 7.478744257241487503e-03 7.570462301373481750e-03 6.657049525529146194e-03 7.964412681758403778e-03
4.268537074148296639e+00 7.115690037608146667e-03 1.877375645563006401e-03 7.507249712944030762e-03 7.442397065460681915e-03 7.351243868470191956e-03 6.612366065382957458e-03 5.882145836949348450e-03 6.890355609357357025e-03 7.525151595473289490e-03 7.617040071636438370e-03 6.704088766127824783e-03 8.011174388229846954e-03
4.288577154308616635e+00 7.162564899772405624e-03 1.879736082628369331e-03 7.553499657660722733e-03 7.489731535315513611e-03 7.400171365588903427e-03 6.657438352704048157e-03 5.926675163209438324e-03 6.936748977750539780e-03 7.571900729089975357e-03 7.664076518267393112e-03 6.751786451786756516e-03 8.058547973632812500e-03
4.308617234468937518e+00 7.210062816739082336e-03 1.882125739939510822e-03 7.599921897053718567e-03 7.537750061601400375e-03 7.448942400515079498e-03 6.703394465148448944e-03 5.971399135887622833e-03 6.984009407460689545e-03 7.619286887347698212e-03 7.711344864219427109e-03 6.800213828682899475e-03 8.106856606900691986e-03
4.328657314629258401e+00 7.258067373186349869e-03 1.884377328678965569e-03 7.646915502846240997e-03 7.586327381432056427e-03 7.497912272810935974e-03 6.749778520315885544e-03 6.017013918608427048e-03 7.031339686363935471e-03 7.666697725653648376e-03 7.758770138025283813e-03 6.848561577498912811e-03 8.155929856002330780e-03
4.348697394789579285e+00 7.306734099984169006e-03 1.886879676021635532e-03 7.694984320551156998e-03 7.635551504790782928e-03 7.547341752797365189e-03 6.796606350690126419e-03 6.063463166356086731e-03 7.078966125845909119e-03 7.714597973972558975e-03 7.806927431374788284e-03 6.896851118654012680e-03 8.205798454582691193e-03
4.368737474949899280e+00 7.355687674134969711e-03 1.889298087917268276e-03 7.743398658931255341e-03 7.684799842536449432e-03 7.596991024911403656e-03 6.843984592705965042e-03 6.110114511102437973e-03 7.126608863472938538e-03 7.763052824884653091e-03 7.855550386011600494e-03 6.945829372853040695e-03 8.255785331130027771e-03
4.388777555110220163e+00 7.405168842524290085e-03 1.891277031973004341e-03 7.792219985276460648e-03 7.734157610684633255e-03 7.647265214473009109e-03 6.891982164233922958e-03 6.157400086522102356e-03 7.173991762101650238e-03 7.812271825969219208e-03 7.904616184532642365e-03 6.995880044996738434e-03 8.305733092129230499e-03
4.408817635270541047e+00 7.454931735992431641e-03 1.892770989798009396e-03 7.841396145522594452e-03 7.783719338476657867e-03 7.698051165789365768e-03 6.940871477127075195e-03 6.205375306308269501e-03 7.221534382551908493e-03 7.861653342843055725e-03 7.953801192343235016e-03 7.046461105346679688e-03 8.356004953384399414e-03
4.428857715430861930e+00 7.505484856665134430e-03 1.893892767839133739e-03 7.891016080975532532e-03 7.833519019186496735e-03 7.749754469841718674e-03 6.990440655499696732e-03 6.253717467188835144e-03 7.269266527146100998e-03 7.911093533039093018e-03 8.003225550055503845e-03 7.097469642758369446e-03 8.406249806284904480e-03
4.448897795591181925e+00 7.556564640253782272e-03 1.895117224194109440e-03 7.941095158457756042e-03 7.883215323090553284e-03 7.802485954016447067e-03 7.039931137114763260e-03 6.302386987954378128e-03 7.317459676414728165e-03 7.961385883390903473e-03 8.053689263761043549e-03 7.149586919695138931e-03 8.456530049443244934e-03
4.468937875751502808e+00 7.607839070260524750e-03 1.895672874525189400e-03 7.991727441549301147e-03 7.933462038636207581e-03 7.855232805013656616e-03 7.090246770530939102e-03 6.351605989038944244e-03 7.365861441940069199e-03 8.011415600776672363e-03 8.104527369141578674e-03 7.201682310551404953e-03 8.506204001605510712e-03
4.488977955911823692e+00 7.659421768039464951e-03 1.895392895676195621e-03 8.041520603001117706e-03 7.984218187630176544e-03 7.908463478088378906e-03 7.140608504414558411e-03 6.401686463505029678e-03 7.414627354592084885e-03 8.061820641160011292e-03 8.155399933457374573e-03 7.254358381032943726e-03 8.555644191801548004e-03
4.509018036072143687e+00 7.711396552622318268e-03 1.895063323900103569e-03 8.091697469353675842e-03 8.035663515329360962e-03 7.961704395711421967e-03 7.191806100308895111e-03 6.452117580920457840e-03 7.464078254997730255e-03 8.113143034279346466e-03 8.206340484321117401e-03 7.307431660592556000e-03 8.605571463704109192e-03
4.529058116232464570e+00 7.763634901493787766e-03 1.894201966933906078e-03 8.142357692122459412e-03 8.087879978120326996e-03 8.014966733753681183e-03 7.243929430842399597e-03 6.503268145024776459e-03 7.514674216508865356e-03 8.164928294718265533e-03 8.257918991148471832e-03 7.360707968473434448e-03 8.655349723994731903e-03
4.549098196392785454e+00 7.816236466169357300e-03 1.892716391012072563e-03 8.193520829081535339e-03 8.140633814036846161e-03 8.067987859249114990e-03 7.296577095985412598e-03 6.554957479238510132e-03 7.566342130303382874e-03 8.216973394155502319e-03 8.309529162943363190e-03 7.414747960865497589e-03 8.705145679414272308e-03
4.569138276553106337e+00 7.869228720664978027e-03 1.890788553282618523e-03 8.245269767940044403e-03 8.193765766918659210e-03 8.120913989841938019e-03 7.349717896431684494e-03 6.607247516512870789e-03 7.619522046297788620e-03 8.269070647656917572e-03 8.361479267477989197e-03 7.469579577445983887e-03 8.755470626056194305e-03
4.589178356713426332e+00 7.922481745481491089e-03 1.889039180241525173e-03 8.297068998217582703e-03 8.246843703091144562e-03 8.174085058271884918e-03 7.403449621051549911e-03 6.659776903688907623e-03 7.674199528992176056e-03 8.321689441800117493e-03 8.413759991526603699e-03 7.524351123720407486e-03 8.806845173239707947e-03
4.609218436873747216e+00 7.975865155458450317e-03 1.887709717266261578e-03 8.349651470780372620e-03 8.299799636006355286e-03 8.227735757827758789e-03 7.457372732460498810e-03 6.712550763040781021e-03 7.729591336101293564e-03 8.374460041522979736e-03 8.466155268251895905e-03 7.579555734992027283e-03 8.859453722834587097e-03
4.629258517034068099e+00 8.029496297240257263e-03 1.886288402602076530e-03 8.402333594858646393e-03 8.352523669600486755e-03 8.282296359539031982e-03 7.511605508625507355e-03 6.765987258404493332e-03 7.785106077790260315e-03 8.427684195339679718e-03 8.518498390913009644e-03 7.635104935616254807e-03 8.912864141166210175e-03
4.649298597194388982e+00 8.083228953182697296e-03 1.884761382825672626e-03 8.455248549580574036e-03 8.405463770031929016e-03 8.336596190929412842e-03 7.566162850707769394e-03 6.819868460297584534e-03 7.840435020625591278e-03 8.481010794639587402e-03 8.570643141865730286e-03 7.691191975027322769e-03 8.967046625912189484e-03
4.669338677354708977e+00 8.137424476444721222e-03 1.883243676275014877e-03 8.508300408720970154e-03 8.458602242171764374e-03 8.391282521188259125e-03 7.620539050549268723e-03 6.874265149235725403e-03 7.895412854850292206e-03 8.534532040357589722e-03 8.623081259429454803e-03 7.747376337647438049e-03 9.021483361721038818e-03
4.689378757515029861e+00 8.191834203898906708e-03 1.881426083855330944e-03 8.561273105442523956e-03 8.512050844728946686e-03 8.445518091320991516e-03 7.674991153180599213e-03 6.929086986929178238e-03 7.949874736368656158e-03 8.588233031332492828e-03 8.675180375576019287e-03 7.803754881024360657e-03 9.076094254851341248e-03
4.709418837675350744e+00 8.246100507676601410e-03 1.878902432508766651e-03 8.614169433712959290e-03 8.565244264900684357e-03 8.499836549162864685e-03 7.729888893663883209e-03 6.984577048569917679e-03 8.003517054021358490e-03 8.642142638564109802e-03 8.727082982659339905e-03 7.860057987272739410e-03 9.130212478339672089e-03
4.729458917835670739e+00 8.300527930259704590e-03 1.875819289125502110e-03 8.666872046887874603e-03 8.618412539362907410e-03 8.554682135581970215e-03 7.785139605402946472e-03 7.040301803499460220e-03 8.057062514126300812e-03 8.696636185050010681e-03 8.778688497841358185e-03 7.916801609098911285e-03 9.183727204799652100e-03
4.749498997995991623e+00 8.355521596968173981e-03 1.871974673122167587e-03 8.720383979380130768e-03 8.671711198985576630e-03 8.609696291387081146e-03 7.840133272111415863e-03 7.096613757312297821e-03 8.110115304589271545e-03 8.751204237341880798e-03 8.829987607896327972e-03 7.974246516823768616e-03 9.236347861588001251e-03
4.769539078156312506e+00 8.410605601966381073e-03 1.867665094323456287e-03 8.774025365710258484e-03 8.724815212190151215e-03 8.665222674608230591e-03 7.894948124885559082e-03 7.153158541768789291e-03 8.163448423147201538e-03 8.805627934634685516e-03 8.881635963916778564e-03 8.031577803194522858e-03 9.287985041737556458e-03
4.789579158316633389e+00 8.465677499771118164e-03 1.862668432295322418e-03 8.827488869428634644e-03 8.778058923780918121e-03 8.721017278730869293e-03 7.950727827847003937e-03 7.210059557110071182e-03 8.217660710215568542e-03 8.860391564667224884e-03 8.933955803513526917e-03 8.089880459010601044e-03 9.339307434856891632e-03
4.809619238476953385e+00 8.521043695509433746e-03 1.857304712757468224e-03 8.880512788891792297e-03 8.831418119370937347e-03 8.777455426752567291e-03 8.006805554032325745e-03 7.267258595675230026e-03 8.272428996860980988e-03 8.914465084671974182e-03 8.986513130366802216e-03 8.147595450282096863e-03 9.390562772750854492e-03
4.829659318637274268e+00 8.576774038374423981e-03 1.851707231253385544e-03 8.933392353355884552e-03 8.885106071829795837e-03 8.833726868033409119e-03 8.062482811510562897e-03 7.324892561882734299e-03 8.327797986567020416e-03 8.968493901193141937e-03 9.039483964443206787e-03 8.205552585422992706e-03 9.441862814128398895e-03
4.849699398797595151e+00 8.632473647594451904e-03 1.845653867349028587e-03 8.986247703433036804e-03 8.939178660511970520e-03 8.889911696314811707e-03 8.118175901472568512e-03 7.382834330201148987e-03 8.383915759623050690e-03 9.022340178489685059e-03 9.092570282518863678e-03 8.263849653303623199e-03 9.492889977991580963e-03
4.869739478957916035e+00 8.688617497682571411e-03 1.839780481532216072e-03 9.039491415023803711e-03 8.993693627417087555e-03 8.946378715336322784e-03 8.173696696758270264e-03 7.441127672791481018e-03 8.440046571195125580e-03 9.075875394046306610e-03 9.145732969045639038e-03 8.321813307702541351e-03 9.544374421238899231e-03
4.889779559118236030e+00 8.744995109736919403e-03 1.833835616707801819e-03 9.093062020838260651e-03 9.048636071383953094e-03 9.002667851746082306e-03 8.229259401559829712e-03 7.500048261135816574e-03 8.495910093188285828e-03 9.129929356276988983e-03 9.199320338666439056e-03 8.379670791327953339e-03 9.595866315066814423e-03
4.909819639278556913e+00 8.801261894404888153e-03 1.828236854635179043e-03 9.147144854068756104e-03 9.104217402637004852e-03 9.058095514774322510e-03 8.285507559776306152e-03 7.559030316770076752e-03 8.551660925149917603e-03 9.184025228023529053e-03 9.253416210412979126e-03 8.437813259661197662e-03 9.648185223340988159e-03
4.929859719438877796e+00 8.857835084199905396e-03 1.823014114052057266e-03 9.201645851135253906e-03 9.160172194242477417e-03 9.113726206123828888e-03 8.342275395989418030e-03 7.618266157805919647e-03 8.607238531112670898e-03 9.239259175956249237e-03 9.307261556386947632e-03 8.495756424963474274e-03 9.701188653707504272e-03
4.949899799599197792e+00 8.914930745959281921e-03 1.817776705138385296e-03 9.256513789296150208e-03 9.216567501425743103e-03 9.168676100671291351e-03 8.399606682360172272e-03 7.677937392145395279e-03 8.662831969559192657e-03 9.294473566114902496e-03 9.361465461552143097e-03 8.553366176784038544e-03 9.754837490618228912e-03
4.969939879759518675e+00 8.972003124654293060e-03 1.812615431845188141e-03 9.311886504292488098e-03 9.272731840610504150e-03 9.223758243024349213e-03 8.456677198410034180e-03 7.737787906080484390e-03 8.718178607523441315e-03 9.349445812404155731e-03 9.415406733751296997e-03 8.611323311924934387e-03 9.808893315494060516e-03
4.989979959919839558e+00 9.029516018927097321e-03 1.807382563129067421e-03 9.367647580802440643e-03 9.328964166343212128e-03 9.279015474021434784e-03 8.514248766005039215e-03 7.797636091709136963e-03 8.773488923907279968e-03 9.404250420629978180e-03 9.469770826399326324e-03 8.668772876262664795e-03 9.862559847533702850e-03
5.010020040080160442e+00 9.086793288588523865e-03 1.801199745386838913e-03 9.423113428056240082e-03 9.384829550981521606e-03 9.333918802440166473e-03 8.572417311370372772e-03 7.857759483158588409e-03 8.828661404550075531e-03 9.458721615374088287e-03 9.523754008114337921e-03 8.726954460144042969e-03 9.915844537317752838e-03
5.030060120240480437e+00 9.144142270088195801e-03 1.793970237486064434e-03 9.478646330535411835e-03 9.439850226044654846e-03 9.389270097017288208e-03 8.631916716694831848e-03 7.918125949800014496e-03 8.884106762707233429e-03 9.513410739600658417e-03 9.577278047800064087e-03 8.785638026893138885e-03 9.968614205718040466e-03
5.050100200400801320e+00 9.201237931847572327e-03 1.786603126674890518e-03 9.534277953207492828e-03 9.495012462139129639e-03 9.444290772080421448e-03 8.691778406500816345e-03 7.978339679539203644e-03 8.939092978835105896e-03 9.568032808601856232e-03 9.630536660552024841e-03 8.844834752380847931e-03 1.002126559615135193e-02
5.070140280561122204e+00 9.258122183382511139e-03 1.778403180651366711e-03 9.589200839400291443e-03 9.550114162266254425e-03 9.499375708401203156e-03 8.752349764108657837e-03 8.039179258048534393e-03 8.993762545287609100e-03 9.623236954212188721e-03 9.683856740593910217e-03 8.904952555894851685e-03 1.007370743900537491e-02
5.090180360721443087e+00 9.314942173659801483e-03 1.769480644725263119e-03 9.643393568694591522e-03 9.604285471141338348e-03 9.554049000144004822e-03 8.813042193651199341e-03 8.100452832877635956e-03 9.047914296388626099e-03 9.677940979599952698e-03 9.736879728734493256e-03 8.965820074081420898e-03 1.012653764337301254e-02
5.110220440881763082e+00 9.371690452098846436e-03 1.759638078510761261e-03 9.696143679320812225e-03 9.658009745180606842e-03 9.608826600015163422e-03 8.873311802744865417e-03 8.162328042089939117e-03 9.101280011236667633e-03 9.732569567859172821e-03 9.790251031517982483e-03 9.027266874909400940e-03 1.017849519848823547e-02
5.130260521042083965e+00 9.428312070667743683e-03 1.748996437527239323e-03 9.748331271111965179e-03 9.711178019642829895e-03 9.662264026701450348e-03 8.933862671256065369e-03 8.224323391914367676e-03 9.154612198472023010e-03 9.786520153284072876e-03 9.843368083238601685e-03 9.088127873837947845e-03 1.022997871041297913e-02
5.150300601202404849e+00 9.484636597335338593e-03 1.737770740874111652e-03 9.799376130104064941e-03 9.764134883880615234e-03 9.714833460748195648e-03 8.993770927190780640e-03 8.286173455417156219e-03 9.207927621901035309e-03 9.839058853685855865e-03 9.895690716803073883e-03 9.147930890321731567e-03 1.028084382414817810e-02
5.170340681362724844e+00 9.540670551359653473e-03 1.726359943859279156e-03 9.850951842963695526e-03 9.817125275731086731e-03 9.766816161572933197e-03 9.053040295839309692e-03 8.348418399691581726e-03 9.261999279260635376e-03 9.891648776829242706e-03 9.947492741048336029e-03 9.207425639033317566e-03 1.033174525946378708e-02
5.190380761523045727e+00 9.596066549420356750e-03 1.713763922452926636e-03 9.902328252792358398e-03 9.869422763586044312e-03 9.818985126912593842e-03 9.112198837101459503e-03 8.411048911511898041e-03 9.317076765000820160e-03 9.944275021553039551e-03 9.998300112783908844e-03 9.266098029911518097e-03 1.038124784827232361e-02
5.210420841683366611e+00 9.650950320065021515e-03 1.701649394817650318e-03 9.953834116458892822e-03 9.921453893184661865e-03 9.870850481092929840e-03 9.170089848339557648e-03 8.473491296172142029e-03 9.372472763061523438e-03 9.997218847274780273e-03 1.004892773926258087e-02 9.324008598923683167e-03 1.043055392801761627e-02
5.230460921843687494e+00 9.705636650323867798e-03 1.688646967522799969e-03 1.000497117638587952e-02 9.973265230655670166e-03 9.923163801431655884e-03 9.227545931935310364e-03 8.536370471119880676e-03 9.428759105503559113e-03 1.004960946738719940e-02 1.009901799261569977e-02 9.382072836160659790e-03 1.047927979379892349e-02
5.250501002004007489e+00 9.760369546711444855e-03 1.674656406976282597e-03 1.005514711141586304e-02 1.002565398812294006e-02 9.975889697670936584e-03 9.285233914852142334e-03 8.599792607128620148e-03 9.485432878136634827e-03 1.010121684521436691e-02 1.014871429651975632e-02 9.440032765269279480e-03 1.052749995142221451e-02
5.270541082164328373e+00 9.814913384616374969e-03 1.660768524743616581e-03 1.010531187057495117e-02 1.007805857807397842e-02 1.002880465239286423e-02 9.342580102384090424e-03 8.663198910653591156e-03 9.542019106447696686e-03 1.015265379101037979e-02 1.019817683845758438e-02 9.497972205281257629e-03 1.057578530162572861e-02
5.290581162324649256e+00 9.869226254522800446e-03 1.646834658458828926e-03 1.015604101121425629e-02 1.013024896383285522e-02 1.008197851479053497e-02 9.400194510817527771e-03 8.726435713469982147e-03 9.598883800208568573e-03 1.020338013768196106e-02 1.024811714887619019e-02 9.554910473525524139e-03 1.062340289354324341e-02
5.310621242484970139e+00 9.922961704432964325e-03 1.632795087061822414e-03 1.020667236298322678e-02 1.018151361495256424e-02 1.013527996838092804e-02 9.457400068640708923e-03 8.789008483290672302e-03 9.654886089265346527e-03 1.025417540222406387e-02 1.029788982123136520e-02 9.611402638256549835e-03 1.066937856376171112e-02
5.330661322645290134e+00 9.976577945053577423e-03 1.619175658561289310e-03 1.025729067623615265e-02 1.023299805819988251e-02 1.018829829990863800e-02 9.514565579593181610e-03 8.851380087435245514e-03 9.711020626127719879e-03 1.030572783201932907e-02 1.034799590706825256e-02 9.667622856795787811e-03 1.071537192910909653e-02
5.350701402805611018e+00 1.002992503345012665e-02 1.605197088792920113e-03 1.030767895281314850e-02 1.028456166386604309e-02 1.024121418595314026e-02 9.571884758770465851e-03 8.913478814065456390e-03 9.766851551830768585e-03 1.035693008452653885e-02 1.039715483784675598e-02 9.723610244691371918e-03 1.076075434684753418e-02
5.370741482965931901e+00 1.008339039981365204e-02 1.590586733072996140e-03 1.035784184932708740e-02 1.033597066998481750e-02 1.029359549283981323e-02 9.628443978726863861e-03 8.975534699857234955e-03 9.822754189372062683e-03 1.040791347622871399e-02 1.044611260294914246e-02 9.780260734260082245e-03 1.080499123781919479e-02
5.390781563126251896e+00 1.013720594346523285e-02 1.575751346535980701e-03 1.040733233094215393e-02 1.038711890578269958e-02 1.034602802246809006e-02 9.684924036264419556e-03 9.037848562002182007e-03 9.877518750727176666e-03 1.045910827815532684e-02 1.049454137682914734e-02 9.836845099925994873e-03 1.084912382066249847e-02
5.410821643286572780e+00 1.019068062305450439e-02 1.560815493576228619e-03 1.045647822320461273e-02 1.043836120516061783e-02 1.039941422641277313e-02 9.741344489157199860e-03 9.100193157792091370e-03 9.931949898600578308e-03 1.051032915711402893e-02 1.054268516600131989e-02 9.894094429910182953e-03 1.089311204850673676e-02
5.430861723446893663e+00 1.024374738335609436e-02 1.545320148579776287e-03 1.050556916743516922e-02 1.048948615789413452e-02 1.045356225222349167e-02 9.797641076147556305e-03 9.163150563836097717e-03 9.985937736928462982e-03 1.056157983839511871e-02 1.059022825211286545e-02 9.952269494533538818e-03 1.093703508377075195e-02
5.450901803607214546e+00 1.029671728610992432e-02 1.529580098576843739e-03 1.055491901934146881e-02 1.054051890969276428e-02 1.050673518329858780e-02 9.853363037109375000e-03 9.225588291883468628e-03 1.003991160541772842e-02 1.061184331774711609e-02 1.063696108758449554e-02 1.001014560461044312e-02 1.098013948649168015e-02
5.470941883767534542e+00 1.034957729279994965e-02 1.513278111815452576e-03 1.060471963137388229e-02 1.059090066701173782e-02 1.055983547121286392e-02 9.909044951200485229e-03 9.288112632930278778e-03 1.009386964142322540e-02 1.066116895526647568e-02 1.068344619125127792e-02 1.006788853555917740e-02 1.102262083441019058e-02
5.490981963927855425e+00 1.040208432823419571e-02 1.496914541348814964e-03 1.065447274595499039e-02 1.064044144004583359e-02 1.061165239661931992e-02 9.964716620743274689e-03 9.350327774882316589e-03 1.014740578830242157e-02 1.070913765579462051e-02 1.073026098310947418e-02 1.012536138296127319e-02 1.106534153223037720e-02
5.511022044088176308e+00 1.045459229499101639e-02 1.480674021877348423e-03 1.070316974073648453e-02 1.069009769707918167e-02 1.066234149038791656e-02 1.002068631350994110e-02 9.412194602191448212e-03 1.020010840147733688e-02 1.075584627687931061e-02 1.077686250209808350e-02 1.018265821039676666e-02 1.110895164310932159e-02
5.531062124248497192e+00 1.050631143152713776e-02 1.464135595597326756e-03 1.075076684355735779e-02 1.073925942182540894e-02 1.071264222264289856e-02 1.007628533989191055e-02 9.473708458244800568e-03 1.025256700813770294e-02 1.080192346125841141e-02 1.082341745495796204e-02 1.024035457521677017e-02 1.115217525511980057e-02
5.551102204408817187e+00 1.055730134248733521e-02 1.447152346372604370e-03 1.079734321683645248e-02 1.078728958964347839e-02 1.076207123696804047e-02 1.013167481869459152e-02 9.535057470202445984e-03 1.030563097447156906e-02 1.084813661873340607e-02 1.087051350623369217e-02 1.029793731868267059e-02 1.119492668658494949e-02
5.571142284569138070e+00 1.060798391699790955e-02 1.430529169738292694e-03 1.084373891353607178e-02 1.083530858159065247e-02 1.081102900207042694e-02 1.018681842833757401e-02 9.595687501132488251e-03 1.035917922854423523e-02 1.089398749172687531e-02 1.091710478067398071e-02 1.035502739250659943e-02 1.123779453337192535e-02
5.591182364729458953e+00 1.065784227102994919e-02 1.413261052221059799e-03 1.089035067707300186e-02 1.088265050202608109e-02 1.085887569934129715e-02 1.024151593446731567e-02 9.656223468482494354e-03 1.041313912719488144e-02 1.093929726630449295e-02 1.096320152282714844e-02 1.041233353316783905e-02 1.128002628684043884e-02
5.611222444889778949e+00 1.070714369416236877e-02 1.394731807522475719e-03 1.093663461506366730e-02 1.092933584004640579e-02 1.090597733855247498e-02 1.029599923640489578e-02 9.717750363051891327e-03 1.046738773584365845e-02 1.098433695733547211e-02 1.100961770862340927e-02 1.046873815357685089e-02 1.132116280496120453e-02
5.631262525050099832e+00 1.075612660497426987e-02 1.375631662085652351e-03 1.098295114934444427e-02 1.097581721842288971e-02 1.095206104218959808e-02 1.035005878657102585e-02 9.778978303074836731e-03 1.052059326320886612e-02 1.102828234434127808e-02 1.105459965765476227e-02 1.052398700267076492e-02 1.136095821857452393e-02
5.651302605210420715e+00 1.080441195517778397e-02 1.356124761514365673e-03 1.102832425385713577e-02 1.102135702967643738e-02 1.099758502095937729e-02 1.040298677980899811e-02 9.840266779065132141e-03 1.057264674454927444e-02 1.107171364128589630e-02 1.109930127859115601e-02 1.057826913893222809e-02 1.139960810542106628e-02
5.671342685370741599e+00 1.085168682038784027e-02 1.335757318884134293e-03 1.107305660843849182e-02 1.106592454016208649e-02 1.104287989437580109e-02 1.045563630759716034e-02 9.901726618409156799e-03 1.062457077205181122e-02 1.111506950110197067e-02 1.114388555288314819e-02 1.063246186822652817e-02 1.143708731979131699e-02
5.691382765531061594e+00 1.089887972921133041e-02 1.314505469053983688e-03 1.111731026321649551e-02 1.110967993736267090e-02 1.108726020902395248e-02 1.050791144371032715e-02 9.963629767298698425e-03 1.067590247839689255e-02 1.115807797759771347e-02 1.118763443082571030e-02 1.068694796413183212e-02 1.147421076893806458e-02
5.711422845691382477e+00 1.094644237309694290e-02 1.292884931899607182e-03 1.116085052490234375e-02 1.115287281572818756e-02 1.113091595470905304e-02 1.056041661649942398e-02 1.002540253102779388e-02 1.072616036981344223e-02 1.120055373758077621e-02 1.123061217367649078e-02 1.074062008410692215e-02 1.151101663708686829e-02
5.731462925851703361e+00 1.099370140582323074e-02 1.270034234039485455e-03 1.120503246784210205e-02 1.119514927268028259e-02 1.117279473692178726e-02 1.061380747705698013e-02 1.008741836994886398e-02 1.077672466635704041e-02 1.124229747802019119e-02 1.127218827605247498e-02 1.079354342073202133e-02 1.154754031449556351e-02
5.751503006012024244e+00 1.104061026126146317e-02 1.246835105121135712e-03 1.124820113182067871e-02 1.123758126050233841e-02 1.121385581791400909e-02 1.066604908555746078e-02 1.014919765293598175e-02 1.082612387835979462e-02 1.128324121236801147e-02 1.131178066134452820e-02 1.084612496197223663e-02 1.158343907445669174e-02
5.771543086172344239e+00 1.108696404844522476e-02 1.223479630425572395e-03 1.129086874425411224e-02 1.127980649471282959e-02 1.125442422926425934e-02 1.071765366941690445e-02 1.021053083240985870e-02 1.087482925504446030e-02 1.132403314113616943e-02 1.135001983493566513e-02 1.089812535792589188e-02 1.161847822368144989e-02
5.791583166332665122e+00 1.113269757479429245e-02 1.200200174935162067e-03 1.133245602250099182e-02 1.132168155163526535e-02 1.129479706287384033e-02 1.076926663517951965e-02 1.027185376733541489e-02 1.092199329286813736e-02 1.136472448706626892e-02 1.138703431934118271e-02 1.095000375062227249e-02 1.165427360683679581e-02
5.811623246492986006e+00 1.117891166359186172e-02 1.176658319309353828e-03 1.137346867471933365e-02 1.136328559368848801e-02 1.133479923009872437e-02 1.082032453268766403e-02 1.033307798206806183e-02 1.096842810511589050e-02 1.140484120696783066e-02 1.142316032201051712e-02 1.100039109587669373e-02 1.168906688690185547e-02
5.831663326653306001e+00 1.122444681823253632e-02 1.152656623162329197e-03 1.141400542110204697e-02 1.140405051410198212e-02 1.137512922286987305e-02 1.087126228958368301e-02 1.039442420005798340e-02 1.101464312523603439e-02 1.144399773329496384e-02 1.145880855619907379e-02 1.104941591620445251e-02 1.172337215393781662e-02
5.851703406813626884e+00 1.126884203404188156e-02 1.128280651755630970e-03 1.145367138087749481e-02 1.144386176019906998e-02 1.141575910151004791e-02 1.092215906828641891e-02 1.045504212379455566e-02 1.105993799865245819e-02 1.148300990462303162e-02 1.149370241910219193e-02 1.109896786510944366e-02 1.175649184733629227e-02
5.871743486973947768e+00 1.131255924701690674e-02 1.103687565773725510e-03 1.149235107004642487e-02 1.148292236030101776e-02 1.145619619637727737e-02 1.097269076853990555e-02 1.051517110317945480e-02 1.110453810542821884e-02 1.152183488011360168e-02 1.152796857059001923e-02 1.114767324179410934e-02 1.178857497870922089e-02
5.891783567134268651e+00 1.135594584047794342e-02 1.079278998076915741e-03 1.152986101806163788e-02 1.152234245091676712e-02 1.149685308337211609e-02 1.102325785905122757e-02 1.057447586208581924e-02 1.114953216165304184e-02 1.156052760779857635e-02 1.156207360327243805e-02 1.119617279618978500e-02 1.182020362466573715e-02
5.911823647294588646e+00 1.139847468584775925e-02 1.054774736985564232e-03 1.156659610569477081e-02 1.156235300004482269e-02 1.153618562966585159e-02 1.107374392449855804e-02 1.063371635973453522e-02 1.119273435324430466e-02 1.159790065139532089e-02 1.159542240202426910e-02 1.124360319226980209e-02 1.185181271284818649e-02
5.931863727454909530e+00 1.144044566899538040e-02 1.030437648296356201e-03 1.160317659378051758e-02 1.160269230604171753e-02 1.157480943948030472e-02 1.112397108227014542e-02 1.069224718958139420e-02 1.123549789190292358e-02 1.163424178957939148e-02 1.162898167967796326e-02 1.129035837948322296e-02 1.188257802277803421e-02
5.951903807615230413e+00 1.148111093789339066e-02 1.005921978503465652e-03 1.163862738758325577e-02 1.164252869784832001e-02 1.161373592913150787e-02 1.117378100752830505e-02 1.075016986578702927e-02 1.127745956182479858e-02 1.167000737041234970e-02 1.166196353733539581e-02 1.133653987199068069e-02 1.191234122961759567e-02
5.971943887775551296e+00 1.152148377150297165e-02 9.818408871069550514e-04 1.167290285229682922e-02 1.168244611471891403e-02 1.165200863033533096e-02 1.122405938804149628e-02 1.080726087093353271e-02 1.131812855601310730e-02 1.170580834150314331e-02 1.169567462056875229e-02 1.138332486152648926e-02 1.194188278168439865e-02
5.991983967935871291e+00 1.156167406588792801e-02 9.583851206116378307e-04 1.170647889375686646e-02 1.172241661697626114e-02 1.169021427631378174e-02 1.127434801310300827e-02 1.086375303566455841e-02 1.135839987546205521e-02 1.174111571162939072e-02 1.172975637018680573e-02 1.142906956374645233e-02 1.197156216949224472e-02
6.012024048096192175e+00 1.160184014588594437e-02 9.350367472507059574e-04 1.173888985067605972e-02 1.176073215901851654e-02 1.172759756445884705e-02 1.132381893694400787e-02 1.092007197439670563e-02 1.139714382588863373e-02 1.177591364830732346e-02 1.176213379949331284e-02 1.147355232387781143e-02 1.200152002274990082e-02
6.032064128256513058e+00 1.164153032004833221e-02 9.128333767876029015e-04 1.177060138434171677e-02 1.179846562445163727e-02 1.176436338573694229e-02 1.137111708521842957e-02 1.097604166716337204e-02 1.143523305654525757e-02 1.181063055992126465e-02 1.179432217031717300e-02 1.151718106120824814e-02 1.203216891735792160e-02
6.052104208416833053e+00 1.168038602918386459e-02 8.914710488170385361e-04 1.180201116949319839e-02 1.183511596173048019e-02 1.180067379027605057e-02 1.141723152250051498e-02 1.103137433528900146e-02 1.147267129272222519e-02 1.184516213834285736e-02 1.182647235691547394e-02 1.156010571867227554e-02 1.206318940967321396e-02
6.072144288577153937e+00 1.171865500509738922e-02 8.700929465703666210e-04 1.183304004371166229e-02 1.187016349285840988e-02 1.183674857020378113e-02 1.146288029849529266e-02 1.108566485345363617e-02 1.151010394096374512e-02 1.187901664525270462e-02 1.185846514999866486e-02 1.160225737839937210e-02 1.209307741373777390e-02
6.092184368737474820e+00 1.175641361624002457e-02 8.478677482344210148e-04 1.186381094157695770e-02 1.190367806702852249e-02 1.187115814536809921e-02 1.150704454630613327e-02 1.113944128155708313e-02 1.154823787510395050e-02 1.191185042262077332e-02 1.188993547111749649e-02 1.164445467293262482e-02 1.212142407894134521e-02
6.112224448897795703e+00 1.179394219070672989e-02 8.256915025413036346e-04 1.189372316002845764e-02 1.193613186478614807e-02 1.190495956689119339e-02 1.154993381351232529e-02 1.119243726134300232e-02 1.158597599714994431e-02 1.194363646209239960e-02 1.192035060375928879e-02 1.168525498360395432e-02 1.214867457747459412e-02
6.132264529058115698e+00 1.183093152940273285e-02 8.036596118472516537e-04 1.192309800535440445e-02 1.196666061878204346e-02 1.193926669657230377e-02 1.159139908850193024e-02 1.124539412558078766e-02 1.162290666252374649e-02 1.197423972189426422e-02 1.195007469505071640e-02 1.172476913779973984e-02 1.217589899897575378e-02
6.152304609218436582e+00 1.186725962907075882e-02 7.813733536750078201e-04 1.195138972252607346e-02 1.199594885110855103e-02 1.197163667529821396e-02 1.163251698017120361e-02 1.129794400185346603e-02 1.165879052132368088e-02 1.200412586331367493e-02 1.197977550327777863e-02 1.176393218338489532e-02 1.220264285802841187e-02
6.172344689378757465e+00 1.190289948135614395e-02 7.590987952426075935e-04 1.197967305779457092e-02 1.202550530433654785e-02 1.200380735099315643e-02 1.167303044348955154e-02 1.134940516203641891e-02 1.169531885534524918e-02 1.203292235732078552e-02 1.200831029564142227e-02 1.180334482342004776e-02 1.222857274115085602e-02
6.192384769539078349e+00 1.193809602409601212e-02 7.371958927251398563e-04 1.200831029564142227e-02 1.205463148653507233e-02 1.203551981598138809e-02 1.171317510306835175e-02 1.139967795461416245e-02 1.173072215169668198e-02 1.206084806472063065e-02 1.203712727874517441e-02 1.184258423745632172e-02 1.225283369421958923e-02
6.212424849699398344e+00 1.197273656725883484e-02 7.150290766730904579e-04 1.203555334359407425e-02 1.208286639302968979e-02 1.206503622233867645e-02 1.175265293568372726e-02 1.144937705248594284e-02 1.176506094634532928e-02 1.208761613816022873e-02 1.206512656062841415e-02 1.188116334378719330e-02 1.227622851729393005e-02
6.232464929859719227e+00 1.200633309781551361e-02 6.927691283635795116e-04 1.206261105835437775e-02 1.211047824472188950e-02 1.209354121237993240e-02 1.179168839007616043e-02 1.149838976562023163e-02 1.179928146302700043e-02 1.211420912295579910e-02 1.209357008337974548e-02 1.191978156566619873e-02 1.229888107627630234e-02
6.252505010020040110e+00 1.203932985663414001e-02 6.698137149214744568e-04 1.208911277353763580e-02 1.213811431080102921e-02 1.212070602923631668e-02 1.183140743523836136e-02 1.154609676450490952e-02 1.183315925300121307e-02 1.214027125388383865e-02 1.212079823017120361e-02 1.195781026035547256e-02 1.231897622346878052e-02
6.272545090180360106e+00 1.207117922604084015e-02 6.467208731919527054e-04 1.211569830775260925e-02 1.216484233736991882e-02 1.214748341590166092e-02 1.187027059495449066e-02 1.159327197819948196e-02 1.186638232320547104e-02 1.216540671885013580e-02 1.214817538857460022e-02 1.199646946042776108e-02 1.233842223882675171e-02
6.292585170340680989e+00 1.210226770490407944e-02 6.242051604203879833e-04 1.214185357093811035e-02 1.219207327812910080e-02 1.217383425682783127e-02 1.190887670964002609e-02 1.163961458951234818e-02 1.189850457012653351e-02 1.218933612108230591e-02 1.217483822256326675e-02 1.203460432589054108e-02 1.235773973166942596e-02
6.312625250501001872e+00 1.213248819112777710e-02 6.008643540553748608e-04 1.216676644980907440e-02 1.221852004528045654e-02 1.219953596591949463e-02 1.194762904196977615e-02 1.168614719063043594e-02 1.193007454276084900e-02 1.221310161054134369e-02 1.220013108104467392e-02 1.207279227674007416e-02 1.237679831683635712e-02
6.332665330661322756e+00 1.216215919703245163e-02 5.766813992522656918e-04 1.219125930219888687e-02 1.224424596875905991e-02 1.222405396401882172e-02 1.198591012507677078e-02 1.173324789851903915e-02 1.196060515940189362e-02 1.223645638674497604e-02 1.222441159188747406e-02 1.211017556488513947e-02 1.239467039704322815e-02
6.352705410821642751e+00 1.219159457832574844e-02 5.530119524337351322e-04 1.221528369933366776e-02 1.226967759430408478e-02 1.224844995886087418e-02 1.202337443828582764e-02 1.177933067083358765e-02 1.199135556817054749e-02 1.225922722369432449e-02 1.224838010966777802e-02 1.214605662971735001e-02 1.241140533238649368e-02
6.372745490981963634e+00 1.221989281475543976e-02 5.294551374390721321e-04 1.223826687783002853e-02 1.229406706988811493e-02 1.227308902889490128e-02 1.205931883305311203e-02 1.182548236101865768e-02 1.202058698982000351e-02 1.228186674416065216e-02 1.227142941206693649e-02 1.218107808381319046e-02 1.242760755121707916e-02
6.392785571142284518e+00 1.224747393280267715e-02 5.055607762187719345e-04 1.226103585213422775e-02 1.231780927628278732e-02 1.229672878980636597e-02 1.209457125514745712e-02 1.187132857739925385e-02 1.204968057572841644e-02 1.230504922568798065e-02 1.229409035295248032e-02 1.221519615501165390e-02 1.244248729199171066e-02
6.412825651302604513e+00 1.227485109120607376e-02 4.816725268028676510e-04 1.228326465934514999e-02 1.234032213687896729e-02 1.232142280787229538e-02 1.212899852544069290e-02 1.191702391952276230e-02 1.207900792360305786e-02 1.232759747654199600e-02 1.231602951884269714e-02 1.224742736667394638e-02 1.245664618909358978e-02
6.432865731462925396e+00 1.230146456509828568e-02 4.580134409479796886e-04 1.230510883033275604e-02 1.236240100115537643e-02 1.234556920826435089e-02 1.216190308332443237e-02 1.196192391216754913e-02 1.210854016244411469e-02 1.234960649162530899e-02 1.233668997883796692e-02 1.227706670761108398e-02 1.246994640678167343e-02
6.452905811623246279e+00 1.232756860554218292e-02 4.347164067439734936e-04 1.232674531638622284e-02 1.238484214991331100e-02 1.236902270466089249e-02 1.219506748020648956e-02 1.200631074607372284e-02 1.213809754699468613e-02 1.237248815596103668e-02 1.235719397664070129e-02 1.230690255761146545e-02 1.248368620872497559e-02
6.472945891783567163e+00 1.235295459628105164e-02 4.120453377254307270e-04 1.234813034534454346e-02 1.240720693022012711e-02 1.239099446684122086e-02 1.222727913409471512e-02 1.205011364072561264e-02 1.216656062752008438e-02 1.239482872188091278e-02 1.237742509692907333e-02 1.233676727861166000e-02 1.249732915312051773e-02
6.492985971943887158e+00 1.237775571644306183e-02 3.889068320859223604e-04 1.236919220536947250e-02 1.242926251143217087e-02 1.241122186183929443e-02 1.226005144417285919e-02 1.209318079054355621e-02 1.219539716839790344e-02 1.241675205528736115e-02 1.239620242267847061e-02 1.236665993928909302e-02 1.251053158193826675e-02
6.513026052104208041e+00 1.240172050893306732e-02 3.657085180748254061e-04 1.238951832056045532e-02 1.245000027120113373e-02 1.243104226887226105e-02 1.229276601225137711e-02 1.213501300662755966e-02 1.222463231533765793e-02 1.243780646473169327e-02 1.241434644907712936e-02 1.239645667374134064e-02 1.252344809472560883e-02
6.533066132264528925e+00 1.242416817694902420e-02 3.420192806515842676e-04 1.240900531411170959e-02 1.247054897248744965e-02 1.244974043220281601e-02 1.232578046619892120e-02 1.217583566904067993e-02 1.225368678569793701e-02 1.245777960866689682e-02 1.243161782622337341e-02 1.242521405220031738e-02 1.253631617873907089e-02
6.553106212424849808e+00 1.244633644819259644e-02 3.195352037437260151e-04 1.242786645889282227e-02 1.249128486961126328e-02 1.246810145676136017e-02 1.235842891037464142e-02 1.221590861678123474e-02 1.228186674416065216e-02 1.247700303792953491e-02 1.244794111698865891e-02 1.245472207665443420e-02 1.254921406507492065e-02
6.573146292585169803e+00 1.246748678386211395e-02 2.976557007059454918e-04 1.244576368480920792e-02 1.250995788723230362e-02 1.248573232442140579e-02 1.239040587097406387e-02 1.225477177649736404e-02 1.230859570205211639e-02 1.249496638774871826e-02 1.246328279376029968e-02 1.248469203710556030e-02 1.256056502461433411e-02
6.593186372745490686e+00 1.248759031295776367e-02 2.772300504148006439e-04 1.246371772140264511e-02 1.252797339111566544e-02 1.250319276005029678e-02 1.242254953831434250e-02 1.229188218712806702e-02 1.233377307653427124e-02 1.251305639743804932e-02 1.247723959386348724e-02 1.251267828047275543e-02 1.257119420915842056e-02
6.613226452905811570e+00 1.250764448195695877e-02 2.583115419838577509e-04 1.248177047818899155e-02 1.254637073725461960e-02 1.252045948058366776e-02 1.245377771556377411e-02 1.232944987714290619e-02 1.235728804022073746e-02 1.253046654164791107e-02 1.249101851135492325e-02 1.254087220877408981e-02 1.258086878806352615e-02
6.633266533066131565e+00 1.252731215208768845e-02 2.422653196845203638e-04 1.250006537884473801e-02 1.256488077342510223e-02 1.253692805767059326e-02 1.248444896191358566e-02 1.236596889793872833e-02 1.237921975553035736e-02 1.254744641482830048e-02 1.250427030026912689e-02 1.256849430501461029e-02 1.259158737957477570e-02
6.653306613226452448e+00 1.254652533680200577e-02 2.297215251019224524e-04 1.251736842095851898e-02 1.258202828466892242e-02 1.255207881331443787e-02 1.251353789120912552e-02 1.240176707506179810e-02 1.239873655140399933e-02 1.256358809769153595e-02 1.251740474253892899e-02 1.259634271264076233e-02 1.260336488485336304e-02
6.673346693386773332e+00 1.256566680967807770e-02 2.198653819505125284e-04 1.253320369869470596e-02 1.259894669055938721e-02 1.256625633686780930e-02 1.254234649240970612e-02 1.243634428828954697e-02 1.241777651011943817e-02 1.257861033082008362e-02 1.253031566739082336e-02 1.262268610298633575e-02 1.261534355580806732e-02
6.693386773547094215e+00 1.258403155952692032e-02 2.112894144374877214e-04 1.254835817962884903e-02 1.261568721383810043e-02 1.258008368313312531e-02 1.256826147437095642e-02 1.247019413858652115e-02 1.243675127625465393e-02 1.259256713092327118e-02 1.254344079643487930e-02 1.264762971550226212e-02 1.262619905173778534e-02
6.713426853707414210e+00 1.260186545550823212e-02 2.042375708697363734e-04 1.256231497973203659e-02 1.263260934501886368e-02 1.259244047105312347e-02 1.259256061166524887e-02 1.250347774475812912e-02 1.245617959648370743e-02 1.260553859174251556e-02 1.255671400576829910e-02 1.267251186072826385e-02 1.263598538935184479e-02
6.733466933867735094e+00 1.261915918439626694e-02 1.993121841223910451e-04 1.257502939552068710e-02 1.264970283955335617e-02 1.260449364781379700e-02 1.261678524315357208e-02 1.253549102693796158e-02 1.247596275061368942e-02 1.261761598289012909e-02 1.256982143968343735e-02 1.269732788205146790e-02 1.264468114823102951e-02
6.753507014028055977e+00 1.263558492064476013e-02 1.963296090252697468e-04 1.258615404367446899e-02 1.266610063612461090e-02 1.261475868523120880e-02 1.263927761465311050e-02 1.256677322089672089e-02 1.249585952609777451e-02 1.262941211462020874e-02 1.258252933621406555e-02 1.272163353860378265e-02 1.265246607363224030e-02
6.773547094188376860e+00 1.265174709260463715e-02 1.953555620275437832e-04 1.259636692702770233e-02 1.268163509666919708e-02 1.262377481907606125e-02 1.266127079725265503e-02 1.259810011833906174e-02 1.251658983528614044e-02 1.264078170061111450e-02 1.259501837193965912e-02 1.274600811302661896e-02 1.265790034085512161e-02
6.793587174348696855e+00 1.266751810908317566e-02 1.968006690731272101e-04 1.260618958622217178e-02 1.269560866057872772e-02 1.263310015201568604e-02 1.268196105957031250e-02 1.262899767607450485e-02 1.253703515976667404e-02 1.265113521367311478e-02 1.260592136532068253e-02 1.276889350265264511e-02 1.266358047723770142e-02
6.813627254509017739e+00 1.268339063972234726e-02 2.000033709919080138e-04 1.261568721383810043e-02 1.270817499607801437e-02 1.264129765331745148e-02 1.270135492086410522e-02 1.265897974371910095e-02 1.255835220217704773e-02 1.266078092157840729e-02 1.261618174612522125e-02 1.278980821371078491e-02 1.266905479133129120e-02
6.833667334669338622e+00 1.269857399165630341e-02 2.050759212579578161e-04 1.262505073100328445e-02 1.272014435380697250e-02 1.264891680330038071e-02 1.272011455148458481e-02 1.268877089023590088e-02 1.257915329188108444e-02 1.266947388648986816e-02 1.262660045176744461e-02 1.281000953167676926e-02 1.267539337277412415e-02
6.853707414829658617e+00 1.271360833197832108e-02 2.140896540367975831e-04 1.263391412794589996e-02 1.273116655647754669e-02 1.265579927712678909e-02 1.273892074823379517e-02 1.271907798945903778e-02 1.259739510715007782e-02 1.267685368657112122e-02 1.263670902699232101e-02 1.282977405935525894e-02 1.268214639276266098e-02
6.873747494989979501e+00 1.272818725556135178e-02 2.248038072139024734e-04 1.264258380979299545e-02 1.274104695767164230e-02 1.266314834356307983e-02 1.275753416121006012e-02 1.274943351745605469e-02 1.261506602168083191e-02 1.268447935581207275e-02 1.264568883925676346e-02 1.284814439713954926e-02 1.268696226179599762e-02
6.893787575150300384e+00 1.274257898330688477e-02 2.373551687924191356e-04 1.265015825629234314e-02 1.274983771145343781e-02 1.267057191580533981e-02 1.277589518576860428e-02 1.277956459671258926e-02 1.263373997062444687e-02 1.269212551414966583e-02 1.265359297394752502e-02 1.286638807505369186e-02 1.269203703850507736e-02
6.913827655310621267e+00 1.275678630918264389e-02 2.521027927286922932e-04 1.265657320618629456e-02 1.275797747075557709e-02 1.267902739346027374e-02 1.279260031878948212e-02 1.280904468148946762e-02 1.265129074454307556e-02 1.269933953881263733e-02 1.266028266400098801e-02 1.288412231951951981e-02 1.269660145044326782e-02
6.933867735470941263e+00 1.277070399373769760e-02 2.683082129806280136e-04 1.266223657876253128e-02 1.276550721377134323e-02 1.268725655972957611e-02 1.280931103974580765e-02 1.283724606037139893e-02 1.266764290630817413e-02 1.270721759647130966e-02 1.266653370112180710e-02 1.290029939264059067e-02 1.269886363297700882e-02
6.953907815631262146e+00 1.278393808752298355e-02 2.849352895282208920e-04 1.266818307340145111e-02 1.277268771082162857e-02 1.269678119570016861e-02 1.282646786421537399e-02 1.286553591489791870e-02 1.268242299556732178e-02 1.271580532193183899e-02 1.267173141241073608e-02 1.291633676737546921e-02 1.270211767405271530e-02
6.973947895791583029e+00 1.279617752879858017e-02 3.011924563907086849e-04 1.267414540052413940e-02 1.277958787977695465e-02 1.270553190261125565e-02 1.284277625381946564e-02 1.289277430623769760e-02 1.269662473350763321e-02 1.272309198975563049e-02 1.267622970044612885e-02 1.293015386909246445e-02 1.270439941436052322e-02
6.993987975951903913e+00 1.280743535608053207e-02 3.168186522088944912e-04 1.267927978187799454e-02 1.278526429086923599e-02 1.271390914916992188e-02 1.285877823829650879e-02 1.291885785758495331e-02 1.271077804267406464e-02 1.273069251328706741e-02 1.268036849796772003e-02 1.294260285794734955e-02 1.270637474954128265e-02
7.014028056112223908e+00 1.281785313040018082e-02 3.330056206323206425e-04 1.268378272652626038e-02 1.279079541563987732e-02 1.272129639983177185e-02 1.287394389510154724e-02 1.294403895735740662e-02 1.272539515048265457e-02 1.273711025714874268e-02 1.268403511494398117e-02 1.295452844351530075e-02 1.270667556673288345e-02
7.034068136272544791e+00 1.282709371298551559e-02 3.481606836430728436e-04 1.268800720572471619e-02 1.279482711106538773e-02 1.272864546626806259e-02 1.288847438991069794e-02 1.296879164874553680e-02 1.274053379893302917e-02 1.274335756897926331e-02 1.268669776618480682e-02 1.296461746096611023e-02 1.270706672221422195e-02
7.054108216432865675e+00 1.283556781709194183e-02 3.632276493590325117e-04 1.269177161157131195e-02 1.279722619801759720e-02 1.273487228900194168e-02 1.290184073150157928e-02 1.299234665930271149e-02 1.275488920509815216e-02 1.274982560425996780e-02 1.268895156681537628e-02 1.297389343380928040e-02 1.270731445401906967e-02
7.074148296593185670e+00 1.284302491694688797e-02 3.788634494412690401e-04 1.269454602152109146e-02 1.279832981526851654e-02 1.273983251303434372e-02 1.291324570775032043e-02 1.301538664847612381e-02 1.276852563023567200e-02 1.275532506406307220e-02 1.269051991403102875e-02 1.298371981829404831e-02 1.270812097936868668e-02
7.094188376753506553e+00 1.284949481487274170e-02 3.943442716263234615e-04 1.269738934934139252e-02 1.279759034514427185e-02 1.274382416158914566e-02 1.292279921472072601e-02 1.303779520094394684e-02 1.278170756995677948e-02 1.276090461760759354e-02 1.269272156059741974e-02 1.299288123846054077e-02 1.270662713795900345e-02
7.114228456913827436e+00 1.285518333315849304e-02 4.118584911338984966e-04 1.269868854433298111e-02 1.279672980308532715e-02 1.274764072149991989e-02 1.293247565627098083e-02 1.306011807173490524e-02 1.279588788747787476e-02 1.276591327041387558e-02 1.269398443400859833e-02 1.300333254039287567e-02 1.270318403840065002e-02
7.134268537074148320e+00 1.286002621054649353e-02 4.298712883610278368e-04 1.269954349845647812e-02 1.279593445360660553e-02 1.275024097412824631e-02 1.294105779379606247e-02 1.308169029653072357e-02 1.280849613249301910e-02 1.277073938399553299e-02 1.269408222287893295e-02 1.301260013133287430e-02 1.269847247749567032e-02
7.154308617234468315e+00 1.286365836858749390e-02 4.481203504838049412e-04 1.269970647990703583e-02 1.279387623071670532e-02 1.275249663740396500e-02 1.295037381350994110e-02 1.310132443904876709e-02 1.281956583261489868e-02 1.277532707899808884e-02 1.269287243485450745e-02 1.302208937704563141e-02 1.269310619682073593e-02
7.174348697394789198e+00 1.286588888615369797e-02 4.651214112527668476e-04 1.270009111613035202e-02 1.279241405427455902e-02 1.275449618697166443e-02 1.295974664390087128e-02 1.311953458935022354e-02 1.282947603613138199e-02 1.277782674878835678e-02 1.269220467656850815e-02 1.303024869412183762e-02 1.268681045621633530e-02
7.194388777555110082e+00 1.286685839295387268e-02 4.822613263968378305e-04 1.269938144832849503e-02 1.279213465750217438e-02 1.275389175862073898e-02 1.297022495418787003e-02 1.313621550798416138e-02 1.283868774771690369e-02 1.277994643896818161e-02 1.269095949828624725e-02 1.303740497678518295e-02 1.267967745661735535e-02
7.214428857715430965e+00 1.286693755537271500e-02 4.989117151126265526e-04 1.269825454801321030e-02 1.279237121343612671e-02 1.275328919291496277e-02 1.298090815544128418e-02 1.315143797546625137e-02 1.284534297883510590e-02 1.278104726225137711e-02 1.268974971026182175e-02 1.304577756673097610e-02 1.267373003065586090e-02
7.234468937875750960e+00 1.286557689309120178e-02 5.150045035406947136e-04 1.269685942679643631e-02 1.279199030250310898e-02 1.275306008756160736e-02 1.299136970192193985e-02 1.316563691943883896e-02 1.285131555050611496e-02 1.278161630034446716e-02 1.268775481730699539e-02 1.305467449128627777e-02 1.266877911984920502e-02
7.254509018036071843e+00 1.286457292735576630e-02 5.320513737387955189e-04 1.269401516765356064e-02 1.279120799154043198e-02 1.275299862027168274e-02 1.300303637981414795e-02 1.317972969263792038e-02 1.285552978515625000e-02 1.278169546276330948e-02 1.268644537776708603e-02 1.306447386741638184e-02 1.266560424119234085e-02
7.274549098196392727e+00 1.286331098526716232e-02 5.496983067132532597e-04 1.269055064767599106e-02 1.279083266854286194e-02 1.275111921131610870e-02 1.301448047161102295e-02 1.319387555122375488e-02 1.285993400961160660e-02 1.278124097734689713e-02 1.268533244729042053e-02 1.307345088571310043e-02 1.266236230731010437e-02
7.294589178356712722e+00 1.286127511411905289e-02 5.668040248565375805e-04 1.268598157912492752e-02 1.279107388108968735e-02 1.274853385984897614e-02 1.302515715360641479e-02 1.320756506174802780e-02 1.286326162517070770e-02 1.278096903115510941e-02 1.268413104116916656e-02 1.308175362646579742e-02 1.266046147793531418e-02
7.314629258517033605e+00 1.285889931023120880e-02 5.836961208842694759e-04 1.268111821264028549e-02 1.279127504676580429e-02 1.274445746093988419e-02 1.303397212177515030e-02 1.322151720523834229e-02 1.286459714174270630e-02 1.278035715222358704e-02 1.268269866704940796e-02 1.308906730264425278e-02 1.265954971313476562e-02
7.334669338677354489e+00 1.285610161721706390e-02 6.012305384501814842e-04 1.267589814960956573e-02 1.279192231595516205e-02 1.274066697806119919e-02 1.304234750568866730e-02 1.323580648750066757e-02 1.286511495709419250e-02 1.277912780642509460e-02 1.268087141215801239e-02 1.309587620198726654e-02 1.265806611627340317e-02
7.354709418837675372e+00 1.285247225314378738e-02 6.179832271300256252e-04 1.267082430422306061e-02 1.279235351830720901e-02 1.273692492395639420e-02 1.305082160979509354e-02 1.324871461838483810e-02 1.286321971565485001e-02 1.277642231434583664e-02 1.267801877111196518e-02 1.310131233185529709e-02 1.265727449208498001e-02
7.374749498997995367e+00 1.284937281161546707e-02 6.344534922391176224e-04 1.266511157155036926e-02 1.279242616146802902e-02 1.273190230131149292e-02 1.305912248790264130e-02 1.326140388846397400e-02 1.286090444773435593e-02 1.277349889278411865e-02 1.267616916447877884e-02 1.310606207698583603e-02 1.265753898769617081e-02
7.394789579158316251e+00 1.284637302160263062e-02 6.507985526695847511e-04 1.265944819897413254e-02 1.279298868030309677e-02 1.272670459002256393e-02 1.306714024394750595e-02 1.327347103506326675e-02 1.285919919610023499e-02 1.277090795338153839e-02 1.267386227846145630e-02 1.311066467314958572e-02 1.265754550695419312e-02
7.414829659318637134e+00 1.284343469887971878e-02 6.662667728960514069e-04 1.265455130487680435e-02 1.279321871697902679e-02 1.272216532379388809e-02 1.307341922074556351e-02 1.328489277511835098e-02 1.285777147859334946e-02 1.276711001992225647e-02 1.267100498080253601e-02 1.311413105577230453e-02 1.265614200383424759e-02
7.434869739478958017e+00 1.284069661051034927e-02 6.811472121626138687e-04 1.265082973986864090e-02 1.279186177998781204e-02 1.271792221814393997e-02 1.307890284806489944e-02 1.329578924924135208e-02 1.285541988909244537e-02 1.276299078017473221e-02 1.266718655824661255e-02 1.311619207262992859e-02 1.265288423746824265e-02
7.454909819639278012e+00 1.283854804933071136e-02 6.951848044991493225e-04 1.264762412756681442e-02 1.278894208371639252e-02 1.271468214690685272e-02 1.308345794677734375e-02 1.330689992755651474e-02 1.285112742334604263e-02 1.275930367410182953e-02 1.266319025307893753e-02 1.311719976365566254e-02 1.264927163720130920e-02
7.474949899799598896e+00 1.283634081482887268e-02 7.076922338455915451e-04 1.264552585780620575e-02 1.278626453131437302e-02 1.271160226315259933e-02 1.308507565408945084e-02 1.331860851496458054e-02 1.284631807357072830e-02 1.275581400841474533e-02 1.265963818877935410e-02 1.311654690653085709e-02 1.264508254826068878e-02
7.494989979959919779e+00 1.283486373722553253e-02 7.198784151114523411e-04 1.264340430498123169e-02 1.278301607817411423e-02 1.270900014787912369e-02 1.308574341237545013e-02 1.332922559231519699e-02 1.284040324389934540e-02 1.275086030364036560e-02 1.265441533178091049e-02 1.311634667217731476e-02 1.264028437435626984e-02
7.515030060120239774e+00 1.283297128975391388e-02 7.328416104428470135e-04 1.264088414609432220e-02 1.277740206569433212e-02 1.270679570734500885e-02 1.308529078960418701e-02 1.334028318524360657e-02 1.283291727304458618e-02 1.274695061147212982e-02 1.264810841530561447e-02 1.311609428375959396e-02 1.263431459665298462e-02
7.535070140280560658e+00 1.283020991832017899e-02 7.446721429005265236e-04 1.263800263404846191e-02 1.277163531631231308e-02 1.270462106913328171e-02 1.308392826467752457e-02 1.335082855075597763e-02 1.282589603215456009e-02 1.274210121482610703e-02 1.264166180044412613e-02 1.311301812529563904e-02 1.262829080224037170e-02
7.555110220440881541e+00 1.282673515379428864e-02 7.561775273643434048e-04 1.263385917991399765e-02 1.276482921093702316e-02 1.270104758441448212e-02 1.308019738644361496e-02 1.336095016449689865e-02 1.282090134918689728e-02 1.273598708212375641e-02 1.263488363474607468e-02 1.310826744884252548e-02 1.262142043560743332e-02
7.575150300601202424e+00 1.282317936420440674e-02 7.682710420340299606e-04 1.262808218598365784e-02 1.275585684925317764e-02 1.269757561385631561e-02 1.307566184550523758e-02 1.337074488401412964e-02 1.281684450805187225e-02 1.272863894701004028e-02 1.262719742953777313e-02 1.310360431671142578e-02 1.261472981423139572e-02
7.595190380761522420e+00 1.281792484223842621e-02 7.821728941053152084e-04 1.262309961020946503e-02 1.274646818637847900e-02 1.269445568323135376e-02 1.307341270148754120e-02 1.338005810976028442e-02 1.281318441033363342e-02 1.272062677890062332e-02 1.261976268142461777e-02 1.310005970299243927e-02 1.260558702051639557e-02
7.615230460921843303e+00 1.281292270869016647e-02 7.964218966662883759e-04 1.261694170534610748e-02 1.273684483021497726e-02 1.269038300961256027e-02 1.307128928601741791e-02 1.338888797909021378e-02 1.281226053833961487e-02 1.271154731512069702e-02 1.261209882795810699e-02 1.309764571487903595e-02 1.259802188724279404e-02
7.635270541082164186e+00 1.280858181416988373e-02 8.103674626909196377e-04 1.260969229042530060e-02 1.272753626108169556e-02 1.268538087606430054e-02 1.306951232254505157e-02 1.339694019407033920e-02 1.281332410871982574e-02 1.270330976694822311e-02 1.260525733232498169e-02 1.309571042656898499e-02 1.259047910571098328e-02
7.655310621242485070e+00 1.280403230339288712e-02 8.245274075306952000e-04 1.260212250053882599e-02 1.271682512015104294e-02 1.267953123897314072e-02 1.306834165006875992e-02 1.340401638299226761e-02 1.281605567783117294e-02 1.269384752959012985e-02 1.259799767285585403e-02 1.309333369135856628e-02 1.258252933621406555e-02
7.675350701402805065e+00 1.279810070991516113e-02 8.385799010284245014e-04 1.259392779320478439e-02 1.270469464361667633e-02 1.267473958432674408e-02 1.306707784533500671e-02 1.341001596301794052e-02 1.281921844929456711e-02 1.268300507217645645e-02 1.258992403745651245e-02 1.309051923453807831e-02 1.257523708045482635e-02
7.695390781563125948e+00 1.279267575591802597e-02 8.534098160453140736e-04 1.258438359946012497e-02 1.269222237169742584e-02 1.266815327107906342e-02 1.306704059243202209e-02 1.341553777456283569e-02 1.282103545963764191e-02 1.267222966998815536e-02 1.258146669715642929e-02 1.308800186961889267e-02 1.256814505904912949e-02
7.715430861723446831e+00 1.278742123395204544e-02 8.676492725498974323e-04 1.257472578436136246e-02 1.267985161393880844e-02 1.266132481396198273e-02 1.306818239390850067e-02 1.342074945569038391e-02 1.282349508255720139e-02 1.266267523169517517e-02 1.257417630404233932e-02 1.308445446193218231e-02 1.256133150309324265e-02
7.735470941883766827e+00 1.278248336166143417e-02 8.808855782262980938e-04 1.256507262587547302e-02 1.266795583069324493e-02 1.265427004545927048e-02 1.307019963860511780e-02 1.342436019331216812e-02 1.282457727938890457e-02 1.265329308807849884e-02 1.256716717034578323e-02 1.308138761669397354e-02 1.255502272397279739e-02
7.755511022044087710e+00 1.277710683643817902e-02 8.923738496378064156e-04 1.255602855235338211e-02 1.265444420278072357e-02 1.264701690524816513e-02 1.307128369808197021e-02 1.342596951872110367e-02 1.282635051757097244e-02 1.264398079365491867e-02 1.255979109555482864e-02 1.307636778801679611e-02 1.254778541624546051e-02
7.775551102204408593e+00 1.277187094092369080e-02 9.041575249284505844e-04 1.254671066999435425e-02 1.264018844813108444e-02 1.263966783881187439e-02 1.307070720940828323e-02 1.342760212719440460e-02 1.282626576721668243e-02 1.263443566858768463e-02 1.255209650844335556e-02 1.307197660207748413e-02 1.253922097384929657e-02
7.795591182364729477e+00 1.276656333357095718e-02 9.148909011855721474e-04 1.253857277333736420e-02 1.262643747031688690e-02 1.263333950191736221e-02 1.306912954896688461e-02 1.342745777219533920e-02 1.282379496842622757e-02 1.262447517365217209e-02 1.254322193562984467e-02 1.306932047009468079e-02 1.252991240471601486e-02
7.815631262525049472e+00 1.276144850999116898e-02 9.256546618416905403e-04 1.253046933561563492e-02 1.261363085359334946e-02 1.262658182531595230e-02 1.306684315204620361e-02 1.342653576284646988e-02 1.282011251896619797e-02 1.261423341929912567e-02 1.253398228436708450e-02 1.306770555675029755e-02 1.251873839646577835e-02
7.835671342685370355e+00 1.275656372308731079e-02 9.348927414976060390e-04 1.252370327711105347e-02 1.260206196457147598e-02 1.261924859136343002e-02 1.306353881955146790e-02 1.342501118779182434e-02 1.281571574509143829e-02 1.260460074990987778e-02 1.252472586929798126e-02 1.306496933102607727e-02 1.250693295150995255e-02
7.855711422845691239e+00 1.275053899735212326e-02 9.431827929802238941e-04 1.251730229705572128e-02 1.259162370115518570e-02 1.261205691844224930e-02 1.305959746241569519e-02 1.342282164841890335e-02 1.280971150845289230e-02 1.259467378258705139e-02 1.251543313264846802e-02 1.306103914976119995e-02 1.249444484710693359e-02
7.875751503006012122e+00 1.274469960480928421e-02 9.508546208962798119e-04 1.250996999442577362e-02 1.258101221174001694e-02 1.260397955775260925e-02 1.305544096976518631e-02 1.342045702040195465e-02 1.280347816646099091e-02 1.258507464081048965e-02 1.250497624278068542e-02 1.305523701012134552e-02 1.248355116695165634e-02
7.895791583166332117e+00 1.273878943175077438e-02 9.592079441063106060e-04 1.250165887176990509e-02 1.257166359573602676e-02 1.259448286145925522e-02 1.304982509464025497e-02 1.341879647225141525e-02 1.279745809733867645e-02 1.257446873933076859e-02 1.249418035149574280e-02 1.304866932332515717e-02 1.247142814099788666e-02
7.915831663326653000e+00 1.273256074637174606e-02 9.662900702096521854e-04 1.249301992356777191e-02 1.256342791020870209e-02 1.258574891835451126e-02 1.304330583661794662e-02 1.341632474213838577e-02 1.278919633477926254e-02 1.256283279508352280e-02 1.248271763324737549e-02 1.304025296121835709e-02 1.245898939669132233e-02
7.935871743486973884e+00 1.272540166974067688e-02 9.751546313054859638e-04 1.248346175998449326e-02 1.255322061479091644e-02 1.257595419883728027e-02 1.303675863891839981e-02 1.341384556144475937e-02 1.277998927980661392e-02 1.255166996270418167e-02 1.246930006891489029e-02 1.303119305521249771e-02 1.244404911994934082e-02
7.955911823647293879e+00 1.271707937121391296e-02 9.847282199189066887e-04 1.247427798807621002e-02 1.254336815327405930e-02 1.256670709699392319e-02 1.302978582680225372e-02 1.341218408197164536e-02 1.277113799005746841e-02 1.254093274474143982e-02 1.245568972080945969e-02 1.302197948098182678e-02 1.242777239531278610e-02
7.975951903807614762e+00 1.270781271159648895e-02 9.946010541170835495e-04 1.246433332562446594e-02 1.253335271030664444e-02 1.255703065544366837e-02 1.302137598395347595e-02 1.341047324240207672e-02 1.276087388396263123e-02 1.252979412674903870e-02 1.244119461625814438e-02 1.301304996013641357e-02 1.241125725209712982e-02
7.995991983967935646e+00 1.269765943288803101e-02 1.004530116915702820e-03 1.245333999395370483e-02 1.252435706555843353e-02 1.254588831216096878e-02 1.301342714577913284e-02 1.340841781347990036e-02 1.275017671287059784e-02 1.251872628927230835e-02 1.242700498551130295e-02 1.300310995429754257e-02 1.239413488656282425e-02
8.016032064128255641e+00 1.268654782325029373e-02 1.014533219859004021e-03 1.244174875319004059e-02 1.251639425754547119e-02 1.253519393503665924e-02 1.300585828721523285e-02 1.340707018971443176e-02 1.273883040994405746e-02 1.250749081373214722e-02 1.241362839937210083e-02 1.299361977726221085e-02 1.237853989005088806e-02
8.036072144288576524e+00 1.267494354397058487e-02 1.024971366859972477e-03 1.242908556014299393e-02 1.250805985182523727e-02 1.252600550651550293e-02 1.299706101417541504e-02 1.340571139007806778e-02 1.272624731063842773e-02 1.249598991125822067e-02 1.239946950227022171e-02 1.298484019935131073e-02 1.236216071993112564e-02
8.056112224448897408e+00 1.266349107027053833e-02 1.035243156366050243e-03 1.241484563797712326e-02 1.250023767352104187e-02 1.251704804599285126e-02 1.298693846911191940e-02 1.340455561876296997e-02 1.271561905741691589e-02 1.248507108539342880e-02 1.238538138568401337e-02 1.297609321773052216e-02 1.234640553593635559e-02
8.076152304609218291e+00 1.265284325927495956e-02 1.045573852024972439e-03 1.240033935755491257e-02 1.249152608215808868e-02 1.250805985182523727e-02 1.297554746270179749e-02 1.340317074209451675e-02 1.270685065537691116e-02 1.247325632721185684e-02 1.237093843519687653e-02 1.296834461390972137e-02 1.233134232461452484e-02
8.096192384769539174e+00 1.264212932437658310e-02 1.057806191965937614e-03 1.238555740565061569e-02 1.248034462332725525e-02 1.249692589044570923e-02 1.296475715935230255e-02 1.340307667851448059e-02 1.269852556288242340e-02 1.246128603816032410e-02 1.235700771212577820e-02 1.296100020408630371e-02 1.231636665761470795e-02
8.116232464929860058e+00 1.263115927577018738e-02 1.069561112672090530e-03 1.237072236835956573e-02 1.247044093906879425e-02 1.248500589281320572e-02 1.295338012278079987e-02 1.340192183852195740e-02 1.268999092280864716e-02 1.244903914630413055e-02 1.234209910035133362e-02 1.295409258455038071e-02 1.230121497064828873e-02
8.136272545090179165e+00 1.262013986706733704e-02 1.082072849385440350e-03 1.235558465123176575e-02 1.245996914803981781e-02 1.247252151370048523e-02 1.294157281517982483e-02 1.340076606720685959e-02 1.268188841640949249e-02 1.243610866367816925e-02 1.232673320919275284e-02 1.294745970517396927e-02 1.228519156575202942e-02
8.156312625250500048e+00 1.260841265320777893e-02 1.094246748834848404e-03 1.234060805290937424e-02 1.244901586323976517e-02 1.245922595262527466e-02 1.292990986257791519e-02 1.339917350560426712e-02 1.267483085393905640e-02 1.242314837872982025e-02 1.231137756258249283e-02 1.294045615941286087e-02 1.227001659572124481e-02
8.176352705410820931e+00 1.259752549231052399e-02 1.106147770769894123e-03 1.232651155441999435e-02 1.243937294930219650e-02 1.244543492794036865e-02 1.291920151561498642e-02 1.339683774858713150e-02 1.266854442656040192e-02 1.240974105894565582e-02 1.229579187929630280e-02 1.293450035154819489e-02 1.225526072084903717e-02
8.196392785571141815e+00 1.258661970496177673e-02 1.118149491958320141e-03 1.231375895440578461e-02 1.242841407656669617e-02 1.243194285780191422e-02 1.290983241051435471e-02 1.339351199567317963e-02 1.266152784228324890e-02 1.239680219441652298e-02 1.227976568043231964e-02 1.292832847684621811e-02 1.223841123282909393e-02
8.216432865731462698e+00 1.257495768368244171e-02 1.130873686634004116e-03 1.230014022439718246e-02 1.241618115454912186e-02 1.241879258304834366e-02 1.289998926222324371e-02 1.338985189795494080e-02 1.265448611229658127e-02 1.238406170159578323e-02 1.226177997887134552e-02 1.292056497186422348e-02 1.221953239291906357e-02
8.236472945891783581e+00 1.256275456398725510e-02 1.144014298915863037e-03 1.228601299226284027e-02 1.240450795739889145e-02 1.240528933703899384e-02 1.289176102727651596e-02 1.338628306984901428e-02 1.264732889831066132e-02 1.237151958048343658e-02 1.224226225167512894e-02 1.291030459105968475e-02 1.220040954649448395e-02
8.256513026052104465e+00 1.255072373896837234e-02 1.155745354481041431e-03 1.227156817913055420e-02 1.239205151796340942e-02 1.239142846316099167e-02 1.288357377052307129e-02 1.338150817900896072e-02 1.264037936925888062e-02 1.235975231975317001e-02 1.222290657460689545e-02 1.289843581616878510e-02 1.218183804303407669e-02
8.276553106212425348e+00 1.253874506801366806e-02 1.167929614894092083e-03 1.225714199244976044e-02 1.237814221531152725e-02 1.237724442034959793e-02 1.287622470408678055e-02 1.337686460465192795e-02 1.263213530182838440e-02 1.234687864780426025e-02 1.220344007015228271e-02 1.288594771176576614e-02 1.216355618089437485e-02
8.296593186372744455e+00 1.252654101699590683e-02 1.178567297756671906e-03 1.224286574870347977e-02 1.236263010650873184e-02 1.236417517066001892e-02 1.286698691546916962e-02 1.337180938571691513e-02 1.262245420366525650e-02 1.233479008078575134e-02 1.218639034777879715e-02 1.287334039807319641e-02 1.214472763240337372e-02
8.316633266533065338e+00 1.251415908336639404e-02 1.187898335047066212e-03 1.222857926040887833e-02 1.234742812812328339e-02 1.235063094645738602e-02 1.285778265446424484e-02 1.336511410772800446e-02 1.261089928448200226e-02 1.232082210481166840e-02 1.217081211507320404e-02 1.286183577030897141e-02 1.212669536471366882e-02
8.336673346693386222e+00 1.250229310244321823e-02 1.196782570332288742e-03 1.221335679292678833e-02 1.233287993818521500e-02 1.233658008277416229e-02 1.284637302160263062e-02 1.335833687335252762e-02 1.260091643780469894e-02 1.230695564299821854e-02 1.215581037104129791e-02 1.285147294402122498e-02 1.210929080843925476e-02
8.356713426853707105e+00 1.249043270945549011e-02 1.205147709697484970e-03 1.219715923070907593e-02 1.231858506798744202e-02 1.232203654944896698e-02 1.283441856503486633e-02 1.335068233311176300e-02 1.259045489132404327e-02 1.229309290647506714e-02 1.214161794632673264e-02 1.284201536327600479e-02 1.209192536771297455e-02
8.376753507014027988e+00 1.247783657163381577e-02 1.213229377754032612e-03 1.218037866055965424e-02 1.230328809469938278e-02 1.230615191161632538e-02 1.282257214188575745e-02 1.334249693900346756e-02 1.258020196110010147e-02 1.227896939963102341e-02 1.212745159864425659e-02 1.283163856714963913e-02 1.207534596323966980e-02
8.396793587174348872e+00 1.246459316462278366e-02 1.220718026161193848e-03 1.216439716517925262e-02 1.229001954197883606e-02 1.229052525013685226e-02 1.281061582267284393e-02 1.333358883857727051e-02 1.256969757378101349e-02 1.226445194333791733e-02 1.211349293589591980e-02 1.282042078673839569e-02 1.205670554190874100e-02
8.416833667334669755e+00 1.245092041790485382e-02 1.227496191859245300e-03 1.214919332414865494e-02 1.227617543190717697e-02 1.227353047579526901e-02 1.279870700091123581e-02 1.332305651158094406e-02 1.255867164582014084e-02 1.224876381456851959e-02 1.210032869130373001e-02 1.281039789319038391e-02 1.203796640038490295e-02
8.436873747494988862e+00 1.243771705776453018e-02 1.232293201610445976e-03 1.213505305349826813e-02 1.226204074919223785e-02 1.225587725639343262e-02 1.278568059206008911e-02 1.331147551536560059e-02 1.254887972027063370e-02 1.223398093134164810e-02 1.208749879151582718e-02 1.279777381569147110e-02 1.201895158737897873e-02
8.456913827655309746e+00 1.242394372820854187e-02 1.237540971487760544e-03 1.212116144597530365e-02 1.224802620708942413e-02 1.223854534327983856e-02 1.277240924537181854e-02 1.330011896789073944e-02 1.253932248800992966e-02 1.221831887960433960e-02 1.207371987402439117e-02 1.278537977486848831e-02 1.200017239898443222e-02
8.476953907815630629e+00 1.241069380193948746e-02 1.242500147782266140e-03 1.210617553442716599e-02 1.223524473607540131e-02 1.222044508904218674e-02 1.275867316871881485e-02 1.328871864825487137e-02 1.253006607294082642e-02 1.220210921019315720e-02 1.205999311059713364e-02 1.277256105095148087e-02 1.198234967887401581e-02
8.496993987975951512e+00 1.239771861582994461e-02 1.245555351488292217e-03 1.209247577935457230e-02 1.222344394773244858e-02 1.220341678708791733e-02 1.274480298161506653e-02 1.327644102275371552e-02 1.252007205039262772e-02 1.218596100807189941e-02 1.204718463122844696e-02 1.275963708758354187e-02 1.196536701172590256e-02
8.517034068136272396e+00 1.238413155078887939e-02 1.248042448423802853e-03 1.207873318344354630e-02 1.221011579036712646e-02 1.218570955097675323e-02 1.273179985582828522e-02 1.326390355825424194e-02 1.250757370144128799e-02 1.216976810246706009e-02 1.203589048236608505e-02 1.274422183632850647e-02 1.194731146097183228e-02
8.537074148296593279e+00 1.237078662961721420e-02 1.250046771019697189e-03 1.206405181437730789e-02 1.219709776341915131e-02 1.216838881373405457e-02 1.271951105445623398e-02 1.325092278420925140e-02 1.249404903501272202e-02 1.215282734483480453e-02 1.202520262449979782e-02 1.272751763463020325e-02 1.192931644618511200e-02
8.557114228456914162e+00 1.235700771212577820e-02 1.251781708560883999e-03 1.205023378133773804e-02 1.218292489647865295e-02 1.215191278606653214e-02 1.270838454365730286e-02 1.323835644870996475e-02 1.248079445213079453e-02 1.213706750422716141e-02 1.201429311186075211e-02 1.271079666912555695e-02 1.191309280693531036e-02
8.577154308617233269e+00 1.234310586005449295e-02 1.253979862667620182e-03 1.203635707497596741e-02 1.216710172593593597e-02 1.213574968278408051e-02 1.269754488021135330e-02 1.322524528950452805e-02 1.246764604002237320e-02 1.212220452725887299e-02 1.200183853507041931e-02 1.269419398158788681e-02 1.189620885998010635e-02
8.597194388777554153e+00 1.232902333140373230e-02 1.256820862181484699e-03 1.202267315238714218e-02 1.215109787881374359e-02 1.211890857666730881e-02 1.268581394106149673e-02 1.321411691606044769e-02 1.245122775435447693e-02 1.210727542638778687e-02 1.199003495275974274e-02 1.267850585281848907e-02 1.188040245324373245e-02
8.617234468937875036e+00 1.231443975120782852e-02 1.260010292753577232e-03 1.200744323432445526e-02 1.213517878204584122e-02 1.210280600935220718e-02 1.267338730394840240e-02 1.320285536348819733e-02 1.243261527270078659e-02 1.209339220076799393e-02 1.197704486548900604e-02 1.266356837004423141e-02 1.186393108218908310e-02
8.637274549098195919e+00 1.230012811720371246e-02 1.263542799279093742e-03 1.199218537658452988e-02 1.211932674050331116e-02 1.208471693098545074e-02 1.265991479158401489e-02 1.319236401468515396e-02 1.240982115268707275e-02 1.207897905260324478e-02 1.196236256510019302e-02 1.264697592705488205e-02 1.184740290045738220e-02
8.657314629258516803e+00 1.228656992316246033e-02 1.266234088689088821e-03 1.197604089975357056e-02 1.210322044789791107e-02 1.206703204661607742e-02 1.264441851526498795e-02 1.318066660314798355e-02 1.238293386995792389e-02 1.206468697637319565e-02 1.194638758897781372e-02 1.262985449284315109e-02 1.182965748012065887e-02
8.677354709418837686e+00 1.227282639592885971e-02 1.270768349058926105e-03 1.195950061082839966e-02 1.208630297333002090e-02 1.204779371619224548e-02 1.262912340462207794e-02 1.316857431083917618e-02 1.235602330416440964e-02 1.205016393214464188e-02 1.193057186901569366e-02 1.261588931083679199e-02 1.181039586663246155e-02
8.697394789579158569e+00 1.225883979350328445e-02 1.275120070204138756e-03 1.194350048899650574e-02 1.207046862691640854e-02 1.203071512281894684e-02 1.261316984891891479e-02 1.315627992153167725e-02 1.233162917196750641e-02 1.203468441963195801e-02 1.191471423953771591e-02 1.260282751172780991e-02 1.179088279604911804e-02
8.717434869739479453e+00 1.224469300359487534e-02 1.280088792555034161e-03 1.192658673971891403e-02 1.205498445779085159e-02 1.201276201754808426e-02 1.259777043014764786e-02 1.314360368996858597e-02 1.230748090893030167e-02 1.201918534934520721e-02 1.189876347780227661e-02 1.259156875312328339e-02 1.177198998630046844e-02
8.737474949899798560e+00 1.222974341362714767e-02 1.284860773012042046e-03 1.191089209169149399e-02 1.204024907201528549e-02 1.199512928724288940e-02 1.258102990686893463e-02 1.313177961856126785e-02 1.228424906730651855e-02 1.200231816619634628e-02 1.188346836715936661e-02 1.258049998432397842e-02 1.175344921648502350e-02
8.757515030060119443e+00 1.221423596143722534e-02 1.289492356590926647e-03 1.189526729285717010e-02 1.202558446675539017e-02 1.197764556854963303e-02 1.256555318832397461e-02 1.311987079679965973e-02 1.226251106709241867e-02 1.198401302099227905e-02 1.186845730990171432e-02 1.256900746375322342e-02 1.173626072704792023e-02
8.777555110220440326e+00 1.219839788973331451e-02 1.292307744733989239e-03 1.188097242265939713e-02 1.201021112501621246e-02 1.195874437689781189e-02 1.255024038255214691e-02 1.310686301440000534e-02 1.224479265511035919e-02 1.196582615375518799e-02 1.185590308159589767e-02 1.255614217370748520e-02 1.171967945992946625e-02
8.797595190380761210e+00 1.218177098780870438e-02 1.294126268476247787e-03 1.186710316687822342e-02 1.199569739401340485e-02 1.194102130830287933e-02 1.253560278564691544e-02 1.309368200600147247e-02 1.222733128815889359e-02 1.194762345403432846e-02 1.184224337339401245e-02 1.254107430577278137e-02 1.170379389077425003e-02
8.817635270541082093e+00 1.216486934572458267e-02 1.297003473155200481e-03 1.185338571667671204e-02 1.197944581508636475e-02 1.192318741232156754e-02 1.252163480967283249e-02 1.308092940598726273e-02 1.221063733100891113e-02 1.192886475473642349e-02 1.182748377323150635e-02 1.252509187906980515e-02 1.168743334710597992e-02
8.837675350701402976e+00 1.214811112731695175e-02 1.300340751186013222e-03 1.184001937508583069e-02 1.196389365941286087e-02 1.190485712140798569e-02 1.250866428017616272e-02 1.306845340877771378e-02 1.219162158668041229e-02 1.191141642630100250e-02 1.181148178875446320e-02 1.250923331826925278e-02 1.167106721550226212e-02
8.857715430861723860e+00 1.213131472468376160e-02 1.304031582549214363e-03 1.182752288877964020e-02 1.194897107779979706e-02 1.188508979976177216e-02 1.249606162309646606e-02 1.305649150162935257e-02 1.217439956963062286e-02 1.189302932471036911e-02 1.179563533514738083e-02 1.249364670366048813e-02 1.165576558560132980e-02
8.877755511022042967e+00 1.211399212479591370e-02 1.308805774897336960e-03 1.181566528975963593e-02 1.193395443260669708e-02 1.186673715710639954e-02 1.248398143798112869e-02 1.304536312818527222e-02 1.215718314051628113e-02 1.187384035438299179e-02 1.177980471402406693e-02 1.247872412204742432e-02 1.163937151432037354e-02
8.897795591182363850e+00 1.209797896444797516e-02 1.315138186328113079e-03 1.180320978164672852e-02 1.191726699471473694e-02 1.185117848217487335e-02 1.247356273233890533e-02 1.303478796035051346e-02 1.213912013918161392e-02 1.185647025704383850e-02 1.176400575786828995e-02 1.246655918657779694e-02 1.162204239517450333e-02
8.917835671342684734e+00 1.208245474845170975e-02 1.321242190897464752e-03 1.178981736302375793e-02 1.190061867237091064e-02 1.183699537068605423e-02 1.246334146708250046e-02 1.302431244403123856e-02 1.212050020694732666e-02 1.183938607573509216e-02 1.174793485552072525e-02 1.245422009378671646e-02 1.160557474941015244e-02
8.937875751503005617e+00 1.206702645868062973e-02 1.327907317318022251e-03 1.177482586354017258e-02 1.188326906412839890e-02 1.182288117706775665e-02 1.245338656008243561e-02 1.301451772451400757e-02 1.210179738700389862e-02 1.182397548109292984e-02 1.173192355781793594e-02 1.244178507477045059e-02 1.158944703638553619e-02
8.957915831663326500e+00 1.205243263393640518e-02 1.333266263827681541e-03 1.175929605960845947e-02 1.186590641736984253e-02 1.181043870747089386e-02 1.244088821113109589e-02 1.300419308245182037e-02 1.208268757909536362e-02 1.180970016866922379e-02 1.171411946415901184e-02 1.242784876376390457e-02 1.157294772565364838e-02
8.977955911823647384e+00 1.203800551593303680e-02 1.337405527010560036e-03 1.174398325383663177e-02 1.184939779341220856e-02 1.179938856512308121e-02 1.242804899811744690e-02 1.299341022968292236e-02 1.206521876156330109e-02 1.179463509470224380e-02 1.169678941369056702e-02 1.241322793066501617e-02 1.155721861869096756e-02
8.997995991983968267e+00 1.202341448515653610e-02 1.342039322480559349e-03 1.172764692455530167e-02 1.183372922241687775e-02 1.178765855729579926e-02 1.241471618413925171e-02 1.298215705901384354e-02 1.204980909824371338e-02 1.177907921373844147e-02 1.167965028434991837e-02 1.239925902336835861e-02 1.154019031673669815e-02
9.018036072144287374e+00 1.201032008975744247e-02 1.346401637420058250e-03 1.171015389263629913e-02 1.181843224912881851e-02 1.177738793194293976e-02 1.240079198032617569e-02 1.297042705118656158e-02 1.203494798392057419e-02 1.176390144973993301e-02 1.166180707514286041e-02 1.238467264920473099e-02 1.152241788804531097e-02
9.038076152304608257e+00 1.199803967028856277e-02 1.349623082205653191e-03 1.169441547244787216e-02 1.180355716496706009e-02 1.176738180220127106e-02 1.238536369055509567e-02 1.295878365635871887e-02 1.202094648033380508e-02 1.174883078783750534e-02 1.164425071328878403e-02 1.237087510526180267e-02 1.150603685528039932e-02
9.058116232464929141e+00 1.198613736778497696e-02 1.354855136014521122e-03 1.168005820363759995e-02 1.178923994302749634e-02 1.175597868859767914e-02 1.236983668059110641e-02 1.294863317161798477e-02 1.200752332806587219e-02 1.173369213938713074e-02 1.162489037960767746e-02 1.235823612660169601e-02 1.148902717977762222e-02
9.078156312625250024e+00 1.197448465973138809e-02 1.359415589831769466e-03 1.166614238172769547e-02 1.177484821528196335e-02 1.174300815910100937e-02 1.235372852534055710e-02 1.293848920613527298e-02 1.199506036937236786e-02 1.171740610152482986e-02 1.160652004182338715e-02 1.234317012131214142e-02 1.147225685417652130e-02
9.098196392785570907e+00 1.196287758648395538e-02 1.361827133223414421e-03 1.165264938026666641e-02 1.176090072840452194e-02 1.172811444848775864e-02 1.233794353902339935e-02 1.292629726231098175e-02 1.198414899408817291e-02 1.170118525624275208e-02 1.158889755606651306e-02 1.232456509023904800e-02 1.145526207983493805e-02
9.118236472945891791e+00 1.195043697953224182e-02 1.364244264550507069e-03 1.163931097835302353e-02 1.174662075936794281e-02 1.171179208904504776e-02 1.232241000980138779e-02 1.291366294026374817e-02 1.197110675275325775e-02 1.168552692979574203e-02 1.157120242714881897e-02 1.230638474225997925e-02 1.143827475607395172e-02
9.138276553106212674e+00 1.193711627274751663e-02 1.366103300824761391e-03 1.162522193044424057e-02 1.173083391040563583e-02 1.169686578214168549e-02 1.230717729777097702e-02 1.290037296712398529e-02 1.195996999740600586e-02 1.166999805718660355e-02 1.155304443091154099e-02 1.228828262537717819e-02 1.142241712659597397e-02
9.158316633266533557e+00 1.192302908748388290e-02 1.367717399261891842e-03 1.161079760640859604e-02 1.171444542706012726e-02 1.168179884552955627e-02 1.228985562920570374e-02 1.288645993918180466e-02 1.194655802100896835e-02 1.165437325835227966e-02 1.153504382818937302e-02 1.227005105465650558e-02 1.140460371971130371e-02
9.178356713426852664e+00 1.190810836851596832e-02 1.367617049254477024e-03 1.159578375518321991e-02 1.169708743691444397e-02 1.166723202913999557e-02 1.227182988077402115e-02 1.287111267447471619e-02 1.193353720009326935e-02 1.163733657449483871e-02 1.151734776794910431e-02 1.224988978356122971e-02 1.138764340430498123e-02
9.198396793587173548e+00 1.189091615378856659e-02 1.366053009405732155e-03 1.158205419778823853e-02 1.167853083461523056e-02 1.165211386978626251e-02 1.225175987929105759e-02 1.285573188215494156e-02 1.191739644855260849e-02 1.162081863731145859e-02 1.150034647434949875e-02 1.222974341362714767e-02 1.137107890099287033e-02
9.218436873747494431e+00 1.187308877706527710e-02 1.364775467664003372e-03 1.156777050346136093e-02 1.165944710373878479e-02 1.163680106401443481e-02 1.223220676183700562e-02 1.284092199057340622e-02 1.190137211233377457e-02 1.160537078976631165e-02 1.148289442062377930e-02 1.220965292304754257e-02 1.135541684925556183e-02
9.238476953907815314e+00 1.185480225831270218e-02 1.363401650451123714e-03 1.155275944620370865e-02 1.163928862661123276e-02 1.162330899387598038e-02 1.221355982124805450e-02 1.282587740570306778e-02 1.188426092267036438e-02 1.159031502902507782e-02 1.146616693586111069e-02 1.219099294394254684e-02 1.134026609361171722e-02
9.258517034068136198e+00 1.183637790381908417e-02 1.360886613838374615e-03 1.153621356934309006e-02 1.161922607570886612e-02 1.160976756364107132e-02 1.219403371214866638e-02 1.280897017568349838e-02 1.186678092926740646e-02 1.157574076205492020e-02 1.144912745803594589e-02 1.217145938426256180e-02 1.132435631006956100e-02
9.278557114228457081e+00 1.181781385093927383e-02 1.358247245661914349e-03 1.151769421994686127e-02 1.160006690770387650e-02 1.159529574215412140e-02 1.217648945748806000e-02 1.279052346944808960e-02 1.184916775673627853e-02 1.156143285334110260e-02 1.143194362521171570e-02 1.215103641152381897e-02 1.130784023553133011e-02
9.298597194388777964e+00 1.179916411638259888e-02 1.355546293780207634e-03 1.149838976562023163e-02 1.158185210078954697e-02 1.158258225768804550e-02 1.215824298560619354e-02 1.277180295437574387e-02 1.182877365499734879e-02 1.154727302491664886e-02 1.141229458153247833e-02 1.213109027594327927e-02 1.129176095128059387e-02
9.318637274549097071e+00 1.177924592047929764e-02 1.353420317173004150e-03 1.147855166345834732e-02 1.156415604054927826e-02 1.157083548605442047e-02 1.214053481817245483e-02 1.275314856320619583e-02 1.181017607450485229e-02 1.153318397700786591e-02 1.139285415410995483e-02 1.211073715239763260e-02 1.127367932349443436e-02
9.338677354709417955e+00 1.175851467996835709e-02 1.352422405034303665e-03 1.145946606993675232e-02 1.154719106853008270e-02 1.155858207494020462e-02 1.212146505713462830e-02 1.273574680089950562e-02 1.179219130426645279e-02 1.151894405484199524e-02 1.137382350862026215e-02 1.209194306284189224e-02 1.125428732484579086e-02
9.358717434869738838e+00 1.173737552016973495e-02 1.351047190837562084e-03 1.143826358020305634e-02 1.152860838919878006e-02 1.154595334082841873e-02 1.210359297692775726e-02 1.271687354892492294e-02 1.177777815610170364e-02 1.150653138756752014e-02 1.135505642741918564e-02 1.207411382347345352e-02 1.123609859496355057e-02
9.378757515030059722e+00 1.171642914414405823e-02 1.349587342701852322e-03 1.141599658876657486e-02 1.151011511683464050e-02 1.153267640620470047e-02 1.208323799073696136e-02 1.269865222275257111e-02 1.176207233220338821e-02 1.149219367653131485e-02 1.133590657263994217e-02 1.205572765320539474e-02 1.121958997100591660e-02
9.398797595190380605e+00 1.169606298208236694e-02 1.348656020127236843e-03 1.139624230563640594e-02 1.149323023855686188e-02 1.151951681822538376e-02 1.206382922828197479e-02 1.268097478896379471e-02 1.174722146242856979e-02 1.147652324289083481e-02 1.131627149879932404e-02 1.203799992799758911e-02 1.120307669043540955e-02
9.418837675350701488e+00 1.167695876210927963e-02 1.348969293758273125e-03 1.137651409953832626e-02 1.147658377885818481e-02 1.150474231690168381e-02 1.204571686685085297e-02 1.266424730420112610e-02 1.173259597271680832e-02 1.146009657531976700e-02 1.129764225333929062e-02 1.202068477869033813e-02 1.118663791567087173e-02
9.438877755511022372e+00 1.165738143026828766e-02 1.349367317743599415e-03 1.135638728737831116e-02 1.145848352462053299e-02 1.149030216038227081e-02 1.202976889908313751e-02 1.264757383614778519e-02 1.171510759741067886e-02 1.144522987306118011e-02 1.127939485013484955e-02 1.200440526008605957e-02 1.117202173918485641e-02
9.458917835671341479e+00 1.163819618523120880e-02 1.349716098047792912e-03 1.133634243160486221e-02 1.143956556916236877e-02 1.147594023495912552e-02 1.201410405337810516e-02 1.263106241822242737e-02 1.169759873300790787e-02 1.143115572631359100e-02 1.126266270875930786e-02 1.198929548263549805e-02 1.115787681192159653e-02
9.478957915831662362e+00 1.162056531757116318e-02 1.351120532490313053e-03 1.131788734346628189e-02 1.142125856131315231e-02 1.145969051867723465e-02 1.199713628739118576e-02 1.261541061103343964e-02 1.168078929185867310e-02 1.141543500125408173e-02 1.124694570899009705e-02 1.197566557675600052e-02 1.114197261631488800e-02
9.498997995991983245e+00 1.160416752099990845e-02 1.351161510683596134e-03 1.130012236535549164e-02 1.140441466122865677e-02 1.144257653504610062e-02 1.198297459632158279e-02 1.259905472397804260e-02 1.166691165417432785e-02 1.139875967055559158e-02 1.123230159282684326e-02 1.196312811225652695e-02 1.113058719784021378e-02
9.519038076152304129e+00 1.158830616623163223e-02 1.350750215351581573e-03 1.128263119608163834e-02 1.138796191662549973e-02 1.142274308949708939e-02 1.197015400975942612e-02 1.258141268044710159e-02 1.165275461971759796e-02 1.138191670179367065e-02 1.121737156063318253e-02 1.194995548576116562e-02 1.111926976591348648e-02
9.539078156312625012e+00 1.157244294881820679e-02 1.351683866232633591e-03 1.126467157155275345e-02 1.137284189462661743e-02 1.140197552740573883e-02 1.195689849555492401e-02 1.256539858877658844e-02 1.163845043629407883e-02 1.136416941881179810e-02 1.120178680866956711e-02 1.193659752607345581e-02 1.110812462866306305e-02
9.559118236472945895e+00 1.155658904463052750e-02 1.353902043774724007e-03 1.124754268676042557e-02 1.135639194399118423e-02 1.138069201260805130e-02 1.194128766655921936e-02 1.255117543041706085e-02 1.162550318986177444e-02 1.134572923183441162e-02 1.118521671742200851e-02 1.192422211170196533e-02 1.109754852950572968e-02
9.579158316633266779e+00 1.154107693582773209e-02 1.355537562631070614e-03 1.123130414634943008e-02 1.133920531719923019e-02 1.135873422026634216e-02 1.192742679268121719e-02 1.253686845302581787e-02 1.161246560513973236e-02 1.132721733301877975e-02 1.116938423365354538e-02 1.191127952188253403e-02 1.108908187597990036e-02
9.599198396793587662e+00 1.152557600289583206e-02 1.357658882625401020e-03 1.121611613780260086e-02 1.132151670753955841e-02 1.133680343627929688e-02 1.191212702542543411e-02 1.252223271876573563e-02 1.159814279526472092e-02 1.130755152553319931e-02 1.115301530808210373e-02 1.189985778182744980e-02 1.107897143810987473e-02
9.619238476953906769e+00 1.151024643331766129e-02 1.359820482321083546e-03 1.120079308748245239e-02 1.130294147878885269e-02 1.131678745150566101e-02 1.189814414829015732e-02 1.250796392560005188e-02 1.158457994461059570e-02 1.128751039505004883e-02 1.113700214773416519e-02 1.188722997903823853e-02 1.106958277523517609e-02
9.639278557114227652e+00 1.149410102516412735e-02 1.362231792882084846e-03 1.118514686822891235e-02 1.128535903990268707e-02 1.129806041717529297e-02 1.188361924141645432e-02 1.249315496534109116e-02 1.157034188508987427e-02 1.126583013683557510e-02 1.112179830670356750e-02 1.187505386769771576e-02 1.105769723653793335e-02
9.659318637274548536e+00 1.147757936269044876e-02 1.364713651128113270e-03 1.117012090981006622e-02 1.126752886921167374e-02 1.128000486642122269e-02 1.186688337475061417e-02 1.247878838330507278e-02 1.155679672956466675e-02 1.124181691557168961e-02 1.110641844570636749e-02 1.186095550656318665e-02 1.104408875107765198e-02
9.679358717434869419e+00 1.146092172712087631e-02 1.366967568174004555e-03 1.115594524890184402e-02 1.124988403171300888e-02 1.126353628933429718e-02 1.185036823153495789e-02 1.246549095958471298e-02 1.153997238725423813e-02 1.121690310537815094e-02 1.109056081622838974e-02 1.184463314712047577e-02 1.103102322667837143e-02
9.699398797595190302e+00 1.144342869520187378e-02 1.368525787256658077e-03 1.114057283848524094e-02 1.123214699327945709e-02 1.124524138867855072e-02 1.183238439261913300e-02 1.245127990841865540e-02 1.152337342500686646e-02 1.119315251708030701e-02 1.107346732169389725e-02 1.182711962610483170e-02 1.101821567863225937e-02
9.719438877755511186e+00 1.142577081918716431e-02 1.369881443679332733e-03 1.112482044845819473e-02 1.121596246957778931e-02 1.122623588889837265e-02 1.181485783308744431e-02 1.243734080344438553e-02 1.150718610733747482e-02 1.117089297622442245e-02 1.105649862438440323e-02 1.181037817150354385e-02 1.100697182118892670e-02
9.739478957915832069e+00 1.140792481601238251e-02 1.372473081573843956e-03 1.110877376049757004e-02 1.120109111070632935e-02 1.120587717741727829e-02 1.179840415716171265e-02 1.242338400334119797e-02 1.149059180170297623e-02 1.114974264055490494e-02 1.103789173066616058e-02 1.179327536374330521e-02 1.099341362714767456e-02
9.759519038076151176e+00 1.138970628380775452e-02 1.376921660266816616e-03 1.109252497553825378e-02 1.118702068924903870e-02 1.118598412722349167e-02 1.178399939090013504e-02 1.240968704223632812e-02 1.147446595132350922e-02 1.112843398004770279e-02 1.101808995008468628e-02 1.177698094397783279e-02 1.097805611789226532e-02
9.779559118236472059e+00 1.137159671634435654e-02 1.382163842208683491e-03 1.107756886631250381e-02 1.117181405425071716e-02 1.116415858268737793e-02 1.176999229937791824e-02 1.239640265703201294e-02 1.145746652036905289e-02 1.110768876969814301e-02 1.099902484565973282e-02 1.176095195114612579e-02 1.096118893474340439e-02
9.799599198396792943e+00 1.135402265936136246e-02 1.386634306982159615e-03 1.106357946991920471e-02 1.115876995027065277e-02 1.114059239625930786e-02 1.175587438046932220e-02 1.238249428570270538e-02 1.144180726259946823e-02 1.108915079385042191e-02 1.098180562257766724e-02 1.174477767199277878e-02 1.094142440706491470e-02
9.819639278557113826e+00 1.133637875318527222e-02 1.392210600897669792e-03 1.104810182005167007e-02 1.114483643323183060e-02 1.111960783600807190e-02 1.174459978938102722e-02 1.236978918313980103e-02 1.142525114119052887e-02 1.107208058238029480e-02 1.096617151051759720e-02 1.172949466854333878e-02 1.092234253883361816e-02
9.839679358717434710e+00 1.131861191242933273e-02 1.397168729454278946e-03 1.103359926491975784e-02 1.113313063979148865e-02 1.110111735761165619e-02 1.173459738492965698e-02 1.235680282115936279e-02 1.140858512371778488e-02 1.105655543506145477e-02 1.095084566622972488e-02 1.171576790511608124e-02 1.090338267385959625e-02
9.859719438877755593e+00 1.130167767405509949e-02 1.400190754793584347e-03 1.101929135620594025e-02 1.112386584281921387e-02 1.108444575220346451e-02 1.172610092908143997e-02 1.234338525682687759e-02 1.139118056744337082e-02 1.104184240102767944e-02 1.093724742531776428e-02 1.169956754893064499e-02 1.088457647711038589e-02
9.879759519038076476e+00 1.128520444035530090e-02 1.402433961629867554e-03 1.100554130971431732e-02 1.111396308988332748e-02 1.106927357614040375e-02 1.171773392707109451e-02 1.232993416488170624e-02 1.137510687112808228e-02 1.102816779166460037e-02 1.092614885419607162e-02 1.168505102396011353e-02 1.086674164980649948e-02
9.899799599198395583e+00 1.127055380493402481e-02 1.403918955475091934e-03 1.099069230258464813e-02 1.110326498746871948e-02 1.105592399835586548e-02 1.171000394970178604e-02 1.231645420193672180e-02 1.135946251451969147e-02 1.101622078567743301e-02 1.091626007109880447e-02 1.167032867670059204e-02 1.084912009537220001e-02
9.919839679358716467e+00 1.125664077699184418e-02 1.406764611601829529e-03 1.097663398832082748e-02 1.109369657933712006e-02 1.104248221963644028e-02 1.170212309807538986e-02 1.230458356440067291e-02 1.134577300399541855e-02 1.100547518581151962e-02 1.090736966580152512e-02 1.165995001792907715e-02 1.083259098231792450e-02
9.939879759519037350e+00 1.124428492039442062e-02 1.409677672199904919e-03 1.096379943192005157e-02 1.108395308256149292e-02 1.102869678288698196e-02 1.169492490589618683e-02 1.229528430849313736e-02 1.133234798908233643e-02 1.099747605621814728e-02 1.089867297559976578e-02 1.164970081299543381e-02 1.081983093172311783e-02
9.959919839679358233e+00 1.123479288071393967e-02 1.411446952261030674e-03 1.095455326139926910e-02 1.107480004429817200e-02 1.101643312722444534e-02 1.168803032487630844e-02 1.228760741651058197e-02 1.132251974195241928e-02 1.099279336631298065e-02 1.089059282094240189e-02 1.164134778082370758e-02 1.080994121730327606e-02
9.979959919839679117e+00 1.122768409550189972e-02 1.411889679729938507e-03 1.094731409102678299e-02 1.106730382889509201e-02 1.100777462124824524e-02 1.168222539126873016e-02 1.228191982954740524e-02 1.131457090377807617e-02 1.099025458097457886e-02 1.088457088917493820e-02 1.163362432271242142e-02 1.080308947712182999e-02
1.000000000000000000e+01 1.122344657778739929e-02 1.411641482263803482e-03 1.094337552785873413e-02 1.106393989175558090e-02 1.100375130772590637e-02 1.167821045964956284e-02 1.227889303117990494e-02 1.131124049425125122e-02 1.098828017711639404e-02 1.088165026158094406e-02 1.162838004529476166e-02 1.079919096082448959e-02
