# Omega RhoOverOmega_mean RhoOverOmega_error RhoOverOmega_sample_0 RhoOverOmega_sample_1 RhoOverOmega_sample_2 RhoOverOmega_sample_3 RhoOverOmega_sample_4 RhoOverOmega_sample_5 RhoOverOmega_sample_6 RhoOverOmega_sample_7 RhoOverOmega_sample_8 RhoOverOmega_sample_9
0.000000000000000000e+00 1.058058217167854309e-01 2.499541733413934708e-04 1.059532240033149719e-01 1.058671623468399048e-01 1.058507785201072693e-01 1.057387888431549072e-01 1.057714447379112244e-01 1.057558730244636536e-01 1.056632846593856812e-01 1.057734414935112000e-01 1.058701649308204651e-01 1.057681962847709656e-01
8.016032064128256196e-02 1.262085139751434326e-01 8.522578718839213252e-05 1.261704117059707642e-01 1.262080669403076172e-01 1.262144446372985840e-01 1.262380033731460571e-01 1.262191087007522583e-01 1.261829286813735962e-01 1.262555718421936035e-01 1.261994093656539917e-01 1.262023299932479858e-01 1.262511610984802246e-01
1.603206412825651239e-01 1.523161828517913818e-01 3.351515624672174454e-04 1.520825624465942383e-01 1.522527188062667847e-01 1.522319763898849487e-01 1.523771136999130249e-01 1.523537486791610718e-01 1.523589193820953369e-01 1.524834930896759033e-01 1.523574739694595337e-01 1.522329300642013550e-01 1.523734182119369507e-01
2.404809619238476859e-01 1.670852005481719971e-01 2.986992476508021355e-04 1.669118106365203857e-01 1.671073436737060547e-01 1.670041978359222412e-01 1.671544462442398071e-01 1.671781837940216064e-01 1.671484261751174927e-01 1.672358959913253784e-01 1.671729534864425659e-01 1.670186072587966919e-01 1.670839637517929077e-01
3.206412825651302478e-01 1.694940477609634399e-01 2.028837479883804917e-04 1.695037484169006348e-01 1.696005016565322876e-01 1.694243997335433960e-01 1.695070564746856689e-01 1.695262193679809570e-01 1.694845557212829590e-01 1.694591045379638672e-01 1.695302575826644897e-01 1.694710850715637207e-01 1.693504750728607178e-01
4.008016032064127820e-01 1.652251034975051880e-01 3.759681712836027145e-04 1.654201000928878784e-01 1.653739213943481445e-01 1.652319580316543579e-01 1.651809215545654297e-01 1.651848405599594116e-01 1.651367098093032837e-01 1.650646775960922241e-01 1.652050614356994629e-01 1.652881056070327759e-01 1.650252938270568848e-01
4.809619238476953718e-01 1.590208262205123901e-01 4.768279904965311289e-04 1.592963784933090210e-01 1.591436862945556641e-01 1.591253280639648438e-01 1.589520722627639771e-01 1.589203774929046631e-01 1.588660180568695068e-01 1.588223874568939209e-01 1.589333415031433105e-01 1.591528803110122681e-01 1.588704138994216919e-01
5.611222444889779615e-01 1.529565751552581787e-01 4.540221998468041420e-04 1.532019525766372681e-01 1.530138403177261353e-01 1.531420350074768066e-01 1.528885364532470703e-01 1.528266817331314087e-01 1.527824848890304565e-01 1.528128981590270996e-01 1.528458446264266968e-01 1.531090289354324341e-01 1.529299467802047729e-01
6.412825651302604957e-01 1.473805308341979980e-01 3.714646445587277412e-04 1.475131064653396606e-01 1.473599970340728760e-01 1.475932002067565918e-01 1.473287940025329590e-01 1.472483873367309570e-01 1.472366154193878174e-01 1.473387926816940308e-01 1.472817212343215942e-01 1.474958658218383789e-01 1.474773734807968140e-01
7.214428857715430299e-01 1.419668495655059814e-01 3.223857493139803410e-04 1.419552564620971680e-01 1.418856829404830933e-01 1.421540826559066772e-01 1.419357806444168091e-01 1.418686360120773315e-01 1.418969333171844482e-01 1.420299708843231201e-01 1.419017910957336426e-01 1.420034468173980713e-01 1.421599984169006348e-01
8.016032064128255641e-01 1.363560259342193604e-01 3.642169758677482605e-04 1.362155079841613770e-01 1.362427622079849243e-01 1.364731788635253906e-01 1.363421678543090820e-01 1.363193094730377197e-01 1.363850086927413940e-01 1.365092694759368896e-01 1.363455951213836670e-01 1.363049149513244629e-01 1.365969330072402954e-01
8.817635270541082093e-01 1.303754001855850220e-01 4.503802338149398565e-04 1.301405876874923706e-01 1.302655786275863647e-01 1.303860694169998169e-01 1.303747594356536865e-01 1.304144561290740967e-01 1.304989904165267944e-01 1.305889189243316650e-01 1.304124146699905396e-01 1.302470862865447998e-01 1.306114345788955688e-01
9.619238476953907435e-01 1.240352541208267212e-01 5.263921339064836502e-04 1.237478256225585938e-01 1.239510178565979004e-01 1.239220276474952698e-01 1.240456625819206238e-01 1.241521462798118591e-01 1.242288574576377869e-01 1.242683231830596924e-01 1.241099834442138672e-01 1.238608807325363159e-01 1.242184117436408997e-01
1.042084168336673278e+00 1.174565702676773071e-01 5.718130851164460182e-04 1.171608865261077881e-01 1.174110174179077148e-01 1.172299981117248535e-01 1.174718365073204041e-01 1.176340430974960327e-01 1.176887080073356628e-01 1.176766455173492432e-01 1.175507605075836182e-01 1.172710582613945007e-01 1.175537779927253723e-01
1.122244488977955923e+00 1.107919588685035706e-01 5.856242496520280838e-04 1.105230450630187988e-01 1.107969656586647034e-01 1.104760840535163879e-01 1.108144372701644897e-01 1.110111027956008911e-01 1.110274940729141235e-01 1.109736859798431396e-01 1.108889728784561157e-01 1.106338724493980408e-01 1.107823401689529419e-01
1.202404809619238346e+00 1.041733771562576294e-01 5.782953812740743160e-04 1.039575114846229553e-01 1.042295470833778381e-01 1.038023978471755981e-01 1.042057424783706665e-01 1.044097393751144409e-01 1.043783724308013916e-01 1.042955070734024048e-01 1.042603328824043274e-01 1.040658727288246155e-01 1.040519475936889648e-01
1.282565130260520991e+00 9.768617153167724609e-02 5.676722503267228603e-04 9.753357619047164917e-02 9.778671711683273315e-02 9.729596972465515137e-02 9.772676229476928711e-02 9.791281074285507202e-02 9.783500432968139648e-02 9.773917496204376221e-02 9.776201844215393066e-02 9.764285385608673096e-02 9.745892137289047241e-02
1.362725450901803637e+00 9.135434031486511230e-02 5.596157861873507500e-04 9.126646071672439575e-02 9.149230271577835083e-02 9.098248928785324097e-02 9.140303730964660645e-02 9.155429154634475708e-02 9.142845124006271362e-02 9.133313596248626709e-02 9.141816198825836182e-02 9.137880057096481323e-02 9.104482084512710571e-02
1.442885771543086060e+00 8.515354245901107788e-02 5.514238146133720875e-04 8.512507379055023193e-02 8.531259000301361084e-02 8.483511209487915039e-02 8.520857989788055420e-02 8.530705422163009644e-02 8.515001833438873291e-02 8.506435155868530273e-02 8.520090579986572266e-02 8.523880690336227417e-02 8.478871732950210571e-02
1.523046092184368705e+00 7.902382314205169678e-02 5.431135068647563457e-04 7.904499024152755737e-02 7.918804883956909180e-02 7.879073172807693481e-02 7.908709347248077393e-02 7.912054657936096191e-02 7.894405722618103027e-02 7.887709140777587891e-02 7.906046509742736816e-02 7.916238903999328613e-02 7.863392680883407593e-02
1.603206412825651128e+00 7.289042323827743530e-02 5.327638355083763599e-04 7.295182347297668457e-02 7.304816693067550659e-02 7.276355475187301636e-02 7.295720279216766357e-02 7.292413711547851562e-02 7.274615764617919922e-02 7.270003110170364380e-02 7.292070239782333374e-02 7.306313514709472656e-02 7.250799238681793213e-02
1.683366733466933773e+00 6.667787581682205200e-02 5.174049292691051960e-04 6.676758080720901489e-02 6.681352853775024414e-02 6.666058301925659180e-02 6.673942506313323975e-02 6.664267182350158691e-02 6.648746877908706665e-02 6.646118313074111938e-02 6.669693440198898315e-02 6.686349958181381226e-02 6.633372604846954346e-02
1.763527054108216419e+00 6.032279878854751587e-02 4.933267482556402683e-04 6.042946875095367432e-02 6.042443215847015381e-02 6.041441112756729126e-02 6.037564575672149658e-02 6.022981926798820496e-02 6.010905280709266663e-02 6.010388210415840149e-02 6.033790484070777893e-02 6.050153449177742004e-02 6.004615128040313721e-02
1.843687374749498842e+00 5.379444733262062073e-02 4.688358458224684000e-04 5.391068756580352783e-02 5.385284498333930969e-02 5.398898199200630188e-02 5.383508652448654175e-02 5.365782603621482849e-02 5.358030647039413452e-02 5.359049513936042786e-02 5.380392447113990784e-02 5.395068973302841187e-02 5.361220985651016235e-02
1.923847695390781487e+00 4.710028320550918579e-02 4.588279698509722948e-04 4.722150415182113647e-02 4.711266234517097473e-02 4.738070443272590637e-02 4.712453484535217285e-02 4.693112894892692566e-02 4.690453037619590759e-02 4.692586511373519897e-02 4.709811508655548096e-02 4.721900820732116699e-02 4.702667146921157837e-02
2.004008016032063910e+00 4.028945043683052063e-02 4.671483766287565231e-04 4.041294381022453308e-02 4.025678336620330811e-02 4.062928259372711182e-02 4.029561951756477356e-02 4.009827971458435059e-02 4.012867435812950134e-02 4.015712440013885498e-02 4.027374088764190674e-02 4.035955294966697693e-02 4.033136367797851562e-02
2.084168336673346555e+00 3.345527127385139465e-02 4.965571570210158825e-04 3.357876837253570557e-02 3.338419646024703979e-02 3.383065760135650635e-02 3.344214335083961487e-02 3.325305134057998657e-02 3.334386646747589111e-02 3.337561711668968201e-02 3.342135250568389893e-02 3.347394615411758423e-02 3.361187502741813660e-02
2.164328657314629201e+00 2.674008347094058990e-02 5.344626842997968197e-04 2.686437964439392090e-02 2.664110995829105377e-02 2.712252363562583923e-02 2.671265415847301483e-02 2.654167264699935913e-02 2.668884582817554474e-02 2.671792358160018921e-02 2.668552845716476440e-02 2.671224810183048248e-02 2.700033411383628845e-02
2.244488977955911846e+00 2.033417113125324249e-02 5.683730123564600945e-04 2.045789733529090881e-02 2.021417021751403809e-02 2.069597505033016205e-02 2.029767259955406189e-02 2.014987170696258545e-02 2.034144848585128784e-02 2.036804147064685822e-02 2.026056870818138123e-02 2.026509866118431091e-02 2.067534253001213074e-02
2.324649298597194491e+00 1.446735579520463943e-02 5.781938671134412289e-04 1.458633784204721451e-02 1.433459483087062836e-02 1.477936282753944397e-02 1.442619599401950836e-02 1.430441252887248993e-02 1.452354900538921356e-02 1.454278454184532166e-02 1.437605172395706177e-02 1.436766982078552246e-02 1.485527586191892624e-02
2.404809619238476692e+00 9.396826848387718201e-03 5.453978665173053741e-04 9.504605084657669067e-03 9.265784174203872681e-03 9.636855684220790863e-03 9.358609095215797424e-03 9.261151775717735291e-03 9.487358853220939636e-03 9.495737031102180481e-03 9.297913871705532074e-03 9.282454848289489746e-03 9.785337373614311218e-03
2.484969939879759337e+00 5.393489263951778412e-03 4.553339676931500435e-04 5.479270592331886292e-03 5.278910044580698013e-03 5.546622443944215775e-03 5.367650650441646576e-03 5.287392530590295792e-03 5.493426229804754257e-03 5.489266943186521530e-03 5.299052689224481583e-03 5.284292623400688171e-03 5.727975163608789444e-03
2.565130260521041983e+00 2.696303650736808777e-03 3.030807420145720243e-04 2.747337333858013153e-03 2.613928169012069702e-03 2.762468066066503525e-03 2.687737811356782913e-03 2.622361760586500168e-03 2.774755004793405533e-03 2.760059433057904243e-03 2.623103559017181396e-03 2.615185920149087906e-03 2.921193838119506836e-03
2.645290581162324628e+00 1.403747010044753551e-03 1.155216887127608061e-04 1.413072692230343819e-03 1.366958720609545708e-03 1.418527681380510330e-03 1.402582274749875069e-03 1.375285093672573566e-03 1.434972975403070450e-03 1.425489201210439205e-03 1.374839455820620060e-03 1.367715885862708092e-03 1.489304471760988235e-03
2.725450901803607273e+00 9.824609151110053062e-04 3.552360067260451615e-05 9.781690314412117004e-04 9.694889304228127003e-04 9.874965762719511986e-04 9.819858241826295853e-04 9.771165205165743828e-04 9.919564472511410713e-04 9.895936818793416023e-04 9.772193152457475662e-04 9.679261129349470139e-04 1.007834915071725845e-03
2.805611222444889474e+00 8.190632215701043606e-04 1.718865314614959061e-05 8.130702772177755833e-04 8.126727188937366009e-04 8.219568408094346523e-04 8.183448226191103458e-04 8.191275992430746555e-04 8.229063241742551327e-04 8.227183716371655464e-04 8.189831860363483429e-04 8.105443557724356651e-04 8.295364095829427242e-04
2.885771543086172120e+00 7.200633990578353405e-04 1.218691431859042495e-05 7.148450240492820740e-04 7.160683744587004185e-04 7.217485690489411354e-04 7.198417442850768566e-04 7.214933284558355808e-04 7.230298360809683800e-04 7.230519549921154976e-04 7.210133480839431286e-04 7.138061919249594212e-04 7.266137399710714817e-04
2.965931863727454765e+00 6.451685330830514431e-04 9.715140549815259874e-06 6.406237371265888214e-04 6.418917328119277954e-04 6.458978168666362762e-04 6.448632339015603065e-04 6.467839120887219906e-04 6.474301335401833057e-04 6.476248381659388542e-04 6.460674921981990337e-04 6.401054561138153076e-04 6.498966249637305737e-04
3.046092184368737410e+00 5.843671970069408417e-04 8.022791917028371245e-06 5.805516266264021397e-04 5.819941870868206024e-04 5.844669067300856113e-04 5.840205121785402298e-04 5.860999808646738529e-04 5.865317070856690407e-04 5.864845006726682186e-04 5.851923488080501556e-04 5.801273509860038757e-04 5.880204844288527966e-04
3.126252505010020055e+00 5.340020288713276386e-04 6.683853825961705297e-06 5.306748789735138416e-04 5.320901400409638882e-04 5.335806054063141346e-04 5.337312468327581882e-04 5.356224719434976578e-04 5.357979098334908485e-04 5.358518101274967194e-04 5.347081460058689117e-04 5.304603255353868008e-04 5.367355770431458950e-04
3.206412825651302256e+00 4.916287725791335106e-04 5.788395355921238661e-06 4.887428367510437965e-04 4.900549538433551788e-04 4.909138078801333904e-04 4.913494922220706940e-04 4.933395539410412312e-04 4.932323936372995377e-04 4.932669689878821373e-04 4.924025852233171463e-04 4.886233364231884480e-04 4.937179037369787693e-04
3.286573146292584902e+00 4.556843487080186605e-04 4.979382538294885308e-06 4.531843005679547787e-04 4.545307601802051067e-04 4.547381540760397911e-04 4.553577455226331949e-04 4.573134938254952431e-04 4.570092132780700922e-04 4.571717872750014067e-04 4.563352267723530531e-04 4.530905571300536394e-04 4.572616016957908869e-04
3.366733466933867547e+00 4.247893521096557379e-04 4.338143298809882253e-06 4.225494049023836851e-04 4.239347763359546661e-04 4.236929526086896658e-04 4.245309974066913128e-04 4.263281589373946190e-04 4.260163113940507174e-04 4.261010035406798124e-04 4.253500665072351694e-04 4.226193414069712162e-04 4.258955013938248158e-04
3.446893787575150192e+00 3.980253241024911404e-04 3.795734301093034446e-06 3.960824396926909685e-04 3.973297134507447481e-04 3.968369564972817898e-04 3.978382446803152561e-04 3.995156148448586464e-04 3.990280965808779001e-04 3.991984121967107058e-04 3.984965442214161158e-04 3.962114278692752123e-04 3.988099633716046810e-04
3.527054108216432837e+00 3.746832662727683783e-04 3.516702463457477279e-06 3.729106392711400986e-04 3.741068940144032240e-04 3.733918420039117336e-04 3.745393478311598301e-04 3.761445987038314342e-04 3.756308578886091709e-04 3.757426165975630283e-04 3.752256452571600676e-04 3.730968164745718241e-04 3.751955518964678049e-04
3.607214428857715482e+00 3.541640180628746748e-04 3.180150542902993038e-06 3.526023938320577145e-04 3.538469027262181044e-04 3.528304514475166798e-04 3.539275494404137135e-04 3.556111187208443880e-04 3.549769462551921606e-04 3.550239780452102423e-04 3.546626248862594366e-04 3.527779772412031889e-04 3.544736537151038647e-04
3.687374749498997684e+00 3.359953407198190689e-04 2.884276000258978456e-06 3.345905279275029898e-04 3.357578825671225786e-04 3.347028687130659819e-04 3.358092508278787136e-04 3.373388026375323534e-04 3.367795725353062153e-04 3.368695033714175224e-04 3.363808500580489635e-04 3.348851460032165051e-04 3.361837589181959629e-04
3.767535070140280329e+00 3.199024067725986242e-04 2.754172101049334742e-06 3.185739915352314711e-04 3.196639299858361483e-04 3.185010864399373531e-04 3.197709447704255581e-04 3.211567236576229334e-04 3.206499677617102861e-04 3.205815155524760485e-04 3.203352389391511679e-04 3.188937262166291475e-04 3.199030179530382156e-04
3.847695390781562974e+00 3.054444969166070223e-04 2.536193733249092475e-06 3.042697790078818798e-04 3.053483960684388876e-04 3.041392774321138859e-04 3.052939719054847956e-04 3.066777717322111130e-04 3.060838498640805483e-04 3.061153984162956476e-04 3.058035217691212893e-04 3.045510675292462111e-04 3.052936517633497715e-04
3.927855711422845619e+00 2.924647706095129251e-04 2.457503796904347837e-06 2.913944481406360865e-04 2.924859581980854273e-04 2.910098992288112640e-04 2.923011197708547115e-04 2.936456585302948952e-04 2.930202754214406013e-04 2.930367481894791126e-04 2.928001631516963243e-04 2.917055389843881130e-04 2.922579005826264620e-04
4.008016032064127820e+00 2.807448036037385464e-04 2.325971991012920626e-06 2.797725901473313570e-04 2.808264689520001411e-04 2.793513704091310501e-04 2.805641561280936003e-04 2.818912907969206572e-04 2.812568272929638624e-04 2.812967868521809578e-04 2.810750738717615604e-04 2.801225637085735798e-04 2.804023388307541609e-04
4.088176352705410466e+00 2.701308985706418753e-04 2.223054480054997839e-06 2.691764384508132935e-04 2.702468191273510456e-04 2.687727683223783970e-04 2.700760378502309322e-04 2.711983688641339540e-04 2.706367522478103638e-04 2.706037194002419710e-04 2.705067163333296776e-04 2.696100564207881689e-04 2.697455929592251778e-04
4.168336673346693111e+00 2.604916517157107592e-04 2.226960532425437123e-06 2.595692640170454979e-04 2.605818153824657202e-04 2.590332005638629198e-04 2.604082110337913036e-04 2.614783588796854019e-04 2.608878712635487318e-04 2.608948561828583479e-04 2.607809437904506922e-04 2.599189756438136101e-04 2.599705767352133989e-04
4.248496993987975756e+00 2.516023814678192139e-04 2.074843905575107783e-06 2.508071193005889654e-04 2.516983950044959784e-04 2.502777206245809793e-04 2.514810184948146343e-04 2.526168827898800373e-04 2.520048001315444708e-04 2.519802947062999010e-04 2.519272093195468187e-04 2.511455095373094082e-04 2.510981285013258457e-04
4.328657314629258401e+00 2.434984780848026276e-04 2.003273493755841628e-06 2.427558792987838387e-04 2.437151997582986951e-04 2.421852841507643461e-04 2.434127964079380035e-04 2.444625715725123882e-04 2.438902592984959483e-04 2.438895462546497583e-04 2.437684161122888327e-04 2.431202883599326015e-04 2.430094900773838162e-04
4.408817635270541047e+00 2.360295329708606005e-04 1.981708010134752840e-06 2.353709860472008586e-04 2.362589584663510323e-04 2.347028785152360797e-04 2.359665086260065436e-04 2.369687863392755389e-04 2.363621752010658383e-04 2.364099491387605667e-04 2.363486564718186855e-04 2.357200282858684659e-04 2.354383177589625120e-04
4.488977955911823692e+00 2.290963602717965841e-04 1.948291128428536467e-06 2.285003283759579062e-04 2.294190344400703907e-04 2.278508472954854369e-04 2.290574921062216163e-04 2.300951600773259997e-04 2.294608420925214887e-04 2.295159792993217707e-04 2.294345758855342865e-04 2.288662217324599624e-04 2.285329974256455898e-04
4.569138276553106337e+00 2.227541699539870024e-04 1.916892870212905109e-06 2.220886235591024160e-04 2.229575475212186575e-04 2.214385749539360404e-04 2.226700889877974987e-04 2.236018190160393715e-04 2.230645186500623822e-04 2.230806858278810978e-04 2.230830286862328649e-04 2.225441858172416687e-04 2.221328904852271080e-04
4.649298597194388982e+00 2.168400678783655167e-04 1.844235839598695748e-06 2.162214514100924134e-04 2.170570805901661515e-04 2.155797265004366636e-04 2.167612838093191385e-04 2.176898997277021408e-04 2.171231171814724803e-04 2.171328378608450294e-04 2.170583175029605627e-04 2.166699559893459082e-04 2.161927986890077591e-04
4.729458917835670739e+00 2.113480004481971264e-04 1.762377792147162836e-06 2.107836480718106031e-04 2.115982497343793511e-04 2.100957499351352453e-04 2.112283254973590374e-04 2.120788267347961664e-04 2.115710231009870768e-04 2.115623501595109701e-04 2.115976531058549881e-04 2.111141511704772711e-04 2.107141044689342380e-04
4.809619238476953385e+00 2.061653940472751856e-04 1.814680217648856342e-06 2.055937220575287938e-04 2.064402506221085787e-04 2.049270697170868516e-04 2.060954138869419694e-04 2.069793408736586571e-04 2.064305881503969431e-04 2.064295986201614141e-04 2.064305881503969431e-04 2.059879625448957086e-04 2.054912183666601777e-04
4.889779559118236030e+00 2.013263292610645294e-04 1.730027406665612943e-06 2.008446608670055866e-04 2.015889331232756376e-04 2.001483226194977760e-04 2.013474295381456614e-04 2.021199907176196575e-04 2.016145008383318782e-04 2.015718346228823066e-04 2.016041107708588243e-04 2.012399490922689438e-04 2.006539871217682958e-04
4.969939879759518675e+00 1.968107098946347833e-04 1.700545794847130310e-06 1.963550021173432469e-04 1.971129095181822777e-04 1.956358173629269004e-04 1.967534917639568448e-04 1.976010826183483005e-04 1.970095472643151879e-04 1.970230805454775691e-04 1.970499579329043627e-04 1.966863346751779318e-04 1.961527013918384910e-04
5.050100200400801320e+00 1.925780961755663157e-04 1.710893911877064966e-06 1.920942449942231178e-04 1.928592537296935916e-04 1.913682353915646672e-04 1.924936368595808744e-04 1.933330349856987596e-04 1.927529810927808285e-04 1.927783596329391003e-04 1.927557314047589898e-04 1.924497628351673484e-04 1.918996276799589396e-04
5.130260521042083965e+00 1.885646342998370528e-04 1.700099574009072967e-06 1.880754716694355011e-04 1.888813712866976857e-04 1.873369328677654266e-04 1.885295787360519171e-04 1.892816508188843727e-04 1.887351681943982840e-04 1.887481339508667588e-04 1.887643447844311595e-04 1.884932571556419134e-04 1.879117917269468307e-04
5.210420841683366611e+00 1.847693929448723793e-04 1.632918156246887520e-06 1.843550999183207750e-04 1.851164415711537004e-04 1.836126175476238132e-04 1.846763916546478868e-04 1.854560396168380976e-04 1.849468972068279982e-04 1.849537802627310157e-04 1.849925756687298417e-04 1.847070379881188273e-04 1.841043995227664709e-04
5.290581162324649256e+00 1.812139234971255064e-04 1.625857862563862000e-06 1.808031229302287102e-04 1.815351133700460196e-04 1.800472964532673359e-04 1.812080445233732462e-04 1.819022872950881720e-04 1.813811104511842132e-04 1.813615526771172881e-04 1.814675924833863974e-04 1.811746915336698294e-04 1.805610372684895992e-04
5.370741482965931901e+00 1.778368750819936395e-04 1.648612965254869778e-06 1.773865369614213705e-04 1.781728060450404882e-04 1.766625355230644345e-04 1.777383877197280526e-04 1.784744672477245331e-04 1.779612357495352626e-04 1.779549493221566081e-04 1.780754828359931707e-04 1.777855068212375045e-04 1.771133829606696963e-04
5.450901803607214546e+00 1.746481575537472963e-04 1.607942181180987973e-06 1.742298045428469777e-04 1.749340008245781064e-04 1.735082332743331790e-04 1.745622284943237901e-04 1.753065735101699829e-04 1.747602655086666346e-04 1.747914357110857964e-04 1.748096110532060266e-04 1.745790505083277822e-04 1.739203726174309850e-04
5.531062124248497192e+00 1.715517573757097125e-04 1.585623635946831200e-06 1.711543445708230138e-04 1.718692365102469921e-04 1.704335008980706334e-04 1.715013640932738781e-04 1.721644948702305555e-04 1.717203267617151141e-04 1.716987171676009893e-04 1.717550330795347691e-04 1.715278631309047341e-04 1.708168274490162730e-04
5.611222444889778949e+00 1.686190516920760274e-04 1.516901534159842413e-06 1.682814036030322313e-04 1.689855853328481317e-04 1.675473904469981790e-04 1.686174509814009070e-04 1.692628138698637486e-04 1.687676995061337948e-04 1.687380863586440682e-04 1.688465708866715431e-04 1.686000759946182370e-04 1.679818960838019848e-04
5.691382765531061594e+00 1.658593391766771674e-04 1.550139245409809519e-06 1.654898078413680196e-04 1.661460119066759944e-04 1.647450408199802041e-04 1.658675755606964231e-04 1.665136805968359113e-04 1.659504632698372006e-04 1.659928821027278900e-04 1.660806010477244854e-04 1.658414694247767329e-04 1.651932252570986748e-04
5.771543086172344239e+00 1.632067287573590875e-04 1.523121682112105191e-06 1.628598838578909636e-04 1.635011285543441772e-04 1.621062256162986159e-04 1.631815248401835561e-04 1.638442045077681541e-04 1.632953062653541565e-04 1.633423380553722382e-04 1.634052896406501532e-04 1.631970808375626802e-04 1.625481672817841172e-04
5.851703406813626884e+00 1.606643781997263432e-04 1.507370825493126176e-06 1.603438868187367916e-04 1.609968894626945257e-04 1.595993089722469449e-04 1.606459991307929158e-04 1.613300846656784415e-04 1.607821031939238310e-04 1.608032471267506480e-04 1.608489546924829483e-04 1.606800069566816092e-04 1.600177638465538621e-04
5.931863727454909530e+00 1.582168624736368656e-04 1.477174350839050021e-06 1.578982191858813167e-04 1.585645513841882348e-04 1.572020264575257897e-04 1.581565011292695999e-04 1.588278682902455330e-04 1.584128185641020536e-04 1.583309640409424901e-04 1.584200654178857803e-04 1.582474942551925778e-04 1.575360656715929508e-04
6.012024048096192175e+00 1.559085794724524021e-04 1.445780981157440692e-06 1.555579510750249028e-04 1.561990648042410612e-04 1.548682193970307708e-04 1.558934018248692155e-04 1.564576959935948253e-04 1.559830707265064120e-04 1.559896190883591771e-04 1.560882810736075044e-04 1.559222437208518386e-04 1.552314934087917209e-04
6.092184368737474820e+00 1.536606287118047476e-04 1.437784362678939942e-06 1.533366885269060731e-04 1.539925724500790238e-04 1.526307460153475404e-04 1.536093332106247544e-04 1.542319805594161153e-04 1.537438656669110060e-04 1.537491480121389031e-04 1.538441865704953671e-04 1.536720519652590156e-04 1.530141598777845502e-04
6.172344689378757465e+00 1.514985196990892291e-04 1.399575808136432897e-06 1.512016315246000886e-04 1.517858472652733326e-04 1.505128602730110288e-04 1.514566392870619893e-04 1.520342921139672399e-04 1.516074844403192401e-04 1.515571930212900043e-04 1.516907796030864120e-04 1.515381154604256153e-04 1.508072455180808902e-04
6.252505010020040110e+00 1.494174357503652573e-04 1.410799427503661718e-06 1.490875001763924956e-04 1.497293706052005291e-04 1.484173990320414305e-04 1.493745367042720318e-04 1.499700010754168034e-04 1.495129108661785722e-04 1.494985190220177174e-04 1.496137556387111545e-04 1.494493481004610658e-04 1.487649860791862011e-04
6.332665330661322756e+00 1.474275923101231456e-04 1.403287683388043661e-06 1.471149589633569121e-04 1.477742771385237575e-04 1.464558299630880356e-04 1.473837328376248479e-04 1.479749334976077080e-04 1.475567114539444447e-04 1.474926975788548589e-04 1.476310135331004858e-04 1.474514865549281240e-04 1.467593538109213114e-04
6.412825651302604513e+00 1.454824378015473485e-04 1.355348217657592613e-06 1.451972057111561298e-04 1.457732287235558033e-04 1.445217058062553406e-04 1.454971352359279990e-04 1.460509520256891847e-04 1.456170575693249702e-04 1.455559831811115146e-04 1.456551253795623779e-04 1.455344608984887600e-04 1.448723196517676115e-04
6.492985971943887158e+00 1.436045713489875197e-04 1.372268116028863005e-06 1.433245051885023713e-04 1.439802872482687235e-04 1.426579983672127128e-04 1.435826561646535993e-04 1.441700151190161705e-04 1.437429455108940601e-04 1.436892343917861581e-04 1.438098406651988626e-04 1.436427846783772111e-04 1.429871772415935993e-04
6.573146292585169803e+00 1.418363972334191203e-04 1.358159465780772734e-06 1.415619481122121215e-04 1.421517517883330584e-04 1.408621174050495028e-04 1.418262399965897202e-04 1.423147768946364522e-04 1.418975298292934895e-04 1.419404288753867149e-04 1.420096086803823709e-04 1.418711472069844604e-04 1.411658886354416609e-04
6.653306613226452448e+00 1.400782202836126089e-04 1.367413688058150001e-06 1.397812011418864131e-04 1.404189970344305038e-04 1.391043479088693857e-04 1.400293404003605247e-04 1.405903749400749803e-04 1.401894114678725600e-04 1.401566551066935062e-04 1.402514462824910879e-04 1.401486370014026761e-04 1.394436985719949007e-04
6.733466933867735094e+00 1.383827620884403586e-04 1.272209715352801140e-06 1.381502952426671982e-04 1.386821095366030931e-04 1.374917192151769996e-04 1.383524067932739854e-04 1.389018143527209759e-04 1.384962815791368484e-04 1.384405622957274318e-04 1.385708019370213151e-04 1.384545466862618923e-04 1.377852022415027022e-04
6.813627254509017739e+00 1.367466466035693884e-04 1.332229885520064272e-06 1.364663185086101294e-04 1.371114922221750021e-04 1.358313165837898850e-04 1.366825163131579757e-04 1.372938713757321239e-04 1.368515368085354567e-04 1.368623779853805900e-04 1.369259553030133247e-04 1.367954391753301024e-04 1.361413596896454692e-04
6.893787575150300384e+00 1.351657265331596136e-04 1.310967832068854477e-06 1.349433150608092546e-04 1.354594132862985134e-04 1.342422765446826816e-04 1.351435639662668109e-04 1.357024884782731533e-04 1.352851395495235920e-04 1.352412946289405227e-04 1.353574043605476618e-04 1.351955143036320806e-04 1.345433120150119066e-04
6.973947895791583029e+00 1.336573623120784760e-04 1.308408741351740900e-06 1.333834952674806118e-04 1.339646260021254420e-04 1.327025820501148701e-04 1.336260174866765738e-04 1.341454044450074434e-04 1.337250723736360669e-04 1.337019930360838771e-04 1.338013535132631660e-04 1.336665445705875754e-04 1.330509112449362874e-04
7.054108216432865675e+00 1.321304298471659422e-04 1.259506461792625487e-06 1.318639697274193168e-04 1.324301556451246142e-04 1.312512467848137021e-04 1.321290474152192473e-04 1.326018973486497998e-04 1.321910531260073185e-04 1.322326570516452193e-04 1.322798343608155847e-04 1.321712625212967396e-04 1.315016706939786673e-04
7.134268537074148320e+00 1.306884514633566141e-04 1.258578663509979378e-06 1.303996541537344456e-04 1.309749350184574723e-04 1.298088463954627514e-04 1.306301564909517765e-04 1.311436499236151576e-04 1.307468046434223652e-04 1.307474303757771850e-04 1.308373612118884921e-04 1.307246129726991057e-04 1.300504518439993262e-04
7.214428857715430965e+00 1.292892411584034562e-04 1.251011667591228615e-06 1.290060899918898940e-04 1.295659458264708519e-04 1.284000463783740997e-04 1.291773369302973151e-04 1.297530252486467361e-04 1.293439854634925723e-04 1.293179520871490240e-04 1.294056710321456194e-04 1.293126551900058985e-04 1.286766928387805820e-04
7.294589178356712722e+00 1.279046118725091219e-04 1.226859467351459898e-06 1.276376424357295036e-04 1.281485310755670071e-04 1.270045904675498605e-04 1.278510753763839602e-04 1.283402962144464254e-04 1.279525458812713623e-04 1.279586431337520480e-04 1.280368887819349766e-04 1.279470598092302680e-04 1.273128436878323555e-04
7.374749498997995367e+00 1.265514583792537451e-04 1.247775344381807372e-06 1.262681762455031276e-04 1.268409541808068752e-04 1.256570103578269482e-04 1.265249156858772039e-04 1.270064094569534063e-04 1.266168837901204824e-04 1.266301696887239814e-04 1.267135230591520667e-04 1.266195467906072736e-04 1.259624696103855968e-04
7.454909819639278012e+00 1.252188376383855939e-04 1.198213908537582029e-06 1.250020577572286129e-04 1.255128299817442894e-04 1.243697479367256165e-04 1.252060756087303162e-04 1.256687537534162402e-04 1.253019872820004821e-04 1.252844231203198433e-04 1.253977388842031360e-04 1.253066438948735595e-04 1.246437750523909926e-04
7.535070140280560658e+00 1.239504927070811391e-04 1.148811520579329226e-06 1.237209216924384236e-04 1.242495491169393063e-04 1.231451024068519473e-04 1.239225966855883598e-04 1.244012964889407158e-04 1.240359706571325660e-04 1.240088895428925753e-04 1.240971469087526202e-04 1.240049896296113729e-04 1.234097289852797985e-04
7.615230460921843303e+00 1.227187458425760269e-04 1.162495550488529261e-06 1.224823354277759790e-04 1.229792687809094787e-04 1.219040132127702236e-04 1.227068132720887661e-04 1.231435744557529688e-04 1.227976317750290036e-04 1.227794855367392302e-04 1.228808105224743485e-04 1.227744505740702152e-04 1.221299753524363041e-04
7.695390781563125948e+00 1.214722142321988940e-04 1.155145241682475898e-06 1.212257338920608163e-04 1.217528697452507913e-04 1.206672750413417816e-04 1.214723379234783351e-04 1.219308760482817888e-04 1.215693264384754002e-04 1.215672382386401296e-04 1.216356613440439105e-04 1.215569282067008317e-04 1.209366164403036237e-04
7.775551102204408593e+00 1.203090141643770039e-04 1.156708776761661284e-06 1.200777187477797270e-04 1.205911248689517379e-04 1.194892247440293431e-04 1.202961720991879702e-04 1.207609820994548500e-04 1.203948704642243683e-04 1.203801730298437178e-04 1.204640066134743392e-04 1.203849897137843072e-04 1.197715682792477310e-04
7.855711422845691239e+00 1.191446790471673012e-04 1.150857087850454263e-06 1.189326285384595394e-04 1.194301003124564886e-04 1.183499625767581165e-04 1.191549090435728431e-04 1.196053926832973957e-04 1.192276540677994490e-04 1.192214040202088654e-04 1.192854324472136796e-04 1.192080962937325239e-04 1.185788569273427129e-04
7.935871743486973884e+00 1.180244798888452351e-04 1.146078602687339298e-06 1.177739904960617423e-04 1.182891573989763856e-04 1.172103002318181098e-04 1.180208782898262143e-04 1.184651482617482543e-04 1.180849358206614852e-04 1.180769468192011118e-04 1.181608604383654892e-04 1.180774997919797897e-04 1.174782009911723435e-04
8.016032064128255641e+00 1.169170427601784468e-04 1.147944658441701904e-06 1.167091759270988405e-04 1.172076154034584761e-04 1.161162508651614189e-04 1.168899470940232277e-04 1.173706914414651692e-04 1.169744718936271966e-04 1.169886309071443975e-04 1.170624018413946033e-04 1.169375536846928298e-04 1.163557899417355657e-04
8.096192384769539174e+00 1.158411978394724429e-04 1.124453319789608940e-06 1.155770296463742852e-04 1.161088366643525660e-04 1.150483221863396466e-04 1.158051818492822349e-04 1.162596236099489033e-04 1.159333551186136901e-04 1.158526793005876243e-04 1.159455205197446048e-04 1.158568848040886223e-04 1.152928089140914381e-04
8.176352705410820931e+00 1.147918810602277517e-04 1.143573967965494376e-06 1.145285932580009103e-04 1.150255120592191815e-04 1.139755404437892139e-04 1.147402217611670494e-04 1.152156546595506370e-04 1.148602095781825483e-04 1.148629526142030954e-04 1.149000891018658876e-04 1.148139926954172552e-04 1.142298351624049246e-04
8.256513026052104465e+00 1.137333165388554335e-04 1.097461563404067419e-06 1.135112979682162404e-04 1.139998857979662716e-04 1.129502416006289423e-04 1.136928694904781878e-04 1.141401080531068146e-04 1.137891886173747480e-04 1.137774597737006843e-04 1.138648367486894131e-04 1.137922226916998625e-04 1.132038596551865339e-04
8.336673346693386222e+00 1.127124487538821995e-04 1.088289081963011995e-06 1.125027265516109765e-04 1.130043237935751677e-04 1.119333101087249815e-04 1.126877323258668184e-04 1.131328535848297179e-04 1.128025614889338613e-04 1.127588839153759181e-04 1.128535586758516729e-04 1.127606083173304796e-04 1.122218818636611104e-04
8.416833667334669755e+00 1.117311039706692100e-04 1.091862259272602387e-06 1.115099221351556480e-04 1.119617081712931395e-04 1.109466902562417090e-04 1.116981948143802583e-04 1.121390814660117030e-04 1.117821593652479351e-04 1.117745850933715701e-04 1.118425061576999724e-04 1.117712818086147308e-04 1.111915698857046664e-04
8.496993987975951512e+00 1.107027710531838238e-04 1.082323819900921080e-06 1.105232440750114620e-04 1.110131488530896604e-04 1.099671935662627220e-04 1.107036223402246833e-04 1.111549936467781663e-04 1.108151554944925010e-04 1.107937059714458883e-04 1.108667347580194473e-04 1.107783900806680322e-04 1.102066598832607269e-04
8.577154308617233269e+00 1.097655112971551716e-04 1.040719098455156200e-06 1.095465413527563214e-04 1.100193258025683463e-04 1.090513542294502258e-04 1.097372514777816832e-04 1.101887901313602924e-04 1.098355642170645297e-04 1.098140928661450744e-04 1.099006185540929437e-04 1.098305292543955147e-04 1.092623570002615452e-04
8.657314629258516803e+00 1.088676362996920943e-04 1.067751895789115224e-06 1.086356496671214700e-04 1.090886871679686010e-04 1.081013615475967526e-04 1.088155331672169268e-04 1.092673555831424892e-04 1.088945355149917305e-04 1.089040888473391533e-04 1.089884535758756101e-04 1.089057477656751871e-04 1.083461684174835682e-04
8.737474949899798560e+00 1.079367575584910810e-04 1.079479261534288526e-06 1.076976041076704860e-04 1.081714872270822525e-04 1.071894002961926162e-04 1.079204957932233810e-04 1.083346869563683867e-04 1.079815410776063800e-04 1.079621797543950379e-04 1.080779620679095387e-04 1.079752546502277255e-04 1.073763196473009884e-04
8.817635270541082093e+00 1.070409853127785027e-04 1.046663101078593172e-06 1.067963821697048843e-04 1.072554587153717875e-04 1.062839146470651031e-04 1.069560894393362105e-04 1.073999665095470846e-04 1.070765065378509462e-04 1.070602666004560888e-04 1.071343212970532477e-04 1.070651705958880484e-04 1.065197284333407879e-04
8.897795591182363850e+00 1.061260190908797085e-04 1.029522536555305123e-06 1.059203641489148140e-04 1.063659365172497928e-04 1.053888845490291715e-04 1.060796857927925885e-04 1.065299802576191723e-04 1.061917209881357849e-04 1.061957736965268850e-04 1.062247465597465634e-04 1.061821967596188188e-04 1.056449764291755855e-04
8.977955911823647384e+00 1.052393490681424737e-04 1.031330270961916540e-06 1.050446298904716969e-04 1.055335087585262954e-04 1.045340904965996742e-04 1.052552106557413936e-04 1.056509208865463734e-04 1.053178639267571270e-04 1.053084197337739170e-04 1.053959204000420868e-04 1.053211672115139663e-04 1.047575278789736331e-04
9.058116232464929141e+00 1.043914380716159940e-04 9.955507493941695429e-07 1.042131989379413426e-04 1.046533798216842115e-04 1.036904795910231769e-04 1.044002929120324552e-04 1.047784098773263395e-04 1.044696109602227807e-04 1.044368400471284986e-04 1.045147437253035605e-04 1.044404198182746768e-04 1.039162743836641312e-04
9.138276553106212674e+00 1.035719906212761998e-04 1.038401023834012449e-06 1.033582811942324042e-04 1.038057380355894566e-04 1.028220940497703850e-04 1.035470995702780783e-04 1.039338167174719274e-04 1.036514295265078545e-04 1.036041867337189615e-04 1.036915709846653044e-04 1.036304747685790062e-04 1.030609346344135702e-04
9.218436873747494431e+00 1.027464313665404916e-04 1.006989009511016775e-06 1.025524034048430622e-04 1.029822451528161764e-04 1.020414274535141885e-04 1.027097896439954638e-04 1.031205174513161182e-04 1.028091501211747527e-04 1.028105325531214476e-04 1.028629922075197101e-04 1.027702310238964856e-04 1.022342839860357344e-04
9.298597194388777964e+00 1.019151968648657203e-04 1.007705691336013842e-06 1.017563190544024110e-04 1.021791176754049957e-04 1.012132051982916892e-04 1.019168485072441399e-04 1.023159202304668725e-04 1.020047566271387041e-04 1.019733317662030458e-04 1.020732524921186268e-04 1.019916162476874888e-04 1.014387380564585328e-04
9.378757515030059722e+00 1.011400672723539174e-04 9.685114719104603864e-07 1.009511106531135738e-04 1.013567307381890714e-04 1.004471487249247730e-04 1.011137355817481875e-04 1.015074376482516527e-04 1.012056745821610093e-04 1.011755666695535183e-04 1.012495995382778347e-04 1.011871427181176841e-04 1.006692400551401079e-04
9.458917835671341479e+00 1.003315919660963118e-04 9.652570724938414060e-07 1.001419514068402350e-04 1.005758676910772920e-04 9.968270751414820552e-05 1.003277720883488655e-04 1.007209066301584244e-04 1.003984943963587284e-04 1.004047226160764694e-04 1.004861333058215678e-04 1.003890138235874474e-04 9.985376527765765786e-05
9.539078156312625012e+00 9.959774615708738565e-05 9.515536021353909746e-07 9.940465679392218590e-05 9.981777839129790664e-05 9.892530215438455343e-05 9.956717985915020108e-05 9.993903222493827343e-05 9.965153003577142954e-05 9.965665230993181467e-05 9.970751852961257100e-05 9.963205229723826051e-05 9.911567758535966277e-05
9.619238476953906769e+00 9.882837184704840183e-05 9.462631282985967118e-07 9.863911691354587674e-05 9.903820318868383765e-05 9.815578232519328594e-05 9.882403537631034851e-05 9.918744035530835390e-05 9.888852218864485621e-05 9.887787018669769168e-05 9.894304093904793262e-05 9.888059867080301046e-05 9.836567187448963523e-05
9.699398797595190302e+00 9.807709284359589219e-05 9.611005680199014023e-07 9.788200259208679199e-05 9.831738134380429983e-05 9.739409870235249400e-05 9.806297020986676216e-05 9.844666783465072513e-05 9.815147495828568935e-05 9.811713243834674358e-05 9.820306149777024984e-05 9.813930955715477467e-05 9.763029811438173056e-05
9.779559118236472059e+00 9.734006016515195370e-05 9.419762250217900146e-07 9.719406079966574907e-05 9.755844803294166923e-05 9.667723497841507196e-05 9.732836770126596093e-05 9.774263889994472265e-05 9.739623783389106393e-05 9.739484085002914071e-05 9.747289732331410050e-05 9.739010420162230730e-05 9.690161095932126045e-05
9.859719438877755593e+00 9.663325181463733315e-05 9.107590130952303298e-07 9.646495891502127051e-05 9.684313408797606826e-05 9.598476754035800695e-05 9.660635259933769703e-05 9.696724737295880914e-05 9.668137499829754233e-05 9.667197446106001735e-05 9.674593457020819187e-05 9.668673010310158134e-05 9.617873001843690872e-05
9.939879759519037350e+00 9.592729475116357207e-05 9.334186756859708112e-07 9.572222916176542640e-05 9.612463327357545495e-05 9.525172936264425516e-05 9.591183334123343229e-05 9.626866085454821587e-05 9.598402539268136024e-05 9.597578900866210461e-05 9.601103374734520912e-05 9.598860197002068162e-05 9.547726949676871300e-05
1.002004008016032088e+01 9.521222091279923916e-05 9.153059181699063629e-07 9.503406909061595798e-05 9.543302439851686358e-05 9.456261614104732871e-05 9.518925071461126208e-05 9.558093006489798427e-05 9.526799112791195512e-05 9.524019696982577443e-05 9.532042895443737507e-05 9.527607471682131290e-05 9.478697757003828883e-05
1.010020040080160264e+01 9.453269012738019228e-05 9.238883080797677394e-07 9.435435640625655651e-05 9.476980631006881595e-05 9.389899787493050098e-05 9.451853838982060552e-05 9.490646334597840905e-05 9.456658153794705868e-05 9.455486724618822336e-05 9.463317110203206539e-05 9.459734428673982620e-05 9.407458128407597542e-05
1.018036072144288617e+01 9.387222235091030598e-05 9.091142487704928499e-07 9.366191079607233405e-05 9.406112803844735026e-05 9.321558900410309434e-05 9.385987505083903670e-05 9.422092989552766085e-05 9.392353240400552750e-05 9.388932812726125121e-05 9.397522808285430074e-05 9.389282058691605926e-05 9.344636782770976424e-05
1.026052104208416793e+01 9.316865907749161124e-05 9.058035175257828087e-07 9.299547673435881734e-05 9.341892291558906436e-05 9.255275654140859842e-05 9.317763033322989941e-05 9.353998757433146238e-05 9.326999861514195800e-05 9.325869905296713114e-05 9.330745524493977427e-05 9.323220729129388928e-05 9.275571937905624509e-05
1.034068136272544969e+01 9.252964082406833768e-05 8.838658231979934499e-07 9.234382014255970716e-05 9.275598858948796988e-05 9.190053242491558194e-05 9.251640585716813803e-05 9.285873966291546822e-05 9.259610669687390327e-05 9.256414341507479548e-05 9.264742402592673898e-05 9.259187208954244852e-05 9.211804717779159546e-05
1.042084168336673322e+01 9.188107651425525546e-05 9.051107667801261414e-07 9.170144767267629504e-05 9.210662392433732748e-05 9.124871576204895973e-05 9.186425450025126338e-05 9.223679808201268315e-05 9.192445577355101705e-05 9.192752622766420245e-05 9.199416672345250845e-05 9.194848098559305072e-05 9.144558134721592069e-05
1.050100200400801498e+01 9.125984797719866037e-05 8.777155358075106051e-07 9.110454993788152933e-05 9.144078649114817381e-05 9.062156459549441934e-05 9.124800999416038394e-05 9.159569162875413895e-05 9.130781836574897170e-05 9.129841055255383253e-05 9.135283471550792456e-05 9.130415855906903744e-05 9.083518671104684472e-05
1.058116232464929851e+01 9.060808952199295163e-05 8.758566991673433222e-07 9.043337195180356503e-05 9.083977784030139446e-05 9.000019053928554058e-05 9.060462616616860032e-05 9.097432484850287437e-05 9.068640065379440784e-05 9.068666258826851845e-05 9.072757529793307185e-05 9.066850179806351662e-05 9.022009180625900626e-05
1.066132264529058027e+01 9.000731370178982615e-05 8.965351980805280618e-07 8.982365397969260812e-05 9.022198355523869395e-05 8.936841186368837953e-05 8.999650162877514958e-05 9.034424147102981806e-05 9.008356573758646846e-05 9.003564628073945642e-05 9.011622023535892367e-05 9.006998880067840219e-05 8.958148100646212697e-05
1.074148296593186380e+01 8.938375685829669237e-05 8.880159612090210430e-07 8.922687993617728353e-05 8.961847197497263551e-05 8.875689673004671931e-05 8.939210965763777494e-05 8.975111995823681355e-05 8.944736327975988388e-05 8.943934517446905375e-05 8.948012691689655185e-05 8.943457214627414942e-05 8.897944644559174776e-05
1.082164328657314556e+01 8.878330845618620515e-05 8.806431992525176611e-07 8.861108653945848346e-05 8.899616659618914127e-05 8.816747140372171998e-05 8.878043445292860270e-05 8.913749479688704014e-05 8.883412374416366220e-05 8.884978888090699911e-05 8.889700984582304955e-05 8.884759881766512990e-05 8.836696360958740115e-05
1.090180360721442909e+01 8.820118819130584598e-05 8.775342621447634883e-07 8.803094533504918218e-05 8.841779344948008657e-05 8.758597687119618058e-05 8.815444016363471746e-05 8.854106999933719635e-05 8.827087003737688065e-05 8.823409007163718343e-05 8.830774459056556225e-05 8.824394171824678779e-05 8.777645416557788849e-05
1.098196392785571085e+01 8.761454228078946471e-05 8.702974128027562983e-07 8.744259685045108199e-05 8.782317308941856027e-05 8.699909813003614545e-05 8.758814510656520724e-05 8.793161396170035005e-05 8.767154940869659185e-05 8.766703831497579813e-05 8.770892600296065211e-05 8.766477549215778708e-05 8.718048775335773826e-05
1.106212424849699438e+01 8.703743515070527792e-05 8.266657118838338647e-07 8.687573426868766546e-05 8.724268991500139236e-05 8.646297646919265389e-05 8.703453204361721873e-05 8.736407471587881446e-05 8.711466216482222080e-05 8.708559471415355802e-05 8.714432624401524663e-05 8.709007670404389501e-05 8.664084452902898192e-05
1.114228456913827614e+01 8.644088666187599301e-05 8.397554438488441519e-07 8.631715172668918967e-05 8.666960638947784901e-05 8.586445619584992528e-05 8.645604248158633709e-05 8.679391612531617284e-05 8.652476390125229955e-05 8.652706310385838151e-05 8.658426668262109160e-05 8.653522672830149531e-05 8.606949995737522840e-05
1.122244488977955790e+01 8.589787466917186975e-05 8.188180800061672926e-07 8.575660467613488436e-05 8.609486394561827183e-05 8.532426727470010519e-05 8.590557990828529000e-05 8.622829773230478168e-05 8.599221473559737206e-05 8.596810221206396818e-05 8.599664579378440976e-05 8.596113912062719464e-05 8.551422070013359189e-05
1.130260521042084143e+01 8.537553367204964161e-05 8.377132871828507632e-07 8.520863775629550219e-05 8.554513624403625727e-05 8.478940435452386737e-05 8.536218228982761502e-05 8.566956239519640803e-05 8.541251736460253596e-05 8.539060218026861548e-05 8.547386823920533061e-05 8.539883128833025694e-05 8.492324559483677149e-05
1.138276553106212319e+01 8.482742123305797577e-05 8.327183991241327021e-07 8.465722203254699707e-05 8.501391857862472534e-05 8.422159589827060699e-05 8.477897063130512834e-05 8.511191117577254772e-05 8.489199535688385367e-05 8.487014565616846085e-05 8.492057531839236617e-05 8.485290163662284613e-05 8.442068792646750808e-05
1.146292585170340672e+01 8.427462307736277580e-05 8.470693728668265976e-07 8.410512964474037290e-05 8.448881999356672168e-05 8.367114060092717409e-05 8.425854321103543043e-05 8.459395030513405800e-05 8.435461495537310839e-05 8.431568858213722706e-05 8.437272481387481093e-05 8.430612797383219004e-05 8.387558045797049999e-05
1.154308617234468848e+01 8.375736069865524769e-05 8.026245836845191661e-07 8.360725769307464361e-05 8.393582538701593876e-05 8.317535684909671545e-05 8.373212040169164538e-05 8.404660911764949560e-05 8.379842620342969894e-05 8.377797348657622933e-05 8.383111708099022508e-05 8.379745850106701255e-05 8.335870370501652360e-05
1.162324649298597201e+01 8.322343637701123953e-05 8.068549846029782202e-07 8.307254029205068946e-05 8.340259955730289221e-05 8.265026553999632597e-05 8.321287896251305938e-05 8.354819146916270256e-05 8.327042451128363609e-05 8.327439718414098024e-05 8.332842844538390636e-05 8.326202078023925424e-05 8.284129580715671182e-05
1.170340681362725377e+01 8.272919512819498777e-05 8.328186709150031675e-07 8.254660497186705470e-05 8.289409015560522676e-05 8.212339889723807573e-05 8.269259706139564514e-05 8.302921924041584134e-05 8.278104360215365887e-05 8.275696745840832591e-05 8.282321505248546600e-05 8.273961429949849844e-05 8.232460095314309001e-05
1.178356713426853730e+01 8.219775190809741616e-05 8.080281190814275760e-07 8.203736797440797091e-05 8.239057933678850532e-05 8.163147867890074849e-05 8.217188587877899408e-05 8.249506208812817931e-05 8.224009070545434952e-05 8.224526391131803393e-05 8.230850653490051627e-05 8.225224883062765002e-05 8.179488941095769405e-05
1.186372745490981906e+01 8.168108615791425109e-05 8.059849392338946927e-07 8.152559894369915128e-05 8.187870844267308712e-05 8.112797513604164124e-05 8.165880717569962144e-05 8.200827869586646557e-05 8.175769471563398838e-05 8.173406968126073480e-05 8.180784061551094055e-05 8.172869274858385324e-05 8.129743218887597322e-05
1.194388777555110259e+01 8.119159610942006111e-05 7.868671900723711587e-07 8.103997242869809270e-05 8.137507393257692456e-05 8.063456334639340639e-05 8.120259008137509227e-05 8.149808854795992374e-05 8.124960731947794557e-05 8.124774467432871461e-05 8.130534115480259061e-05 8.124169835355132818e-05 8.082087151706218719e-05
1.202404809619238435e+01 8.071380580076947808e-05 7.979481893016782124e-07 8.056408842094242573e-05 8.089828770607709885e-05 8.015157800400629640e-05 8.069141767919063568e-05 8.101208368316292763e-05 8.074552170000970364e-05 8.077764505287632346e-05 8.082333079073578119e-05 8.075415098574012518e-05 8.031722973100841045e-05
1.210420841683366611e+01 8.022307156352326274e-05 7.922622557998693082e-07 8.009182056412100792e-05 8.041686669457703829e-05 7.966790144564583898e-05 8.022223482839763165e-05 8.053151395870372653e-05 8.026653813431039453e-05 8.027005242183804512e-05 8.032067125895991921e-05 8.024893031688407063e-05 7.982745592016726732e-05
1.218436873747494964e+01 7.973364699864760041e-05 7.542827233919524588e-07 7.959029608173295856e-05 7.992518658284097910e-05 7.921011274447664618e-05 7.973562605911865830e-05 8.003608672879636288e-05 7.979997462825849652e-05 7.979054498719051480e-05 7.983393152244389057e-05 7.979982183314859867e-05 7.937979535199701786e-05
1.226452905811623140e+01 7.927782280603423715e-05 7.664114036742830649e-07 7.913250010460615158e-05 7.944598473841324449e-05 7.873730646679177880e-05 7.925000682007521391e-05 7.957519119372591376e-05 7.932002336019650102e-05 7.932093285489827394e-05 7.936965266708284616e-05 7.930776337161660194e-05 7.889724656706675887e-05
1.234468937875751493e+01 7.881272176746279001e-05 7.766543035359063651e-07 7.864065264584496617e-05 7.897237810539081693e-05 7.826821092749014497e-05 7.878950418671593070e-05 7.911378634162247181e-05 7.885204831836745143e-05 7.887182437116280198e-05 7.891320274211466312e-05 7.884889055276289582e-05 7.843168714316561818e-05
1.242484969939879669e+01 7.834990537958219647e-05 7.716814138802874368e-07 7.819376332918182015e-05 7.853213173802942038e-05 7.780384476063773036e-05 7.834542338969185948e-05 7.863494829507544637e-05 7.837711018510162830e-05 7.837441808078438044e-05 7.843154162401333451e-05 7.840402395231649280e-05 7.796427235007286072e-05
1.250501002004008022e+01 7.788357470417395234e-05 7.710762588430952746e-07 7.771723176119849086e-05 7.806262874510139227e-05 7.735211693216115236e-05 7.788476068526506424e-05 7.819353777449578047e-05 7.793067925376817584e-05 7.791871757945045829e-05 7.798137812642380595e-05 7.792971155140548944e-05 7.750628719804808497e-05
1.258517034068136198e+01 7.743079913780093193e-05 7.362648943853855599e-07 7.730691140750423074e-05 7.761620508972555399e-05 7.692515646340325475e-05 7.742924208287149668e-05 7.773057586746290326e-05 7.748189818812534213e-05 7.750643999315798283e-05 7.752654346404597163e-05 7.749232463538646698e-05 7.707496115472167730e-05
1.266533066132264551e+01 7.701316644670441747e-05 7.635646284143149387e-07 7.687023025937378407e-05 7.719214045209810138e-05 7.645629375474527478e-05 7.698768604313954711e-05 7.728825585218146443e-05 7.704813469899818301e-05 7.704790914431214333e-05 7.707253826083615422e-05 7.702146831434220076e-05 7.663996075280010700e-05
1.274549098196392727e+01 7.656566594960168004e-05 7.441815341735491529e-07 7.641890260856598616e-05 7.671989442314952612e-05 7.603305130032822490e-05 7.653989450773224235e-05 7.684274896746501327e-05 7.661306881345808506e-05 7.657909736735746264e-05 7.664310396648943424e-05 7.662396092200651765e-05 7.619600364705547690e-05
1.282565130260520903e+01 7.612229092046618462e-05 7.266727948262996506e-07 7.597738294862210751e-05 7.630413165315985680e-05 7.561525126220658422e-05 7.610188913531601429e-05 7.639820250915363431e-05 7.618386734975501895e-05 7.616003858856856823e-05 7.619919779244810343e-05 7.617224036948755383e-05 7.576481584692373872e-05
1.290581162324649256e+01 7.569663284812122583e-05 7.360719678217719775e-07 7.554721378255635500e-05 7.586703577544540167e-05 7.517688209190964699e-05 7.566416752524673939e-05 7.598999218316748738e-05 7.573787297587841749e-05 7.574343180749565363e-05 7.577969518024474382e-05 7.570934394607320428e-05 7.534546602983027697e-05
1.298597194388777432e+01 7.527910202043130994e-05 7.352545594585535582e-07 7.512011507060378790e-05 7.544152322225272655e-05 7.475715392502024770e-05 7.526683475589379668e-05 7.556327909696847200e-05 7.530006405431777239e-05 7.532405288657173514e-05 7.536444172728806734e-05 7.531083974754437804e-05 7.492422446375712752e-05
1.306613226452905785e+01 7.484824891434982419e-05 7.349756856456224341e-07 7.470163836842402816e-05 7.502626249333843589e-05 7.434331200784072280e-05 7.483739318558946252e-05 7.513974560424685478e-05 7.489993731724098325e-05 7.489244308089837432e-05 7.495174213545396924e-05 7.491072756238281727e-05 7.448936230503022671e-05
1.314629258517033961e+01 7.442510104738175869e-05 6.996302772677154280e-07 7.430071855196729302e-05 7.460467895725741982e-05 7.394685235340148211e-05 7.441807247232645750e-05 7.470812124665826559e-05 7.449099939549341798e-05 7.446543168043717742e-05 7.450741395587101579e-05 7.447317329933866858e-05 7.408040255540981889e-05
1.322645290581162314e+01 7.401345646940171719e-05 7.123803129616135266e-07 7.387918594758957624e-05 7.419734174618497491e-05 7.353364344453439116e-05 7.399962487397715449e-05 7.431021367665380239e-05 7.406316581182181835e-05 7.408704550471156836e-05 7.412590639432892203e-05 7.407488737953826785e-05 7.367599755525588989e-05
1.330661322645290490e+01 7.363082841038703918e-05 7.146394409573986195e-07 7.349719089688733220e-05 7.379497401416301727e-05 7.313571404665708542e-05 7.362206088146194816e-05 7.391858525807037950e-05 7.367972284555435181e-05 7.368597289314493537e-05 7.372505206149071455e-05 7.367950456682592630e-05 7.328121137106791139e-05
1.338677354709418843e+01 7.322965393541380763e-05 7.102012204995844513e-07 7.307694613700732589e-05 7.340571028180420399e-05 7.272205402841791511e-05 7.321304292418062687e-05 7.348394865402951837e-05 7.328456558752804995e-05 7.327464118134230375e-05 7.331287633860483766e-05 7.328960055019706488e-05 7.289361383300274611e-05
1.346693386773547019e+01 7.282434671651571989e-05 6.898781634845363442e-07 7.270866626640781760e-05 7.298306445591151714e-05 7.234265649458393455e-05 7.281115540536120534e-05 7.310768705792725086e-05 7.287575135705992579e-05 7.285622268682345748e-05 7.290849316632375121e-05 7.287561311386525631e-05 7.248899055412039161e-05
1.354709418837675372e+01 7.243992149597033858e-05 7.057381594677281100e-07 7.230906339827924967e-05 7.259774429257959127e-05 7.194753561634570360e-05 7.241671846713870764e-05 7.271566573763266206e-05 7.247772009577602148e-05 7.247951725730672479e-05 7.252640352817252278e-05 7.248387555591762066e-05 7.208550960058346391e-05
1.362725450901803548e+01 7.204804569482803345e-05 7.027996389297186397e-07 7.191186887212097645e-05 7.223807187983766198e-05 7.156057836255058646e-05 7.205079600680619478e-05 7.231651397887617350e-05 7.209678005892783403e-05 7.209437171695753932e-05 7.213604840217158198e-05 7.209822797449305654e-05 7.170779281295835972e-05
1.370741482965931723e+01 7.167620788095518947e-05 6.959984943932795431e-07 7.155654748203232884e-05 7.182906847447156906e-05 7.118371286196634173e-05 7.166629075072705746e-05 7.194156205514445901e-05 7.173103949753567576e-05 7.172823825385421515e-05 7.175690552685409784e-05 7.172290497692301869e-05 7.132946484489366412e-05
1.378757515030060077e+01 7.130090671125799417e-05 6.707863349220133387e-07 7.114991603884845972e-05 7.146816642489284277e-05 7.083200034685432911e-05 7.128628931241109967e-05 7.154569902922958136e-05 7.136028580134734511e-05 7.133340841392055154e-05 7.137771171983331442e-05 7.133293547667562962e-05 7.097141497069969773e-05
1.386773547094188253e+01 7.091898442013189197e-05 6.912389949320640881e-07 7.078945782268419862e-05 7.110928709153085947e-05 7.044553058221936226e-05 7.091715087881311774e-05 7.118778739823028445e-05 7.097886555129662156e-05 7.095165346981957555e-05 7.100675429683178663e-05 7.096918125171214342e-05 7.058063056319952011e-05
1.394789579158316606e+01 7.055189053062349558e-05 6.793241595914878417e-07 7.043578807497397065e-05 7.070808351272717118e-05 7.006852683844044805e-05 7.053890294628217816e-05 7.080639625201001763e-05 7.060606731101870537e-05 7.058378832880407572e-05 7.064729288686066866e-05 7.058783376123756170e-05 7.021782221272587776e-05
1.402805611222444782e+01 7.018288306426256895e-05 6.796979619139165152e-07 7.004607323324307799e-05 7.033081055851653218e-05 6.970024696784093976e-05 7.018074393272399902e-05 7.044465746730566025e-05 7.022143836366012692e-05 7.021447527222335339e-05 7.028066465863958001e-05 7.024006481515243649e-05 6.985802610870450735e-05
1.410821643286573135e+01 6.983037746977061033e-05 6.888195116516726557e-07 6.969445530558004975e-05 6.998331082286313176e-05 6.933866825420409441e-05 6.981413025641813874e-05 7.009017281234264374e-05 6.987714004935696721e-05 6.986521475482732058e-05 6.991247209953144193e-05 6.987200322328135371e-05 6.949548696866258979e-05
1.418837675350701311e+01 6.947209476493299007e-05 6.863833164061361458e-07 6.933509575901553035e-05 6.964151543797925115e-05 6.898132414789870381e-05 6.946785288164392114e-05 6.971712718950584531e-05 6.951464456506073475e-05 6.951736577320843935e-05 6.953944830456748605e-05 6.950164970476180315e-05 6.913385004736483097e-05
1.426853707414829664e+01 6.912936805747449398e-05 6.863480734864424448e-07 6.898829451529309154e-05 6.927263166289776564e-05 6.862759619252756238e-05 6.909522926434874535e-05 6.936815771041437984e-05 6.915612902957946062e-05 6.917011342011392117e-05 6.920080340933054686e-05 6.916299025760963559e-05 6.879318243591114879e-05
1.434869739478957840e+01 6.877875421196222305e-05 6.674740689049940556e-07 6.863865564810112119e-05 6.894107355037704110e-05 6.831019709352403879e-05 6.874320388305932283e-05 6.902120367158204317e-05 6.882775778649374843e-05 6.881739682285115123e-05 6.885119364596903324e-05 6.881490116938948631e-05 6.844649033155292273e-05
1.442885771543086193e+01 6.840934656793251634e-05 6.713220273013575934e-07 6.827366451034322381e-05 6.858566484879702330e-05 6.793781358283013105e-05 6.840824062237516046e-05 6.866786134196445346e-05 6.849820056231692433e-05 6.846215546829625964e-05 6.849062629044055939e-05 6.845771713415160775e-05 6.810393824707716703e-05
1.450901803607214369e+01 6.808036414440721273e-05 6.544510142703074962e-07 6.794721412006765604e-05 6.821059650974348187e-05 6.760858377674594522e-05 6.806427700212225318e-05 6.833723455201834440e-05 6.810542981838807464e-05 6.809490878367796540e-05 6.815565575379878283e-05 6.811654020566493273e-05 6.776757072657346725e-05
1.458917835671342544e+01 6.774172652512788773e-05 6.656323421339038759e-07 6.760923133697360754e-05 6.791294435970485210e-05 6.727029540343210101e-05 6.772571214241907001e-05 6.797553214710205793e-05 6.778082024538889527e-05 6.778010720154270530e-05 6.781386036891490221e-05 6.777732778573408723e-05 6.740939716110005975e-05
1.466933867735470898e+01 6.740296521456912160e-05 6.674054588984290604e-07 6.727017171215265989e-05 6.756849325029179454e-05 6.692987517453730106e-05 6.738722004229202867e-05 6.763941200915724039e-05 6.744739221176132560e-05 6.745589053025469184e-05 6.747918087057769299e-05 6.742894765920937061e-05 6.707121065119281411e-05
1.474949899799599073e+01 6.706736894557252526e-05 6.537516128446441144e-07 6.693549221381545067e-05 6.722104444634169340e-05 6.660845247097313404e-05 6.707249121973291039e-05 6.731586472596973181e-05 6.712303729727864265e-05 6.709744047839194536e-05 6.716927600791677833e-05 6.710307206958532333e-05 6.675241456832736731e-05
1.482965931863727427e+01 6.673453026451170444e-05 6.555384857165336143e-07 6.661658699158579111e-05 6.690957525279372931e-05 6.627074617426842451e-05 6.672440940747037530e-05 6.698523793602362275e-05 6.678412319160997868e-05 6.678444333374500275e-05 6.683317769784480333e-05 6.678704812657088041e-05 6.643361848546192050e-05
1.490981963927855602e+01 6.640568608418107033e-05 6.395544005499687046e-07 6.628477422054857016e-05 6.655943434452638030e-05 6.596531602554023266e-05 6.639137427555397153e-05 6.665649561909958720e-05 6.645231042057275772e-05 6.647252303082495928e-05 6.648419366683810949e-05 6.644274253631010652e-05 6.608886178582906723e-05
1.498997995991983956e+01 6.610146374441683292e-05 6.570035111508332193e-07 6.598149047931656241e-05 6.625772221013903618e-05 6.562861381098628044e-05 6.610486889258027077e-05 6.634194869548082352e-05 6.613021105295047164e-05 6.613115692744031549e-05 6.617961480515077710e-05 6.613500590901821852e-05 6.578000466106459498e-05
1.507014028056112132e+01 6.578138709301128983e-05 6.391445026565634180e-07 6.565678631886839867e-05 6.591840065084397793e-05 6.532945553772151470e-05 6.577491876669228077e-05 6.603290967177599669e-05 6.580509216291829944e-05 6.581476191058754921e-05 6.585908704437315464e-05 6.580396438948810101e-05 6.546633812831714749e-05
1.515030060120240485e+01 6.547683005919679999e-05 6.459824817284243181e-07 6.533730629598721862e-05 6.559539178851991892e-05 6.500499148387461901e-05 6.545012001879513264e-05 6.569342076545581222e-05 6.548994133481755853e-05 6.550081161549314857e-05 6.553924322361126542e-05 6.549894169438630342e-05 6.514634878840297461e-05
1.523046092184368661e+01 6.514076085295528173e-05 6.217434247446362861e-07 6.499873416032642126e-05 6.529431993840262294e-05 6.471334927482530475e-05 6.512871914310380816e-05 6.538866000482812524e-05 6.518264126498252153e-05 6.517686415463685989e-05 6.523264892166480422e-05 6.518301961477845907e-05 6.484746700152754784e-05
1.531062124248497014e+01 6.484759796876460314e-05 6.421455509553197771e-07 6.471995584433898330e-05 6.498440779978409410e-05 6.439053686335682869e-05 6.481884338427335024e-05 6.508258229587227106e-05 6.487951759481802583e-05 6.487741484306752682e-05 6.491008389275521040e-05 6.486646452685818076e-05 6.452041270677000284e-05
1.539078156312625190e+01 6.451998342527076602e-05 6.106081400503171608e-07 6.440625293180346489e-05 6.468897481681779027e-05 6.409084016922861338e-05 6.453149399021640420e-05 6.475453119492158294e-05 6.456829578382894397e-05 6.456454866565763950e-05 6.461166776716709137e-05 6.456221308326348662e-05 6.424020102713257074e-05
1.547094188376753365e+01 6.423021113732829690e-05 6.238798846425197553e-07 6.409835623344406486e-05 6.436664989450946450e-05 6.379222759278491139e-05 6.420137651730328798e-05 6.447280611610040069e-05 6.425680476240813732e-05 6.425601168302819133e-05 6.429794302675873041e-05 6.425882747862488031e-05 6.392083741957321763e-05
1.555110220440881719e+01 6.392010982381179929e-05 6.221050625754287466e-07 6.380293780239298940e-05 6.408283661585301161e-05 6.349955947371199727e-05 6.393035437213256955e-05 6.415425013983622193e-05 6.397579272743314505e-05 6.395834498107433319e-05 6.401050632121041417e-05 6.395413220161572099e-05 6.360089173540472984e-05
1.563126252505009894e+01 6.363954162225127220e-05 6.438040713874215726e-07 6.351336924126371741e-05 6.378845864674076438e-05 6.316026701824739575e-05 6.362527346936985850e-05 6.385894084814935923e-05 6.367358582792803645e-05 6.366296292981132865e-05 6.370481423800811172e-05 6.365380249917507172e-05 6.333457713481038809e-05
1.571142284569138248e+01 6.333143392112106085e-05 6.120767466200049967e-07 6.321491673588752747e-05 6.347697490127757192e-05 6.290557212196290493e-05 6.333101191557943821e-05 6.358378595905378461e-05 6.339052924886345863e-05 6.335172656690701842e-05 6.340062827803194523e-05 6.337396916933357716e-05 6.303973350441083312e-05
1.579158316633266423e+01 6.305368151515722275e-05 6.290055694080365356e-07 6.292183388723060489e-05 6.318881787592545152e-05 6.260479131015017629e-05 6.304376438492909074e-05 6.328277231659740210e-05 6.306697468971833587e-05 6.308002775767818093e-05 6.311389734037220478e-05 6.309578748187050223e-05 6.273675535339862108e-05
1.587174348697394777e+01 6.275511987041682005e-05 5.991976195218740031e-07 6.263852264964953065e-05 6.289663724601268768e-05 6.233497697394341230e-05 6.274039333220571280e-05 6.299802043940871954e-05 6.280025991145521402e-05 6.278505316004157066e-05 6.282134563662111759e-05 6.279271474340930581e-05 6.246934935916215181e-05
1.595190380761522952e+01 6.248192221391946077e-05 6.062734314582485240e-07 6.232927262317389250e-05 6.261272937990725040e-05 6.204673263709992170e-05 6.245898839551955462e-05 6.268914876272901893e-05 6.252327875699847937e-05 6.250748265301808715e-05 6.253610627027228475e-05 6.250594015000388026e-05 6.218333146534860134e-05
1.603206412825651128e+01 6.219294300535693765e-05 6.152832838779431768e-07 6.206674152053892612e-05 6.231797306099906564e-05 6.175671296659857035e-05 6.216957990545779467e-05 6.242230301722884178e-05 6.220232171472162008e-05 6.222219235496595502e-05 6.225578545127063990e-05 6.222029333002865314e-05 6.187880353536456823e-05
1.611222444889779482e+01 6.190129352035000920e-05 5.876701720808341634e-07 6.179819320095703006e-05 6.204572855494916439e-05 6.147924432298168540e-05 6.190218118717893958e-05 6.212969310581684113e-05 6.192496221046894789e-05 6.194657908054068685e-05 6.196938920766115189e-05 6.192603177623823285e-05 6.162487989058718085e-05
1.619238476953907835e+01 6.164215301396325231e-05 6.061886210773081984e-07 6.151859997771680355e-05 6.176702299853786826e-05 6.120039324741810560e-05 6.162017962196841836e-05 6.184936501085758209e-05 6.166585808387026191e-05 6.165697413962334394e-05 6.170543929329141974e-05 6.164485967019572854e-05 6.133559509180486202e-05
1.627254509018035833e+01 6.134050636319443583e-05 6.084750339141464792e-07 6.123798812041059136e-05 6.149079854367300868e-05 6.091264003771357238e-05 6.133442366262897849e-05 6.157822645036503673e-05 6.138445314718410373e-05 6.138873141026124358e-05 6.143470818642526865e-05 6.138158641988411546e-05 6.105162901803851128e-05
1.635270541082164186e+01 6.106013461248949170e-05 5.728876431021490134e-07 6.096249853726476431e-05 6.120156467659398913e-05 6.066493006073869765e-05 6.106834189267829061e-05 6.130530528025701642e-05 6.113092240411788225e-05 6.111261609476059675e-05 6.113773997640237212e-05 6.111407128628343344e-05 6.080271850805729628e-05
1.643286573146292540e+01 6.080851744627580047e-05 5.894294758945761714e-07 6.069883966119959950e-05 6.094017953728325665e-05 6.039858635631389916e-05 6.081333049223758280e-05 6.103637861087918282e-05 6.085365021135658026e-05 6.084146298235282302e-05 6.088911322876811028e-05 6.083380139898508787e-05 6.051100353943184018e-05
1.651302605210420893e+01 6.055343328625895083e-05 5.952744004389387555e-07 6.042548557161353528e-05 6.068130460334941745e-05 6.013529855408705771e-05 6.051798482076264918e-05 6.076932550058700144e-05 6.058785947971045971e-05 6.058774306438863277e-05 6.061594831408001482e-05 6.055874473531730473e-05 6.024791946401819587e-05
1.659318637274548891e+01 6.029320866218768060e-05 5.952983315182791557e-07 6.015136023052036762e-05 6.040088919689878821e-05 5.986430915072560310e-05 6.025240145390853286e-05 6.050148658687248826e-05 6.030212171026505530e-05 6.030873919371515512e-05 6.033255340298637748e-05 6.028716961736790836e-05 5.998912092763930559e-05
1.667334669338677244e+01 5.999999484629370272e-05 5.872658448424772359e-07 5.991297439322806895e-05 6.015921826474368572e-05 5.958943438599817455e-05 6.002334339427761734e-05 6.024378308211453259e-05 6.003834641887806356e-05 6.004939132253639400e-05 6.007729098200798035e-05 6.004166425555013120e-05 5.973075894871726632e-05
1.675350701402805598e+01 5.973616862320341170e-05 5.828932785334473010e-07 5.963729927316308022e-05 5.988903649267740548e-05 5.933764987275935709e-05 5.974956002319231629e-05 5.997819971526041627e-05 5.979464549454860389e-05 5.977930777589790523e-05 5.982955190120264888e-05 5.979960769764147699e-05 5.946839883108623326e-05
1.683366733466933951e+01 5.949392652837559581e-05 5.755568395215959754e-07 5.938576578046195209e-05 5.963422518107108772e-05 5.908727689529769123e-05 5.948553007328882813e-05 5.970757410977967083e-05 5.952854189672507346e-05 5.951350249233655632e-05 5.957028042757883668e-05 5.952059291303157806e-05 5.920871626585721970e-05
1.691382765531061949e+01 5.923554272158071399e-05 5.591293188444979023e-07 5.912447522860020399e-05 5.937002788414247334e-05 5.884019628865644336e-05 5.921814590692520142e-05 5.945132943452335894e-05 5.926628000452183187e-05 5.926554513280279934e-05 5.929890176048502326e-05 5.926328594796359539e-05 5.896529182791709900e-05
1.699398797595190302e+01 5.899093957850709558e-05 5.647967213917581830e-07 5.887095903744921088e-05 5.910683103138580918e-05 5.858532676938921213e-05 5.897727533010765910e-05 5.919640898355282843e-05 5.901913391426205635e-05 5.901322219870053232e-05 5.904784484300762415e-05 5.901732947677373886e-05 5.870870518265292048e-05
1.707414829659318656e+01 5.874606358702294528e-05 5.801052793685812503e-07 5.861192767042666674e-05 5.886713915970176458e-05 5.833445175085216761e-05 5.872505789739079773e-05 5.895337017136625946e-05 5.877088551642373204e-05 5.877251169295050204e-05 5.880177195649594069e-05 5.876202703802846372e-05 5.845105624757707119e-05
1.715430861723446654e+01 5.848356522619724274e-05 5.621661784971365705e-07 5.835364936501719058e-05 5.862422767677344382e-05 5.808470450574532151e-05 5.847525244462303817e-05 5.867965592187829316e-05 5.852412141393870115e-05 5.850046727573499084e-05 5.854723713127896190e-05 5.850336674484424293e-05 5.820786100230179727e-05
1.723446893787575007e+01 5.824073377880267799e-05 5.588546514445624780e-07 5.812759627588093281e-05 5.837629942107014358e-05 5.784529639640823007e-05 5.822806997457519174e-05 5.844843690283596516e-05 5.829285510117188096e-05 5.827450877404771745e-05 5.829780275234952569e-05 5.826912092743441463e-05 5.796838377136737108e-05
1.731462925851703361e+01 5.800217331852763891e-05 5.701127179236209486e-07 5.788800626760348678e-05 5.812360541312955320e-05 5.757617327617481351e-05 5.799664359074085951e-05 5.819476791657507420e-05 5.802972737001255155e-05 5.802391387987881899e-05 5.805922774015925825e-05 5.800659710075706244e-05 5.772868826170451939e-05
1.739478957915831714e+01 5.774377132183872163e-05 5.762158821198681835e-07 5.763187436969019473e-05 5.787222107755951583e-05 5.733760190196335316e-05 5.773507291451096535e-05 5.797175617772154510e-05 5.778712875326164067e-05 5.777632759418338537e-05 5.781181971542537212e-05 5.777924525318667293e-05 5.746481838286854327e-05
1.747494989979959712e+01 5.750007039750926197e-05 5.566687377722701058e-07 5.739953485317528248e-05 5.763297667726874352e-05 5.711548874387517571e-05 5.750878699473105371e-05 5.771327050752006471e-05 5.753626828663982451e-05 5.754664016421884298e-05 5.758715633419342339e-05 5.755202437285333872e-05 5.722523565054871142e-05
1.755511022044088065e+01 5.727650204789824784e-05 5.431289764601388015e-07 5.716212763218209147e-05 5.739055632147938013e-05 5.688555029337294400e-05 5.726678136852569878e-05 5.748696275986731052e-05 5.729169060941785574e-05 5.729660915676504374e-05 5.732896170229651034e-05 5.730600969400256872e-05 5.701573172700591385e-05
1.763527054108216419e+01 5.703003262169659138e-05 5.540671281778486446e-07 5.692804552381858230e-05 5.717772000934928656e-05 5.664146738126873970e-05 5.702715498046018183e-05 5.722769128624349833e-05 5.707203672500327229e-05 5.705364310415461659e-05 5.711015182896517217e-05 5.707160016754642129e-05 5.675642023561522365e-05
1.771543086172344772e+01 5.679806054104119539e-05 5.504473392647923902e-07 5.668080120813101530e-05 5.692098784493282437e-05 5.640284507535398006e-05 5.678354864357970655e-05 5.700420297216624022e-05 5.684346979251131415e-05 5.682308983523398638e-05 5.686992517439648509e-05 5.683723429683595896e-05 5.654028063872829080e-05
1.779559118236472770e+01 5.656335997628048062e-05 5.425229687716637272e-07 5.645509372698143125e-05 5.669653546647168696e-05 5.618386421701870859e-05 5.656169014400802553e-05 5.676486762240529060e-05 5.661171599058434367e-05 5.660572060151025653e-05 5.663908814312890172e-05 5.660448005073703825e-05 5.630014857160858810e-05
1.787575150300601123e+01 5.634354602079838514e-05 5.544216037378646433e-07 5.623414108413271606e-05 5.645892088068649173e-05 5.595335824182257056e-05 5.632861211779527366e-05 5.654831329593434930e-05 5.636337300529703498e-05 5.635568959405645728e-05 5.641048119287006557e-05 5.637595677399076521e-05 5.605675687547773123e-05
1.795591182364729477e+01 5.611751839751377702e-05 5.443841359920043033e-07 5.600498479907400906e-05 5.622455137199722230e-05 5.572810187004506588e-05 5.609563595498912036e-05 5.631378371617756784e-05 5.613614848698489368e-05 5.613052417174912989e-05 5.618177237920463085e-05 5.612570748780854046e-05 5.583918027696199715e-05
1.803607214428857475e+01 5.588051863014698029e-05 5.464275432132126298e-07 5.578387936111539602e-05 5.601080556516535580e-05 5.549533671000972390e-05 5.586783299804665148e-05 5.609162326436489820e-05 5.591014996753074229e-05 5.592198795056901872e-05 5.594097819994203746e-05 5.590652654063887894e-05 5.561061698244884610e-05
1.811623246492985828e+01 5.565024548559449613e-05 5.388790782490104903e-07 5.554293602472171187e-05 5.578180207521654665e-05 5.527577013708651066e-05 5.564732418861240149e-05 5.585781764239072800e-05 5.570880966843105853e-05 5.568071719608269632e-05 5.572592272073961794e-05 5.567647167481482029e-05 5.538938057725317776e-05
1.819639278557114181e+01 5.543086081161163747e-05 5.399472797762427945e-07 5.531974966288544238e-05 5.555406096391379833e-05 5.504751970875076950e-05 5.542430881178006530e-05 5.563984814216382802e-05 5.547322143684141338e-05 5.547014734474942088e-05 5.550216519623063505e-05 5.545470412471331656e-05 5.517602039617486298e-05
1.827655310621242535e+01 5.521197090274654329e-05 5.365565129977767356e-07 5.510629489435814321e-05 5.533262446988373995e-05 5.482617052621208131e-05 5.519996921066194773e-05 5.541711652767844498e-05 5.524183507077395916e-05 5.523867730516940355e-05 5.528167821466922760e-05 5.523988511413335800e-05 5.495813820743933320e-05
1.835671342685370533e+01 5.500527549884282053e-05 5.485164820129284635e-07 5.488894748850725591e-05 5.512921052286401391e-05 5.460669854073785245e-05 5.497108577401377261e-05 5.518665057024918497e-05 5.502804560819640756e-05 5.502232670551165938e-05 5.505801527760922909e-05 5.502290514414198697e-05 5.473004785017110407e-05
1.843687374749498886e+01 5.478414823301136494e-05 5.522133506019599736e-07 5.468100789585150778e-05 5.490800685947760940e-05 5.438437074190005660e-05 5.475850412040017545e-05 5.497517486219294369e-05 5.482669075718149543e-05 5.480818799696862698e-05 5.483442873810417950e-05 5.481080006575211883e-05 5.450670505524612963e-05
1.851703406813627240e+01 5.456458893604576588e-05 5.347276896827679593e-07 5.446191062219440937e-05 5.468351082527078688e-05 5.418237924459390342e-05 5.455829159473069012e-05 5.476581281982362270e-05 5.460045213112607598e-05 5.458785017253831029e-05 5.462430272018536925e-05 5.459638850879855454e-05 5.430228702607564628e-05
1.859719438877755593e+01 5.433077240013517439e-05 5.312904249876737595e-07 5.423780021374113858e-05 5.447583680506795645e-05 5.395941116148605943e-05 5.434067134046927094e-05 5.455850259750150144e-05 5.437395157059654593e-05 5.437001163954846561e-05 5.440698805614374578e-05 5.437084109871648252e-05 5.410172889241948724e-05
1.867735470941883591e+01 5.414265979197807610e-05 5.278350840853818227e-07 5.403140312409959733e-05 5.425828203442506492e-05 5.376217450248077512e-05 5.411973324953578413e-05 5.433916885522194207e-05 5.416832573246210814e-05 5.416036947281099856e-05 5.420325760496780276e-05 5.416197018348611891e-05 5.388870340539142489e-05
1.875751503006011944e+01 5.393383980845101178e-05 5.225176664680475369e-07 5.382779272622428834e-05 5.404562398325651884e-05 5.355937537387944758e-05 5.391630838857963681e-05 5.413140388554893434e-05 5.395616972236894071e-05 5.395076732384040952e-05 5.398854409577324986e-05 5.395339030656032264e-05 5.367672565625980496e-05
1.883767535070140298e+01 5.371727820602245629e-05 5.233414412941783667e-07 5.361246803659014404e-05 5.383856841945089400e-05 5.334884554031305015e-05 5.369945574784651399e-05 5.391815648181363940e-05 5.375315231503918767e-05 5.373131716623902321e-05 5.377704655984416604e-05 5.373926251195371151e-05 5.345884710550308228e-05
1.891783567134268296e+01 5.350796345737762749e-05 5.381347705224470701e-07 5.341486757970415056e-05 5.364985554479062557e-05 5.313077781465835869e-05 5.349500861484557390e-05 5.370703729568049312e-05 5.355360190151259303e-05 5.353042433853261173e-05 5.357403642847202718e-05 5.354277891456149518e-05 5.324124867911450565e-05
1.899799599198396649e+01 5.330342537490651011e-05 5.256553095023264177e-07 5.319450428942218423e-05 5.342098302207887173e-05 5.293641515891067684e-05 5.329580744728446007e-05 5.350959690986201167e-05 5.333851731847971678e-05 5.333159788278862834e-05 5.336136018740944564e-05 5.332702130544930696e-05 5.304268779582343996e-05
1.907815631262525002e+01 5.310301639838144183e-05 5.215065925767703447e-07 5.299242911860346794e-05 5.321870776242576540e-05 5.272963971947319806e-05 5.307851461111567914e-05 5.329336636350490153e-05 5.312788925948552787e-05 5.313386645866557956e-05 5.317026079865172505e-05 5.313315705279819667e-05 5.285071529215201735e-05
1.915831663326653356e+01 5.290033368510194123e-05 5.137910648045362905e-07 5.279983452055603266e-05 5.300900738802738488e-05 5.253464041743427515e-05 5.289266118779778481e-05 5.308043910190463066e-05 5.293556023389101028e-05 5.293520371196791530e-05 5.296226663631387055e-05 5.293899084790609777e-05 5.263844650471583009e-05
1.923847695390781354e+01 5.269681423669680953e-05 5.066069093118130695e-07 5.260031321085989475e-05 5.282843994791619480e-05 5.233422780293039978e-05 5.268138556857593358e-05 5.288252577884122729e-05 5.273738497635349631e-05 5.272194539429619908e-05 5.276052252156659961e-05 5.272928683552891016e-05 5.245819193078204989e-05
1.931863727454909707e+01 5.251395486993715167e-05 5.275093712953093927e-07 5.241124017629772425e-05 5.263935236143879592e-05 5.213496478972956538e-05 5.249047171673737466e-05 5.268490349408239126e-05 5.252371920505538583e-05 5.254225834505632520e-05 5.256270378595218062e-05 5.253243580227717757e-05 5.223913467489182949e-05
1.939879759519038060e+01 5.230688111623749137e-05 5.082278562440478709e-07 5.220113598625175655e-05 5.242463521426543593e-05 5.194425102672539651e-05 5.230338865658268332e-05 5.248756497167050838e-05 5.233232877799309790e-05 5.232978583080694079e-05 5.236627475824207067e-05 5.233652336755767465e-05 5.205384513828903437e-05
1.947895791583166414e+01 5.211006646277382970e-05 4.989068997929280158e-07 5.200680607231333852e-05 5.221448009251616895e-05 5.175087426323443651e-05 5.209888695389963686e-05 5.228583177085965872e-05 5.214789780438877642e-05 5.213407348492182791e-05 5.216988574829883873e-05 5.212960240896791220e-05 5.186139605939388275e-05
1.955911823647294412e+01 5.191231321077793837e-05 5.151217692400678061e-07 5.180677180760540068e-05 5.204848275752738118e-05 5.154622340342029929e-05 5.190845331526361406e-05 5.209938535699620843e-05 5.194905679672956467e-05 5.193543256609700620e-05 5.197631253395229578e-05 5.194038749323226511e-05 5.166654955246485770e-05
1.963927855711422765e+01 5.173000317881815135e-05 5.163152536624693312e-07 5.162931847735308111e-05 5.185199916013516486e-05 5.136539402883499861e-05 5.170613439986482263e-05 5.191498348722234368e-05 5.176114427740685642e-05 5.175137266633100808e-05 5.178390347282402217e-05 5.174993930268101394e-05 5.146611147210933268e-05
1.971943887775551119e+01 5.152562880539335310e-05 5.098304995954094920e-07 5.143431553733535111e-05 5.166389018995687366e-05 5.116236570756882429e-05 5.152700396138243377e-05 5.172058081370778382e-05 5.155915278010070324e-05 5.155349936103448272e-05 5.159023567102849483e-05 5.155113831278868020e-05 5.128835255163721740e-05
1.979959919839679117e+01 5.134864841238595545e-05 5.122150810166203883e-07 5.124962990521453321e-05 5.146777766640298069e-05 5.098065230413340032e-05 5.132358273840509355e-05 5.154229074832983315e-05 5.137117477715946734e-05 5.137244806974194944e-05 5.140072607900947332e-05 5.135966421221382916e-05 5.110077836434356868e-05
1.987975951903807470e+01 5.115348540130071342e-05 5.005742877983720973e-07 5.106346361571922898e-05 5.126458927406929433e-05 5.079647598904557526e-05 5.114997475175186992e-05 5.133738886797800660e-05 5.117724867886863649e-05 5.116412285133264959e-05 5.120263449498452246e-05 5.118320768815465271e-05 5.089782280265353620e-05
1.995991983967935823e+01 5.097044049762189388e-05 4.960234036843758076e-07 5.087545287096872926e-05 5.108206823933869600e-05 5.061471529188565910e-05 5.094614243716932833e-05 5.115324165672063828e-05 5.099592090118676424e-05 5.099465852254070342e-05 5.103050716570578516e-05 5.099611371406354010e-05 5.072754356660880148e-05
2.004008016032064177e+01 5.078035246697254479e-05 5.094447601550200488e-07 5.068339669378474355e-05 5.089437763672322035e-05 5.041508484282530844e-05 5.076267552794888616e-05 5.096917811897583306e-05 5.082579446025192738e-05 5.079996481072157621e-05 5.084043732495047152e-05 5.081910421722568572e-05 5.053397399024106562e-05
2.012024048096192175e+01 5.059463364887051284e-05 5.051362563790462445e-07 5.050641266279853880e-05 5.070002589491195977e-05 5.023525227443315089e-05 5.059463364887051284e-05 5.078194953966885805e-05 5.063673233962617815e-05 5.063040589448064566e-05 5.065981531515717506e-05 5.062639684183523059e-05 5.034119385527446866e-05
2.020040080160320528e+01 5.040979522163979709e-05 4.834620881410955917e-07 5.032045737607404590e-05 5.053373388363979757e-05 5.006962237530387938e-05 5.040743781137280166e-05 5.060062176198698580e-05 5.045115540269762278e-05 5.043200508225709200e-05 5.046929436502978206e-05 5.043749115429818630e-05 5.018129377276636660e-05
2.028056112224448881e+01 5.022926416131667793e-05 4.831550199924095068e-07 5.013522604713216424e-05 5.034128844272345304e-05 4.988926957594230771e-05 5.022313052904792130e-05 5.041522672399878502e-05 5.024986603530123830e-05 5.025283826398663223e-05 5.028878877055831254e-05 5.026654616813175380e-05 4.999180964659899473e-05
2.036072144288577235e+01 5.004947888664901257e-05 4.816207024305185769e-07 4.996115967514924705e-05 5.015770511818118393e-05 4.970757072442211211e-05 5.004838385502807796e-05 5.024359052185900509e-05 5.008337757317349315e-05 5.008820517105050385e-05 5.012523615732789040e-05 5.007764775655232370e-05 4.982778773410245776e-05
2.044088176352705233e+01 4.987518695998005569e-05 4.972824854121427052e-07 4.977066055289469659e-05 4.998351141694001853e-05 4.951524897478520870e-05 4.987000284017995000e-05 5.005602361052297056e-05 4.990992238163016737e-05 4.990335582988336682e-05 4.992457979824393988e-05 4.990582965547218919e-05 4.963547326042316854e-05
2.052104208416833586e+01 4.969089059159159660e-05 4.862881155531795230e-07 4.960869409842416644e-05 4.981410529580898583e-05 4.935072138323448598e-05 4.969704968971200287e-05 4.988022919860668480e-05 4.971534144715406001e-05 4.973682734998874366e-05 4.975480624125339091e-05 4.972160240868106484e-05 4.945493856212124228e-05
2.060120240480961940e+01 4.953428287990391254e-05 4.975266278961498756e-07 4.942594023304991424e-05 4.964352046954445541e-05 4.917347541777417064e-05 4.951662049279548228e-05 4.970572263118810952e-05 4.955525946570560336e-05 4.955648910254240036e-05 4.959378929925151169e-05 4.955162512487731874e-05 4.928995258524082601e-05
2.068136272545089938e+01 4.935397373628802598e-05 4.865134997089626268e-07 4.925227040075697005e-05 4.945583350490778685e-05 4.900667045149020851e-05 4.933279706165194511e-05 4.952332528773695230e-05 4.937148332828655839e-05 4.936922414344735444e-05 4.940977305523119867e-05 4.937369521940127015e-05 4.910365169052965939e-05
2.076152304609218291e+01 4.917863043374381959e-05 4.910417032988334540e-07 4.907663605990819633e-05 4.928267298964783549e-05 4.883140354650095105e-05 4.916601756121963263e-05 4.936239565722644329e-05 4.920771607430651784e-05 4.919800267089158297e-05 4.924353561364114285e-05 4.919626735500060022e-05 4.893340155831538141e-05
2.084168336673346644e+01 4.900625208392739296e-05 4.862712330577778630e-07 4.890727359452284873e-05 4.911216819891706109e-05 4.865643495577387512e-05 4.899410487269051373e-05 4.918303966405801475e-05 4.904206070932559669e-05 4.902785076410509646e-05 4.905852983938530087e-05 4.902177170151844621e-05 4.876662205788306892e-05
2.092184368737474998e+01 4.883437941316515207e-05 4.852099095842277166e-07 4.874495061812922359e-05 4.894684389000758529e-05 4.848329626838676631e-05 4.881873246631585062e-05 4.901139254798181355e-05 4.886922761215828359e-05 4.886186798103153706e-05 4.888964758720248938e-05 4.885720773017965257e-05 4.860013359575532377e-05
2.100200400801602996e+01 4.866497329203411937e-05 4.821393417842045892e-07 4.856584928347729146e-05 4.877648461842909455e-05 4.832450213143602014e-05 4.865095979766920209e-05 4.884216104983352125e-05 4.868836913374252617e-05 4.868980977335013449e-05 4.872051067650318146e-05 4.869686745223589242e-05 4.842437920160591602e-05
2.108216432865731349e+01 4.849217293667607009e-05 4.713549515145132318e-07 4.842045382247306406e-05 4.859540422330610454e-05 4.815676584257744253e-05 4.848726894124411047e-05 4.866979725193232298e-05 4.853038262808695436e-05 4.851738049183040857e-05 4.855978113482706249e-05 4.851571429753676057e-05 4.825653013540431857e-05
2.116232464929859702e+01 4.832874401472508907e-05 4.681871530465286924e-07 4.822487608180381358e-05 4.843237184104509652e-05 4.799424277734942734e-05 4.832072227145545185e-05 4.849485412705689669e-05 4.834994979319162667e-05 4.835857180296443403e-05 4.838463428313843906e-05 4.834529318031854928e-05 4.809673919226042926e-05
2.124248496993988056e+01 4.816898581339046359e-05 4.781664983966038562e-07 4.806482320418581367e-05 4.827126031159423292e-05 4.782040196005254984e-05 4.815176362171769142e-05 4.833081766264513135e-05 4.818672096007503569e-05 4.818713568965904415e-05 4.821696711587719619e-05 4.819150126422755420e-05 4.793162224814295769e-05
2.132264529058116054e+01 4.799725866178050637e-05 4.693835080615826882e-07 4.790429738932289183e-05 4.810334212379530072e-05 4.766160054714418948e-05 4.799400994670577347e-05 4.816586442757397890e-05 4.802074909093789756e-05 4.802386320079676807e-05 4.805804201168939471e-05 4.801745308213867247e-05 4.776402056450024247e-05
2.140280561122244407e+01 4.783937401953153312e-05 4.643453337394021219e-07 4.774307672050781548e-05 4.794208871317096055e-05 4.750427615363150835e-05 4.782637915923260152e-05 4.800234091817401350e-05 4.787885700352489948e-05 4.785854252986609936e-05 4.788675505551509559e-05 4.786086719832383096e-05 4.761008312925696373e-05
2.148296593186372760e+01 4.766960046254098415e-05 4.611892734374123393e-07 4.757060378324240446e-05 4.777276626555249095e-05 4.734394678962416947e-05 4.764424011227674782e-05 4.785370038007386029e-05 4.770179657498374581e-05 4.768860526382923126e-05 4.772664033225737512e-05 4.769396764459088445e-05 4.745315891341306269e-05
2.156312625250500759e+01 4.750958032673224807e-05 4.598538225764059462e-07 4.743089812109246850e-05 4.761571472045034170e-05 4.718897980637848377e-05 4.750776497530750930e-05 4.769129009218886495e-05 4.754465771839022636e-05 4.753667963086627424e-05 4.756316047860309482e-05 4.753124085254967213e-05 4.727866325993090868e-05
2.164328657314629112e+01 4.735695256385952234e-05 4.661697801111586159e-07 4.725761027657426894e-05 4.745903788716532290e-05 4.702563455794006586e-05 4.733767491416074336e-05 4.752543827635236084e-05 4.739291762234643102e-05 4.736698610940948129e-05 4.740412987302988768e-05 4.736255868920125067e-05 4.712184090749360621e-05
2.172344689378757465e+01 4.719699063571169972e-05 4.645115723178605549e-07 4.708756387117318809e-05 4.731045919470489025e-05 4.686429019784554839e-05 4.717975753010250628e-05 4.735817492473870516e-05 4.721526784123852849e-05 4.721423101727850735e-05 4.724310201709158719e-05 4.720752622233703732e-05 4.697001349995844066e-05
2.180360721442885819e+01 4.704312959802336991e-05 4.684802945575938793e-07 4.694283416029065847e-05 4.713149974122643471e-05 4.670064299716614187e-05 4.702236037701368332e-05 4.720437573269009590e-05 4.706332038040272892e-05 4.705883475253358483e-05 4.708936103270389140e-05 4.705874380306340754e-05 4.680801066569983959e-05
2.188376753507013817e+01 4.687313776230439544e-05 4.564061839573696489e-07 4.678110053646378219e-05 4.698807242675684392e-05 4.655070733861066401e-05 4.686750617111101747e-05 4.704160164692439139e-05 4.691321009886451066e-05 4.689571869676001370e-05 4.691790309152565897e-05 4.690766218118369579e-05 4.665097003453411162e-05
2.196392785571142170e+01 4.671890565077774227e-05 4.527858834535436472e-07 4.663437721319496632e-05 4.682631697505712509e-05 4.639134567696601152e-05 4.671717033488675952e-05 4.687461478170007467e-05 4.674720912589691579e-05 4.674774390878155828e-05 4.677244578488171101e-05 4.673566218116320670e-05 4.649436232284642756e-05
2.204408817635270523e+01 4.656820237869396806e-05 4.529642865236382931e-07 4.646714660339057446e-05 4.666903623729012907e-05 4.625320798368193209e-05 4.654711301554925740e-05 4.674319643527269363e-05 4.660773993236944079e-05 4.657797762774862349e-05 4.661427738028578460e-05 4.658836769522167742e-05 4.634296783478930593e-05
2.212424849699398877e+01 4.641196574084460735e-05 4.556762860374874435e-07 4.631380943465046585e-05 4.651458584703505039e-05 4.608540984918363392e-05 4.641453051590360701e-05 4.657109093386679888e-05 4.644601358450017869e-05 4.643441207008436322e-05 4.646727757062762976e-05 4.644012369681149721e-05 4.618744424078613520e-05
2.220440881763526875e+01 4.625669316737912595e-05 4.500395505147025688e-07 4.617013473762199283e-05 4.636051744455471635e-05 4.593617995851673186e-05 4.625554720405489206e-05 4.642781641450710595e-05 4.629292379831895232e-05 4.628082751878537238e-05 4.631283809430897236e-05 4.629106842912733555e-05 4.604122295859269798e-05
2.228456913827655228e+01 4.610431278706528246e-05 4.627493694897566456e-07 4.601751788868568838e-05 4.620951949618756771e-05 4.577704385155811906e-05 4.609895040630362928e-05 4.628242095350287855e-05 4.614751014742068946e-05 4.612647899193689227e-05 4.616084697772748768e-05 4.612612974597141147e-05 4.587830699165351689e-05
2.236472945891783581e+01 4.595949576469138265e-05 4.475454034036374651e-07 4.586833165376447141e-05 4.604965215548872948e-05 4.563355832942761481e-05 4.595796053763478994e-05 4.611953045241534710e-05 4.599917519954033196e-05 4.598461237037554383e-05 4.600996908266097307e-05 4.598584200721234083e-05 4.574278500513173640e-05
2.244488977955911579e+01 4.580778841045685112e-05 4.414930572238517925e-07 4.572416219161823392e-05 4.589891614159569144e-05 4.549025834421627223e-05 4.579119195113889873e-05 4.597190127242356539e-05 4.582762267091311514e-05 4.582347173709422350e-05 4.586531576933339238e-05 4.584222551784478128e-05 4.559136141324415803e-05
2.252505010020039933e+01 4.566628922475501895e-05 4.490034939408360515e-07 4.556941348710097373e-05 4.576647916110232472e-05 4.534070467343553901e-05 4.565640847431495786e-05 4.582657493301667273e-05 4.568911754176951945e-05 4.567643918562680483e-05 4.570393502945080400e-05 4.568781150737777352e-05 4.544654802884906530e-05
2.260521042084168286e+01 4.552410609903745353e-05 4.483440534386318177e-07 4.542375609162263572e-05 4.562037065625190735e-05 4.520871516433544457e-05 4.551125675789080560e-05 4.568388976622372866e-05 4.553578764898702502e-05 4.552992686512880027e-05 4.556719795800745487e-05 4.553847975330427289e-05 4.529027501121163368e-05
2.268537074148296639e+01 4.536566120805218816e-05 4.425680799613473937e-07 4.528072895482182503e-05 4.546874333755113184e-05 4.505188189796172082e-05 4.535294283414259553e-05 4.553062171908095479e-05 4.538807843346148729e-05 4.539755900623276830e-05 4.541622183751314878e-05 4.538924622465856373e-05 4.514667307375930250e-05
2.276553106212424638e+01 4.522734525380656123e-05 4.395354267217044253e-07 4.512687155511230230e-05 4.532946695690043271e-05 4.491024446906521916e-05 4.521970913629047573e-05 4.539123619906604290e-05 4.525219628703780472e-05 4.524468749877996743e-05 4.526781776803545654e-05 4.524438554653897882e-05 4.502061710809357464e-05
2.284569138276552991e+01 4.507178164203651249e-05 4.515258922310749767e-07 4.498130874708294868e-05 4.518431887845508754e-05 4.475299283512867987e-05 4.506731056608259678e-05 4.523933966993354261e-05 4.511689257924444973e-05 4.509692735155113041e-05 4.513247040449641645e-05 4.509912469075061381e-05 4.485587851377204061e-05
2.292585170340681344e+01 4.493654341786168516e-05 4.393371852984273573e-07 4.484322562348097563e-05 4.503847958403639495e-05 4.461777280084788799e-05 4.492300649872049689e-05 4.509688733378425241e-05 4.497152622207067907e-05 4.495694884099066257e-05 4.497950794757343829e-05 4.495424582273699343e-05 4.472918590181507170e-05
2.300601202404809698e+01 4.478065602597780526e-05 4.329913565470633330e-07 4.470299973036162555e-05 4.489782440941780806e-05 4.448165418580174446e-05 4.478057235246524215e-05 4.494841414270922542e-05 4.481261203181929886e-05 4.480410643736831844e-05 4.485339741222560406e-05 4.481320866034366190e-05 4.457418253878131509e-05
2.308617234468937696e+01 4.465161691769026220e-05 4.365919039628352039e-07 4.456627721083350480e-05 4.474326124181970954e-05 4.434095899341627955e-05 4.463475488591939211e-05 4.481047653825953603e-05 4.469217310543172061e-05 4.466418249648995697e-05 4.471348802326247096e-05 4.466831160243600607e-05 4.443396028364077210e-05
2.316633266533066049e+01 4.452401117305271327e-05 4.458629803139046999e-07 4.442548743099905550e-05 4.462334618438035250e-05 4.420108598424121737e-05 4.449807602213695645e-05 4.466038808459416032e-05 4.454205918591469526e-05 4.452358552953228354e-05 4.456546957953833044e-05 4.452876237337477505e-05 4.429163527674973011e-05
2.324649298597194402e+01 4.437094685272313654e-05 4.324192843796481611e-07 4.427854582900181413e-05 4.447575702215544879e-05 4.406863081385381520e-05 4.435275695868767798e-05 4.452078428585082293e-05 4.440498378244228661e-05 4.437492680153809488e-05 4.441832425072789192e-05 4.439159965841099620e-05 4.414775321492925286e-05
2.332665330661322400e+01 4.423861901159398258e-05 4.369546502402954502e-07 4.414943759911693633e-05 4.432442437973804772e-05 4.392375558381900191e-05 4.422874553711153567e-05 4.439719123183749616e-05 4.426174564287066460e-05 4.426250234246253967e-05 4.429653563420288265e-05 4.424899816513061523e-05 4.402171543915756047e-05
2.340681362725450754e+01 4.410121255205012858e-05 4.481576070247683674e-07 4.401080150273628533e-05 4.419923061504960060e-05 4.378027369966730475e-05 4.407648884807713330e-05 4.425659426487982273e-05 4.412607449921779335e-05 4.412292037159204483e-05 4.414994327817112207e-05 4.412431007949635386e-05 4.387380977277643979e-05
2.348697394789579107e+01 4.396649819682352245e-05 4.311552856961498037e-07 4.387008448247797787e-05 4.405295840115286410e-05 4.365357381175272167e-05 4.394591815071180463e-05 4.411231930134817958e-05 4.397098746267147362e-05 4.397781958687119186e-05 4.399258978082798421e-05 4.398663077154196799e-05 4.374592390377074480e-05
2.356713426853707460e+01 4.382200131658464670e-05 4.378126163828710560e-07 4.373069896246306598e-05 4.392316986923106015e-05 4.350993549451231956e-05 4.381715552881360054e-05 4.397211887408047915e-05 4.384219209896400571e-05 4.384436397231183946e-05 4.387414446682669222e-05 4.384926069178618491e-05 4.360023740446195006e-05
2.364729458917835458e+01 4.368951340438798070e-05 4.205052164252265356e-07 4.360015009297057986e-05 4.377868754090741277e-05 4.339051156421191990e-05 4.366219218354672194e-05 4.383529449114575982e-05 4.370480746729299426e-05 4.370180977275595069e-05 4.373399133328348398e-05 4.369972521089948714e-05 4.347186040831729770e-05
2.372745490981963812e+01 4.355198689154349267e-05 4.236336224039405352e-07 4.346622154116630554e-05 4.364574488135986030e-05 4.324592737248167396e-05 4.353998519945889711e-05 4.370513852336443961e-05 4.357774741947650909e-05 4.356806311989203095e-05 4.358909063739702106e-05 4.357188663561828434e-05 4.334291224949993193e-05
2.380761523046092165e+01 4.341559906606562436e-05 4.269956832558818860e-07 4.333005927037447691e-05 4.350512244855053723e-05 4.310716758482158184e-05 4.340765008237212896e-05 4.357583748060278594e-05 4.344268745626322925e-05 4.344600165495648980e-05 4.346522473497316241e-05 4.344260378275066614e-05 4.321154119679704309e-05
2.388777555110220518e+01 4.327976057538762689e-05 4.215812907659710618e-07 4.320396328694187105e-05 4.338596409070305526e-05 4.298799103708006442e-05 4.327934948378242552e-05 4.344111221143975854e-05 4.331535092205740511e-05 4.330230149207636714e-05 4.333865581429563463e-05 4.330304000177420676e-05 4.306972914491780102e-05
2.396793587174348517e+01 4.315290425438433886e-05 4.359743286386219552e-07 4.307425115257501602e-05 4.325149348005652428e-05 4.283579619368538260e-05 4.314129910198971629e-05 4.331283344072289765e-05 4.317389539210125804e-05 4.316549893701449037e-05 4.321030792198143899e-05 4.317146522225812078e-05 4.294304744689725339e-05
2.404809619238476870e+01 4.301501394365914166e-05 4.185300213066511787e-07 4.294807877158746123e-05 4.313266254030168056e-05 4.271920624887570739e-05 4.301616718294098973e-05 4.317365164752118289e-05 4.305515176383778453e-05 4.304061803850345314e-05 4.306049231672659516e-05 4.303979949327185750e-05 4.281607107259333134e-05
2.412825651302605223e+01 4.288484342396259308e-05 4.170370289102720562e-07 4.279626955394633114e-05 4.298499698052182794e-05 4.259155684849247336e-05 4.287257615942507982e-05 4.304989852244034410e-05 4.290800279704853892e-05 4.291487493901513517e-05 4.293444362701848149e-05 4.290685683372430503e-05 4.268837801646441221e-05
2.420841683366733221e+01 4.276624531485140324e-05 4.048303594572644215e-07 4.269411510904319584e-05 4.285010072635486722e-05 4.246631215210072696e-05 4.276232721167616546e-05 4.290030847187153995e-05 4.279475979274138808e-05 4.279190397937782109e-05 4.281321162125095725e-05 4.278525375411845744e-05 4.256625834386795759e-05
2.428857715430861575e+01 4.263072696630842984e-05 4.196985514681728091e-07 4.254612576914951205e-05 4.272922888048924506e-05 4.233626896166242659e-05 4.261918002157472074e-05 4.279561471776105464e-05 4.266391624696552753e-05 4.264829476596787572e-05 4.267653275746852160e-05 4.266127143637277186e-05 4.242781869834288955e-05
2.436873747494989928e+01 4.250180427334271371e-05 4.192075095943437191e-07 4.242113936925306916e-05 4.261641879566013813e-05 4.220682603772729635e-05 4.249750782037153840e-05 4.265374809619970620e-05 4.254069062881171703e-05 4.253062797943130136e-05 4.255387830198742449e-05 4.252677899785339832e-05 4.230019112583249807e-05
2.444889779559118281e+01 4.237690518493764102e-05 4.160281150689115748e-07 4.229995101923123002e-05 4.247542528901249170e-05 4.207753954688087106e-05 4.238377732690423727e-05 4.252831786288879812e-05 4.239966438035480678e-05 4.240095586283132434e-05 4.242992145009338856e-05 4.240358612150885165e-05 4.217544483253732324e-05
2.452905811623246279e+01 4.226438250043429434e-05 4.185745297036191914e-07 4.217886089463718235e-05 4.235484448145143688e-05 4.196053123450838029e-05 4.223827636451460421e-05 4.239978443365544081e-05 4.228599209454841912e-05 4.227784665999934077e-05 4.229446130921132863e-05 4.227058889227919281e-05 4.204729702905751765e-05
2.460921843687374633e+01 4.213162537780590355e-05 4.214819853132212302e-07 4.204946162644773722e-05 4.222510688123293221e-05 4.182860720902681351e-05 4.212242492940276861e-05 4.228373654768802226e-05 4.215385342831723392e-05 4.214991349726915359e-05 4.218485264573246241e-05 4.215047374600544572e-05 4.192316919215954840e-05
2.468937875751502986e+01 4.200292823952622712e-05 4.058360900671686977e-07 4.191933112451806664e-05 4.209479811834171414e-05 4.171137697994709015e-05 4.200088369543664157e-05 4.215787339489907026e-05 4.203021671855822206e-05 4.201827323413453996e-05 4.203863500151783228e-05 4.202977288514375687e-05 4.180898395134136081e-05
2.476953907815631339e+01 4.188716411590576172e-05 4.182581676559493644e-07 4.180683390586636961e-05 4.196805093670263886e-05 4.158225419814698398e-05 4.188113234704360366e-05 4.203534626867622137e-05 4.190694380667991936e-05 4.189595347270369530e-05 4.193168570054695010e-05 4.190067193121649325e-05 4.167574661551043391e-05
2.484969939879759337e+01 4.176211950834840536e-05 4.086898286459472729e-07 4.166644794167950749e-05 4.185310535831376910e-05 4.146931314608082175e-05 4.174894274910911918e-05 4.190978143014945090e-05 4.177690061624161899e-05 4.177506707492284477e-05 4.180595351499505341e-05 4.176809670752845705e-05 4.156243448960594833e-05
2.492985971943887691e+01 4.163884295849129558e-05 4.048794153277412988e-07 4.154674024903215468e-05 4.173262277618050575e-05 4.134586924919858575e-05 4.162042023381218314e-05 4.178403105470351875e-05 4.167745646554976702e-05 4.165234713582322001e-05 4.166823782725259662e-05 4.165377686149440706e-05 4.144657941651530564e-05
2.501002004008016044e+01 4.150800668867304921e-05 4.123290295865444932e-07 4.142559191677719355e-05 4.160113530815578997e-05 4.122295649722218513e-05 4.150646418565884233e-05 4.166799772065132856e-05 4.155038550379686058e-05 4.152713154326193035e-05 4.156925206189043820e-05 4.153303234488703310e-05 4.130429442739114165e-05
2.509018036072144042e+01 4.137963696848601103e-05 4.050139637001848314e-07 4.130952947889454663e-05 4.149320739088580012e-05 4.110165900783613324e-05 4.137738869758322835e-05 4.154139242018572986e-05 4.141714452998712659e-05 4.140995224588550627e-05 4.144843478570692241e-05 4.141220415476709604e-05 4.119257937418296933e-05
2.517034068136272396e+01 4.126724525121971965e-05 4.093524523796077119e-07 4.118319338886067271e-05 4.136156712775118649e-05 4.098224235349334776e-05 4.126468775211833417e-05 4.141343015362508595e-05 4.129700755584053695e-05 4.129905573790892959e-05 4.132099638809449971e-05 4.129267472308129072e-05 4.105770494788885117e-05
2.525050100200400749e+01 4.115327465115115047e-05 4.135207518629613332e-07 4.106980486540123820e-05 4.125000850763171911e-05 4.085257387487217784e-05 4.113804970984347165e-05 4.129645822104066610e-05 4.118063588975928724e-05 4.117235221201553941e-05 4.120381709071807563e-05 4.118307333556003869e-05 4.095501208212226629e-05
2.533066132264529102e+01 4.103476749151013792e-05 4.078383994965406600e-07 4.095243275514803827e-05 4.113216709811240435e-05 4.074188836966641247e-05 4.102302773389965296e-05 4.118437209399417043e-05 4.105805783183313906e-05 4.104036634089425206e-05 4.108810026082210243e-05 4.105582411284558475e-05 4.083921521669253707e-05
2.541082164328657100e+01 4.091675509698688984e-05 4.050748430017847568e-07 4.083625390194356441e-05 4.099377474631182849e-05 4.062971493112854660e-05 4.090832590009085834e-05 4.106584674445912242e-05 4.093228562851436436e-05 4.094107134733349085e-05 4.096559496247209609e-05 4.094470568816177547e-05 4.070864088134840131e-05
2.549098196392785454e+01 4.079075370100326836e-05 3.970072555148362881e-07 4.071248622494749725e-05 4.090325455763377249e-05 4.051240466651506722e-05 4.078997881151735783e-05 4.094970063306391239e-05 4.082013401784934103e-05 4.081067891092970967e-05 4.083902240381576121e-05 4.081721635884605348e-05 4.061154686496593058e-05
2.557114228456913807e+01 4.068822454428300261e-05 4.054201951930735959e-07 4.060523497173562646e-05 4.077640187460929155e-05 4.038850238430313766e-05 4.066693145432509482e-05 4.082874147570692003e-05 4.070790237165056169e-05 4.069579154020175338e-05 4.071900912094861269e-05 4.071194052812643349e-05 4.049317067256197333e-05
2.565130260521041805e+01 4.056459511048160493e-05 3.974700462094915565e-07 4.049502240377478302e-05 4.066359542775899172e-05 4.028287003166042268e-05 4.055786484968848526e-05 4.071085277246311307e-05 4.058309059473685920e-05 4.058402191731147468e-05 4.060391438542865217e-05 4.058711783727630973e-05 4.036439713672734797e-05
2.573146292585170158e+01 4.046436879434622824e-05 4.102853097265324323e-07 4.037494363728910685e-05 4.054289820487610996e-05 4.016709863208234310e-05 4.045345121994614601e-05 4.059865023009479046e-05 4.047216862090863287e-05 4.047193579026497900e-05 4.050363713758997619e-05 4.046954200020991266e-05 4.024919326184317470e-05
2.581162324649298512e+01 4.034299854538403451e-05 3.997805322342173895e-07 4.025660382467322052e-05 4.042791988467797637e-05 4.005204391432926059e-05 4.033872755826450884e-05 4.048451955895870924e-05 4.035831443616189063e-05 4.035704478155821562e-05 4.038711267639882863e-05 4.036350946989841759e-05 4.014814112451858819e-05
2.589178356713426865e+01 4.021485801786184311e-05 3.982068790264747804e-07 4.015507147414609790e-05 4.032553988508880138e-05 3.993430436821654439e-05 4.022302528028376400e-05 4.037301914650015533e-05 4.023982910439372063e-05 4.023910150863230228e-05 4.025710222776979208e-05 4.024378358735702932e-05 4.002661080448888242e-05
2.597194388777554863e+01 4.010551492683589458e-05 3.889039135174243711e-07 4.003264257335104048e-05 4.019622429041191936e-05 3.982883572462014854e-05 4.010264456155709922e-05 4.024861846119165421e-05 4.013417128589935601e-05 4.013421130366623402e-05 4.014737351099029183e-05 4.012410499854013324e-05 3.991256380686536431e-05
2.605210420841683217e+01 3.999787440989166498e-05 3.892309621278400300e-07 3.992398342234082520e-05 4.008516771136783063e-05 3.972262493334710598e-05 3.999249747721478343e-05 4.014557634945958853e-05 4.003248977824114263e-05 3.999822001787833869e-05 4.003879075753502548e-05 4.001256456831470132e-05 3.980286419391632080e-05
2.613226452905811570e+01 3.989262404502369463e-05 3.964821075896907132e-07 3.981406553066335618e-05 3.997877138317562640e-05 3.960264439228922129e-05 3.988075332017615438e-05 4.004073707619681954e-05 3.992070924141444266e-05 3.991595076513476670e-05 3.992855272372253239e-05 3.990205732407048345e-05 3.970543184550479054e-05
2.621242484969939923e+01 3.977539381594397128e-05 3.939902057936706115e-07 3.969960016547702253e-05 3.986965384683571756e-05 3.948363519157283008e-05 3.976636799052357674e-05 3.991290577687323093e-05 3.979265238740481436e-05 3.979242683271877468e-05 3.981691043009050190e-05 3.978381209890358150e-05 3.958988600061275065e-05
2.629258517034067921e+01 3.966478834627196193e-05 3.860144488498917781e-07 3.959328387281857431e-05 3.975309300585649908e-05 3.938375448342412710e-05 3.965525320381857455e-05 3.980567271355539560e-05 3.968816963606514037e-05 3.968166129197925329e-05 3.969100725953467190e-05 3.968707460444420576e-05 3.947647928725928068e-05
2.637274549098196275e+01 3.955388456233777106e-05 3.965145367601508042e-07 3.946925426134839654e-05 3.964954157709144056e-05 3.927711804863065481e-05 3.954686690121889114e-05 3.970596299041062593e-05 3.959241439588367939e-05 3.957289663958363235e-05 3.960627145715989172e-05 3.957697481382638216e-05 3.936329085263423622e-05
2.645290581162324628e+01 3.944298805436119437e-05 3.905665550973935751e-07 3.936572829843498766e-05 3.953841951442882419e-05 3.915971319656819105e-05 3.943452611565589905e-05 3.958052184316329658e-05 3.947019649785943329e-05 3.946533979615196586e-05 3.949056554120033979e-05 3.946541619370691478e-05 3.925715645891614258e-05
2.653306613226452626e+01 3.934470805688761175e-05 3.821125176273199031e-07 3.926352292182855308e-05 3.942869443562813103e-05 3.906676283804699779e-05 3.933664265787228942e-05 3.948175071855075657e-05 3.935585482395254076e-05 3.934088090318255126e-05 3.937571818823926151e-05 3.936130087822675705e-05 3.915713750757277012e-05
2.661322645290580979e+01 3.923036274500191212e-05 3.904503671492420835e-07 3.915090201189741492e-05 3.931901665055193007e-05 3.895084228133782744e-05 3.922277028323151171e-05 3.936771827284246683e-05 3.925416240235790610e-05 3.924506381736136973e-05 3.927325815311633050e-05 3.924637348973192275e-05 3.903377000824548304e-05
2.669338677354709333e+01 3.911694147973321378e-05 3.882524595155700808e-07 3.904445111402310431e-05 3.922011092072352767e-05 3.883627141476608813e-05 3.912007741746492684e-05 3.925427517970092595e-05 3.914119588444009423e-05 3.914097032975405455e-05 3.915978959412313998e-05 3.913462933269329369e-05 3.893205575877800584e-05
2.677354709418837686e+01 3.902267781086266041e-05 3.860364472529909108e-07 3.893784742103889585e-05 3.910843952326104045e-05 3.873828609357587993e-05 3.900783121935091913e-05 3.914873741450719535e-05 3.903131437255069613e-05 3.902900425600819290e-05 3.905655466951429844e-05 3.903380638803355396e-05 3.883190220221877098e-05
2.685370741482965684e+01 3.890065636369399726e-05 3.830161006135313073e-07 3.883067620336078107e-05 3.900414958479814231e-05 3.862706216750666499e-05 3.889828076353296638e-05 3.905037374352104962e-05 3.892641325364820659e-05 3.892704262398183346e-05 3.896496127708815038e-05 3.892793392878957093e-05 3.873370224027894437e-05
2.693386773547094037e+01 3.881187149090692401e-05 3.929659442292177118e-07 3.873215246130712330e-05 3.889234722009859979e-05 3.852159352391026914e-05 3.879603173118084669e-05 3.894757901434786618e-05 3.882727469317615032e-05 3.881942393491044641e-05 3.885471960529685020e-05 3.882290548062883317e-05 3.862024823320098221e-05
2.701402805611222391e+01 3.869623105856589973e-05 3.736559222033974947e-07 3.862356243189424276e-05 3.877982817357406020e-05 3.842598016490228474e-05 3.869493957608938217e-05 3.882797682308591902e-05 3.873525565722957253e-05 3.872129673254676163e-05 3.872930756187997758e-05 3.872288652928546071e-05 3.851380461128428578e-05
2.709418837675350744e+01 3.859557909891009331e-05 3.849831102797907079e-07 3.851630390272475779e-05 3.868121348205022514e-05 3.832120637525804341e-05 3.859473144984804094e-05 3.873348396155051887e-05 3.861608638544566929e-05 3.861976801999844611e-05 3.862566154566593468e-05 3.860699143842794001e-05 3.839923374471254647e-05
2.717434869739478742e+01 3.849610584438778460e-05 3.854351007248624228e-07 3.842201840598136187e-05 3.858939453493803740e-05 3.822346479864791036e-05 3.848964479402638972e-05 3.863008168991655111e-05 3.852688678307458758e-05 3.850271605188027024e-05 3.853350062854588032e-05 3.851351357297971845e-05 3.829698471236042678e-05
2.725450901803607096e+01 3.838539487333036959e-05 3.874368417200457770e-07 3.831130379694513977e-05 3.846818071906454861e-05 3.810390262515284121e-05 3.838451812043786049e-05 3.853158705169335008e-05 3.840985664282925427e-05 3.839985947706736624e-05 3.842938531306572258e-05 3.840776844299398363e-05 3.820043275482021272e-05
2.733466933867735449e+01 3.827829277724958956e-05 3.742857188626658171e-07 3.820436540991067886e-05 3.837017357000149786e-05 3.801320417551323771e-05 3.827267209999263287e-05 3.842227670247666538e-05 3.830962305073626339e-05 3.829066554317250848e-05 3.832555739791132510e-05 3.831108551821671426e-05 3.810226917266845703e-05
2.741482965931863447e+01 3.819340417976491153e-05 3.810550026628334308e-07 3.810841008089482784e-05 3.826814281637780368e-05 3.791042399825528264e-05 3.817206743406131864e-05 3.831722278846427798e-05 3.821161590167321265e-05 3.819806079263798892e-05 3.822367943939752877e-05 3.820466008619405329e-05 3.800519334618002176e-05
2.749498997995991800e+01 3.808298060903325677e-05 3.898535112512035994e-07 3.800385093200020492e-05 3.817468677880242467e-05 3.779357939492911100e-05 3.807840766967274249e-05 3.821372956736013293e-05 3.810837370110675693e-05 3.809856571024283767e-05 3.812280556303448975e-05 3.809765621554106474e-05 3.789842594414949417e-05
2.757515030060120154e+01 3.798102989094331861e-05 3.739980627415206982e-07 3.790287155425176024e-05 3.806446329690515995e-05 3.771652336581610143e-05 3.797718818532302976e-05 3.812651266343891621e-05 3.800772901740856469e-05 3.798331090365536511e-05 3.802643550443463027e-05 3.798410762101411819e-05 3.779895268962718546e-05
2.765531062124248507e+01 3.788032336160540581e-05 3.715017271588294534e-07 3.781618215725757182e-05 3.796411692746914923e-05 3.761584230232983828e-05 3.788050526054576039e-05 3.801236744038760662e-05 3.790262053371407092e-05 3.789940092246979475e-05 3.792543066083453596e-05 3.790406481130048633e-05 3.768977330764755607e-05
2.773547094188376505e+01 3.777401434490457177e-05 3.637829308900109027e-07 3.770199691643938422e-05 3.787154491874389350e-05 3.752115298993885517e-05 3.777156234718859196e-05 3.791374911088496447e-05 3.780180122703313828e-05 3.778950849664397538e-05 3.782959902309812605e-05 3.779542021220549941e-05 3.760117397177964449e-05
2.781563126252504858e+01 3.767385351238772273e-05 3.770277601233829046e-07 3.760917024919763207e-05 3.776882658712565899e-05 3.740642932825721800e-05 3.768025271710939705e-05 3.782105341088026762e-05 3.770786133827641606e-05 3.770516195800155401e-05 3.773267599171958864e-05 3.769829709199257195e-05 3.750119140022434294e-05
2.789579158316633212e+01 3.757582817343063653e-05 3.635830410075868713e-07 3.750966789084486663e-05 3.765392102650366724e-05 3.731422111741267145e-05 3.757428567041642964e-05 3.771400952246040106e-05 3.759991886909119785e-05 3.759414175874553621e-05 3.762617052416317165e-05 3.760314211831428111e-05 3.740190004464238882e-05
2.797595190380761565e+01 3.747866139747202396e-05 3.666405632429814432e-07 3.740657120943069458e-05 3.757030935958027840e-05 3.721219400176778436e-05 3.746854781638830900e-05 3.761426341952756047e-05 3.750437463168054819e-05 3.748885137611068785e-05 3.752150951186195016e-05 3.750136602320708334e-05 3.730988100869581103e-05
2.805611222444889563e+01 3.738488885574042797e-05 3.584652858990011737e-07 3.731315518962219357e-05 3.747115988517180085e-05 3.712655598064884543e-05 3.738353188964538276e-05 3.751757321879267693e-05 3.739679959835484624e-05 3.740821193787269294e-05 3.742098851944319904e-05 3.741170803550630808e-05 3.721425673575140536e-05
2.813627254509017916e+01 3.728156661964021623e-05 3.650733049198606750e-07 3.720687163877300918e-05 3.737612132681533694e-05 3.703044785652309656e-05 3.729120362550020218e-05 3.741538603208027780e-05 3.731382821570150554e-05 3.730006210389547050e-05 3.733219637069851160e-05 3.731223114300519228e-05 3.709969314513728023e-05
2.821643286573146270e+01 3.719289452419616282e-05 3.719536323387728771e-07 3.712542456923983991e-05 3.729643140104599297e-05 3.692511381814256310e-05 3.718640437000431120e-05 3.732731784111820161e-05 3.722430119523778558e-05 3.720066160894930363e-05 3.724049020092934370e-05 3.721141547430306673e-05 3.702003232319839299e-05
2.829659318637274268e+01 3.709399607032537460e-05 3.642713863882818259e-07 3.703065885929390788e-05 3.718402876984328032e-05 3.683876275317743421e-05 3.708165240823291242e-05 3.722458495758473873e-05 3.712984835146926343e-05 3.710599048645235598e-05 3.712900070240721107e-05 3.711497993208467960e-05 3.690585435833781958e-05
2.837675350701402621e+01 3.700083107105456293e-05 3.704269602167187259e-07 3.693275721161626279e-05 3.709643715410493314e-05 3.673075480037368834e-05 3.699253647937439382e-05 3.713112528203055263e-05 3.702794128912501037e-05 3.701441892189905047e-05 3.703878246597014368e-05 3.701332389027811587e-05 3.682415626826696098e-05
2.845691382765530975e+01 3.690722951432690024e-05 3.702048729792295489e-07 3.683444447233341634e-05 3.700435991049744189e-05 3.664671021397225559e-05 3.690631274366751313e-05 3.704150367411784828e-05 3.693691178341396153e-05 3.691205347422510386e-05 3.695519626489840448e-05 3.692370592034421861e-05 3.672497405204921961e-05
2.853707414829659328e+01 3.681769157992675900e-05 3.597032502966612810e-07 3.673138417070731521e-05 3.689762161229737103e-05 3.656083572423085570e-05 3.680343797896057367e-05 3.694053884828463197e-05 3.684069451992399991e-05 3.682741953525692225e-05 3.685643605422228575e-05 3.683651812025345862e-05 3.663864117697812617e-05
2.861723446893787326e+01 3.671566082630306482e-05 3.597427564727695426e-07 3.664891119115054607e-05 3.679396468214690685e-05 3.645965625764802098e-05 3.670172372949309647e-05 3.684965486172586679e-05 3.673614992294460535e-05 3.674119216157123446e-05 3.675517655210569501e-05 3.673495666589587927e-05 3.653567546280100942e-05
2.869739478957915679e+01 3.662463132059201598e-05 3.524862108861270826e-07 3.655899126897566020e-05 3.671044396469369531e-05 3.637283589341677725e-05 3.661282607936300337e-05 3.674812978715635836e-05 3.664531323011033237e-05 3.663748793769627810e-05 3.666943302960135043e-05 3.664943506009876728e-05 3.644908792921341956e-05
2.877755511022044033e+01 3.652215673355385661e-05 3.538734745234251022e-07 3.646323602879419923e-05 3.661659866338595748e-05 3.627404294093139470e-05 3.651707447716034949e-05 3.666390693979337811e-05 3.654407191788777709e-05 3.655992986750788987e-05 3.656216358649544418e-05 3.655086402432061732e-05 3.635761095210909843e-05
2.885771543086172386e+01 3.643817763077095151e-05 3.580508689537964528e-07 3.636190740508027375e-05 3.652282248367555439e-05 3.618062328314408660e-05 3.643282616394571960e-05 3.657489287434145808e-05 3.646577533800154924e-05 3.645558535936288536e-05 3.647802077466621995e-05 3.645350079750642180e-05 3.627224214142188430e-05
2.893787575150300384e+01 3.634651511674746871e-05 3.649105337899527512e-07 3.626753823482431471e-05 3.643122909124940634e-05 3.608954648370854557e-05 3.633941378211602569e-05 3.648156780400313437e-05 3.637512418208643794e-05 3.635837128967978060e-05 3.638927955762483180e-05 3.636354085756465793e-05 3.616592584876343608e-05
2.901803607214428737e+01 3.625709359766915441e-05 3.572440618881955743e-07 3.618825212470255792e-05 3.633442611317150295e-05 3.599457340897060931e-05 3.624056989792734385e-05 3.638119596871547401e-05 3.627542537287808955e-05 3.627120531746186316e-05 3.630148785305209458e-05 3.626778197940438986e-05 3.608403858379460871e-05
2.909819639278557091e+01 3.615675450419075787e-05 3.496836598060326651e-07 3.609422492445446551e-05 3.624368036980740726e-05 3.590999403968453407e-05 3.614727029344066978e-05 3.629484126577153802e-05 3.619856943259947002e-05 3.617506808950565755e-05 3.619446215452626348e-05 3.618421033024787903e-05 3.599320189096033573e-05
2.917835671342685089e+01 3.607337202993221581e-05 3.490775384307198692e-07 3.600676063797436655e-05 3.616399771999567747e-05 3.581658893381245434e-05 3.606226164265535772e-05 3.619166454882360995e-05 3.608603219618089497e-05 3.608111364883370697e-05 3.611492138588801026e-05 3.609357008826918900e-05 3.590893174987286329e-05
2.925851703406813442e+01 3.598510375013574958e-05 3.553968213054758962e-07 3.591235872590914369e-05 3.606397876865230501e-05 3.572656351025216281e-05 3.597309114411473274e-05 3.610685962485149503e-05 3.600109630497172475e-05 3.600477066356688738e-05 3.601902426453307271e-05 3.600374111556448042e-05 3.580876727937720716e-05
2.933867735470941795e+01 3.588972322177141905e-05 3.625991098488157149e-07 3.581870623747818172e-05 3.598414332373067737e-05 3.563499194569885731e-05 3.589393236325122416e-05 3.602345896069891751e-05 3.591961649362929165e-05 3.590132837416604161e-05 3.593798101064749062e-05 3.591865970520302653e-05 3.571423076209612191e-05
2.941883767535070149e+01 3.579493932193145156e-05 3.511049726512283087e-07 3.573528374545276165e-05 3.588174877222627401e-05 3.554779686965048313e-05 3.580388511181809008e-05 3.592914072214625776e-05 3.583838406484574080e-05 3.582338467822410166e-05 3.584125443012453616e-05 3.581993587431497872e-05 3.562823258107528090e-05
2.949899799599198147e+01 3.571371780708432198e-05 3.565090764823253267e-07 3.564175494830124080e-05 3.579866097425110638e-05 3.545742947608232498e-05 3.570609260350465775e-05 3.583855504984967411e-05 3.574022412067279220e-05 3.573596040951088071e-05 3.576306698960252106e-05 3.573586218408308923e-05 3.554193244781345129e-05
2.957915831663326500e+01 3.563288555596955121e-05 3.569221007637679577e-07 3.555593139026314020e-05 3.571733032003976405e-05 3.537225347827188671e-05 3.561705671017989516e-05 3.574779111659154296e-05 3.564811413525603712e-05 3.565688166418112814e-05 3.566933446563780308e-05 3.565457154763862491e-05 3.545793879311531782e-05
2.965931863727454854e+01 3.554776412784121931e-05 3.535218979777710047e-07 3.547072265064343810e-05 3.561060293577611446e-05 3.528593879309482872e-05 3.553657734300941229e-05 3.567219027900137007e-05 3.554895010893233120e-05 3.556251249392516911e-05 3.557740274118259549e-05 3.556153023964725435e-05 3.537485463311895728e-05
2.973947895791583207e+01 3.544870560290291905e-05 3.466968792054103687e-07 3.538338933140039444e-05 3.552380803739652038e-05 3.519731399137526751e-05 3.544938226696103811e-05 3.557455420377664268e-05 3.546974039636552334e-05 3.546615698724053800e-05 3.548821769072674215e-05 3.546696825651451945e-05 3.527883745846338570e-05
2.981963927855711205e+01 3.537401062203571200e-05 3.521326732425222872e-07 3.529697642079554498e-05 3.545557046891190112e-05 3.512109833536669612e-05 3.535630457918159664e-05 3.549058601493015885e-05 3.539037425071001053e-05 3.537805605446919799e-05 3.539911631378345191e-05 3.538163582561537623e-05 3.519285019137896597e-05
2.989979959919839558e+01 3.527897206367924809e-05 3.521184908095165156e-07 3.520728205330669880e-05 3.535916766850277781e-05 3.502483377815224230e-05 3.527073204168118536e-05 3.540553370839916170e-05 3.530239700921811163e-05 3.529768582666292787e-05 3.531354377628304064e-05 3.529461901052854955e-05 3.510676833684556186e-05
2.997995991983967912e+01 3.518462835927493870e-05 3.408887039313412970e-07 3.513114643283188343e-05 3.528236993588507175e-05 3.494206248433329165e-05 3.519204256008379161e-05 3.530747926561161876e-05 3.521456892485730350e-05 3.521497274050489068e-05 3.523112900438718498e-05 3.520889367791824043e-05 3.502503386698663235e-05
3.006012024048095910e+01 3.511721661197952926e-05 3.483160355699510546e-07 3.504481719573959708e-05 3.517909135553054512e-05 3.486394052742980421e-05 3.510345413815230131e-05 3.523677150951698422e-05 3.513868432492017746e-05 3.512357579893432558e-05 3.514572381391189992e-05 3.511808245093561709e-05 3.493679832899942994e-05
3.014028056112224263e+01 3.502466643112711608e-05 3.519280369346233783e-07 3.494982956908643246e-05 3.510636452119797468e-05 3.477246355032548308e-05 3.501838727970607579e-05 3.514287527650594711e-05 3.505303902784362435e-05 3.503405241644941270e-05 3.505494532873854041e-05 3.502910840325057507e-05 3.484472836134955287e-05
3.022044088176352616e+01 3.493666736176237464e-05 3.485735931008093758e-07 3.486680361675098538e-05 3.500640377751551569e-05 3.468413706286810338e-05 3.493809708743356168e-05 3.506427310639992356e-05 3.496256249491125345e-05 3.495712735457345843e-05 3.497376746963709593e-05 3.494839620543643832e-05 3.476536949165165424e-05
3.030060120240480970e+01 3.485755951260216534e-05 3.519556628361897310e-07 3.477753853076137602e-05 3.492757241474464536e-05 3.459698564256541431e-05 3.484439730527810752e-05 3.497743819025345147e-05 3.486347850412130356e-05 3.486700006760656834e-05 3.489587470539845526e-05 3.487005960778333247e-05 3.468837167019955814e-05
3.038076152304608968e+01 3.477187055977992713e-05 3.492299072149762651e-07 3.469770308583974838e-05 3.484609260340221226e-05 3.451641168794594705e-05 3.476145866443403065e-05 3.489012306090444326e-05 3.479409133433364332e-05 3.479362931102514267e-05 3.480779560049995780e-05 3.479697988950647414e-05 3.460170410107821226e-05
3.046092184368737321e+01 3.468936483841389418e-05 3.443474838604743127e-07 3.461999222054146230e-05 3.476195342955179513e-05 3.444446701905690134e-05 3.466779890004545450e-05 3.480822851997800171e-05 3.469624425633810461e-05 3.469240618869662285e-05 3.473753167781978846e-05 3.469780131126753986e-05 3.451127849984914064e-05
3.054108216432865675e+01 3.459876825218088925e-05 3.450230678936350159e-07 3.453491808613762259e-05 3.468615614110603929e-05 3.435307371546514332e-05 3.459233630564995110e-05 3.473014294286258519e-05 3.461573214735835791e-05 3.462012318777851760e-05 3.463009852566756308e-05 3.462431777734309435e-05 3.443287278059870005e-05
3.062124248496994028e+01 3.452984310570172966e-05 3.557572938461817103e-07 3.445695256232284009e-05 3.460939478827640414e-05 3.426943658269010484e-05 3.451670636422932148e-05 3.465153713477775455e-05 3.453866884228773415e-05 3.453798126429319382e-05 3.457212005741894245e-05 3.453550743870437145e-05 3.435543476371094584e-05
3.070140280561122026e+01 3.443655077717266977e-05 3.425245722610270604e-07 3.436536280787549913e-05 3.451996599324047565e-05 3.419405766180716455e-05 3.442006709519773722e-05 3.456012200331315398e-05 3.446086338954046369e-05 3.444850881351158023e-05 3.447617928031831980e-05 3.445727998041547835e-05 3.426786861382424831e-05
3.078156312625250379e+01 3.435304097365587950e-05 3.412490059417905286e-07 3.428970376262441278e-05 3.442958768573589623e-05 3.411305442568846047e-05 3.435985854594036937e-05 3.448828283580951393e-05 3.437808118178509176e-05 3.437889972701668739e-05 3.439237480051815510e-05 3.436978659010492265e-05 3.418642882024869323e-05
3.086172344689378733e+01 3.427783667575567961e-05 3.278958899954886874e-07 3.420364737394265831e-05 3.434334576013498008e-05 3.403996743145398796e-05 3.427783667575567961e-05 3.439444117248058319e-05 3.429699791013263166e-05 3.428980198805220425e-05 3.431073855608701706e-05 3.428578202147036791e-05 3.411627767491154373e-05
3.094188376753506731e+01 3.419435233809053898e-05 3.372713024418771965e-07 3.412480145925655961e-05 3.427555202506482601e-05 3.395402018213644624e-05 3.420286520849913359e-05 3.431662844377569854e-05 3.421513247303664684e-05 3.420103894313797355e-05 3.422857844270765781e-05 3.420824577915482223e-05 3.402724541956558824e-05
3.102204408817635084e+01 3.411048237467184663e-05 3.380174860012630234e-07 3.404029121156781912e-05 3.419131826376542449e-05 3.387274409760721028e-05 3.411744546610862017e-05 3.423794623813591897e-05 3.413765807636082172e-05 3.412252408452332020e-05 3.416302934056147933e-05 3.412366277188993990e-05 3.394803206901997328e-05
3.110220440881763437e+01 3.403483788133598864e-05 3.412670821489882655e-07 3.396933607291430235e-05 3.411451689316891134e-05 3.378344626980833709e-05 3.403575101401656866e-05 3.415579703869298100e-05 3.405023016966879368e-05 3.404448216315358877e-05 3.406847827136516571e-05 3.404925519134849310e-05 3.387187098269350827e-05
3.118236472945891791e+01 3.394774103071540594e-05 3.310550198420969537e-07 3.388356708455830812e-05 3.403685332159511745e-05 3.371849379618652165e-05 3.395126987015828490e-05 3.406808900763280690e-05 3.397031105123460293e-05 3.397076216060668230e-05 3.398605986149050295e-05 3.397043838049285114e-05 3.378135443199425936e-05
3.126252505010019789e+01 3.387449032743461430e-05 3.317133234759239713e-07 3.381187707418575883e-05 3.395871681277640164e-05 3.364217991475015879e-05 3.386906246305443347e-05 3.399808701942674816e-05 3.389684934518299997e-05 3.388776895008049905e-05 3.392152575543150306e-05 3.388835102668963373e-05 3.371052298462018371e-05
3.134268537074148142e+01 3.379137342562898993e-05 3.463553923666040646e-07 3.373077925061807036e-05 3.387862307135947049e-05 3.354753789608366787e-05 3.378138717380352318e-05 3.392317375983111560e-05 3.381310307304374874e-05 3.381116766831837595e-05 3.381748683750629425e-05 3.381103670108132064e-05 3.361799826961942017e-05
3.142284569138276495e+01 3.372338323970325291e-05 3.362711140653118491e-07 3.364766234881244600e-05 3.379566260264255106e-05 3.348157042637467384e-05 3.371351340319961309e-05 3.384071533218957484e-05 3.374538573552854359e-05 3.372299761394970119e-05 3.374783045728690922e-05 3.373728031874634326e-05 3.355387161718681455e-05
3.150300601202404849e+01 3.363570067449472845e-05 3.275733604368724627e-07 3.357256355229765177e-05 3.370557169546373188e-05 3.340216062497347593e-05 3.363803989486768842e-05 3.376093445695005357e-05 3.366014789207838476e-05 3.365202792338095605e-05 3.367087265360169113e-05 3.364923759363591671e-05 3.347403253428637981e-05
3.158316633266532847e+01 3.355470471433363855e-05 3.344946719607833074e-07 3.348533937241882086e-05 3.364381336723454297e-05 3.331616608193144202e-05 3.354209911776706576e-05 3.367716635693795979e-05 3.359472975716926157e-05 3.356603338033892214e-05 3.360277332831174135e-05 3.356968591106124222e-05 3.340292460052296519e-05
3.166332665330661200e+01 3.348693280713632703e-05 3.268580712756374851e-07 3.341260890010744333e-05 3.355675289640203118e-05 3.325049328850582242e-05 3.346276571392081678e-05 3.360543269081972539e-05 3.349984035594388843e-05 3.349236430949531496e-05 3.350718907313421369e-05 3.349875623825937510e-05 3.332763662911020219e-05
3.174348697394789554e+01 3.341190677019767463e-05 3.336119789310032502e-07 3.333158019813708961e-05 3.347837628098204732e-05 3.316707807243801653e-05 3.340668627060949802e-05 3.351831037434749305e-05 3.342911804793402553e-05 3.342089257785119116e-05 3.344391370774246752e-05 3.342101990710943937e-05 3.324494900880381465e-05
3.182364729458917552e+01 3.332499909447506070e-05 3.239176749048056081e-07 3.326654405100271106e-05 3.340763942105695605e-05 3.309270323370583355e-05 3.331867628730833530e-05 3.343983189552091062e-05 3.334859138703905046e-05 3.333997301524505019e-05 3.337687667226418853e-05 3.334557186462916434e-05 3.317071605124510825e-05
3.190380761523045905e+01 3.325766374473460019e-05 3.240348576127871638e-07 3.319036477478221059e-05 3.332369669806212187e-05 3.302388358861207962e-05 3.324551653349772096e-05 3.337413727422244847e-05 3.327472950331866741e-05 3.326321166241541505e-05 3.328952152514830232e-05 3.326578007545322180e-05 3.309472231194376945e-05
3.198396793587174258e+01 3.317650407552719116e-05 3.161262895901018055e-07 3.311063483124598861e-05 3.325331636006012559e-05 3.295181159046478570e-05 3.317353184684179723e-05 3.328749153297394514e-05 3.319245661259628832e-05 3.319100142107345164e-05 3.320312316645868123e-05 3.319758616271428764e-05 3.301692413515411317e-05
3.206412825651302256e+01 3.309788007754832506e-05 3.253643683365226025e-07 3.304221900179982185e-05 3.317786467960104346e-05 3.286466017016209662e-05 3.309762541903182864e-05 3.322386692161671817e-05 3.312269836897030473e-05 3.311656837468035519e-05 3.313729757792316377e-05 3.311950786155648530e-05 3.294514681329019368e-05
3.214428857715430610e+01 3.302341065136715770e-05 3.285373111339140451e-07 3.296020440757274628e-05 3.309699604869820178e-05 3.279111842857673764e-05 3.302372351754456758e-05 3.314873902127146721e-05 3.304593701614066958e-05 3.303550693090073764e-05 3.306059443275444210e-05 3.303560151834972203e-05 3.285942511865869164e-05
3.222444889779558963e+01 3.295856731710955501e-05 3.322820987250452163e-07 3.287935760454274714e-05 3.302514232927933335e-05 3.271356399636715651e-05 3.294964335509575903e-05 3.307131555629894137e-05 3.297821967862546444e-05 3.296633076388388872e-05 3.299652235000394285e-05 3.296130307717248797e-05 3.279978045611642301e-05
3.230460921843687316e+01 3.287036452093161643e-05 3.320083123981021345e-07 3.280769669800065458e-05 3.296479189884848893e-05 3.263893086113967001e-05 3.286425271653570235e-05 3.299413219792768359e-05 3.289632513769902289e-05 3.288760854047723114e-05 3.292284964118152857e-05 3.289547748863697052e-05 3.271437526564113796e-05
3.238476953907815670e+01 3.279947122791782022e-05 3.178334964104578830e-07 3.273650145274586976e-05 3.287471918156370521e-05 3.257306889281608164e-05 3.280147211626172066e-05 3.291694520157761872e-05 3.282641409896314144e-05 3.281539466115646064e-05 3.284303966211155057e-05 3.281933823018334806e-05 3.264696351834572852e-05
3.246492985971944023e+01 3.272511094110086560e-05 3.215860999716824153e-07 3.266427665948867798e-05 3.281236058683134615e-05 3.250285226386040449e-05 3.271721652708947659e-05 3.284601552877575159e-05 3.275158451288007200e-05 3.274174741818569601e-05 3.277054929640144110e-05 3.274911796324886382e-05 3.256822310504503548e-05
3.254509018036071666e+01 3.265331179136410356e-05 3.153408272282831604e-07 3.258792276028543711e-05 3.272282992838881910e-05 3.242582170059904456e-05 3.265901250415481627e-05 3.276454663136973977e-05 3.266991552663967013e-05 3.267343345214612782e-05 3.268892396590672433e-05 3.266751446062698960e-05 3.249767542001791298e-05
3.262525050100200019e+01 3.258646393078379333e-05 3.257294451941561420e-07 3.251723683206364512e-05 3.265169289079494774e-05 3.234459654777310789e-05 3.257406569900922477e-05 3.269516309956088662e-05 3.258866854594089091e-05 3.258705328335054219e-05 3.261444362578913569e-05 3.259839650127105415e-05 3.242563616367988288e-05
3.270541082164328373e+01 3.251205998822115362e-05 3.219803659249009797e-07 3.244589970563538373e-05 3.257673597545363009e-05 3.227548222639597952e-05 3.250285226386040449e-05 3.262816244387067854e-05 3.253460818086750805e-05 3.252158057875931263e-05 3.254102557548321784e-05 3.252744136261753738e-05 3.235678377677686512e-05
3.278557114228456726e+01 3.243321407353505492e-05 3.202152356607257389e-07 3.237687633372843266e-05 3.251094312872737646e-05 3.219899735995568335e-05 3.242699676775373518e-05 3.254872717661783099e-05 3.245168409193865955e-05 3.245258267270401120e-05 3.247345011914148927e-05 3.245313564548268914e-05 3.228302739444188774e-05
3.286573146292585079e+01 3.235734038753435016e-05 3.206241956377198221e-07 3.229007779737003148e-05 3.243977334932424128e-05 3.213233503629453480e-05 3.235656549804843962e-05 3.248385837650857866e-05 3.238975477870553732e-05 3.237863711547106504e-05 3.239979560021311045e-05 3.238234421587549150e-05 3.221201404812745750e-05
3.294589178356713433e+01 3.229060166631825268e-05 3.239166233015566831e-07 3.223241947125643492e-05 3.237064083805307746e-05 3.205227403668686748e-05 3.228887726436369121e-05 3.240471050958149135e-05 3.231010123272426426e-05 3.230649599572643638e-05 3.232569360989145935e-05 3.230171932955272496e-05 3.213720992789603770e-05
3.302605210420841786e+01 3.221840597689151764e-05 3.160265293900010874e-07 3.214480966562405229e-05 3.229777576052583754e-05 3.199220373062416911e-05 3.221259976271539927e-05 3.233407915104180574e-05 3.223838211852125823e-05 3.224499596399255097e-05 3.225302134524099529e-05 3.223887688363902271e-05 3.207331246812827885e-05
3.310621242484970139e+01 3.214775279047898948e-05 3.205821599294722546e-07 3.208667840226553380e-05 3.222750092390924692e-05 3.191066571162082255e-05 3.214609751012176275e-05 3.226200351491570473e-05 3.216762706870213151e-05 3.215643300791271031e-05 3.218748315703123808e-05 3.216176992282271385e-05 3.200154242222197354e-05
3.318637274549097782e+01 3.207401459803804755e-05 3.125149419247463811e-07 3.201210347469896078e-05 3.214840035070665181e-05 3.185074092471040785e-05 3.208334601367823780e-05 3.218683559680357575e-05 3.209387068636715412e-05 3.210029899491928518e-05 3.210920840501785278e-05 3.210075738024897873e-05 3.192305302945896983e-05
3.326653306613226135e+01 3.201026993338018656e-05 3.137880923986813286e-07 3.194144665030762553e-05 3.207829649909399450e-05 3.178707629558630288e-05 3.199055572622455657e-05 3.212329829693771899e-05 3.203127926099114120e-05 3.202254447387531400e-05 3.203604865120723844e-05 3.202505104127340019e-05 3.185265813954174519e-05
3.334669338677354489e+01 3.193578231730498374e-05 3.154982266551087378e-07 3.187283073202706873e-05 3.200993523932993412e-05 3.170551644871011376e-05 3.193017982994206250e-05 3.204631502740085125e-05 3.195244789822027087e-05 3.193121301592327654e-05 3.197268597432412207e-05 3.195122553734108806e-05 3.178377301082946360e-05
3.342685370741482842e+01 3.187568654539063573e-05 3.263737653469434008e-07 3.180433122906833887e-05 3.193544762325473130e-05 3.163806832162663341e-05 3.185803143423981965e-05 3.198006379534490407e-05 3.187945549143478274e-05 3.187264883308671415e-05 3.190850475220941007e-05 3.188599657732993364e-05 3.170482159475795925e-05
3.350701402805611195e+01 3.179562918376177549e-05 3.094896499078458874e-07 3.173053119098767638e-05 3.187197944498620927e-05 3.157326864311471581e-05 3.178746919729746878e-05 3.191212817910127342e-05 3.182672298862598836e-05 3.181085412506945431e-05 3.182253567501902580e-05 3.181063948431983590e-05 3.165183079545386136e-05
3.358717434869739549e+01 3.172290962538681924e-05 3.067975740123074502e-07 3.166632450302131474e-05 3.180366184096783400e-05 3.151250712107867002e-05 3.172139622620306909e-05 3.184415254509076476e-05 3.175295933033339679e-05 3.173852383042685688e-05 3.177304461132735014e-05 3.174019002472050488e-05 3.157573519274592400e-05
3.366733466933867902e+01 3.165949601680040359e-05 3.096586453921190696e-07 3.159329571644775569e-05 3.172871947754174471e-05 3.143632056890055537e-05 3.165322050335817039e-05 3.177398320985957980e-05 3.168076364090666175e-05 3.167435716022737324e-05 3.168765033478848636e-05 3.166780152241699398e-05 3.150977136101573706e-05
3.374749498997995545e+01 3.158965046168304980e-05 3.083598585362778977e-07 3.152635690639726818e-05 3.165992166032083333e-05 3.137008025078102946e-05 3.158452818752266467e-05 3.170739364577457309e-05 3.160318010486662388e-05 3.160857522743754089e-05 3.162721259286627173e-05 3.160179403494112194e-05 3.144088259432464838e-05
3.382765531062123898e+01 3.151977580273523927e-05 3.145871403376077069e-07 3.146430753986351192e-05 3.159389962092973292e-05 3.129480683128349483e-05 3.151463533868081868e-05 3.163493238389492035e-05 3.154948717565275729e-05 3.152590579702518880e-05 3.155634840368293226e-05 3.153390571242198348e-05 3.136409577564336360e-05
3.390781563126252252e+01 3.145890514133498073e-05 3.046686458674230380e-07 3.139102773275226355e-05 3.152395220240578055e-05 3.124107752228155732e-05 3.144657603115774691e-05 3.156236925860866904e-05 3.147159804939292371e-05 3.146439848933368921e-05 3.148715040879324079e-05 3.146355811622925103e-05 3.130125332972966135e-05
3.398797595190380605e+01 3.137806925224140286e-05 3.057955382246291265e-07 3.131896301056258380e-05 3.145875598420388997e-05 3.116685911663807929e-05 3.138872489216737449e-05 3.150793781969696283e-05 3.140626722597517073e-05 3.140213448205031455e-05 3.142211789963766932e-05 3.140102489851415157e-05 3.124292561551555991e-05
3.406813627254508958e+01 3.131952689727768302e-05 3.077633436987525783e-07 3.125457806163467467e-05 3.138222746201790869e-05 3.110162651864811778e-05 3.130868935841135681e-05 3.143908179481513798e-05 3.133927748422138393e-05 3.132132042082957923e-05 3.135850420221686363e-05 3.133324207738041878e-05 3.116864172625355422e-05
3.414829659318637312e+01 3.124760405626147985e-05 3.097106855420861393e-07 3.118910171906463802e-05 3.132637357339262962e-05 3.102549453615210950e-05 3.124140494037419558e-05 3.136627856292761862e-05 3.126876617898233235e-05 3.125773582723923028e-05 3.128898606519214809e-05 3.127094532828778028e-05 3.110539546469226480e-05
3.422845691382765665e+01 3.118359745712950826e-05 3.112345154931972502e-07 3.112993726972490549e-05 3.126345836790278554e-05 3.096011278103105724e-05 3.117069354630075395e-05 3.129973265458829701e-05 3.120757537544704974e-05 3.119498796877451241e-05 3.122448833892121911e-05 3.119674511253833771e-05 3.103644121438264847e-05
3.430861723446893308e+01 3.111064506811089814e-05 3.103476444721309235e-07 3.105687210336327553e-05 3.119352913927286863e-05 3.089304300374351442e-05 3.110850957455113530e-05 3.123109854641370475e-05 3.113712227786891162e-05 3.113385537290014327e-05 3.115072468062862754e-05 3.113822094746865332e-05 3.096478030784055591e-05
3.438877755511021661e+01 3.104360803263261914e-05 3.050528505355032394e-07 3.099012610618956387e-05 3.113228376605547965e-05 3.083314732066355646e-05 3.104922870988957584e-05 3.116617517662234604e-05 3.107281008851714432e-05 3.105485666310414672e-05 3.108748205704614520e-05 3.106806980213150382e-05 3.090336031164042652e-05
3.446893787575150014e+01 3.098303204751573503e-05 3.027127775112603558e-07 3.092508632107637823e-05 3.105876749032177031e-05 3.077176006627269089e-05 3.098037632298655808e-05 3.110201214440166950e-05 3.100898902630433440e-05 3.100475805695168674e-05 3.102046321146190166e-05 3.100937101407907903e-05 3.083920819335617125e-05
3.454909819639278368e+01 3.091815960942767560e-05 3.115256674846023088e-07 3.086492142756469548e-05 3.100136018474586308e-05 3.069526064791716635e-05 3.091184771619737148e-05 3.102931077592074871e-05 3.093505438300780952e-05 3.093437771894969046e-05 3.094765270361676812e-05 3.093768100370652974e-05 3.076450957451015711e-05
3.462925851703406721e+01 3.085097341681830585e-05 3.074068786190764513e-07 3.079151429119519889e-05 3.092906990787014365e-05 3.062996256630867720e-05 3.085138450842350721e-05 3.096917862421832979e-05 3.086495053139515221e-05 3.085915159317664802e-05 3.089935125899501145e-05 3.087084041908383369e-05 3.071227183681912720e-05
3.470941883767535074e+01 3.079568341490812600e-05 3.092416989147750428e-07 3.072914842050522566e-05 3.087301956838928163e-05 3.057556386920623481e-05 3.077624569414183497e-05 3.090165046160109341e-05 3.081105023738928139e-05 3.080000533373095095e-05 3.082271359744481742e-05 3.080608439631760120e-05 3.063992335228249431e-05
3.478957915831663428e+01 3.072484105359762907e-05 3.058988227166992147e-07 3.066275530727580190e-05 3.078930967603810132e-05 3.050144368899054825e-05 3.072006438742391765e-05 3.083676710957661271e-05 3.074670530622825027e-05 3.074884807574562728e-05 3.076339635299518704e-05 3.073958214372396469e-05 3.058153743040747941e-05
3.486973947895791781e+01 3.065772762056440115e-05 2.988504377299250336e-07 3.060523158637806773e-05 3.072976323892362416e-05 3.044297591259237379e-05 3.065567943849600852e-05 3.077231667703017592e-05 3.068100704695098102e-05 3.067621219088323414e-05 3.069289232371374965e-05 3.067182115046307445e-05 3.051639941986650229e-05
3.494989979959919424e+01 3.059063965338282287e-05 3.022789201168052386e-07 3.053622276638634503e-05 3.067179568461142480e-05 3.037809801753610373e-05 3.058810034417547286e-05 3.070980892516672611e-05 3.061728784814476967e-05 3.061319875996559858e-05 3.062686664634384215e-05 3.061098323087207973e-05 3.045035009563434869e-05
3.503006012024047777e+01 3.052434476558119059e-05 2.941678189927188214e-07 3.046885467483662069e-05 3.060333256144076586e-05 3.031778396689333022e-05 3.052382089663296938e-05 3.063650729018263519e-05 3.054472836083732545e-05 3.055288834730163217e-05 3.056261994061060250e-05 3.054583794437348843e-05 3.038655995624139905e-05
3.511022044088176131e+01 3.047437530767638236e-05 3.020410019871633267e-07 3.040766387130133808e-05 3.054094122489914298e-05 3.025392470590304583e-05 3.046801248274277896e-05 3.057562207686714828e-05 3.049053702852688730e-05 3.048103098990395665e-05 3.050240411539562047e-05 3.048007238248828799e-05 3.032431959582027048e-05
3.519038076152304484e+01 3.040377850993536413e-05 3.012295337612158619e-07 3.035041663679294288e-05 3.048222242796327919e-05 3.019233190570957959e-05 3.040273441001772881e-05 3.052213287446647882e-05 3.043342621822375804e-05 3.041520540136843920e-05 3.043638571398332715e-05 3.041741001652553678e-05 3.025906153197865933e-05
3.527054108216432837e+01 3.034581641259137541e-05 2.993644159232644597e-07 3.028599712706636637e-05 3.041758282051887363e-05 3.013031528098508716e-05 3.033192660950589925e-05 3.045441553695127368e-05 3.036712223547510803e-05 3.036008638446219265e-05 3.037757778656668961e-05 3.035788358829449862e-05 3.020148869836702943e-05
3.535070140280561191e+01 3.027242564712651074e-05 2.967212822113651782e-07 3.021848897333256900e-05 3.035004192497581244e-05 3.006252336490433663e-05 3.028001992788631469e-05 3.039038529095705599e-05 3.029859362868592143e-05 3.029139770660549402e-05 3.031292726518586278e-05 3.029174695257097483e-05 3.013752939295955002e-05
3.543086172344689544e+01 3.022108285222202539e-05 2.985528908538981341e-07 3.015941183548420668e-05 3.028677747352048755e-05 3.000953074661083519e-05 3.020782605744898319e-05 3.032917811651714146e-05 3.022961391252465546e-05 3.022722194145899266e-05 3.024593570444267243e-05 3.023266981472261250e-05 3.006708175234962255e-05
3.551102204408817187e+01 3.014908725162968040e-05 2.924351747424225323e-07 3.009083411598112434e-05 3.022471355507150292e-05 2.994538044731598347e-05 3.014787762367632240e-05 3.026584272447507828e-05 3.017529161297716200e-05 3.017345079570077360e-05 3.018643110408447683e-05 3.016516347997821867e-05 3.001302138727623969e-05
3.559118236472945540e+01 3.009654574270825833e-05 2.969334502722631441e-07 3.002750963787548244e-05 3.016346636286471039e-05 2.988407322845887393e-05 3.008397470694035292e-05 3.019860923814121634e-05 3.010578984685707837e-05 3.009295869560446590e-05 3.013060450030025095e-05 3.011302396771498024e-05 2.994872011186089367e-05
3.567134268537073893e+01 3.001923505507875234e-05 2.939089256415172713e-07 2.997686715389136225e-05 3.009772262885235250e-05 2.981228499265853316e-05 3.003023084602318704e-05 3.013583409483544528e-05 3.005309372383635491e-05 3.004475547641050071e-05 3.006321276188828051e-05 3.004051359312143177e-05 2.988555206684395671e-05
3.575150300601202247e+01 2.997103547386359423e-05 2.981059026296861703e-07 2.990833490912336856e-05 3.003868187079206109e-05 2.975788811454549432e-05 2.996023431478533894e-05 3.007559826073702425e-05 2.998501622641924769e-05 2.998664604092482477e-05 3.000000469910446554e-05 2.998104173457249999e-05 2.982044497912283987e-05
3.583166332665330600e+01 2.991965993714984506e-05 3.060741562421753770e-07 2.985271203215233982e-05 2.998478703375440091e-05 2.969464185298420489e-05 2.990023494930937886e-05 3.002115226991008967e-05 2.992054578498937190e-05 2.992816553160082549e-05 2.994423812197055668e-05 2.992790905409492552e-05 2.976770883833523840e-05
3.591182364729458953e+01 2.984676211781334132e-05 2.971295316456235014e-07 2.979014607262797654e-05 2.992408371937926859e-05 2.963602491945493966e-05 2.984272032335866243e-05 2.995457725774031132e-05 2.987088191730435938e-05 2.985792161780409515e-05 2.988398955494631082e-05 2.986467370647005737e-05 2.970248715428169817e-05
3.599198396793587307e+01 2.977955045935232192e-05 2.884283674120524665e-07 2.972702714032493532e-05 2.985254104714840651e-05 2.957710057671647519e-05 2.978437805722933263e-05 2.988717824337072670e-05 2.980838871735613793e-05 2.979707824124488980e-05 2.981120451295282692e-05 2.980676799779757857e-05 2.963884980999864638e-05
3.607214428857714950e+01 2.973059963551349938e-05 2.997004742155695567e-07 2.967151522170752287e-05 2.978664997499436140e-05 2.950779344246257097e-05 2.971914909721817821e-05 2.983210652018897235e-05 2.974455492221750319e-05 2.973746086354367435e-05 2.976259929710067809e-05 2.974035669467411935e-05 2.958251388918142766e-05
3.615230460921843303e+01 2.966449756058864295e-05 2.836933958860754501e-07 2.961096652143169194e-05 2.973238770209718496e-05 2.945915002783294767e-05 2.965980274893809110e-05 2.976821997435763478e-05 2.968408080050721765e-05 2.968085391330532730e-05 2.970350760733708739e-05 2.967966611322481185e-05 2.953101466118823737e-05
3.623246492985971656e+01 2.961220889119431376e-05 2.979512032652564812e-07 2.955220406875014305e-05 2.967774162243586034e-05 2.939524893008638173e-05 2.960125129902735353e-05 2.971246067318134010e-05 2.962291364383418113e-05 2.962621874758042395e-05 2.964009581774007529e-05 2.962039980047848076e-05 2.946167660411447287e-05
3.631262525050100010e+01 2.954583396785892546e-05 2.971997332679165993e-07 2.948784822365269065e-05 2.961576683446764946e-05 2.933132054749876261e-05 2.953526927740313113e-05 2.965522071463055909e-05 2.956987918878439814e-05 2.954822957690339535e-05 2.957078322651796043e-05 2.956057323899585754e-05 2.940183730970602483e-05
3.639278557114228363e+01 2.948090332210995257e-05 2.922486146417213604e-07 2.943469007732346654e-05 2.955304989882279187e-05 2.927458990598097444e-05 2.948092878796160221e-05 2.959518496936652809e-05 2.951713577203918248e-05 2.949617373815272003e-05 2.952338581962976605e-05 2.950368616438936442e-05 2.934399344667326659e-05
3.647294589178356716e+01 2.942781247838865966e-05 2.952496913621871499e-07 2.936806959041859955e-05 2.949462577817030251e-05 2.921543637057766318e-05 2.942584796983283013e-05 2.953512739622965455e-05 2.945207234006375074e-05 2.943898653029464185e-05 2.946847962448373437e-05 2.944134394056163728e-05 2.928589856310281903e-05
3.655310621242485070e+01 2.936344935733359307e-05 2.832346979175781598e-07 2.931613380496855825e-05 2.942495120805688202e-05 2.915637378464452922e-05 2.937378485512454063e-05 2.947410030174069107e-05 2.938880243164021522e-05 2.938095531135331839e-05 2.940363265224732459e-05 2.938126453955192119e-05 2.923597639892250299e-05
3.663326653306613423e+01 2.930607115558814257e-05 2.911295382546086330e-07 2.925575245171785355e-05 2.938322541012894362e-05 2.910228795371949673e-05 2.930352820840198547e-05 2.941759885288774967e-05 2.934298572654370219e-05 2.932782444986514747e-05 2.934348958660848439e-05 2.932337520178407431e-05 2.916847188316751271e-05
3.671342685370741066e+01 2.925366061390377581e-05 2.930622713392949663e-07 2.919232247222680598e-05 2.932544521172530949e-05 2.904705434048082680e-05 2.923698230006266385e-05 2.936056444013956934e-05 2.926685920101590455e-05 2.926147135440260172e-05 2.927754940174054354e-05 2.926409615611191839e-05 2.910589500970672816e-05
3.679358717434869419e+01 2.918820246122777462e-05 2.896924797823885456e-07 2.913658317993395030e-05 2.926604975073132664e-05 2.898484672186896205e-05 2.918847894761711359e-05 2.930009031842928380e-05 2.921680243161972612e-05 2.920351471402682364e-05 2.921992199844680727e-05 2.921655141108203679e-05 2.905170913436450064e-05
3.687374749498997772e+01 2.913978096330538392e-05 2.886393986045732163e-07 2.908164788095746189e-05 2.920855331467464566e-05 2.893682176363654435e-05 2.913408388849347830e-05 2.924281034211162478e-05 2.916310404543764889e-05 2.915039658546447754e-05 2.916505036409944296e-05 2.915401091740932316e-05 2.899134597100783139e-05
3.695390781563126126e+01 2.907659836637321860e-05 2.900546860473696142e-07 2.902617234212812036e-05 2.913805656135082245e-05 2.886609581764787436e-05 2.907044472522102296e-05 2.918730933743063360e-05 2.910211878770496696e-05 2.909168688347563148e-05 2.911683259299024940e-05 2.909687464125454426e-05 2.894071076298132539e-05
3.703406813627254479e+01 2.901643347286153585e-05 2.831970675742923049e-07 2.895774377975612879e-05 2.908896931330673397e-05 2.882084663724526763e-05 2.900575418607331812e-05 2.912511081376578659e-05 2.903281711041927338e-05 2.903508902818430215e-05 2.904749635490588844e-05 2.904467146436218172e-05 2.887823939090594649e-05
3.711422845691382832e+01 2.896749356295913458e-05 2.867868715838994831e-07 2.890328141802456230e-05 2.902301821450237185e-05 2.876203507184982300e-05 2.896462137869093567e-05 2.907316047640051693e-05 2.898910679505206645e-05 2.898188904509879649e-05 2.899347418860998005e-05 2.898175262089353055e-05 2.882513581425882876e-05
3.719438877755511186e+01 2.890000178012996912e-05 2.909035856646369211e-07 2.884842615458182991e-05 2.897688682423904538e-05 2.869545824069064111e-05 2.890452014980837703e-05 2.901399784605018795e-05 2.892614247684832662e-05 2.891624171752482653e-05 2.894013232435099781e-05 2.892625161621253937e-05 2.876538019336294383e-05
3.727454909819638829e+01 2.885178400902077556e-05 2.882676426452235319e-07 2.879606654460076243e-05 2.891364965762477368e-05 2.864028647309169173e-05 2.884674904635176063e-05 2.895614488807041198e-05 2.886215770558919758e-05 2.885879985115025192e-05 2.888019298552535474e-05 2.886265428969636559e-05 2.871177275665104389e-05
3.735470941883767182e+01 2.879812564060557634e-05 2.928340165908593917e-07 2.873256198654416949e-05 2.885249887185636908e-05 2.858633888536132872e-05 2.878431405406445265e-05 2.890168434532824904e-05 2.881650652852840722e-05 2.880529609683435410e-05 2.882260741898790002e-05 2.880903048207983375e-05 2.865050373657140881e-05
3.743486973947895535e+01 2.874185156542807817e-05 2.874562312626949279e-07 2.867904368031304330e-05 2.879796011256985366e-05 2.853145815606694669e-05 2.873324592655990273e-05 2.884080640797037631e-05 2.876088183256797493e-05 2.874519850593060255e-05 2.876859070966020226e-05 2.874401798180770129e-05 2.859874621208291501e-05
3.751503006012023889e+01 2.868128649424761534e-05 2.853592206975008594e-07 2.862819019355811179e-05 2.874623896786943078e-05 2.847720134013798088e-05 2.867538023565430194e-05 2.878376471926458180e-05 2.870273783628363162e-05 2.870260141207836568e-05 2.871330434572882950e-05 2.869222953449934721e-05 2.853877958841621876e-05
3.759519038076152242e+01 2.863124791474547237e-05 2.886365564336301759e-07 2.856791616068221629e-05 2.869140917027834803e-05 2.842104004230350256e-05 2.861257780750747770e-05 2.872568620659876615e-05 2.864891757781151682e-05 2.862862675101496279e-05 2.865574970201123506e-05 2.864309863070957363e-05 2.848518852260895073e-05
3.767535070140280595e+01 2.856489118130411953e-05 2.755641332896630047e-07 2.851405224646441638e-05 2.864039561245590448e-05 2.836875319189857692e-05 2.856609171431045979e-05 2.866444083338137716e-05 2.858764855773188174e-05 2.858175867004320025e-05 2.859858250303659588e-05 2.858050538634415716e-05 2.843359288817737252e-05
3.775551102204408949e+01 2.850703640433494002e-05 2.796019487050216412e-07 2.845749077096115798e-05 2.858617335732560605e-05 2.831231904565356672e-05 2.850581404345575720e-05 2.861915345420129597e-05 2.854384365491569042e-05 2.852329816960263997e-05 2.854286140063777566e-05 2.852735269698314369e-05 2.838128057192079723e-05
3.783567134268536591e+01 2.846356983354780823e-05 2.908601288709178334e-07 2.840109846147242934e-05 2.852438410627655685e-05 2.825214687618426979e-05 2.845165727194398642e-05 2.856222272384911776e-05 2.846788811439182609e-05 2.847606083378195763e-05 2.848649273801129311e-05 2.847014184226281941e-05 2.831574965966865420e-05
3.791583166332664945e+01 2.840602792275603861e-05 2.817407676047878340e-07 2.834316910593770444e-05 2.846666575351264328e-05 2.820293593686074018e-05 2.839841727109160274e-05 2.850442615454085171e-05 2.842640969902276993e-05 2.841946843545883894e-05 2.843912625394295901e-05 2.841716559487394989e-05 2.826780109899118543e-05
3.799599198396793298e+01 2.834708902810234576e-05 2.804811742862511892e-07 2.828589822456706315e-05 2.841545756382402033e-05 2.814532672346103936e-05 2.835038685589097440e-05 2.844598930096253753e-05 2.836574640241451561e-05 2.836136627593077719e-05 2.838544969563372433e-05 2.836758721969090402e-05 2.821493399096652865e-05
3.807615230460921651e+01 2.828711149049922824e-05 2.760097572718223091e-07 2.823690010700374842e-05 2.834944098140113056e-05 2.809311808960046619e-05 2.829458571795839816e-05 2.840044908225536346e-05 2.831825986504554749e-05 2.830956509569659829e-05 2.832676727848593146e-05 2.830835001077502966e-05 2.816103551595006138e-05
3.815631262525050005e+01 2.822863280016463250e-05 2.785192805276892614e-07 2.818465145537629724e-05 2.830311314028222114e-05 2.803485404001548886e-05 2.823148679453879595e-05 2.834016777342185378e-05 2.825758929247967899e-05 2.825060983013827354e-05 2.827788739523384720e-05 2.826119998644571751e-05 2.810437399602960795e-05
3.823647294589178358e+01 2.817785207298584282e-05 2.792260431760951178e-07 2.812799721141345799e-05 2.825392220984213054e-05 2.798615969368256629e-05 2.817823042278178036e-05 2.829488221323117614e-05 2.820207373588345945e-05 2.819747533067129552e-05 2.821466478053480387e-05 2.820255758706480265e-05 2.804950963763985783e-05
3.831663326653306711e+01 2.813797436829190701e-05 2.833303369698114693e-07 2.807833152473904192e-05 2.819755536620505154e-05 2.793163002934306860e-05 2.813124046951998025e-05 2.823749127855990082e-05 2.814583967847283930e-05 2.814312756527215242e-05 2.815622792695648968e-05 2.814468280121218413e-05 2.799536923703271896e-05
3.839679358717435065e+01 2.807637793011963367e-05 2.670655305792024592e-07 2.802704875648487359e-05 2.813279752444941550e-05 2.788170240819454193e-05 2.807257624226622283e-05 2.817814856825862080e-05 2.808781391649972647e-05 2.808714270940981805e-05 2.810965270327869803e-05 2.808550925692543387e-05 2.794932333927135915e-05
3.847695390781562708e+01 2.802197013807017356e-05 2.757494996785680996e-07 2.797225533868186176e-05 2.809330544550903141e-05 2.782536466838791966e-05 2.802616654662415385e-05 2.812292586895637214e-05 2.804619361995719373e-05 2.803913230309262872e-05 2.805365693347994238e-05 2.803603092615958303e-05 2.788899109873455018e-05
3.855711422845691061e+01 2.797388333419803530e-05 2.808278907195926877e-07 2.791368206089828163e-05 2.803260940709151328e-05 2.777385088847950101e-05 2.796668013615999371e-05 2.807961755024734885e-05 2.798885543597862124e-05 2.798754576360806823e-05 2.800439142447430640e-05 2.797868364723399282e-05 2.783481431833934039e-05
3.863727454909819414e+01 2.792369559756480157e-05 2.738795785717229592e-07 2.787051016639452428e-05 2.798960304062347859e-05 2.772756670310627669e-05 2.791698352666571736e-05 2.802207563945557922e-05 2.793916974042076617e-05 2.793019302771426737e-05 2.794772262859623879e-05 2.792801024043001235e-05 2.778614543785806745e-05
3.871743486973947768e+01 2.786995355563703924e-05 2.726094123772782041e-07 2.781711191346403211e-05 2.793695784930605441e-05 2.767188198049552739e-05 2.786190270853694528e-05 2.796206717903260142e-05 2.788074743875768036e-05 2.788808524201158434e-05 2.789702375594060868e-05 2.787306220852769911e-05 2.773499727481976151e-05
3.879759519038076121e+01 2.781658076855819672e-05 2.784385628729069140e-07 2.775722350634168833e-05 2.788013443932868540e-05 2.761501673376187682e-05 2.781204602797515690e-05 2.791075530694797635e-05 2.782953197311144322e-05 2.782106639642734081e-05 2.783621857815887779e-05 2.782252522592898458e-05 2.767517798929475248e-05
3.887775551102204474e+01 2.775971188384573907e-05 2.720252325616456801e-07 2.770671017060521990e-05 2.782292358460836112e-05 2.756894173217006028e-05 2.776092878775671124e-05 2.786102595564443618e-05 2.777316331048496068e-05 2.777133704512380064e-05 2.779309033940080553e-05 2.777785266516730189e-05 2.762215262919198722e-05
3.895791583166332828e+01 2.770755600067786872e-05 2.711983029257680755e-07 2.766043144220020622e-05 2.778063389996532351e-05 2.751103056652937084e-05 2.769358070509042591e-05 2.780552313197404146e-05 2.772394327621441334e-05 2.772521293081808835e-05 2.773864616756327450e-05 2.771609251794870943e-05 2.758067057584412396e-05
3.903807615230460470e+01 2.764864257187582552e-05 2.718408609325706493e-07 2.760724783001933247e-05 2.771540493995416909e-05 2.745719393715262413e-05 2.765162207651883364e-05 2.775346365524455905e-05 2.767330443020910025e-05 2.767116893664933741e-05 2.768177728285081685e-05 2.767174919426906854e-05 2.751643660303670913e-05
3.911823647294588824e+01 2.760474853857886046e-05 2.696471312901849160e-07 2.755393325060140342e-05 2.767602381936740130e-05 2.741302887443453074e-05 2.760872303042560816e-05 2.770396349660586566e-05 2.762302210612688214e-05 2.761904397630132735e-05 2.763756856438703835e-05 2.761664836725685745e-05 2.747505641309544444e-05
3.919839679358717177e+01 2.755146306299138814e-05 2.778928092084242962e-07 2.750059138634242117e-05 2.761238101811613888e-05 2.734946974669583142e-05 2.754994056886062026e-05 2.765623685263562948e-05 2.756960020633414388e-05 2.756452522589825094e-05 2.758595837804023176e-05 2.757017864496447146e-05 2.742008837230969220e-05
3.927855711422845530e+01 2.749461054918356240e-05 2.700756738249765476e-07 2.745452184171881527e-05 2.756702269834931940e-05 2.730720007093623281e-05 2.750274143181741238e-05 2.759822018560953438e-05 2.751383726717904210e-05 2.751186912064440548e-05 2.753215812845155597e-05 2.751732790784444660e-05 2.736149690463207662e-05
3.935871743486973884e+01 2.744640914897900075e-05 2.642551919507241109e-07 2.739891533565241843e-05 2.751879583229310811e-05 2.725859667407348752e-05 2.744726953096687794e-05 2.754415982053615153e-05 2.747380131040699780e-05 2.745541314652655274e-05 2.748341648839414120e-05 2.746180325630120933e-05 2.732308894337620586e-05
3.943887775551102237e+01 2.739588489930611104e-05 2.622084878112218576e-07 2.734655026870314032e-05 2.746866630332078785e-05 2.720930024224799126e-05 2.738465082074981183e-05 2.748931547102984041e-05 2.741498792602214962e-05 2.741951357165817171e-05 2.742503056651912630e-05 2.741914613579865545e-05 2.727269020397216082e-05
3.951903807615230590e+01 2.735163434408605099e-05 2.649734938131587114e-07 2.730162668740376830e-05 2.741846583376172930e-05 2.716144263104069978e-05 2.735077578108757734e-05 2.744692937994841486e-05 2.736919668677728623e-05 2.736162787186913192e-05 2.737661088758613914e-05 2.736102760536596179e-05 2.722121462284121662e-05
3.959919839679358233e+01 2.729689003899693489e-05 2.705247936773957917e-07 2.724466685322113335e-05 2.736689930316060781e-05 2.710105400183238089e-05 2.729347943386528641e-05 2.739259434747509658e-05 2.731983295234385878e-05 2.731339918682351708e-05 2.733200381044298410e-05 2.731154745561070740e-05 2.717066672630608082e-05
3.967935871743486587e+01 2.724976002355106175e-05 2.771909066723310389e-07 2.719798976613674313e-05 2.731167842284776270e-05 2.705219776544254273e-05 2.723889883782248944e-05 2.735385169216897339e-05 2.727157334447838366e-05 2.725534795899875462e-05 2.728221079451031983e-05 2.725896229094360024e-05 2.711247907427605242e-05
3.975951903807614940e+01 2.719384247029665858e-05 2.711144020395295229e-07 2.713824687816668302e-05 2.726098864513915032e-05 2.700209188333246857e-05 2.719124859140720218e-05 2.729373954934999347e-05 2.721267446759156883e-05 2.721609962463844568e-05 2.722375757002737373e-05 2.721698365348856896e-05 2.706339728320017457e-05
3.983967935871743293e+01 2.714310903684236109e-05 2.595981811737146927e-07 2.709686668822541833e-05 2.720260999922174960e-05 2.695780858630314469e-05 2.713948924792930484e-05 2.724009573285002261e-05 2.716092421906068921e-05 2.716175367822870612e-05 2.717328243306837976e-05 2.715843766054604203e-05 2.701551056816242635e-05
3.991983967935871647e+01 2.710063927224837244e-05 2.716588483053783420e-07 2.704832877498120070e-05 2.716377457545604557e-05 2.690282417461276054e-05 2.709216278162784874e-05 2.719288204389158636e-05 2.711731394811067730e-05 2.710717853915411979e-05 2.713213871174957603e-05 2.711175511649344116e-05 2.696619230846408755e-05
4.000000000000000000e+01 2.705132101255003363e-05 2.660088966877083294e-07 2.699534525163471699e-05 2.710792978177778423e-05 2.685409526748117059e-05 2.704226790228858590e-05 2.714114270929712802e-05 2.706533268792554736e-05 2.705942279135342687e-05 2.707612293306738138e-05 2.706799205043353140e-05 2.692340785870328546e-05
