# Omega RhoOverOmega_mean RhoOverOmega_error RhoOverOmega_sample_0 RhoOverOmega_sample_1 RhoOverOmega_sample_2 RhoOverOmega_sample_3 RhoOverOmega_sample_4 RhoOverOmega_sample_5 RhoOverOmega_sample_6 RhoOverOmega_sample_7 RhoOverOmega_sample_8 RhoOverOmega_sample_9
0.000000000000000000e+00 1.074697449803352356e-01 1.782107516191899776e-03 1.076074242591857910e-01 1.071084141731262207e-01 1.076905801892280579e-01 1.080167219042778015e-01 1.086556911468505859e-01 1.065928190946578979e-01 1.073510348796844482e-01 1.072269380092620850e-01 1.068129241466522217e-01 1.073999181389808655e-01
8.016032064128256196e-02 1.254930794239044189e-01 4.407376982271671295e-04 1.254913508892059326e-01 1.253506839275360107e-01 1.255206465721130371e-01 1.254533827304840088e-01 1.252990067005157471e-01 1.254910975694656372e-01 1.258232593536376953e-01 1.253533363342285156e-01 1.255236566066741943e-01 1.254232674837112427e-01
1.603206412825651239e-01 1.499528437852859497e-01 2.223076764494180679e-03 1.498209387063980103e-01 1.502157002687454224e-01 1.497531831264495850e-01 1.491227596998214722e-01 1.484061926603317261e-01 1.509309113025665283e-01 1.504261344671249390e-01 1.499293446540832520e-01 1.507021933794021606e-01 1.499946862459182739e-01
2.404809619238476859e-01 1.661529392004013062e-01 2.498845336958765984e-03 1.660792231559753418e-01 1.667682081460952759e-01 1.658346205949783325e-01 1.649694740772247314e-01 1.646622270345687866e-01 1.673586219549179077e-01 1.660119146108627319e-01 1.662180572748184204e-01 1.669358313083648682e-01 1.663935482501983643e-01
3.206412825651302478e-01 1.710523813962936401e-01 1.656440901570022106e-03 1.711470633745193481e-01 1.716504096984863281e-01 1.707115024328231812e-01 1.702231019735336304e-01 1.706703007221221924e-01 1.717512309551239014e-01 1.701732277870178223e-01 1.712326854467391968e-01 1.712904870510101318e-01 1.713392585515975952e-01
4.008016032064127820e-01 1.680791229009628296e-01 1.557748648338019848e-03 1.682840585708618164e-01 1.682608276605606079e-01 1.677882969379425049e-01 1.681052744388580322e-01 1.689020395278930664e-01 1.679552495479583740e-01 1.669564992189407349e-01 1.684275418519973755e-01 1.676388829946517944e-01 1.681351363658905029e-01
4.809619238476953718e-01 1.612849086523056030e-01 2.448664745315909386e-03 1.614430993795394897e-01 1.608677059412002563e-01 1.611214876174926758e-01 1.622695624828338623e-01 1.627891212701797485e-01 1.603993624448776245e-01 1.605246663093566895e-01 1.617993712425231934e-01 1.603924632072448730e-01 1.609289646148681641e-01
5.611222444889779615e-01 1.533716470003128052e-01 3.130691824480891228e-03 1.533284634351730347e-01 1.524424403905868530e-01 1.534155309200286865e-01 1.550641655921936035e-01 1.548940390348434448e-01 1.520009189844131470e-01 1.533283591270446777e-01 1.539749950170516968e-01 1.523959487676620483e-01 1.526136398315429688e-01
6.412825651302604957e-01 1.456950902938842773e-01 3.330309176817536354e-03 1.453720629215240479e-01 1.445257216691970825e-01 1.459959298372268677e-01 1.476608067750930786e-01 1.467287242412567139e-01 1.441849321126937866e-01 1.463952064514160156e-01 1.462556868791580200e-01 1.449556350708007812e-01 1.447017788887023926e-01
7.214428857715430299e-01 1.387518346309661865e-01 3.095732070505619049e-03 1.381699144840240479e-01 1.376659870147705078e-01 1.393071264028549194e-01 1.405393034219741821e-01 1.390370279550552368e-01 1.374103426933288574e-01 1.399724930524826050e-01 1.391216367483139038e-01 1.384275406599044800e-01 1.377675533294677734e-01
8.016032064128255641e-01 1.325947493314743042e-01 2.621924737468361855e-03 1.318526118993759155e-01 1.318724304437637329e-01 1.333431452512741089e-01 1.338516622781753540e-01 1.321001350879669189e-01 1.316473037004470825e-01 1.340012252330780029e-01 1.326477676630020142e-01 1.327091455459594727e-01 1.318602710962295532e-01
8.817635270541082093e-01 1.270803809165954590e-01 2.249854849651455879e-03 1.263265907764434814e-01 1.269077211618423462e-01 1.279194355010986328e-01 1.276042163372039795e-01 1.259381175041198730e-01 1.266579031944274902e-01 1.283440589904785156e-01 1.267450004816055298e-01 1.275424212217330933e-01 1.267812699079513550e-01
9.619238476953907435e-01 1.220058426260948181e-01 2.355632605031132698e-03 1.213935092091560364e-01 1.224521026015281677e-01 1.228120326995849609e-01 1.217440664768218994e-01 1.204356700181961060e-01 1.221417784690856934e-01 1.228767707943916321e-01 1.212678849697113037e-01 1.226583942770957947e-01 1.222397536039352417e-01
1.042084168336673278e+00 1.171628832817077637e-01 2.900646766647696495e-03 1.168197393417358398e-01 1.181929409503936768e-01 1.178153008222579956e-01 1.161839291453361511e-01 1.154073476791381836e-01 1.178129166364669800e-01 1.174968704581260681e-01 1.160643920302391052e-01 1.178300455212593079e-01 1.179375201463699341e-01
1.122244488977955923e+00 1.123580858111381531e-01 3.547802101820707321e-03 1.123680770397186279e-01 1.138596013188362122e-01 1.127611398696899414e-01 1.108158752322196960e-01 1.106487214565277100e-01 1.134205460548400879e-01 1.121191382408142090e-01 1.109879314899444580e-01 1.128823757171630859e-01 1.136057078838348389e-01
1.202404809619238346e+00 1.074234992265701294e-01 4.067533649504184723e-03 1.078180000185966492e-01 1.092338040471076965e-01 1.075156480073928833e-01 1.055174320936203003e-01 1.059440672397613525e-01 1.087609902024269104e-01 1.066637560725212097e-01 1.058977916836738586e-01 1.076920628547668457e-01 1.090200096368789673e-01
1.282565130260520991e+00 1.022209599614143372e-01 4.347665235400199890e-03 1.029796749353408813e-01 1.041537895798683167e-01 1.019806340336799622e-01 1.001612916588783264e-01 1.011075302958488464e-01 1.036806479096412659e-01 1.010549888014793396e-01 1.006692349910736084e-01 1.021727249026298523e-01 1.040066033601760864e-01
1.362725450901803637e+00 9.664012491703033447e-02 4.353459458798170090e-03 9.770102053880691528e-02 9.850973635911941528e-02 9.608806669712066650e-02 9.462560713291168213e-02 9.597291797399520874e-02 9.807449579238891602e-02 9.522166103124618530e-02 9.519140422344207764e-02 9.626928716897964478e-02 9.844446927309036255e-02
1.442885771543086060e+00 9.060553461313247681e-02 4.095840267837047577e-03 9.187586605548858643e-02 9.224361181259155273e-02 8.979569375514984131e-02 8.880401402711868286e-02 9.041249006986618042e-02 9.188185632228851318e-02 8.910208195447921753e-02 8.937638252973556519e-02 8.995240181684494019e-02 9.226298332214355469e-02
1.523046092184368705e+00 8.407714217901229858e-02 3.624689299613237381e-03 8.544643223285675049e-02 8.534644544124603271e-02 8.308939635753631592e-02 8.261629939079284668e-02 8.434110879898071289e-02 8.508803695440292358e-02 8.264847844839096069e-02 8.316102623939514160e-02 8.321622759103775024e-02 8.543942123651504517e-02
1.603206412825651128e+00 7.705173641443252563e-02 3.030804218724370003e-03 7.840316742658615112e-02 7.785265892744064331e-02 7.597896456718444824e-02 7.601623237133026123e-02 7.772038877010345459e-02 7.772024720907211304e-02 7.583578675985336304e-02 7.651476562023162842e-02 7.607888430356979370e-02 7.800353318452835083e-02
1.683366733466933773e+00 6.956301629543304443e-02 2.464896300807595253e-03 7.078699022531509399e-02 6.984014809131622314e-02 6.850276142358779907e-02 6.899485737085342407e-02 7.056059688329696655e-02 6.984742730855941772e-02 6.866759806871414185e-02 6.944130361080169678e-02 6.858467310667037964e-02 7.002802193164825439e-02
1.763527054108216419e+00 6.168653443455696106e-02 2.154794521629810333e-03 6.268677115440368652e-02 6.142766401171684265e-02 6.072840467095375061e-02 6.158683076500892639e-02 6.291816383600234985e-02 6.157571077346801758e-02 6.117975711822509766e-02 6.198264285922050476e-02 6.080352514982223511e-02 6.162651628255844116e-02
1.843687374749498842e+00 5.353264883160591125e-02 2.281225286424160004e-03 5.423861742019653320e-02 5.276760458946228027e-02 5.275515839457511902e-02 5.386966094374656677e-02 5.490135774016380310e-02 5.304906144738197327e-02 5.344807356595993042e-02 5.422207340598106384e-02 5.283481255173683167e-02 5.295298621058464050e-02
1.923847695390781487e+00 4.525186493992805481e-02 2.733531408011913300e-03 4.562166333198547363e-02 4.404955729842185974e-02 4.471196606755256653e-02 4.596377536654472351e-02 4.665870219469070435e-02 4.444466158747673035e-02 4.558252915740013123e-02 4.628010466694831848e-02 4.480523988604545593e-02 4.419843852519989014e-02
2.004008016032063910e+00 3.702866286039352417e-02 3.260748460888862610e-03 3.705325722694396973e-02 3.549053147435188293e-02 3.675756230950355530e-02 3.803170844912528992e-02 3.838163986802101135e-02 3.597156330943107605e-02 3.773136809468269348e-02 3.831793367862701416e-02 3.686909750103950500e-02 3.558704629540443420e-02
2.084168336673346555e+00 2.907980047166347504e-02 3.679487621411681175e-03 2.878518588840961456e-02 2.733474597334861755e-02 2.907995134592056274e-02 3.027175553143024445e-02 3.030017763376235962e-02 2.786569111049175262e-02 3.007728420197963715e-02 3.053222782909870148e-02 2.920993231236934662e-02 2.736861445009708405e-02
2.164328657314629201e+00 2.164994366466999054e-02 3.876887494698166847e-03 2.109733968973159790e-02 1.984647288918495178e-02 2.189246937632560730e-02 2.291644178330898285e-02 2.267695777118206024e-02 2.038435265421867371e-02 2.283668518066406250e-02 2.315410040318965912e-02 2.203804999589920044e-02 1.981644518673419952e-02
2.244488977955911846e+00 1.500439830124378204e-02 3.777794074267148972e-03 1.428942754864692688e-02 1.330386102199554443e-02 1.542996335774660110e-02 1.622642762959003448e-02 1.579817011952400208e-02 1.380224060267210007e-02 1.625375822186470032e-02 1.644139736890792847e-02 1.558257732540369034e-02 1.321905758231878281e-02
2.324649298597194491e+00 9.420676156878471375e-03 3.337226575240492821e-03 8.668172173202037811e-03 7.984769530594348907e-03 9.941731579601764679e-03 1.047923043370246887e-02 9.965733624994754791e-03 8.396279998123645782e-03 1.058932300657033920e-02 1.067072525620460510e-02 1.008797436952590942e-02 7.865313440561294556e-03
2.404809619238476692e+00 5.165128037333488464e-03 2.550232922658324242e-03 4.519345238804817200e-03 4.137083888053894043e-03 5.671140737831592560e-03 5.952213425189256668e-03 5.473796278238296509e-03 4.420361015945672989e-03 6.107686087489128113e-03 6.118310615420341492e-03 5.793509073555469513e-03 4.013837780803442001e-03
2.484969939879759337e+00 2.439131028950214386e-03 1.505661173723638058e-03 2.031212206929922104e-03 1.895204302854835987e-03 2.814283361658453941e-03 2.883909502997994423e-03 2.556184073910117149e-03 2.034083241596817970e-03 3.035253612324595451e-03 3.017916809767484665e-03 2.893576398491859436e-03 1.809768960811197758e-03
2.565130260521041983e+00 1.234126277267932892e-03 5.619234871119260788e-04 1.073532621376216412e-03 1.043915282934904099e-03 1.411635195836424828e-03 1.378425164148211479e-03 1.240902813151478767e-03 1.099603367038071156e-03 1.464270055294036865e-03 1.450382173061370850e-03 1.435981132090091705e-03 1.025636098347604275e-03
2.645290581162324628e+00 8.801669464446604252e-04 2.129103086190298200e-04 8.100190898403525352e-04 8.011676254682242870e-04 9.633935987949371338e-04 9.215012541972100735e-04 8.647221256978809834e-04 8.335625170730054379e-04 9.551859111525118351e-04 9.513943805359303951e-04 9.630370186641812325e-04 8.050292381085455418e-04
2.725450901803607273e+00 7.516001933254301548e-04 1.248860062332823873e-04 7.053054869174957275e-04 7.023798534646630287e-04 8.066697628237307072e-04 7.694647647440433502e-04 7.341555319726467133e-04 7.268499466590583324e-04 7.870315457694232464e-04 7.867442909628152847e-04 8.015973144210875034e-04 7.091380539350211620e-04
2.805611222444889474e+00 6.739724776707589626e-04 9.452045924263074994e-05 6.367210880853235722e-04 6.371950730681419373e-04 7.181219989433884621e-04 6.847964832559227943e-04 6.565990042872726917e-04 6.571262492798268795e-04 6.973212002776563168e-04 6.975047872401773930e-04 7.129017030820250511e-04 6.432253285311162472e-04
2.885771543086172120e+00 6.138356984592974186e-04 7.709902274655178189e-05 5.822919774800539017e-04 5.849151639267802238e-04 6.512679974548518658e-04 6.211496656760573387e-04 5.969760240986943245e-04 6.016803090460598469e-04 6.312429322861135006e-04 6.310765747912228107e-04 6.466624327003955841e-04 5.901663098484277725e-04
2.965931863727454765e+00 5.640469025820493698e-04 6.421989382943138480e-05 5.370050785131752491e-04 5.410684389062225819e-04 5.962763680145144463e-04 5.690844845958054066e-04 5.478707025758922100e-04 5.553707596845924854e-04 5.772099248133599758e-04 5.769113777205348015e-04 5.921919364482164383e-04 5.455745849758386612e-04
3.046092184368737410e+00 5.220284219831228256e-04 5.405865522334352136e-05 4.985950654372572899e-04 5.039052921347320080e-04 5.499143153429031372e-04 5.253026029095053673e-04 5.065570585429668427e-04 5.159024149179458618e-04 5.319683696143329144e-04 5.314662121236324310e-04 5.463535198941826820e-04 5.076825036667287350e-04
3.126252505010020055e+00 4.861029156018048525e-04 4.597425868269056082e-05 4.657507815863937140e-04 4.717714327853173018e-04 5.103920702822506428e-04 4.881914064753800631e-04 4.713404923677444458e-04 4.820281465072184801e-04 4.935689503327012062e-04 4.928468842990696430e-04 5.071998457424342632e-04 4.750075750052928925e-04
3.206412825651302256e+00 4.550795420072972775e-04 3.953966370318084955e-05 4.371840914245694876e-04 4.438487521838396788e-04 4.763505130540579557e-04 4.562481772154569626e-04 4.410051624290645123e-04 4.526807751972228289e-04 4.605530411936342716e-04 4.597433726303279400e-04 4.734962421935051680e-04 4.466183017939329147e-04
3.286573146292584902e+00 4.280976427253335714e-04 3.423080124775879085e-05 4.123836697544902563e-04 4.192963533569127321e-04 4.466757818590849638e-04 4.285718023311346769e-04 4.146970168221741915e-04 4.269587225280702114e-04 4.320487787481397390e-04 4.310595686547458172e-04 4.441829805728048086e-04 4.217466048430651426e-04
3.366733466933867547e+00 4.044268280267715454e-04 2.997702176799066365e-05 3.905256453435868025e-04 3.976431326009333134e-04 4.208223253954201937e-04 4.043465887662023306e-04 3.916390996892005205e-04 4.043082299176603556e-04 4.070768773090094328e-04 4.059925267938524485e-04 4.184963472653180361e-04 3.998033062089234591e-04
3.446893787575150192e+00 3.834548406302928925e-04 2.662322913238313049e-05 3.711745666805654764e-04 3.783306456170976162e-04 3.980799519922584295e-04 3.830259956885129213e-04 3.712428442668169737e-04 3.841530706267803907e-04 3.851157962344586849e-04 3.839877317659556866e-04 3.959659370593726635e-04 3.803106665145605803e-04
3.527054108216432837e+00 3.648273122962564230e-04 2.374038922425825149e-05 3.538555174600332975e-04 3.611650608945637941e-04 3.777738893404603004e-04 3.641418006736785173e-04 3.532271075528115034e-04 3.661827940959483385e-04 3.656092449091374874e-04 3.645147080533206463e-04 3.758837701752781868e-04 3.629557322710752487e-04
3.607214428857715482e+00 3.482397296465933323e-04 2.143658639397472143e-05 3.384227456990629435e-04 3.458452993072569370e-04 3.596773603931069374e-04 3.472806129138916731e-04 3.370484628248959780e-04 3.500976890791207552e-04 3.483536711428314447e-04 3.471417294349521399e-04 3.580299962777644396e-04 3.473243268672376871e-04
3.687374749498997684e+00 3.332304186187684536e-04 1.961440284503623843e-05 3.244748804718255997e-04 3.317277005407959223e-04 3.435457765590399504e-04 3.321740077808499336e-04 3.225792315788567066e-04 3.355787775944918394e-04 3.328543971292674541e-04 3.316508373245596886e-04 3.420313005335628986e-04 3.331989282742142677e-04
3.767535070140280329e+00 3.198060148861259222e-04 1.807150874810758978e-05 3.118953027296811342e-04 3.191717842128127813e-04 3.289934829808771610e-04 3.185451496392488480e-04 3.095280844718217850e-04 3.224310057703405619e-04 3.189213748555630445e-04 3.175982565153390169e-04 3.275330236647278070e-04 3.204085223842412233e-04
3.847695390781562974e+00 3.075044078286737204e-04 1.685794268269091845e-05 3.003910533152520657e-04 3.077153232879936695e-04 3.157852333970367908e-04 3.062120231334120035e-04 2.976518590003252029e-04 3.105177893303334713e-04 3.062832693103700876e-04 3.049997903872281313e-04 3.144427319057285786e-04 3.088517405558377504e-04
3.927855711422845619e+00 2.964129962492734194e-04 1.585506652190815657e-05 2.899523824453353882e-04 2.972153597511351109e-04 3.038059512618929148e-04 2.950324269477277994e-04 2.869018062483519316e-04 2.996043767780065536e-04 2.948808250948786736e-04 2.934816293418407440e-04 3.025977930519729853e-04 2.981742436531931162e-04
4.008016032064127820e+00 2.862192050088196993e-04 1.505527143308427185e-05 2.803624956868588924e-04 2.874431665986776352e-04 2.929266775026917458e-04 2.847910509444773197e-04 2.770601713564246893e-04 2.896061341743916273e-04 2.844521077349781990e-04 2.830384182743728161e-04 2.917781239375472069e-04 2.884068235289305449e-04
4.088176352705410466e+00 2.769241400528699160e-04 1.444134613848291337e-05 2.715761947911232710e-04 2.786881232168525457e-04 2.828894648700952530e-04 2.754223241936415434e-04 2.679947647266089916e-04 2.804106334224343300e-04 2.748307015281170607e-04 2.734627632889896631e-04 2.819270303007215261e-04 2.794011961668729782e-04
4.168336673346693111e+00 2.682560589164495468e-04 1.388099826726829633e-05 2.634774136822670698e-04 2.704002254176884890e-04 2.737523464020341635e-04 2.667971421033143997e-04 2.597676066216081381e-04 2.719425829127430916e-04 2.660517639014869928e-04 2.646860957611352205e-04 2.728629042394459248e-04 2.712270652409642935e-04
4.248496993987975756e+00 2.603240427561104298e-04 1.339759819529717788e-05 2.559816057328134775e-04 2.627227804623544216e-04 2.652702969498932362e-04 2.588880015537142754e-04 2.520612906664609909e-04 2.640392631292343140e-04 2.580008294899016619e-04 2.565597533248364925e-04 2.644583000801503658e-04 2.634834381751716137e-04
4.328657314629258401e+00 2.529958146624267101e-04 1.306598824157845229e-05 2.489592880010604858e-04 2.556812833063304424e-04 2.574776008259505033e-04 2.514942025300115347e-04 2.449701132718473673e-04 2.568349009379744530e-04 2.504911681171506643e-04 2.491013146936893463e-04 2.566551847849041224e-04 2.563474990893155336e-04
4.408817635270541047e+00 2.461645635776221752e-04 1.277256251341896132e-05 2.424997801426798105e-04 2.490483166184276342e-04 2.502865681890398264e-04 2.446253492962568998e-04 2.383320970693603158e-04 2.500031550880521536e-04 2.435558417346328497e-04 2.421901008347049356e-04 2.495161315891891718e-04 2.496918023098260164e-04
4.488977955911823692e+00 2.397988137090578675e-04 1.248172884515952319e-05 2.363802195759490132e-04 2.429029264021664858e-04 2.435277128824964166e-04 2.382984675932675600e-04 2.322277578059583902e-04 2.437149669276550412e-04 2.371665905229747295e-04 2.357184712309390306e-04 2.427950093988329172e-04 2.434615453239530325e-04
4.569138276553106337e+00 2.338778140256181359e-04 1.230914131156168878e-05 2.306854585185647011e-04 2.371193259023129940e-04 2.372604649281129241e-04 2.323876979062333703e-04 2.264515933347865939e-04 2.378240169491618872e-04 2.311551361344754696e-04 2.297031751368194818e-04 2.366346161579713225e-04 2.376587508479133248e-04
4.649298597194388982e+00 2.283226058352738619e-04 1.206176693813176826e-05 2.254187420476227999e-04 2.317086036782711744e-04 2.314156154170632362e-04 2.268300158903002739e-04 2.211246028309687972e-04 2.322851360077038407e-04 2.255266736028715968e-04 2.241198963019996881e-04 2.307800750713795424e-04 2.322025247849524021e-04
4.729458917835670739e+00 2.231138496426865458e-04 1.191767387354047969e-05 2.204218617407605052e-04 2.266295923618599772e-04 2.259276807308197021e-04 2.216227730968967080e-04 2.160617295885458589e-04 2.270483528263866901e-04 2.202544274041429162e-04 2.188406651839613914e-04 2.253650163765996695e-04 2.270951226819306612e-04
4.809619238476953385e+00 2.182076132157817483e-04 1.176922796730650589e-05 2.157018752768635750e-04 2.218684676336124539e-04 2.208081277785822749e-04 2.166806953027844429e-04 2.113278460456058383e-04 2.221212489530444145e-04 2.153009409084916115e-04 2.139169664587825537e-04 2.202311152359470725e-04 2.222593902843073010e-04
4.889779559118236030e+00 2.136022376362234354e-04 1.160567262559197843e-05 2.112645888701081276e-04 2.172989479731768370e-04 2.159591385861858726e-04 2.121223078574985266e-04 2.068972535198554397e-04 2.175297122448682785e-04 2.106594765791669488e-04 2.092719660140573978e-04 2.154796384274959564e-04 2.176971756853163242e-04
4.969939879759518675e+00 2.091700152959674597e-04 1.148170395026681945e-05 2.070492337225005031e-04 2.130546199623495340e-04 2.113877271767705679e-04 2.077501267194747925e-04 2.026520669460296631e-04 2.131560177076607943e-04 2.062830026261508465e-04 2.048760652542114258e-04 2.108833723468706012e-04 2.133522648364305496e-04
5.050100200400801320e+00 2.050771872745826840e-04 1.136590071837417781e-05 2.030575124081224203e-04 2.089437621179968119e-04 2.070934569928795099e-04 2.036541991401463747e-04 1.986733259400352836e-04 2.090332418447360396e-04 2.021051623160019517e-04 2.007515868172049522e-04 2.066844754153862596e-04 2.092647773679345846e-04
5.130260521042083965e+00 2.011488249991089106e-04 1.118319960369262844e-05 1.992567413253709674e-04 2.050111070275306702e-04 2.030288596870377660e-04 1.997441286221146584e-04 1.948947465280070901e-04 2.050947950920090079e-04 1.982460089493542910e-04 1.968777214642614126e-04 2.026337169809266925e-04 2.053621283266693354e-04
5.210420841683366611e+00 1.974419283214956522e-04 1.106925083149690181e-05 1.956813357537612319e-04 2.013795019593089819e-04 1.991733442991971970e-04 1.960552763193845749e-04 1.912848529173061252e-04 2.013257471844553947e-04 1.945180265465751290e-04 1.931795268319547176e-04 1.987500727409496903e-04 2.016641228692606091e-04
5.290581162324649256e+00 1.938743225764483213e-04 1.099632663681404665e-05 1.922228839248418808e-04 1.978963846340775490e-04 1.955574844032526016e-04 1.925136311911046505e-04 1.878992479760199785e-04 1.977960346266627312e-04 1.909923157654702663e-04 1.896207395475357771e-04 1.951245794771239161e-04 1.981788955163210630e-04
5.370741482965931901e+00 1.905150129459798336e-04 1.086008978745667264e-05 1.889379345811903477e-04 1.944898249348625541e-04 1.920525101013481617e-04 1.891683205030858517e-04 1.846161758294329047e-04 1.943880342878401279e-04 1.876491151051595807e-04 1.863073994172737002e-04 1.916885667014867067e-04 1.948304416146129370e-04
5.450901803607214546e+00 1.873031724244356155e-04 1.078261539078084752e-05 1.858124014688655734e-04 1.913045416586101055e-04 1.887403923319652677e-04 1.859990734374150634e-04 1.814918214222416282e-04 1.911971339723095298e-04 1.844138168962672353e-04 1.830879191402345896e-04 1.883764780359342694e-04 1.915804023155942559e-04
5.531062124248497192e+00 1.842485944507643580e-04 1.066044114850228652e-05 1.828577660489827394e-04 1.882516517071053386e-04 1.855621958384290338e-04 1.829449756769463420e-04 1.785255299182608724e-04 1.881027274066582322e-04 1.813601702451705933e-04 1.800766622181981802e-04 1.852275308920070529e-04 1.885117817437276244e-04
5.611222444889778949e+00 1.813387352740392089e-04 1.057755798683501780e-05 1.800018071662634611e-04 1.853414869401603937e-04 1.825713407015427947e-04 1.799951132852584124e-04 1.756780839059501886e-04 1.850875269155949354e-04 1.784516643965616822e-04 1.771057868609204888e-04 1.822161721065640450e-04 1.855643204180523753e-04
5.691382765531061594e+00 1.785159984137862921e-04 1.048789363267133012e-05 1.772556570358574390e-04 1.825332001317292452e-04 1.796843716874718666e-04 1.772386021912097931e-04 1.729617652017623186e-04 1.822637859731912613e-04 1.756690471665933728e-04 1.742882886901497841e-04 1.793096744222566485e-04 1.827573578339070082e-04
5.771543086172344239e+00 1.758180151227861643e-04 1.032755881169578061e-05 1.746130146784707904e-04 1.797873701434582472e-04 1.768809888744726777e-04 1.745494228089228272e-04 1.703865273157134652e-04 1.795314165065065026e-04 1.729617652017623186e-04 1.716685801511630416e-04 1.765693887136876583e-04 1.800244644982740283e-04
5.851703406813626884e+00 1.732119853841140866e-04 1.028049518936313689e-05 1.720816071610897779e-04 1.773129770299419761e-04 1.742264721542596817e-04 1.719576102914288640e-04 1.678778207860887051e-04 1.769368245732039213e-04 1.703837624518200755e-04 1.691295474302023649e-04 1.739581930451095104e-04 1.774134289007633924e-04
5.931863727454909530e+00 1.707371993688866496e-04 1.013032760965870693e-05 1.696166436886414886e-04 1.746909547364339232e-04 1.716748083708807826e-04 1.694525708444416523e-04 1.654598308959975839e-04 1.743664179230108857e-04 1.679059787420555949e-04 1.666526804910972714e-04 1.714169920887798071e-04 1.748879731167107821e-04
6.012024048096192175e+00 1.683051668806001544e-04 1.005234753392869607e-05 1.672725047683343291e-04 1.723019668133929372e-04 1.692511868895962834e-04 1.670600177021697164e-04 1.631351478863507509e-04 1.719956344459205866e-04 1.655532541917636991e-04 1.642706774873659015e-04 1.689370692474767566e-04 1.724485919112339616e-04
6.092184368737474820e+00 1.660030102357268333e-04 9.977313311537727714e-06 1.650028862059116364e-04 1.700176217127591372e-04 1.668996555963531137e-04 1.648119941819459200e-04 1.608696620678529143e-04 1.695993560133501887e-04 1.632425264688208699e-04 1.619898685021325946e-04 1.666375901550054550e-04 1.701252913335338235e-04
6.172344689378757465e+00 1.637945242691785097e-04 9.882573067443445325e-06 1.627851888770237565e-04 1.677478721830993891e-04 1.645748416194692254e-04 1.625917357159778476e-04 1.587214210303500295e-04 1.673318474786356091e-04 1.610036415513604879e-04 1.597866066731512547e-04 1.643182913539931178e-04 1.678910921327769756e-04
6.252505010020040110e+00 1.616516237845644355e-04 9.763436537468805909e-06 1.606813893886283040e-04 1.655025989748537540e-04 1.623769785510376096e-04 1.604604331078007817e-04 1.566629798617213964e-04 1.652182836551219225e-04 1.589011808391660452e-04 1.576802023919299245e-04 1.621577102923765779e-04 1.657257380429655313e-04
6.332665330661322756e+00 1.595650537637993693e-04 9.689880243968218565e-06 1.586680155014619231e-04 1.634777581784874201e-04 1.602766133146360517e-04 1.583665871294215322e-04 1.546269340906292200e-04 1.630471379030495882e-04 1.568333827890455723e-04 1.556364295538514853e-04 1.600118121132254601e-04 1.636171800782904029e-04
6.412825651302604513e+00 1.575477799633517861e-04 9.584575309418141842e-06 1.566998835187405348e-04 1.614068751223385334e-04 1.581963297212496400e-04 1.563606056151911616e-04 1.526636478956788778e-04 1.610162289580330253e-04 1.548448781250044703e-04 1.536453783046454191e-04 1.579498930368572474e-04 1.615509827388450503e-04
6.492985971943887158e+00 1.556094211991876364e-04 9.485046575719024986e-06 1.547628053231164813e-04 1.593854540260508657e-04 1.562948600621894002e-04 1.544100523460656404e-04 1.508003333583474159e-04 1.590382453287020326e-04 1.529171713627874851e-04 1.517145137768238783e-04 1.559890224598348141e-04 1.595863723196089268e-04
6.573146292585169803e+00 1.537208445370197296e-04 9.405884156876709312e-06 1.529058063169941306e-04 1.574666821397840977e-04 1.543414255138486624e-04 1.525482366560027003e-04 1.489659916842356324e-04 1.571396715007722378e-04 1.510246802354231477e-04 1.498466299381107092e-04 1.541287638247013092e-04 1.576514914631843567e-04
6.653306613226452448e+00 1.518494100309908390e-04 9.364377547171898186e-06 1.511000155005604029e-04 1.557038340251892805e-04 1.524810504633933306e-04 1.507416600361466408e-04 1.471772848162800074e-04 1.552719186292961240e-04 1.491997245466336608e-04 1.480217761127278209e-04 1.522368256701156497e-04 1.557812065584585071e-04
6.733466933867735094e+00 1.500718644820153713e-04 9.248273272532969713e-06 1.493403688073158264e-04 1.538663200335577130e-04 1.506715343566611409e-04 1.489606074756011367e-04 1.454370794817805290e-04 1.534452312625944614e-04 1.474831369705498219e-04 1.463239022996276617e-04 1.504812826169654727e-04 1.539958029752597213e-04
6.813627254509017739e+00 1.483557134633883834e-04 9.160537047137040645e-06 1.476122997701168060e-04 1.521302910987287760e-04 1.489764981670305133e-04 1.472452277084812522e-04 1.438047765986993909e-04 1.516889024060219526e-04 1.457806065445765853e-04 1.446033129468560219e-04 1.486934925196692348e-04 1.522310194559395313e-04
6.893787575150300384e+00 1.466804387746378779e-04 9.045594197232276201e-06 1.459715858800336719e-04 1.503692474216222763e-04 1.472553267376497388e-04 1.456016616430133581e-04 1.421933702658861876e-04 1.499894569860771298e-04 1.441023778170347214e-04 1.429558324161916971e-04 1.470095012336969376e-04 1.505108375567942858e-04
6.973947895791583029e+00 1.450647541787475348e-04 9.011784641188569367e-06 1.443767978344112635e-04 1.487520785303786397e-04 1.455829187761992216e-04 1.439530897187069058e-04 1.405793736921623349e-04 1.483343512518331409e-04 1.425273367203772068e-04 1.413381833117455244e-04 1.454025477869436145e-04 1.488794951001182199e-04
7.054108216432865675e+00 1.434871228411793709e-04 8.925959264161065221e-06 1.427969546057283878e-04 1.471724972361698747e-04 1.439923653379082680e-04 1.423982612323015928e-04 1.390532997902482748e-04 1.467042020522058010e-04 1.409134420100599527e-04 1.398035819875076413e-04 1.437860046280547976e-04 1.472345466027036309e-04
7.134268537074148320e+00 1.419267646269872785e-04 8.798810995358508080e-06 1.412557030562311411e-04 1.455071178497746587e-04 1.424194488208740950e-04 1.408250536769628525e-04 1.375567808281630278e-04 1.450846757506951690e-04 1.394329156028106809e-04 1.382942282361909747e-04 1.421871420461684465e-04 1.457078906241804361e-04
7.214428857715430965e+00 1.404263603035360575e-04 8.753741894906852394e-06 1.397486776113510132e-04 1.440942869521677494e-04 1.408744719810783863e-04 1.393568818457424641e-04 1.360920432489365339e-04 1.435662270523607731e-04 1.379312598146498203e-04 1.368251832900568843e-04 1.406702940585091710e-04 1.441176282241940498e-04
7.294589178356712722e+00 1.389508397551253438e-04 8.661557330924551934e-06 1.383090129820629954e-04 1.425448717782273889e-04 1.393992861267179251e-04 1.378900924464687705e-04 1.346727076452225447e-04 1.420972548658028245e-04 1.364824565825983882e-04 1.353935658698901534e-04 1.392020203638821840e-04 1.426257658749818802e-04
7.374749498997995367e+00 1.375123101752251387e-04 8.622702807770110667e-06 1.368810335407033563e-04 1.410899858456104994e-04 1.379437453579157591e-04 1.364650088362395763e-04 1.332531828666105866e-04 1.406457449775189161e-04 1.350394741166383028e-04 1.339772861683741212e-04 1.377978187520056963e-04 1.411684497725218534e-04
7.454909819639278012e+00 1.361187751172110438e-04 8.477510164084378630e-06 1.355090353172272444e-04 1.396472944179549813e-04 1.365488424198701978e-04 1.350643287878483534e-04 1.319286093348637223e-04 1.391847617924213409e-04 1.337050489382818341e-04 1.326493074884638190e-04 1.363298797514289618e-04 1.397281448589637876e-04
7.535070140280560658e+00 1.347508077742531896e-04 8.442313628620468080e-06 1.341561583103612065e-04 1.382244809065014124e-04 1.351837854599580169e-04 1.337313005933538079e-04 1.305967743974179029e-04 1.378098968416452408e-04 1.323497417615726590e-04 1.312514941673725843e-04 1.349926023976877332e-04 1.383682392770424485e-04
7.615230460921843303e+00 1.334350235993042588e-04 8.347642506123520434e-06 1.328302023466676474e-04 1.369140663882717490e-04 1.338331348961219192e-04 1.323970791418105364e-04 1.293135137530043721e-04 1.364279305562376976e-04 1.310397638007998466e-04 1.299851137446239591e-04 1.336155837634578347e-04 1.369707460980862379e-04
7.695390781563125948e+00 1.320970332017168403e-04 8.278962013719137758e-06 1.315299014095216990e-04 1.355653948849067092e-04 1.325319753959774971e-04 1.311321393586695194e-04 1.280433643842115998e-04 1.351188257103785872e-04 1.297394192079082131e-04 1.287113118451088667e-04 1.323744800174608827e-04 1.356389693683013320e-04
7.775551102204408593e+00 1.308377395616844296e-04 8.236954272433649749e-06 1.302542368648573756e-04 1.342824689345434308e-04 1.312532403971999884e-04 1.298491988563910127e-04 1.268143387278541923e-04 1.338367001153528690e-04 1.285056350752711296e-04 1.274520473089069128e-04 1.310570078203454614e-04 1.343726617051288486e-04
7.855711422845691239e+00 1.296071131946519017e-04 8.165031431417446584e-06 1.290348882321268320e-04 1.330185477854683995e-04 1.299863361055031419e-04 1.285981852561235428e-04 1.256100513273850083e-04 1.325513148913159966e-04 1.272710651392117143e-04 1.262383157154545188e-04 1.297886628890410066e-04 1.330986124230548739e-04
7.935871743486973884e+00 1.283799647353589535e-04 8.096890269371215254e-06 1.278247509617358446e-04 1.317631395068019629e-04 1.287540071643888950e-04 1.274025853490456939e-04 1.244082959601655602e-04 1.313456450589001179e-04 1.260913122678175569e-04 1.250671775778755546e-04 1.286131591768935323e-04 1.318448485108092427e-04
8.016032064128255641e+00 1.271963410545140505e-04 8.009974408196285367e-06 1.266364561161026359e-04 1.304995530517771840e-04 1.275624526897445321e-04 1.262243749806657434e-04 1.232587092090398073e-04 1.301060256082564592e-04 1.249194901902228594e-04 1.238912809640169144e-04 1.273725938517600298e-04 1.306423655478283763e-04
8.096192384769539174e+00 1.260138815268874168e-04 7.947083759063389152e-06 1.254718954442068934e-04 1.293787645408883691e-04 1.263871963601559401e-04 1.250690838787704706e-04 1.221459388034418225e-04 1.289030333282426000e-04 1.237054530065506697e-04 1.227790198754519224e-04 1.261888537555932999e-04 1.294054236495867372e-04
8.176352705410820931e+00 1.248844637302681804e-04 7.863307473598979414e-06 1.243571750819683075e-04 1.282095327042043209e-04 1.252318761544302106e-04 1.239258999703451991e-04 1.210469054058194160e-04 1.277208066312596202e-04 1.226581225637346506e-04 1.216472592204809189e-04 1.250819477718323469e-04 1.282512239413335919e-04
8.256513026052104465e+00 1.237672986462712288e-04 7.809798262314870954e-06 1.232316717505455017e-04 1.270133216166868806e-04 1.241067366208881140e-04 1.228105247719213367e-04 1.199313483084551990e-04 1.266062608920037746e-04 1.215280644828453660e-04 1.205583539558574557e-04 1.239404373336583376e-04 1.271057553822174668e-04
8.336673346693386222e+00 1.226586027769371867e-04 7.751134035061113536e-06 1.221283455379307270e-04 1.259427663171663880e-04 1.229907793458551168e-04 1.217276803799904883e-04 1.188930546049959958e-04 1.254738162970170379e-04 1.204700965899974108e-04 1.194599390146322548e-04 1.228346518473699689e-04 1.259752025362104177e-04
8.416833667334669755e+00 1.215835945913568139e-04 7.643913704669103026e-06 1.210764676216058433e-04 1.247736508958041668e-04 1.219013502122834325e-04 1.206709566758945584e-04 1.178781458293087780e-04 1.243586157215759158e-04 1.193805655930191278e-04 1.184131906484253705e-04 1.217466051457449794e-04 1.248724438482895494e-04
8.496993987975951512e+00 1.205251319333910942e-04 7.599473974551074207e-06 1.200342085212469101e-04 1.237245742231607437e-04 1.208766552736051381e-04 1.196111988974735141e-04 1.168231974588707089e-04 1.232741051353514194e-04 1.183457934530451894e-04 1.173858036054298282e-04 1.207250461447983980e-04 1.237694232258945704e-04
8.577154308617233269e+00 1.194652941194362938e-04 7.544316304120002314e-06 1.189966205856762826e-04 1.226965105161070824e-04 1.198293757624924183e-04 1.185881264973431826e-04 1.158175509772263467e-04 1.222188875544816256e-04 1.173229175037704408e-04 1.163943015853874385e-04 1.196684752358123660e-04 1.227084430865943432e-04
8.657314629258516803e+00 1.184902284876443446e-04 7.486743925255723298e-06 1.179873434011824429e-04 1.215960000990889966e-04 1.187619564007036388e-04 1.175720026367343962e-04 1.148307492258027196e-04 1.211878188769333065e-04 1.163432534667663276e-04 1.153723133029416203e-04 1.186393565149046481e-04 1.217036478919908404e-04
8.737474949899798560e+00 1.174734934465959668e-04 7.409769750665873289e-06 1.170126270153559744e-04 1.205984881380572915e-04 1.178047605208121240e-04 1.165808062069118023e-04 1.138577863457612693e-04 1.201668346766382456e-04 1.153700068243779242e-04 1.144289199146442115e-04 1.176334626507014036e-04 1.206488668685778975e-04
8.817635270541082093e+00 1.164991263067349792e-04 7.355895377259002998e-06 1.160344472737051547e-04 1.195742515847086906e-04 1.167981390608474612e-04 1.156156140496022999e-04 1.129142692661844194e-04 1.191893461509607732e-04 1.144128764281049371e-04 1.134824051405303180e-04 1.166459696833044291e-04 1.196790981339290738e-04
8.897795591182363850e+00 1.155276695499196649e-04 7.316324172279564664e-06 1.151003452832810581e-04 1.186019144370220602e-04 1.158509112428873777e-04 1.146742652053944767e-04 1.119721709983423352e-04 1.182130436063744128e-04 1.134615158662199974e-04 1.125260096159763634e-04 1.156941361841745675e-04 1.186915324069559574e-04
8.977955911823647384e+00 1.145987262134440243e-04 7.250780072354245931e-06 1.141293323598802090e-04 1.176579171442426741e-04 1.148974624811671674e-04 1.137263679993338883e-04 1.110790180973708630e-04 1.172428310383111238e-04 1.125237540691159666e-04 1.116477069444954395e-04 1.147693401435390115e-04 1.177335579995997250e-04
9.058116232464929141e+00 1.136769278673455119e-04 7.179245130828348920e-06 1.132011602749116719e-04 1.166617730632424355e-04 1.139836967922747135e-04 1.128229923779144883e-04 1.101694651879370213e-04 1.162889020633883774e-04 1.116271741921082139e-04 1.107113203033804893e-04 1.138137085945345461e-04 1.167666123365052044e-04
9.138276553106212674e+00 1.127554496633820236e-04 7.155114872148260474e-06 1.123062393162399530e-04 1.157909355242736638e-04 1.130759046645835042e-04 1.119194348575547338e-04 1.092721358872950077e-04 1.153645062004216015e-04 1.107266289182007313e-04 1.098339926102198660e-04 1.129262236645445228e-04 1.158311351900920272e-04
9.218436873747494431e+00 1.118850705097429454e-04 7.076499969116412103e-06 1.114067126763984561e-04 1.148476221715100110e-04 1.121748064178973436e-04 1.110131488530896604e-04 1.084314353647641838e-04 1.144381967606022954e-04 1.098595530493184924e-04 1.089413781301118433e-04 1.120300585171207786e-04 1.149004237959161401e-04
9.298597194388777964e+00 1.109862641897052526e-04 7.047056897135917097e-06 1.105394694604910910e-04 1.139880405389703810e-04 1.112953250412829220e-04 1.101539164665155113e-04 1.075842810678295791e-04 1.135593774961307645e-04 1.089949000743217766e-04 1.080680667655542493e-04 1.111318852053955197e-04 1.139970627264119685e-04
9.378757515030059722e+00 1.101452944567427039e-04 6.977315024414565414e-06 1.096573396353051066e-04 1.130478776758536696e-04 1.104157854570075870e-04 1.092867314582690597e-04 1.067441480699926615e-04 1.126494826166890562e-04 1.081232258002273738e-04 1.072413433576002717e-04 1.102431269828230143e-04 1.131347889895550907e-04
9.458917835671341479e+00 1.092734892154112458e-04 6.913781362527515739e-06 1.088402350433170795e-04 1.121850727940909564e-04 1.095798652386292815e-04 1.084617470041848719e-04 1.059136047842912376e-04 1.117756546591408551e-04 1.072804152499884367e-04 1.064494499587453902e-04 1.094268882297910750e-04 1.122664180002175272e-04
9.539078156312625012e+00 1.084570976672694087e-04 6.898754236317472532e-06 1.080005822586826980e-04 1.113864273065701127e-04 1.087257114704698324e-04 1.076200860552489758e-04 1.051052531693130732e-04 1.109530421672388911e-04 1.064903699443675578e-04 1.056173714459873736e-04 1.085676049115136266e-04 1.114095866796560585e-04
9.619238476953906769e+00 1.076247062883339822e-04 6.829324775026179850e-06 1.071816368494182825e-04 1.104919429053552449e-04 1.078925051842816174e-04 1.068058481905609369e-04 1.043245574692264199e-04 1.101123198168352246e-04 1.056682522175833583e-04 1.047886034939438105e-04 1.077662309398874640e-04 1.105578121496364474e-04
9.699398797595190302e+00 1.068059573299251497e-04 6.762791599612683058e-06 1.063860254362225533e-04 1.096453052014112473e-04 1.071024526027031243e-04 1.059980786521919072e-04 1.035241875797510147e-04 1.092616221285425127e-04 1.048725680448114872e-04 1.040288989315740764e-04 1.069696518243290484e-04 1.097335916711017489e-04
9.779559118236472059e+00 1.060041395248845220e-04 6.709050467179622501e-06 1.056003602570854127e-04 1.088087883545085788e-04 1.062780429492704570e-04 1.052309235092252493e-04 1.027432881528511643e-04 1.084586474462412298e-04 1.041021459968760610e-04 1.032487198244780302e-04 1.061965813278220594e-04 1.089187353500165045e-04
9.859719438877755593e+00 1.052430598065257072e-04 6.674634732917184010e-06 1.048245758283883333e-04 1.080578658729791641e-04 1.054979875334538519e-04 1.044329619617201388e-04 1.020057243295013905e-04 1.076499611372128129e-04 1.033400403684936464e-04 1.024745870381593704e-04 1.053770320140756667e-04 1.081141454051248729e-04
9.939879759519037350e+00 1.044615419232286513e-04 6.619913165195612237e-06 1.040612551150843501e-04 1.072656814358197153e-04 1.047447440214455128e-04 1.036748508340679109e-04 1.012565480777993798e-04 1.068837955244816840e-04 1.025750971166417003e-04 1.017526301438920200e-04 1.045970057020895183e-04 1.073135645128786564e-04
1.002004008016032088e+01 1.037045221892185509e-04 6.582820788025856018e-06 1.033064472721889615e-04 1.064984026015736163e-04 1.039479830069467425e-04 1.029227496474049985e-04 1.005160374916158617e-04 1.061040529748424888e-04 1.018507828121073544e-04 1.009856714517809451e-04 1.038394038914702833e-04 1.065355681930668652e-04
1.010020040080160264e+01 1.029785125865601003e-04 6.535607099067419767e-06 1.025399906211532652e-04 1.057061381288804114e-04 1.032294312608428299e-04 1.021674324874766171e-04 9.978094749385491014e-05 1.053430678439326584e-04 1.011077620205469429e-04 1.002760254777967930e-04 1.030858111334964633e-04 1.057743138517253101e-04
1.018036072144288617e+01 1.022230790113098919e-04 6.488218332378892228e-06 1.018258262774907053e-04 1.049362908815965056e-04 1.024919911287724972e-04 1.014412482618354261e-04 9.907730418490245938e-05 1.045919270836748183e-04 1.003785873763263226e-04 9.953897824743762612e-05 1.023474324028939009e-04 1.050247010425664485e-04
1.026052104208416793e+01 1.014903973555192351e-04 6.460597887780750170e-06 1.010874184430576861e-04 1.042250150931067765e-04 1.017707763821817935e-04 1.007104365271516144e-04 9.836614481173455715e-05 1.038303889799863100e-04 9.965419303625822067e-05 9.883411985356360674e-05 1.016264723148196936e-04 1.042855728883296251e-04
1.034068136272544969e+01 1.007767205010168254e-04 6.402199232979910448e-06 1.003926590783521533e-04 1.035007080645300448e-04 1.010378837236203253e-04 1.000080519588664174e-04 9.769194730324670672e-05 1.031141146086156368e-04 9.896012488752603531e-05 9.815699741011485457e-05 1.009288753266446292e-04 1.035476889228448272e-04
1.042084168336673322e+01 1.000905831460841000e-04 6.352417585731018335e-06 9.968336235033348203e-05 1.027822945616208017e-04 1.003359939204528928e-04 9.932345710694789886e-05 9.700775262899696827e-05 1.024157754727639258e-04 9.828007023315876722e-05 9.748385491548106074e-05 1.002070057438686490e-04 1.028067053994163871e-04
1.050100200400801498e+01 9.938181756297126412e-05 6.302168003458064049e-06 9.900599252432584763e-05 1.020310228341259062e-04 9.963983757188543677e-05 9.862651495495811105e-05 9.633156878408044577e-05 1.016779497149400413e-04 9.757371299201622605e-05 9.680998482508584857e-05 9.949371451511979103e-05 1.021255375235341489e-04
1.058116232464929851e+01 9.870526992017403245e-05 6.293337264651199803e-06 9.830857015913352370e-05 1.013602159218862653e-04 9.897588461171835661e-05 9.796417725738137960e-05 9.565397340338677168e-05 1.010030100587755442e-04 9.690198203315958381e-05 9.612371650291606784e-05 9.882403537631034851e-05 1.014138688333332539e-04
1.066132264529058027e+01 9.804884757613763213e-05 6.205593308550305665e-06 9.764565766090527177e-05 1.006409147521480918e-04 9.829412738326936960e-05 9.728029544930905104e-05 9.502908505965024233e-05 1.003027064143680036e-04 9.628408588469028473e-05 9.547344234306365252e-05 9.816355304792523384e-05 1.007125392789021134e-04
1.074148296593186380e+01 9.738713561091572046e-05 6.191321062942733988e-06 9.699525980977341533e-05 9.999089525081217289e-05 9.761707769939675927e-05 9.662625234341248870e-05 9.437802509637549520e-05 9.963157208403572440e-05 9.560263424646109343e-05 9.483001485932618380e-05 9.749799937708303332e-05 1.000359989120624959e-04
1.082164328657314556e+01 9.672471787780523300e-05 6.164982096379389986e-06 9.634598973207175732e-05 9.933804540196433663e-05 9.697223867988213897e-05 9.598210453987121582e-05 9.374439105158671737e-05 9.895738185150548816e-05 9.498107101535424590e-05 9.417834371561184525e-05 9.684359247330576181e-05 9.938778384821489453e-05
1.090180360721442909e+01 9.607441461412236094e-05 6.111114544182782993e-06 9.568527457304298878e-05 9.867788321571424603e-05 9.631502325646579266e-05 9.533923730487003922e-05 9.311865142080932856e-05 9.830143972067162395e-05 9.434230014448985457e-05 9.358048555441200733e-05 9.621772187529131770e-05 9.871185466181486845e-05
1.098196392785571085e+01 9.543457417748868465e-05 6.062483407731633633e-06 9.507187496637925506e-05 9.801986743696033955e-05 9.568819223204627633e-05 9.470602526562288404e-05 9.251905430573970079e-05 9.765972208697348833e-05 9.371498163091018796e-05 9.295291238231584430e-05 9.554585267324000597e-05 9.804941510083153844e-05
1.106212424849699438e+01 9.481509914621710777e-05 6.035691512806806713e-06 9.444527677260339260e-05 9.737013897392898798e-05 9.505854541203007102e-05 9.410203347215428948e-05 9.189570846501737833e-05 9.699627844383940101e-05 9.310355380875989795e-05 9.230894647771492600e-05 9.494140977039933205e-05 9.741573740029707551e-05
1.114228456913827614e+01 9.419936395715922117e-05 6.002995633025420830e-06 9.382380812894552946e-05 9.677343041403219104e-05 9.443591261515393853e-05 9.347133163828402758e-05 9.131129627348855138e-05 9.639046766096726060e-05 9.250422590412199497e-05 9.172996942652389407e-05 9.430650243302807212e-05 9.677435446064919233e-05
1.122244488977955790e+01 9.358423994854092598e-05 5.966600383544573560e-06 9.321406832896173000e-05 9.611903806217014790e-05 9.382819553138688207e-05 9.287370630772784352e-05 9.071045496966689825e-05 9.575401054462417960e-05 9.186381066683679819e-05 9.112888074014335871e-05 9.371605847263708711e-05 9.614792361389845610e-05
1.130260521042084143e+01 9.300310921389609575e-05 5.902466000407002866e-06 9.262993262382224202e-05 9.548209345666691661e-05 9.319762466475367546e-05 9.228553972207009792e-05 9.013134695123881102e-05 9.514315752312541008e-05 9.130268153967335820e-05 9.055262489710003138e-05 9.310124733019620180e-05 9.552080155117437243e-05
1.138276553106212319e+01 9.239279461326077580e-05 5.871236680832225829e-06 9.204235539073124528e-05 9.488102659815922379e-05 9.260926890419796109e-05 9.168973338091745973e-05 8.955166413215920329e-05 9.453882375964894891e-05 9.071823296835646033e-05 8.999014971777796745e-05 9.250175935449078679e-05 9.492637764196842909e-05
1.146292585170340672e+01 9.180943015962839127e-05 5.844190127390902489e-06 9.145570220425724983e-05 9.427574696019291878e-05 9.203769877785816789e-05 9.111862891586497426e-05 8.897986845113337040e-05 9.395067900186404586e-05 9.014578972710296512e-05 8.941743726609274745e-05 9.193997539114207029e-05 9.433690138394013047e-05
1.154308617234468848e+01 9.123217751039192080e-05 5.799241989734582603e-06 9.087314538192003965e-05 9.370301268063485622e-05 9.148980461759492755e-05 9.054331167135387659e-05 8.842530951369553804e-05 9.334937203675508499e-05 8.959539991337805986e-05 8.885716670192778111e-05 9.137349115917459130e-05 9.372678323416039348e-05
1.162324649298597201e+01 9.065440826816484332e-05 5.768133632955141366e-06 9.031718946062028408e-05 9.310124733019620180e-05 9.089367813430726528e-05 8.997813711175695062e-05 8.788198465481400490e-05 9.277209028368815780e-05 8.902196714188903570e-05 8.829132275423035026e-05 9.077950380742549896e-05 9.316181967733427882e-05
1.170340681362725377e+01 9.010572830447927117e-05 5.719589353248011321e-06 8.975189120974391699e-05 9.249999129679054022e-05 9.033243259182199836e-05 8.941768464865162969e-05 8.733508730074390769e-05 9.220171341439709067e-05 8.846494165481999516e-05 8.775771129876375198e-05 9.023797611007466912e-05 9.257641795556992292e-05
1.178356713426853730e+01 8.955218072514981031e-05 5.697830602002795786e-06 8.918911044020205736e-05 9.196654718834906816e-05 8.977037941804155707e-05 8.886301657184958458e-05 8.677521691424772143e-05 9.162907372228801250e-05 8.794067252893000841e-05 8.722222992219030857e-05 8.967036410467699170e-05 9.199803025694563985e-05
1.186372745490981906e+01 8.900660759536549449e-05 5.662235253112157807e-06 8.866232383297756314e-05 9.139030589722096920e-05 8.923198765842244029e-05 8.832282037474215031e-05 8.625938789919018745e-05 9.108448284678161144e-05 8.738349424675107002e-05 8.668597729410976171e-05 8.912763587431982160e-05 9.143703937297686934e-05
1.194388777555110259e+01 8.846873242873698473e-05 5.637205958919366822e-06 8.810955478111281991e-05 9.084437624551355839e-05 8.868312579579651356e-05 8.778699702816084027e-05 8.574507955927401781e-05 9.050445805769413710e-05 8.686264482093974948e-05 8.612393139628693461e-05 8.857560897013172507e-05 9.089913510251790285e-05
1.202404809619238435e+01 8.793765300652012229e-05 5.612899713014485314e-06 8.757896284805610776e-05 9.027637133840471506e-05 8.813981548883020878e-05 8.725018415134400129e-05 8.520831033820286393e-05 8.998208795674145222e-05 8.632769458927214146e-05 8.561883441871032119e-05 8.802138472674414515e-05 9.035655966727063060e-05
1.210420841683366611e+01 8.739357872400432825e-05 5.563292234000982717e-06 8.706416701897978783e-05 8.976130629889667034e-05 8.762122888583689928e-05 8.674998389324173331e-05 8.470325701637193561e-05 8.943252760218456388e-05 8.583662565797567368e-05 8.511450869264081120e-05 8.751383575145155191e-05 8.980266284197568893e-05
1.218436873747494964e+01 8.689371315995231271e-05 5.518630132428370416e-06 8.654315024614334106e-05 8.920799155021086335e-05 8.710254041943699121e-05 8.622016321169212461e-05 8.420786616625264287e-05 8.891319885151460767e-05 8.531425555702298880e-05 8.461549441562965512e-05 8.699834870640188456e-05 8.925003203330561519e-05
1.226452905811623140e+01 8.636737766209989786e-05 5.527543635253095999e-06 8.602427988080307841e-05 8.874107152223587036e-05 8.656403952045366168e-05 8.569136844016611576e-05 8.369899296667426825e-05 8.837698987917974591e-05 8.481221448164433241e-05 8.409214206039905548e-05 8.646536298329010606e-05 8.873455226421356201e-05
1.234468937875751493e+01 8.585332398070022464e-05 5.478805633174488321e-06 8.551903738407418132e-05 8.819345384836196899e-05 8.608838106738403440e-05 8.519912807969376445e-05 8.321319910464808345e-05 8.785433601588010788e-05 8.430291200056672096e-05 8.361020445590838790e-05 8.596983388997614384e-05 8.821616938803344965e-05
1.242484969939879669e+01 8.534118387615308166e-05 5.454748588817892596e-06 8.501659613102674484e-05 8.763911318965256214e-05 8.557002001907676458e-05 8.471092587569728494e-05 8.271752449218183756e-05 8.735433220863342285e-05 8.380402141483500600e-05 8.310200792038813233e-05 8.545030868845060468e-05 8.771887951297685504e-05
1.250501002004008022e+01 8.485103899147361517e-05 5.410697667684871703e-06 8.452581823803484440e-05 8.718148455955088139e-05 8.508520841132849455e-05 8.422256360063329339e-05 8.225773490266874433e-05 8.682529733050614595e-05 8.330093260155990720e-05 8.264451025752350688e-05 8.498076931573450565e-05 8.718264871276915073e-05
1.258517034068136198e+01 8.436290227109566331e-05 5.363626769394613802e-06 8.403273386647924781e-05 8.664489723742008209e-05 8.459847595077008009e-05 8.372014417545869946e-05 8.177148993127048016e-05 8.632012031739577651e-05 8.284619980258867145e-05 8.217141294153407216e-05 8.447965228697285056e-05 8.668200462125241756e-05
1.266533066132264551e+01 8.389596769120544195e-05 5.327838607627199963e-06 8.356444595847278833e-05 8.613699174020439386e-05 8.410184091189876199e-05 8.323907240992411971e-05 8.130766218528151512e-05 8.583908493164926767e-05 8.237368456320837140e-05 8.169838110916316509e-05 8.399965008720755577e-05 8.617724961368367076e-05
1.274549098196392727e+01 8.340745262103155255e-05 5.315070211509009823e-06 8.310153498314321041e-05 8.564219024265184999e-05 8.363141387235373259e-05 8.277409506263211370e-05 8.084183355094864964e-05 8.534981316188350320e-05 8.189104119082912803e-05 8.120421261992305517e-05 8.353943121619522572e-05 8.569683996029198170e-05
1.282565130260520903e+01 8.294026338262483478e-05 5.314192094374448061e-06 8.260400500148534775e-05 8.517986861988902092e-05 8.315854211105033755e-05 8.230363891925662756e-05 8.037278166739270091e-05 8.486786828143522143e-05 8.142591832438483834e-05 8.073990466073155403e-05 8.304695802507922053e-05 8.523407450411468744e-05
1.290581162324649256e+01 8.248215453932061791e-05 5.239249276201007888e-06 8.215911657316610217e-05 8.469340536976233125e-05 8.269850513897836208e-05 8.184717444237321615e-05 7.992891914909705520e-05 8.436870120931416750e-05 8.098372927634045482e-05 8.032105688471347094e-05 8.257974695879966021e-05 8.473105117445811629e-05
1.298597194388777432e+01 8.200874435715377331e-05 5.221362243901239708e-06 8.169159264070913196e-05 8.424842235399410129e-05 8.221280586440116167e-05 8.137708937283605337e-05 7.950753206387162209e-05 8.391582377953454852e-05 8.053005876718088984e-05 7.986286072991788387e-05 8.210499800043180585e-05 8.425958367297425866e-05
1.306613226452905785e+01 8.155235263984650373e-05 5.196171514398884028e-06 8.125138265313580632e-05 8.375360630452632904e-05 8.177319978130981326e-05 8.093115320662036538e-05 7.903717050794512033e-05 8.345295645995065570e-05 8.008357690414413810e-05 7.941667718114331365e-05 8.164962491719052196e-05 8.379227074328809977e-05
1.314629258517033961e+01 8.110762428259477019e-05 5.174165835342137143e-06 8.078034443315118551e-05 8.326709939865395427e-05 8.131068898364901543e-05 8.047554729273542762e-05 7.859177276259288192e-05 8.299390901811420918e-05 7.963645475683733821e-05 7.897146861068904400e-05 8.121808059513568878e-05 8.334081940120086074e-05
1.322645290581162314e+01 8.066687587415799499e-05 5.137701009516604245e-06 8.034127677092328668e-05 8.282084309030324221e-05 8.086620073299854994e-05 8.004829578567296267e-05 7.817384903319180012e-05 8.252999396063387394e-05 7.919401832623407245e-05 7.854224531911313534e-05 8.077186794253066182e-05 8.288049866678193212e-05
1.330661322645290490e+01 8.023202099138870835e-05 5.099599093227880076e-06 7.991039456101134419e-05 8.235797577071934938e-05 8.044055721256881952e-05 7.961261144373565912e-05 7.773903053021058440e-05 8.209027146222069860e-05 7.877177995396777987e-05 7.812713010935112834e-05 8.030137541936710477e-05 8.241650357376784086e-05
1.338677354709418843e+01 7.977091445354744792e-05 5.073683951195562258e-06 7.948418351588770747e-05 8.194268593797460198e-05 7.998198998393490911e-05 7.917702896520495415e-05 7.733367965556681156e-05 8.163685561157763004e-05 7.835947326384484768e-05 7.770359661662951112e-05 7.989843288669362664e-05 8.198308933060616255e-05
1.346693386773547019e+01 7.935496978461742401e-05 5.065796358394436538e-06 7.904244557721540332e-05 8.149093628162518144e-05 7.955219916766509414e-05 7.874241418903693557e-05 7.691437349421903491e-05 8.121249993564561009e-05 7.791462849127128720e-05 7.726932381046935916e-05 7.945999823277816176e-05 8.154520037351176143e-05
1.354709418837675372e+01 7.893924339441582561e-05 5.056520876678405330e-06 7.861725316615775228e-05 8.110167254926636815e-05 7.913386070868000388e-05 7.834094139980152249e-05 7.648575410712510347e-05 8.077910752035677433e-05 7.749372161924839020e-05 7.688115874771028757e-05 7.903837831690907478e-05 8.110816997941583395e-05
1.362725450901803548e+01 7.850360270822420716e-05 4.987986812921008095e-06 7.821419421816244721e-05 8.061234257183969021e-05 7.871297566452994943e-05 7.792532414896413684e-05 7.610007742187008262e-05 8.032466575969010592e-05 7.708848715992644429e-05 7.645330333616584539e-05 7.859222387196496129e-05 8.067471935646608472e-05
1.370741482965931723e+01 7.808540976839140058e-05 4.997193173039704561e-06 7.778885628795251250e-05 8.022758993320167065e-05 7.829150126781314611e-05 7.749084034003317356e-05 7.569071749458089471e-05 7.990567974047735333e-05 7.666532474104315042e-05 7.603791164001449943e-05 7.819555321475490928e-05 8.024877752177417278e-05
1.378757515030060077e+01 7.768647628836333752e-05 4.954662927048048005e-06 7.738089334452524781e-05 7.977928908076137304e-05 7.788832590449601412e-05 7.709002966294065118e-05 7.528685819124802947e-05 7.949820428621023893e-05 7.628041203133761883e-05 7.564352563349530101e-05 7.779434963595122099e-05 7.981375529197975993e-05
1.386773547094188253e+01 7.728089258307591081e-05 4.936617642670171335e-06 7.697285764152184129e-05 7.939312490634620190e-05 7.747850031591951847e-05 7.669399201404303312e-05 7.489030394935980439e-05 7.907591498224064708e-05 7.587919390061870217e-05 7.526144327130168676e-05 7.738133717793971300e-05 7.939963688841089606e-05
1.394789579158316606e+01 7.687792822252959013e-05 4.912332769890781492e-06 7.656829257030040026e-05 7.893743895692750812e-05 7.705937605351209641e-05 7.628303137607872486e-05 7.450378325302153826e-05 7.866390660637989640e-05 7.547318818978965282e-05 7.485045352950692177e-05 7.698350964346900582e-05 7.900717901065945625e-05
1.402805611222444782e+01 7.648808968951925635e-05 4.901098236587131396e-06 7.618524978170171380e-05 7.856808952055871487e-05 7.668301986996084452e-05 7.590091263409703970e-05 7.411868864437565207e-05 7.826485671103000641e-05 7.508910493925213814e-05 7.445356459356844425e-05 7.658020331291481853e-05 7.858382741687819362e-05
1.410821643286573135e+01 7.609978638356551528e-05 4.857528892898699269e-06 7.578518852824345231e-05 7.815342542016878724e-05 7.627052400493994355e-05 7.549902511527761817e-05 7.373376865871250629e-05 7.784169429214671254e-05 7.470028504030779004e-05 7.408930105157196522e-05 7.616911898367106915e-05 7.817310688551515341e-05
1.418837675350701311e+01 7.568133150925859809e-05 4.844375325774308294e-06 7.539757643826305866e-05 7.775473932269960642e-05 7.588208973174914718e-05 7.511760486522689462e-05 7.335413829423487186e-05 7.745065522613003850e-05 7.430085679516196251e-05 7.370515959337353706e-05 7.579140219604596496e-05 7.778084545861929655e-05
1.426853707414829664e+01 7.530824950663372874e-05 4.793893367605051026e-06 7.503298547817394137e-05 7.732667290838435292e-05 7.549376459792256355e-05 7.473120058421045542e-05 7.298216223716735840e-05 7.703807204961776733e-05 7.393275154754519463e-05 7.333825487876310945e-05 7.540081423940137029e-05 7.738811837043613195e-05
1.434869739478957840e+01 7.492894656024873257e-05 4.779715709446463734e-06 7.463170913979411125e-05 7.694042142247781157e-05 7.512111187679693103e-05 7.435295265167951584e-05 7.262052531586959958e-05 7.666429883101955056e-05 7.356485730269923806e-05 7.295418618014082313e-05 7.503577944589778781e-05 7.699686830164864659e-05
1.442885771543086193e+01 7.455339073203504086e-05 4.766079655382782221e-06 7.426345109706744552e-05 7.657647074665874243e-05 7.474481390090659261e-05 7.398029265459626913e-05 7.225487934192642570e-05 7.627902959939092398e-05 7.318476855289191008e-05 7.258971163537353277e-05 7.466887473128736019e-05 7.660657138330861926e-05
1.450901803607214369e+01 7.417257438646629453e-05 4.712818736152257770e-06 7.388679659925401211e-05 7.616831862833350897e-05 7.438380998792126775e-05 7.361531606875360012e-05 7.189787720562890172e-05 7.588817243231460452e-05 7.284059392986819148e-05 7.223255670396611094e-05 7.426529191434383392e-05 7.621497206855565310e-05
1.458917835671342544e+01 7.381229079328477383e-05 4.701283614849671721e-06 7.352438842644914985e-05 7.578395889140665531e-05 7.398649904644116759e-05 7.324236503336578608e-05 7.154030754463747144e-05 7.552120951004326344e-05 7.245719461934641004e-05 7.186346920207142830e-05 7.390174141619354486e-05 7.583622937090694904e-05
1.466933867735470898e+01 7.344379991991445422e-05 4.667014763981569558e-06 7.315455150092020631e-05 7.542288949480280280e-05 7.362640462815761566e-05 7.288951746886596084e-05 7.119376095943152905e-05 7.515228935517370701e-05 7.211239426396787167e-05 7.153621845645830035e-05 7.354949048021808267e-05 7.546354026999324560e-05
1.474949899799599073e+01 7.308078056667000055e-05 4.667588655138388276e-06 7.280532008735463023e-05 7.506160909542813897e-05 7.326102058868855238e-05 7.252764771692454815e-05 7.083361560944467783e-05 7.478781481040641665e-05 7.174048369051888585e-05 7.116090273484587669e-05 7.317645940929651260e-05 7.508997077820822597e-05
1.482965931863727427e+01 7.274091331055387855e-05 4.642217845685081556e-06 7.244711014209315181e-05 7.468047988368198276e-05 7.289876521099358797e-05 7.216742960736155510e-05 7.048094266792759299e-05 7.440934859914705157e-05 7.138588262023404241e-05 7.080558862071484327e-05 7.282364822458475828e-05 7.471872959285974503e-05
1.490981963927855602e+01 7.237211684696376324e-05 4.641545729100471362e-06 7.209183240775018930e-05 7.434281724272295833e-05 7.254853699123486876e-05 7.180941611295565963e-05 7.012935384409502149e-05 7.406584336422383785e-05 7.103520329110324383e-05 7.047502731438726187e-05 7.249293412314727902e-05 7.436650048475712538e-05
1.498997995991983956e+01 7.201055268524214625e-05 4.591716333379736170e-06 7.173405174398794770e-05 7.397479203063994646e-05 7.219840335892513394e-05 7.146735151764005423e-05 6.980587932048365474e-05 7.369279046542942524e-05 7.071880099829286337e-05 7.013483991613611579e-05 7.212161290226504207e-05 7.400336471619084477e-05
1.507014028056112132e+01 7.166362775024026632e-05 4.578208972816355526e-06 7.139874651329591870e-05 7.359110168181359768e-05 7.185983122326433659e-05 7.112338789738714695e-05 6.946646317373961210e-05 7.334133260883390903e-05 7.036610622890293598e-05 6.977073644520714879e-05 7.177921361289918423e-05 7.365464261965826154e-05
1.515030060120240485e+01 7.133674807846546173e-05 4.570690634864149615e-06 7.105275290086865425e-05 7.329792424570769072e-05 7.150354940677061677e-05 7.079168426571413875e-05 6.913332617841660976e-05 7.300346624106168747e-05 7.002964412095025182e-05 6.945950735826045275e-05 7.142823596950620413e-05 7.328799256356433034e-05
1.523046092184368661e+01 7.099389040376991034e-05 4.539647306955885142e-06 7.070478022797033191e-05 7.292240479728206992e-05 7.118004577932879329e-05 7.045251550152897835e-05 6.880669388920068741e-05 7.263084262376651168e-05 6.970170943532139063e-05 6.910972297191619873e-05 7.108270801836624742e-05 7.295043178601190448e-05
1.531062124248497014e+01 7.064438977977260947e-05 4.503492164076305926e-06 7.039630145300179720e-05 7.256514072651043534e-05 7.082754018483683467e-05 7.010755507508292794e-05 6.848141492810100317e-05 7.229555194498971105e-05 6.936537829460576177e-05 6.879134889459237456e-05 7.074113818816840649e-05 7.258493860717862844e-05
1.539078156312625190e+01 7.032638677628710866e-05 4.489631919568637386e-06 7.004895451245829463e-05 7.222897693281993270e-05 7.048693078104406595e-05 6.977911834837868810e-05 6.814766675233840942e-05 7.194767385954037309e-05 6.903942994540557265e-05 6.847881013527512550e-05 7.042370270937681198e-05 7.225522858789190650e-05
1.547094188376753365e+01 7.000032928772270679e-05 4.447986157174455002e-06 6.971599941607564688e-05 7.185147114796563983e-05 7.017813186394050717e-05 6.944679626030847430e-05 6.783482240280136466e-05 7.160112727433443069e-05 6.870834477012977004e-05 6.814383232267573476e-05 7.007093518041074276e-05 7.189924508566036820e-05
1.555110220440881719e+01 6.966448563616722822e-05 4.446161256055347621e-06 6.939204467926174402e-05 7.155982166295871139e-05 6.985422805882990360e-05 6.912152457516640425e-05 6.750395550625398755e-05 7.126786658773198724e-05 6.841254798928275704e-05 6.782776472391560674e-05 6.973707786528393626e-05 7.156862557167187333e-05
1.563126252505009894e+01 6.935241981409490108e-05 4.426942723512183875e-06 6.906478665769100189e-05 7.123083196347579360e-05 6.950675742700695992e-05 6.879803549963980913e-05 6.720823148498311639e-05 7.095808541635051370e-05 6.809140177210792899e-05 6.752881017746403813e-05 6.941640458535403013e-05 7.124958938220515847e-05
1.571142284569138248e+01 6.901001324877142906e-05 4.393618837639223784e-06 6.875212420709431171e-05 7.087374979164451361e-05 6.919142469996586442e-05 6.848514021839946508e-05 6.689586007269099355e-05 7.062048098305240273e-05 6.776918598916381598e-05 6.720957753714174032e-05 6.910010415595024824e-05 7.091830048011615872e-05
1.579158316633266423e+01 6.869818753330036998e-05 4.373412593849934638e-06 6.842971197329461575e-05 7.052921864669770002e-05 6.886354094604030252e-05 6.816703535150736570e-05 6.658018537564203143e-05 7.029352855170145631e-05 6.744713755324482918e-05 6.691053567919880152e-05 6.879685679450631142e-05 7.060324423946440220e-05
1.587174348697394777e+01 6.839331035735085607e-05 4.373212959762895480e-06 6.813375512138009071e-05 7.025821832939982414e-05 6.853968807263299823e-05 6.785746518289670348e-05 6.627820403082296252e-05 6.996143201831728220e-05 6.713417678838595748e-05 6.657885387539863586e-05 6.847560143796727061e-05 7.026210369076579809e-05
1.595190380761522952e+01 6.807270983699709177e-05 4.357630132290069014e-06 6.781761476304382086e-05 6.993127317400649190e-05 6.824990123277530074e-05 6.755057984264567494e-05 6.597928586415946484e-05 6.966594810364767909e-05 6.683821993647143245e-05 6.627744005527347326e-05 6.815208325861021876e-05 6.995142030064016581e-05
1.603206412825651128e+01 6.777215457987040281e-05 4.317814727983204648e-06 6.751059117959812284e-05 6.958063022466376424e-05 6.793613283662125468e-05 6.724578997818753123e-05 6.566743104485794902e-05 6.933800614206120372e-05 6.654216849710792303e-05 6.599439075216650963e-05 6.784782453905791044e-05 6.963686610106378794e-05
1.611222444889779482e+01 6.746701546944677830e-05 4.298545263736741617e-06 6.719848897773772478e-05 6.927084905328229070e-05 6.762045086361467838e-05 6.694104376947507262e-05 6.537163426401093602e-05 6.902541645104065537e-05 6.625115202041342854e-05 6.569335528183728456e-05 6.755328649887815118e-05 6.932107498869299889e-05
1.619238476953907835e+01 6.715518247801810503e-05 4.294573955121450126e-06 6.689553993055596948e-05 6.897342973388731480e-05 6.732831388944759965e-05 6.664053944405168295e-05 6.507234502350911498e-05 6.872341327834874392e-05 6.593110447283834219e-05 6.540219328599050641e-05 6.725310959154739976e-05 6.900817243149504066e-05
1.627254509018035833e+01 6.685384141746908426e-05 4.280645953258499503e-06 6.659505015704780817e-05 6.868082709843292832e-05 6.703124381601810455e-05 6.634574674535542727e-05 6.478541763499379158e-05 6.840902642579749227e-05 6.563650822499766946e-05 6.510648381663486362e-05 6.694027251796796918e-05 6.870493962196633220e-05
1.635270541082164186e+01 6.656679033767431974e-05 4.248802724760025740e-06 6.630027201026678085e-05 6.838515400886535645e-05 6.673853931715711951e-05 6.604336522286757827e-05 6.451389344874769449e-05 6.811647472204640508e-05 6.536964065162464976e-05 6.482205935753881931e-05 6.663621752522885799e-05 6.838601257186383009e-05
1.643286573146292540e+01 6.626676622545346618e-05 4.217569312459090725e-06 6.601302447961643338e-05 6.804272561566904187e-05 6.643438246101140976e-05 6.576268788194283843e-05 6.422710430342704058e-05 6.780015246476978064e-05 6.507544458145275712e-05 6.451709487009793520e-05 6.635965837631374598e-05 6.808945909142494202e-05
1.651302605210420893e+01 6.596625462407246232e-05 4.222262759867589921e-06 6.572387792402878404e-05 6.776711961720138788e-05 6.614907033508643508e-05 6.547683005919679999e-05 6.393157673301175237e-05 6.750775355612859130e-05 6.477467104559764266e-05 6.424436287488788366e-05 6.605533417314291000e-05 6.780461262678727508e-05
1.659318637274548891e+01 6.568334356416016817e-05 4.189587798464344814e-06 6.543064955621957779e-05 6.747672887286171317e-05 6.584464426850900054e-05 6.519147427752614021e-05 6.365653098328039050e-05 6.720412784488871694e-05 6.449691136367619038e-05 6.397262040991336107e-05 6.577937165275216103e-05 6.749320891685783863e-05
1.667334669338677244e+01 6.540419417433440685e-05 4.172552053205436096e-06 6.516175926662981510e-05 6.715313065797090530e-05 6.555474828928709030e-05 6.489313091151416302e-05 6.337094964692369103e-05 6.691238377243280411e-05 6.422115984605625272e-05 6.366982415784150362e-05 6.549281533807516098e-05 6.719848897773772478e-05
1.675350701402805598e+01 6.512300024041905999e-05 4.176822130830259994e-06 6.486132770078256726e-05 6.689853762509301305e-05 6.528086669277399778e-05 6.460760050686076283e-05 6.309927266556769609e-05 6.663691601715981960e-05 6.392315845005214214e-05 6.340419349726289511e-05 6.519495218526571989e-05 6.690702139167115092e-05
1.683366733466933951e+01 6.483757897512987256e-05 4.147340405324939638e-06 6.459157884819433093e-05 6.658527127001434565e-05 6.498261791421100497e-05 6.434805254684761167e-05 6.283308903221040964e-05 6.635320460190996528e-05 6.365490116877481341e-05 6.312406912911683321e-05 6.493305409094318748e-05 6.662649684585630894e-05
1.691382765531061949e+01 6.455691618612036109e-05 4.115646788704907522e-06 6.430707435356453061e-05 6.630614370806142688e-05 6.471513916039839387e-05 6.405881867976859212e-05 6.256378401303663850e-05 6.604311784030869603e-05 6.338387902360409498e-05 6.286869029281660914e-05 6.464569014497101307e-05 6.633505108766257763e-05
1.699398797595190302e+01 6.428322376450523734e-05 4.109686415176838636e-06 6.402967846952378750e-05 6.601069617317989469e-05 6.442867743317037821e-05 6.378735997714102268e-05 6.229076097952201962e-05 6.577906606253236532e-05 6.309036689344793558e-05 6.259935616981238127e-05 6.436063267756253481e-05 6.605413364013656974e-05
1.707414829659318656e+01 6.401228165486827493e-05 4.089810317964293063e-06 6.375027442118152976e-05 6.574337021447718143e-05 6.416899850592017174e-05 6.350755575112998486e-05 6.203763041412457824e-05 6.548569945152848959e-05 6.283872062340378761e-05 6.231654697330668569e-05 6.407470937119796872e-05 6.576971645699813962e-05
1.715430861723446654e+01 6.373190990416333079e-05 4.077799985680030659e-06 6.349320028675720096e-05 6.547495286213234067e-05 6.386673339875414968e-05 6.325079448288306594e-05 6.177155592013150454e-05 6.521635077660903335e-05 6.257583299884572625e-05 6.205650424817577004e-05 6.381778803188353777e-05 6.549812678713351488e-05
1.723446893787575007e+01 6.346468580886721611e-05 4.060226729052374139e-06 6.323149864329025149e-05 6.518102600239217281e-05 6.362813292071223259e-05 6.297537765931338072e-05 6.149847467895597219e-05 6.493881664937362075e-05 6.231096631381660700e-05 6.179353658808395267e-05 6.356056110234931111e-05 6.521970499306917191e-05
1.731462925851703361e+01 6.320628745015710592e-05 4.043305580125888810e-06 6.295232742559164762e-05 6.491776002803817391e-05 6.336387014016509056e-05 6.271527672652155161e-05 6.123997445683926344e-05 6.466529885074123740e-05 6.205590761965140700e-05 6.154459697427228093e-05 6.328892777673900127e-05 6.494841363746672869e-05
1.739478957915831714e+01 6.294043851085007191e-05 3.999010459665441886e-06 6.269344885367900133e-05 6.462189776357263327e-05 6.309223681455478072e-05 6.244564428925514221e-05 6.099320307839661837e-05 6.439366552513092756e-05 6.179796037031337619e-05 6.129384564701467752e-05 6.300613313214853406e-05 6.465610931627452374e-05
1.747494989979959712e+01 6.267581193242222071e-05 3.997614840045571327e-06 6.243730604182928801e-05 6.434712850023061037e-05 6.283284892560914159e-05 6.218725320650264621e-05 6.073346594348549843e-05 6.413590017473325133e-05 6.153508729767054319e-05 6.102223778725601733e-05 6.276194471865892410e-05 6.439391290768980980e-05
1.755511022044088065e+01 6.241873052204027772e-05 3.996805389760993421e-06 6.217313784873113036e-05 6.411180220311507583e-05 6.256844062590971589e-05 6.193488661665469408e-05 6.047621354809962213e-05 6.386917812051251531e-05 6.128742097644135356e-05 6.077193029341287911e-05 6.251624290598556399e-05 6.413472874555736780e-05
1.763527054108216419e+01 6.215002213139086962e-05 3.984853265137644485e-06 6.192454748088493943e-05 6.384919834090396762e-05 6.230520375538617373e-05 6.167402898427098989e-05 6.023114110575988889e-05 6.359494000207632780e-05 6.102531915530562401e-05 6.050632873666472733e-05 6.224884418770670891e-05 6.387508619809523225e-05
1.771543086172344772e+01 6.190430576680228114e-05 3.944234322261763737e-06 6.165650120237842202e-05 6.356753874570131302e-05 6.204425153555348516e-05 6.142995698610320687e-05 5.999055429128929973e-05 6.333686906145885587e-05 6.077703437767922878e-05 6.028458665241487324e-05 6.198830669745802879e-05 6.360719999065622687e-05
1.779559118236472770e+01 6.164921069284901023e-05 3.931635546905454248e-06 6.141543417470529675e-05 6.330100586637854576e-05 6.180896889418363571e-05 6.117005250416696072e-05 5.975719250272959471e-05 6.307870353339239955e-05 6.053114339010789990e-05 6.001006477163173258e-05 6.173839938128367066e-05 6.334701174637302756e-05
1.787575150300601123e+01 6.140050390968099236e-05 3.912362899427535012e-06 6.117664452176541090e-05 6.304628914222121239e-05 6.154982111183926463e-05 6.092675539548508823e-05 5.949931073701009154e-05 6.282278627622872591e-05 6.027653944329358637e-05 5.978352419333532453e-05 6.146939267637208104e-05 6.307732110144570470e-05
1.795591182364729477e+01 6.114917050581425428e-05 3.916126843250822276e-06 6.090311217121779919e-05 6.281032256083562970e-05 6.129127723397687078e-05 6.067424328648485243e-05 5.925610457779839635e-05 6.258491339394822717e-05 6.003353337291628122e-05 5.954733569524250925e-05 6.121883779997006059e-05 6.283458787947893143e-05
1.803607214428857475e+01 6.089742237236350775e-05 3.900488991348538548e-06 6.066753121558576822e-05 6.257357017602771521e-05 6.105710781412199140e-05 6.042617678758688271e-05 5.902408156543970108e-05 6.231696897884830832e-05 5.980131390970200300e-05 5.928979953750967979e-05 6.099692836869508028e-05 6.257494533201679587e-05
1.811623246492985828e+01 6.065914567443542182e-05 3.881025349983246997e-06 6.042623499524779618e-05 6.232142914086580276e-05 6.082151230657473207e-05 6.019037755322642624e-05 5.879196032765321434e-05 6.206472608027979732e-05 5.954472362645901740e-05 5.907025479245930910e-05 6.072831092751584947e-05 6.233117164811119437e-05
1.819639278557114181e+01 6.042589302523992956e-05 3.855936029140138999e-06 6.017700434313155711e-05 6.203763041412457824e-05 6.057231803424656391e-05 5.994514867779798806e-05 5.855259951204061508e-05 6.181993376230821013e-05 5.930619954597204924e-05 5.883548510610125959e-05 6.049559669918380678e-05 6.208278500707820058e-05
1.827655310621242535e+01 6.016965562594123185e-05 3.845958417514339089e-06 5.994131424813531339e-05 6.179990305099636316e-05 6.032472811057232320e-05 5.971048085484653711e-05 5.831720773130655289e-05 6.158404721645638347e-05 5.908073580940254033e-05 5.859873635927215219e-05 6.026941264281049371e-05 6.183721416164189577e-05
1.835671342685370533e+01 5.994074308546259999e-05 3.834757080767303705e-06 5.970808706479147077e-05 6.157399911899119616e-05 6.008772106724791229e-05 5.948490797891281545e-05 5.809556387248449028e-05 6.133301940280944109e-05 5.883571066078729928e-05 5.835403862874954939e-05 6.000400026096031070e-05 6.158328324090689421e-05
1.843687374749498886e+01 5.969442281639203429e-05 3.811544047493953258e-06 5.947038152953609824e-05 6.132062117103487253e-05 5.985666575725190341e-05 5.922944546910002828e-05 5.786449401057325304e-05 6.108914385549724102e-05 5.862383477506227791e-05 5.814184260088950396e-05 5.978974149911664426e-05 6.135577859822660685e-05
1.851703406813627240e+01 5.945478915236890316e-05 3.788302137763821520e-06 5.923672870267182589e-05 6.108739034971222281e-05 5.960722046438604593e-05 5.900967880734242499e-05 5.763726221630349755e-05 6.083577682147733867e-05 5.838932702317833900e-05 5.791881994809955359e-05 5.954205698799341917e-05 6.110801041359081864e-05
1.859719438877755593e+01 5.924447032157331705e-05 3.794097438003518619e-06 5.900359974475577474e-05 6.084192500566132367e-05 5.937014066148549318e-05 5.877940202481113374e-05 5.739646803704090416e-05 6.060808300389908254e-05 5.814727410324849188e-05 5.767355105490423739e-05 5.930178667767904699e-05 6.086699795559979975e-05
1.867735470941883591e+01 5.900415999349206686e-05 3.770599505514837801e-06 5.877710646018385887e-05 6.059306178940460086e-05 5.915588917559944093e-05 5.855393828824162483e-05 5.717537715099751949e-05 6.036835111444815993e-05 5.792390220449306071e-05 5.744508962379768491e-05 5.907679224037565291e-05 6.062762258807197213e-05
1.875751503006011944e+01 5.877626608707942069e-05 3.766260761040030047e-06 5.854087066836655140e-05 6.036109334672801197e-05 5.892532499274238944e-05 5.830964437336660922e-05 5.695188156096264720e-05 6.013822348904795945e-05 5.768373011960648000e-05 5.723522554035298526e-05 5.885709106223657727e-05 6.040347943780943751e-05
1.883767535070140298e+01 5.855214840266853571e-05 3.724135694938013330e-06 5.833155955770052969e-05 6.010308061377145350e-05 5.869236338185146451e-05 5.810060611111111939e-05 5.674078420270234346e-05 5.990428689983673394e-05 5.747446630266495049e-05 5.701828558812849224e-05 5.862378020538017154e-05 6.016174302203580737e-05
1.891783567134268296e+01 5.832488386658951640e-05 3.745429012269596569e-06 5.810038419440388680e-05 5.992154183331876993e-05 5.847190914209932089e-05 5.787410191260278225e-05 5.651699393638409674e-05 5.968509140075184405e-05 5.724728907807730138e-05 5.677244553226046264e-05 5.839929508510977030e-05 5.991748184897005558e-05
1.899799599198396649e+01 5.809716822113841772e-05 3.730060143425362185e-06 5.786725887446664274e-05 5.971446807961910963e-05 5.823751416755840182e-05 5.764396701124496758e-05 5.629665247397497296e-05 5.943959331489168108e-05 5.704113209503702819e-05 5.658570080413483083e-05 5.817168130306527019e-05 5.970911297481507063e-05
1.907815631262525002e+01 5.787713962490670383e-05 3.703095217133522965e-06 5.765122841694392264e-05 5.945297380094416440e-05 5.802441228297539055e-05 5.743939982494339347e-05 5.608969877357594669e-05 5.921165211475454271e-05 5.681729089701548219e-05 5.635456182062625885e-05 5.796550976810976863e-05 5.947951285634189844e-05
1.915831663326653356e+01 5.766772301285527647e-05 3.685095180117059499e-06 5.744114969274960458e-05 5.921554475207813084e-05 5.780890205642208457e-05 5.720237459172494709e-05 5.587188206845894456e-05 5.899802999920211732e-05 5.661775867338292301e-05 5.614461042569018900e-05 5.772318036179058254e-05 5.924994911765679717e-05
1.923847695390781354e+01 5.743698784499429166e-05 3.652539135146071203e-06 5.720640911022201180e-05 5.897029768675565720e-05 5.759127452620305121e-05 5.699181565432809293e-05 5.566744584939442575e-05 5.878473166376352310e-05 5.640719973598606884e-05 5.593446985585615039e-05 5.751822027377784252e-05 5.900838004890829325e-05
1.931863727454909707e+01 5.723423964809626341e-05 3.665391432150499895e-06 5.700154360965825617e-05 5.879084346815943718e-05 5.736577077186666429e-05 5.678506204276345670e-05 5.545422754948958755e-05 5.855354538653045893e-05 5.617749047814868391e-05 5.571752626565285027e-05 5.729508120566606522e-05 5.879499076399952173e-05
1.939879759519038060e+01 5.701665577362291515e-05 3.652172836154932156e-06 5.678646994056180120e-05 5.854399569216184318e-05 5.713640712201595306e-05 5.657058864017017186e-05 5.523688014363870025e-05 5.834274270455352962e-05 5.595837501459755003e-05 5.550867717829532921e-05 5.708869139198213816e-05 5.857895303051918745e-05
1.947895791583166414e+01 5.679475725628435612e-05 3.643238414952065796e-06 5.657706424244679511e-05 5.834835974383167922e-05 5.694253923138603568e-05 5.634789704345166683e-05 5.504557702806778252e-05 5.812343806610442698e-05 5.575037721428088844e-05 5.529675399884581566e-05 5.687600423698313534e-05 5.836026684846729040e-05
1.955911823647294412e+01 5.658747613779269159e-05 3.632296966316062026e-06 5.636519927065819502e-05 5.815520489704795182e-05 5.671643521054647863e-05 5.614562542177736759e-05 5.482711276272311807e-05 5.789529677713289857e-05 5.554939707508310676e-05 5.509814945980906487e-05 5.665211210725829005e-05 5.813402822241187096e-05
1.963927855711422765e+01 5.636681817122735083e-05 3.598165903895278461e-06 5.615788904833607376e-05 5.788177077192813158e-05 5.651305400533601642e-05 5.593249807134270668e-05 5.463446723297238350e-05 5.768158371211029589e-05 5.533030343940481544e-05 5.489366230904124677e-05 5.644626799039542675e-05 5.792998126707971096e-05
1.971943887775551119e+01 5.616377166006714106e-05 3.580899146982119419e-06 5.594663889496587217e-05 5.768180562881752849e-05 5.631701060337945819e-05 5.573703310801647604e-05 5.443491681944578886e-05 5.747917748522013426e-05 5.515013981494121253e-05 5.468565359478816390e-05 5.623259130516089499e-05 5.769841300207190216e-05
1.979959919839679117e+01 5.595266702584922314e-05 3.576737526600481942e-06 5.573756061494350433e-05 5.746887836721725762e-05 5.610328298644162714e-05 5.552164293476380408e-05 5.422626782092265785e-05 5.726983727072365582e-05 5.494582364917732775e-05 5.449251329991966486e-05 5.602469173027202487e-05 5.750143827754072845e-05
1.987975951903807470e+01 5.575393515755422413e-05 3.553916485543595627e-06 5.554134622798301280e-05 5.725099981646053493e-05 5.591127410298213363e-05 5.531394708668813109e-05 5.403408067650161684e-05 5.705483999918214977e-05 5.474195131682790816e-05 5.428789154393598437e-05 5.582831727224402130e-05 5.727765164920128882e-05
1.995991983967935823e+01 5.555697134695947170e-05 3.553353735696873628e-06 5.533927469514310360e-05 5.706240335712209344e-05 5.568592314375564456e-05 5.512048301170580089e-05 5.383903044275939465e-05 5.683772178599610925e-05 5.453410267364233732e-05 5.408516517491079867e-05 5.562827936955727637e-05 5.708063690690323710e-05
2.004008016032064177e+01 5.535933087230660021e-05 3.527540229697478935e-06 5.514151416718959808e-05 5.683273411705158651e-05 5.548607441596686840e-05 5.492355558089911938e-05 5.364146636566147208e-05 5.663979391101747751e-05 5.434891136246733367e-05 5.389358557295054197e-05 5.542039798456244171e-05 5.686943768523633480e-05
2.012024048096192175e+01 5.515024531632661819e-05 3.514173840812873095e-06 5.493586650118231773e-05 5.663396223098970950e-05 5.528452311409637332e-05 5.471637996379286051e-05 5.343993689166381955e-05 5.642145697493106127e-05 5.415267514763399959e-05 5.371184670366346836e-05 5.520012564375065267e-05 5.667102232109755278e-05
2.020040080160320528e+01 5.494770812219940126e-05 3.519278152452898212e-06 5.472169868880882859e-05 5.644082921207882464e-05 5.509352195076644421e-05 5.452229743241332471e-05 5.324601806933060288e-05 5.623575634672306478e-05 5.395869447966106236e-05 5.349587445380166173e-05 5.499813778442330658e-05 5.645902638207189739e-05
2.028056112224448881e+01 5.474612407851964235e-05 3.508508825689204969e-06 5.453191988635808229e-05 5.624256300507113338e-05 5.489051909535191953e-05 5.432496982393786311e-05 5.306596358423121274e-05 5.602084638667292893e-05 5.374766988097690046e-05 5.330556086846627295e-05 5.481890548253431916e-05 5.627111022477038205e-05
2.036072144288577235e+01 5.455548307509161532e-05 3.495249984553083777e-06 5.434870399767532945e-05 5.603014506050385535e-05 5.468701056088320911e-05 5.413031612988561392e-05 5.287269596010446548e-05 5.582575977314263582e-05 5.355391112971119583e-05 5.310782944434322417e-05 5.462774424813687801e-05 5.606424383586272597e-05
2.044088176352705233e+01 5.436005449155345559e-05 3.486503146632458083e-06 5.415406849351711571e-05 5.584631071542389691e-05 5.447988951345905662e-05 5.393872925196774304e-05 5.267390588414855301e-05 5.561936995945870876e-05 5.337367474567145109e-05 5.292354398989118636e-05 5.442474139272235334e-05 5.586575571214780211e-05
2.052104208416833586e+01 5.416651765699498355e-05 3.468120439720223658e-06 5.395596599555574358e-05 5.564727325690910220e-05 5.430612145573832095e-05 5.374710599426180124e-05 5.249447349342517555e-05 5.542620783671736717e-05 5.317005707183852792e-05 5.275005969451740384e-05 5.423847323982045054e-05 5.566070103668607771e-05
2.060120240480961940e+01 5.397856148192659020e-05 3.461921096459263936e-06 5.375299951992928982e-05 5.545602834899909794e-05 5.410688754636794329e-05 5.355993926059454679e-05 5.230383976595476270e-05 5.523582876776345074e-05 5.299051190377213061e-05 5.256711301626637578e-05 5.404144758358597755e-05 5.547041291720233858e-05
2.068136272545089938e+01 5.377940397011116147e-05 3.442476554482709616e-06 5.358874841476790607e-05 5.525764208869077265e-05 5.392391904024407268e-05 5.337036782293580472e-05 5.211995812715031207e-05 5.504914588527753949e-05 5.280713594402186573e-05 5.238765515969134867e-05 5.385510303312912583e-05 5.526623135665431619e-05
2.076152304609218291e+01 5.359800343285314739e-05 3.441783974267309532e-06 5.338874689186923206e-05 5.508102185558527708e-05 5.373659587348811328e-05 5.318968396750278771e-05 5.192805474507622421e-05 5.484112625708803535e-05 5.263292769086547196e-05 5.218496153247542679e-05 5.366305776988156140e-05 5.507251262315548956e-05
2.084168336673346644e+01 5.341171345207840204e-05 3.414784259803127497e-06 5.319618139765225351e-05 5.483788117999210954e-05 5.353644883143715560e-05 5.300122575135901570e-05 5.175857586436904967e-05 5.466245056595653296e-05 5.242203769739717245e-05 5.200357554713264108e-05 5.348281410988420248e-05 5.487973248818889260e-05
2.092184368737474998e+01 5.323053483152762055e-05 3.410270210224553011e-06 5.302033241605386138e-05 5.466969741974025965e-05 5.336874164640903473e-05 5.281091580400243402e-05 5.158157364348880947e-05 5.446638169814832509e-05 5.224865162745118141e-05 5.181072629056870937e-05 5.330058411345817149e-05 5.468361632665619254e-05
2.100200400801602996e+01 5.304202932165935636e-05 3.394219447727664374e-06 5.284124199533835053e-05 5.449054151540622115e-05 5.317416798789054155e-05 5.263182174530811608e-05 5.140244320500642061e-05 5.427158248494379222e-05 5.207802314544096589e-05 5.164231697563081980e-05 5.309745029080659151e-05 5.450078242574818432e-05
2.108216432865731349e+01 5.286140367388725281e-05 3.403009259272948839e-06 5.265421350486576557e-05 5.430798410088755190e-05 5.299394615576602519e-05 5.245399370323866606e-05 5.121235517435707152e-05 5.409223740571178496e-05 5.187658098293468356e-05 5.145874820300377905e-05 5.292935020406730473e-05 5.431342287920415401e-05
2.116232464929859702e+01 5.266847801976837218e-05 3.375316509846015833e-06 5.247355875326320529e-05 5.410425728769041598e-05 5.279686592984944582e-05 5.227266956353560090e-05 5.104466981720179319e-05 5.391291779233142734e-05 5.170253280084580183e-05 5.129069904796779156e-05 5.274110662867315114e-05 5.412484460975974798e-05
2.124248496993988056e+01 5.250359026831574738e-05 3.371064394741551951e-06 5.229341695667244494e-05 5.392226739786565304e-05 5.261767000774852931e-05 5.208358197705820203e-05 5.087215322419069707e-05 5.371533188736066222e-05 5.152312223799526691e-05 5.110638812766410410e-05 5.255598443909548223e-05 5.395081825554370880e-05
2.132264529058116054e+01 5.231566319707781076e-05 3.362083589308895171e-06 5.211339521338231862e-05 5.375417458708398044e-05 5.245384090812876821e-05 5.190924275666475296e-05 5.069669350632466376e-05 5.354047607397660613e-05 5.135804894962348044e-05 5.093224535812623799e-05 5.237007280811667442e-05 5.375673936214298010e-05
2.140280561122244407e+01 5.213904660195112228e-05 3.355356284373556264e-06 5.193949255044572055e-05 5.357337067835032940e-05 5.227033034316264093e-05 5.173069439479149878e-05 5.052028791396878660e-05 5.335077730705961585e-05 5.118203625897876918e-05 5.076078741694800556e-05 5.220586535870097578e-05 5.358517228160053492e-05
2.148296593186372760e+01 5.195728226681239903e-05 3.326689466121024452e-06 5.176252670935355127e-05 5.336660251487046480e-05 5.209988012211397290e-05 5.155836697667837143e-05 5.034796049585565925e-05 5.317497561918571591e-05 5.101143688079901040e-05 5.060457624495029449e-05 5.202585452934727073e-05 5.340075949789024889e-05
2.156312625250500759e+01 5.178197534405626357e-05 3.304281335658743046e-06 5.158433486940339208e-05 5.318278999766334891e-05 5.191552918404340744e-05 5.139126733411103487e-05 5.018914089305326343e-05 5.298798350850120187e-05 5.084606164018623531e-05 5.042402335675433278e-05 5.185921691008843482e-05 5.321404023561626673e-05
2.164328657314629112e+01 5.160991713637486100e-05 3.295234137112856843e-06 5.141778819961473346e-05 5.301002238411456347e-05 5.173222598386928439e-05 5.121318463352508843e-05 5.002018224331550300e-05 5.281303310766816139e-05 5.066691664978861809e-05 5.025883001508191228e-05 5.166970731806941330e-05 5.303039506543427706e-05
2.172344689378757465e+01 5.143499947735108435e-05 3.296707291156053543e-06 5.123902519699186087e-05 5.285242878017015755e-05 5.155935286893509328e-05 5.103746661916375160e-05 4.984703627997078001e-05 5.264075662125833333e-05 5.050998152000829577e-05 5.008629159419797361e-05 5.149655044078826904e-05 5.285454608383588493e-05
2.180360721442885819e+01 5.126390169607475400e-05 3.270817387601709925e-06 5.107349716126918793e-05 5.264949140837416053e-05 5.139533459441736341e-05 5.086657620267942548e-05 4.967733912053517997e-05 5.244879139354452491e-05 5.033495108364149928e-05 4.992339017917402089e-05 5.132984733791090548e-05 5.267918095341883600e-05
2.188376753507013817e+01 5.109493213240057230e-05 3.263422286181594245e-06 5.090253398520871997e-05 5.248356319498270750e-05 5.122461152495816350e-05 5.071081250207498670e-05 4.952034942107275128e-05 5.228329246165230870e-05 5.016770228394307196e-05 4.975281262886710465e-05 5.116963802720420063e-05 5.250328467809595168e-05
2.196392785571142170e+01 5.093176150694489479e-05 3.268418367952108383e-06 5.072067142464220524e-05 5.232818512013182044e-05 5.106522075948305428e-05 5.052925189374946058e-05 4.934356911689974368e-05 5.210952076595276594e-05 5.000754026696085930e-05 4.959138095728121698e-05 5.099986083223484457e-05 5.233342744759283960e-05
2.204408817635270523e+01 5.075333683635108173e-05 3.256022409914294258e-06 5.056058580521494150e-05 5.213984331930987537e-05 5.088282705401070416e-05 5.036697621108032763e-05 4.918425838695839047e-05 5.194162804400548339e-05 4.982726386515423656e-05 4.941425504512153566e-05 5.084193617221899331e-05 5.215501005295664072e-05
2.212424849699398877e+01 5.058170427219010890e-05 3.246944743295898661e-06 5.039585448685102165e-05 5.196377605898305774e-05 5.072449494036845863e-05 5.019670425099320710e-05 4.901943248114548624e-05 5.177289494895376265e-05 4.966113920090720057e-05 4.925288158119656146e-05 5.065885125077329576e-05 5.198588041821494699e-05
2.220440881763526875e+01 5.042801421950571239e-05 3.243816081521799788e-06 5.021781544201076031e-05 5.180534208193421364e-05 5.055445944890379906e-05 5.003850310458801687e-05 4.886396345682442188e-05 5.161233275430276990e-05 4.949475987814366817e-05 4.908679693471640348e-05 5.049283936386927962e-05 5.181062442716211081e-05
2.228456913827655228e+01 5.025715290685184300e-05 3.212317324141622521e-06 5.006318315281532705e-05 5.161750232218764722e-05 5.037701703258790076e-05 4.987242937204428017e-05 4.870229895459488034e-05 5.142754525877535343e-05 4.934046228299848735e-05 4.894352969131432474e-05 5.031589535064995289e-05 5.164723916095681489e-05
2.236472945891783581e+01 5.009847518522292376e-05 3.211557896065642126e-06 4.990640081814490259e-05 5.146885814610868692e-05 5.022485856898128986e-05 4.970567169948481023e-05 4.854714279645122588e-05 5.125749885337427258e-05 4.918885315419174731e-05 4.876685125054791570e-05 5.016157956561073661e-05 5.147509364178404212e-05
2.244488977955911579e+01 4.992743924958631396e-05 3.193058546457905322e-06 4.975357296643778682e-05 5.127867189003154635e-05 5.005978891858831048e-05 4.954146425006911159e-05 4.838131280848756433e-05 5.109995254315435886e-05 4.902317232335917652e-05 4.862391870119608939e-05 4.999275552108883858e-05 5.130840872880071402e-05
2.252505010020039933e+01 4.977151547791436315e-05 3.195764747943030670e-06 4.958201316185295582e-05 5.113071165396831930e-05 4.989754961570724845e-05 4.938052370562218130e-05 4.822883056476712227e-05 5.093234358355402946e-05 4.886475653620436788e-05 4.845976582146249712e-05 4.982788232155144215e-05 5.115275416756048799e-05
2.260521042084168286e+01 4.961455852026119828e-05 3.178684892191085964e-06 4.942349187331274152e-05 5.096383029012940824e-05 4.973464456270448864e-05 4.922573862131685019e-05 4.807147342944517732e-05 5.076819797977805138e-05 4.870229895459488034e-05 4.831450132769532502e-05 4.967459244653582573e-05 5.097972461953759193e-05
2.268537074148296639e+01 4.945243927068077028e-05 3.179163741151569411e-06 4.926499968860298395e-05 5.080689516034908593e-05 4.957246346748434007e-05 4.907237962470389903e-05 4.791928222402930260e-05 5.061046613263897598e-05 4.854630606132559478e-05 4.814882413484156132e-05 4.950212314724922180e-05 5.082511779619380832e-05
2.276553106212424638e+01 4.929958959110081196e-05 3.169874617015011609e-06 4.910140341962687671e-05 5.063822754891589284e-05 4.942650775774382055e-05 4.890503259957768023e-05 4.776087735081091523e-05 5.044691715738736093e-05 4.839699977310374379e-05 4.799021189683116972e-05 4.935613469569943845e-05 5.065933146397583187e-05
2.284569138276552991e+01 4.914243618259206414e-05 3.146297785860951990e-06 4.893582809017971158e-05 5.046756268711760640e-05 4.925147368339821696e-05 4.875690501648932695e-05 4.761353193316608667e-05 5.028332816436886787e-05 4.823094786843284965e-05 4.785689816344529390e-05 4.919941056868992746e-05 5.049669198342598975e-05
2.292585170340681344e+01 4.898456973023712635e-05 3.139835598631179892e-06 4.880002961726859212e-05 5.031489126849919558e-05 4.909915514872409403e-05 4.859929686062969267e-05 4.746750710182823241e-05 5.012208566768094897e-05 4.808366793440654874e-05 4.769155930262058973e-05 4.903131048195064068e-05 5.033802517573349178e-05
2.300601202404809698e+01 4.883060682914219797e-05 3.132219944745884277e-06 4.863295907853171229e-05 5.015090937376953661e-05 4.894427547696977854e-05 4.844807335757650435e-05 4.730622094939462841e-05 4.996211282559670508e-05 4.793171319761313498e-05 4.753894609166309237e-05 4.889379488304257393e-05 5.017392322770319879e-05
2.308617234468937696e+01 4.867509051109664142e-05 3.127297759419889189e-06 4.847913442063145339e-05 4.999557131668552756e-05 4.880142296315170825e-05 4.828811142942868173e-05 4.715811519417911768e-05 4.980654921382665634e-05 4.777490539709106088e-05 4.738712959806434810e-05 4.871772398473694921e-05 5.001650788472034037e-05
2.316633266533066049e+01 4.852584970649331808e-05 3.106501708316500299e-06 4.833086495636962354e-05 4.983634426025673747e-05 4.863722642767243087e-05 4.814142812392674387e-05 4.701451325672678649e-05 4.964470645063556731e-05 4.763628749060444534e-05 4.724350583273917437e-05 4.860041008214466274e-05 4.985882696928456426e-05
2.324649298597194402e+01 4.837517553824000061e-05 3.112491867796052247e-06 4.817817534785717726e-05 4.969458314008079469e-05 4.848260141443461180e-05 4.798605368705466390e-05 4.686585452873259783e-05 4.948768037138506770e-05 4.747950151795521379e-05 4.708428241428919137e-05 4.842535054194740951e-05 4.970842201146297157e-05
2.332665330661322400e+01 4.821549373446032405e-05 3.077953579122549854e-06 4.803669071407057345e-05 4.951643131789751351e-05 4.835128856939263642e-05 4.783764234161935747e-05 4.672229260904714465e-05 4.933923992211930454e-05 4.733212335850112140e-05 4.696024916484020650e-05 4.827273005503229797e-05 4.954042742610909045e-05
2.340681362725450754e+01 4.806464130524545908e-05 3.078848521909094416e-06 4.786246427102014422e-05 4.936687037115916610e-05 4.819664900423958898e-05 4.768378130393102765e-05 4.657388853956945240e-05 4.917014302918687463e-05 4.718996933661401272e-05 4.679609628510661423e-05 4.813234409084543586e-05 4.939724385621957481e-05
2.348697394789579107e+01 4.792161416844464839e-05 3.075354015891207382e-06 4.773073669639416039e-05 4.923174856230616570e-05 4.802267358172684908e-05 4.754347901325672865e-05 4.642931889975443482e-05 4.903065564576536417e-05 4.703926970250904560e-05 4.665506276069208980e-05 4.796935172635130584e-05 4.923644883092492819e-05
2.356713426853707460e+01 4.776821151608601213e-05 3.065730652451748028e-06 4.758248906000517309e-05 4.906498725176788867e-05 4.790141974808648229e-05 4.739567521028220654e-05 4.628268288797698915e-05 4.887277464149519801e-05 4.689540583058260381e-05 4.650842311093583703e-05 4.783244366990402341e-05 4.909676499664783478e-05
2.364729458917835458e+01 4.762080061482265592e-05 3.055917204619618133e-06 4.743704994325526059e-05 4.891636854154057801e-05 4.773492401000112295e-05 4.725364487967453897e-05 4.614179124473594129e-05 4.872692079516127706e-05 4.673771400121040642e-05 4.636936137103475630e-05 4.767260179505683482e-05 4.893900404567830265e-05
2.372745490981963812e+01 4.748357969219796360e-05 3.050522082048701122e-06 4.728691783384419978e-05 4.877471292275004089e-05 4.759546573041006923e-05 4.710705616162158549e-05 4.600198371917940676e-05 4.857900785282254219e-05 4.661289858631789684e-05 4.621242260327562690e-05 4.753350731334649026e-05 4.878467007074505091e-05
2.380761523046092165e+01 4.732905290438793600e-05 3.036228008568286896e-06 4.713991074822843075e-05 4.861682100454345345e-05 4.744849866256117821e-05 4.695259485743008554e-05 4.585884016705676913e-05 4.842724592890590429e-05 4.646050001611001790e-05 4.607855589711107314e-05 4.739305222756229341e-05 4.863184585701674223e-05
2.388777555110220518e+01 4.718843774753622711e-05 3.024279976671095937e-06 4.700743374996818602e-05 4.848495882470160723e-05 4.729327338282018900e-05 4.682028884417377412e-05 4.572966281557455659e-05 4.827613884117454290e-05 4.631464616977609694e-05 4.594017082126811147e-05 4.723652091342955828e-05 4.848042590310797095e-05
2.396793587174348517e+01 4.704043749370612204e-05 3.018161805812269449e-06 4.686969623435288668e-05 4.832735794479958713e-05 4.716409966931678355e-05 4.667126268032006919e-05 4.557953434414230287e-05 4.812376209883950651e-05 4.616683509084396064e-05 4.579892265610396862e-05 4.710580105893313885e-05 4.833427374251186848e-05
2.404809619238476870e+01 4.689424531534314156e-05 3.006623501278227195e-06 4.671765782404690981e-05 4.817119042854756117e-05 4.701715806731954217e-05 4.653978976421058178e-05 4.544035255094058812e-05 4.799099042429588735e-05 4.603252818924374878e-05 4.565523704513907433e-05 4.695877214544452727e-05 4.818143861484713852e-05
2.412825651302605223e+01 4.676348180510103703e-05 3.005629423569189385e-06 4.657708632294088602e-05 4.803999036084860563e-05 4.687143882620148361e-05 4.639381950255483389e-05 4.530681690084747970e-05 4.785644341609440744e-05 4.590241951518692076e-05 4.552189420792274177e-05 4.679903577198274434e-05 4.804360651178285480e-05
2.420841683366733221e+01 4.661774437408894300e-05 2.993408770635141991e-06 4.642790372599847615e-05 4.789465674548409879e-05 4.672345312428660691e-05 4.625766450772061944e-05 4.516949775279499590e-05 4.770397936226800084e-05 4.575417187879793346e-05 4.539560904959216714e-05 4.667179382522590458e-05 4.790283492184244096e-05
2.428857715430861575e+01 4.647086825571022928e-05 2.984171942443936132e-06 4.629398245015181601e-05 4.775140769197605550e-05 4.659050318878144026e-05 4.610378891811706126e-05 4.503890886553563178e-05 4.756379348691552877e-05 4.562085086945444345e-05 4.526483826339244843e-05 4.653135692933574319e-05 4.776597779709845781e-05
2.436873747494989928e+01 4.634023207472637296e-05 2.984639877467998303e-06 4.615727812051773071e-05 4.760735828313045204e-05 4.644765431294217706e-05 4.597659062710590661e-05 4.489597995416261256e-05 4.742230521515011787e-05 4.549620280158706009e-05 4.510505823418498039e-05 4.640169572667218745e-05 4.762261596624739468e-05
2.444889779559118281e+01 4.620607796823605895e-05 2.963295173685764894e-06 4.602686385624110699e-05 4.746120976051315665e-05 4.631071715266443789e-05 4.583042391459457576e-05 4.476169851841405034e-05 4.727244231617078185e-05 4.536172491498291492e-05 4.498538328334689140e-05 4.626604641089215875e-05 4.747461571241728961e-05
2.452905811623246279e+01 4.606695802067406476e-05 2.941125558209023438e-06 4.588754018186591566e-05 4.730224827653728426e-05 4.618405364453792572e-05 4.570537566905841231e-05 4.463203367777168751e-05 4.712705413112416863e-05 4.521984010352753103e-05 4.485767931328155100e-05 4.611178883351385593e-05 4.733194145956076682e-05
2.460921843687374633e+01 4.591835386236198246e-05 2.930783921328838915e-06 4.574413469526916742e-05 4.716998955700546503e-05 4.603612978826276958e-05 4.556563362712040544e-05 4.450537380762398243e-05 4.698650445789098740e-05 4.507642370299436152e-05 4.472704677027650177e-05 4.599557723850011826e-05 4.718326454167254269e-05
2.468937875751502986e+01 4.578839798341505229e-05 2.945747155536082573e-06 4.561501918942667544e-05 4.704402817878872156e-05 4.590281241689808667e-05 4.543250906863249838e-05 4.436773087945766747e-05 4.685427484218962491e-05 4.495013126870617270e-05 4.457528848433867097e-05 4.584261841955594718e-05 4.705991159426048398e-05
2.476953907815631339e+01 4.565427661873400211e-05 2.929653646788210608e-06 4.547750722849741578e-05 4.687653563451021910e-05 4.576412175083532929e-05 4.529442230705171824e-05 4.423558129929006100e-05 4.672705836128443480e-05 4.482321310206316411e-05 4.443734724191017449e-05 4.570834062178619206e-05 4.691732101491652429e-05
2.484969939879759337e+01 4.552154496195726097e-05 2.917096026067156345e-06 4.534221807261928916e-05 4.676856769947335124e-05 4.563124821288511157e-05 4.516407352639362216e-05 4.410580004332587123e-05 4.658983743865974247e-05 4.469464329304173589e-05 4.433829599292948842e-05 4.557667125482112169e-05 4.677334072766825557e-05
2.492985971943887691e+01 4.538418215815909207e-05 2.900922936532879248e-06 4.520535003393888474e-05 4.660623017116449773e-05 4.550014637061394751e-05 4.503719173953868449e-05 4.397975135361775756e-05 4.643897409550845623e-05 4.455441739992238581e-05 4.419202741701155901e-05 4.544919283944182098e-05 4.663877552957274020e-05
2.501002004008016044e+01 4.525077019934542477e-05 2.901154402934480458e-06 4.507311314227990806e-05 4.648195317713543773e-05 4.537188942776992917e-05 4.490236096899025142e-05 4.385494321468286216e-05 4.631469346350058913e-05 4.443577927304431796e-05 4.406035077408887446e-05 4.531637023319490254e-05 4.650944174500182271e-05
2.509018036072144042e+01 4.512678788159973919e-05 2.899862238336936571e-06 4.495116081670857966e-05 4.635233926819637418e-05 4.524580799625255167e-05 4.477886250242590904e-05 4.371822797111235559e-05 4.616176738636568189e-05 4.428880492923781276e-05 4.392379560158587992e-05 4.518169225775636733e-05 4.637192614609375596e-05
2.517034068136272396e+01 4.498945781961083412e-05 2.902699407059117220e-06 4.481641371967270970e-05 4.624566645361483097e-05 4.510097278398461640e-05 4.463662844500504434e-05 4.359279409982264042e-05 4.604174682754091918e-05 4.415676448843441904e-05 4.380816972116008401e-05 4.504969183471985161e-05 4.623331915354356170e-05
2.525050100200400749e+01 4.486169564188458025e-05 2.883176648538210429e-06 4.468791303224861622e-05 4.607996015693061054e-05 4.497307236306369305e-05 4.451819768291898072e-05 4.347658614278770983e-05 4.591923061525449157e-05 4.403947241371497512e-05 4.367051951703615487e-05 4.491602521738968790e-05 4.610660107573494315e-05
2.533066132264529102e+01 4.472726141102612019e-05 2.870779553632019088e-06 4.456194074009545147e-05 4.595147402142174542e-05 4.484129749471321702e-05 4.438144242158159614e-05 4.334465120336972177e-05 4.578289372147992253e-05 4.391998663777485490e-05 4.355684723122976720e-05 4.479158815229311585e-05 4.597128645400516689e-05
2.541082164328657100e+01 4.459603951545432210e-05 2.864153884729603305e-06 4.443273064680397511e-05 4.581543544190935791e-05 4.472397995414212346e-05 4.425642691785469651e-05 4.321986853028647602e-05 4.565479684970341623e-05 4.379175516078248620e-05 4.343257751315832138e-05 4.466524478630162776e-05 4.584279304253868759e-05
2.549098196392785454e+01 4.447617902769707143e-05 2.850231794582214206e-06 4.430147964740172029e-05 4.568380245473235846e-05 4.459301999304443598e-05 4.413310307427309453e-05 4.310108488425612450e-05 4.551793972495943308e-05 4.365986023913137615e-05 4.331138552515767515e-05 4.453407382243312895e-05 4.570794772007502615e-05
2.557114228456913807e+01 4.434303264133632183e-05 2.849403927029925399e-06 4.417517266119830310e-05 4.554642873699776828e-05 4.446786988410167396e-05 4.400559555506333709e-05 4.297991472412832081e-05 4.539504880085587502e-05 4.353807526058517396e-05 4.317085040383972228e-05 4.442112185643054545e-05 4.558266664389520884e-05
2.565130260521041805e+01 4.422528945724479854e-05 2.840876504706102423e-06 4.405009894981049001e-05 4.543224713415838778e-05 4.433711001183837652e-05 4.388581874081864953e-05 4.285059185349382460e-05 4.526030534179881215e-05 4.341079693404026330e-05 4.306246410124003887e-05 4.428944157552905381e-05 4.544628973235376179e-05
2.573146292585170158e+01 4.409818211570382118e-05 2.835815848811762407e-06 4.393414565129205585e-05 4.530764272203668952e-05 4.420900950208306313e-05 4.375356002128683031e-05 4.273770173313096166e-05 4.513264138950034976e-05 4.328594877733848989e-05 4.293362508178688586e-05 4.415768853505142033e-05 4.532159800874069333e-05
2.581162324649298512e+01 4.397824159241281450e-05 2.830025778166600503e-06 4.380148675409145653e-05 4.518638888839632273e-05 4.407111191540025175e-05 4.362793333712033927e-05 4.260963032720610499e-05 4.499731221585534513e-05 4.316154809202998877e-05 4.281831570551730692e-05 4.402658669278025627e-05 4.519337016972713172e-05
2.589178356713426865e+01 4.385327338241040707e-05 2.816296955643338151e-06 4.368447480374015868e-05 4.504075695876963437e-05 4.396398435346782207e-05 4.350387825979851186e-05 4.248542973073199391e-05 4.487179467105306685e-05 4.304825415601953864e-05 4.269081910024397075e-05 4.390951653476804495e-05 4.506305776885710657e-05
2.597194388777554863e+01 4.373073898022994399e-05 2.787384346447652206e-06 4.356614954303950071e-05 4.490578794502653182e-05 4.383746636449359357e-05 4.338455255492590368e-05 4.237476241542026401e-05 4.474859815672971308e-05 4.293505844543687999e-05 4.258806438883766532e-05 4.377964432933367789e-05 4.492660809773951769e-05
2.605210420841683217e+01 4.360755701782181859e-05 2.806057864290778525e-06 4.343556065578013659e-05 4.480397910811007023e-05 4.372239709482528269e-05 4.326358248363249004e-05 4.226116288919001818e-05 4.462521974346600473e-05 4.279737186152487993e-05 4.245274612912908196e-05 4.366556458990089595e-05 4.481397991185076535e-05
2.613226452905811570e+01 4.348326183389872313e-05 2.791927045109332539e-06 4.330622323323041201e-05 4.466993050300516188e-05 4.359749073046259582e-05 4.314665056881494820e-05 4.213286956655792892e-05 4.449145490070804954e-05 4.268646443961188197e-05 4.233610889059491456e-05 4.353176700533367693e-05 4.468799670576117933e-05
2.621242484969939923e+01 4.336263373261317611e-05 2.790898861348978244e-06 4.319803338148631155e-05 4.455633461475372314e-05 4.346597415860742331e-05 4.301411536289379001e-05 4.201646879664622247e-05 4.438186806510202587e-05 4.256962711224332452e-05 4.221866038278676569e-05 4.342321699368767440e-05 4.455777525436133146e-05
2.629258517034067921e+01 4.324592737248167396e-05 2.784804337352397852e-06 4.307626295485533774e-05 4.442942372406832874e-05 4.334134064265526831e-05 4.289953358238562942e-05 4.190542313153855503e-05 4.426275700097903609e-05 4.244258525432087481e-05 4.209881080896593630e-05 4.328503928263671696e-05 4.443692523636855185e-05
2.637274549098196275e+01 4.312418604968115687e-05 2.758449227258097380e-06 4.295266626286320388e-05 4.427263411344029009e-05 4.322708264226093888e-05 4.278084452380426228e-05 4.178088420303538442e-05 4.412914859130978584e-05 4.233021536492742598e-05 4.198759052087552845e-05 4.317031562095507979e-05 4.431106935953721404e-05
2.645290581162324628e+01 4.299803549656644464e-05 2.764240889518987387e-06 4.283065209165215492e-05 4.416093361214734614e-05 4.311604425311088562e-05 4.266281757736578584e-05 4.166704457020387053e-05 4.401671685627661645e-05 4.221346898702904582e-05 4.186532169114798307e-05 4.305215770727954805e-05 4.419758988660760224e-05
2.653306613226452626e+01 4.287687261239625514e-05 2.752367890934692696e-06 4.272478690836578608e-05 4.404653009260073304e-05 4.298852581996470690e-05 4.255054955137893558e-05 4.155407077632844448e-05 4.389887908473610878e-05 4.209487815387547016e-05 4.175535286776721478e-05 4.294263271731324494e-05 4.406539301271550357e-05
2.661322645290580979e+01 4.276681647752411664e-05 2.744985067693050951e-06 4.260593777871690691e-05 4.394969437271356583e-05 4.287159754312597215e-05 4.243712101015262306e-05 4.144622289459221065e-05 4.376428478281013668e-05 4.198270835331641138e-05 4.164202255196869373e-05 4.282428199076093733e-05 4.394286224851384759e-05
2.669338677354709333e+01 4.265040843165479600e-05 2.743308414210332558e-06 4.248802360962145030e-05 4.381447797641158104e-05 4.275670289644040167e-05 4.231366619933396578e-05 4.132411049795337021e-05 4.365727727417834103e-05 4.187242666375823319e-05 4.152356632403098047e-05 4.271509169484488666e-05 4.382626502774655819e-05
2.677354709418837686e+01 4.253160295775160193e-05 2.725905687839258462e-06 4.236482345731928945e-05 4.368555892142467201e-05 4.263776281732134521e-05 4.220509799779392779e-05 4.121171514270827174e-05 4.353127224021591246e-05 4.176060610916465521e-05 4.141311001149006188e-05 4.258619446773082018e-05 4.370559690869413316e-05
2.685370741482965684e+01 4.242304203216917813e-05 2.724246087382198311e-06 4.225479642627760768e-05 4.357147190603427589e-05 4.252012877259403467e-05 4.208950122119858861e-05 4.110146619495935738e-05 4.341692329035140574e-05 4.164356869296170771e-05 4.130547677050344646e-05 4.246550088282674551e-05 4.359599552117288113e-05
2.693386773547094037e+01 4.230563718010671437e-05 2.722465524129802361e-06 4.213375359540805221e-05 4.346539571997709572e-05 4.239727786625735462e-05 4.197637827019207180e-05 4.099588477401994169e-05 4.329560761107131839e-05 4.153045665589161217e-05 4.117749631404876709e-05 4.236227687215432525e-05 4.347310095909051597e-05
2.701402805611222391e+01 4.219133552396669984e-05 2.705745146158733405e-06 4.201963383820839226e-05 4.334196273703128099e-05 4.228913894621655345e-05 4.185470243101008236e-05 4.087833440280519426e-05 4.316772174206562340e-05 4.141587487538345158e-05 4.108959183213301003e-05 4.224544682074338198e-05 4.335924313636496663e-05
2.709418837675350744e+01 4.207272650091908872e-05 2.712625700951321051e-06 4.191373955109156668e-05 4.323083703638985753e-05 4.217805690132081509e-05 4.174038258497603238e-05 4.076641198480501771e-05 4.305901165935210884e-05 4.129941225983202457e-05 4.096528209629468620e-05 4.212330895825289190e-05 4.324695692048408091e-05
2.717434869739478742e+01 4.196673398837447166e-05 2.688381982807186432e-06 4.180432006251066923e-05 4.310001531848683953e-05 4.207224264973774552e-05 4.163185440120287240e-05 4.066235487698577344e-05 4.293853999115526676e-05 4.120550511288456619e-05 4.085019827471114695e-05 4.200552939437329769e-05 4.312192322686314583e-05
2.725450901803607096e+01 4.184967110631987453e-05 2.686497964532463811e-06 4.169224484940059483e-05 4.299344436731189489e-05 4.196069130557589233e-05 4.151782559347338974e-05 4.054873716086149216e-05 4.281815199647098780e-05 4.108739449293352664e-05 4.074662865605205297e-05 4.191086190985515714e-05 4.300914952182210982e-05
2.733466933867735449e+01 4.174066270934417844e-05 2.681529394976678304e-06 4.157309376751072705e-05 4.286918556317687035e-05 4.184512363281100988e-05 4.140711098443716764e-05 4.044357410748489201e-05 4.271529542165808380e-05 4.095997064723633230e-05 4.063870801473967731e-05 4.179510870017111301e-05 4.289048956707119942e-05
2.741482965931863447e+01 4.162649565842002630e-05 2.674123834367492236e-06 4.146377978031523526e-05 4.276004619896411896e-05 4.173457273282110691e-05 4.129602166358381510e-05 4.033442019135691226e-05 4.259764682501554489e-05 4.086457556695677340e-05 4.053361772093921900e-05 4.168401574133895338e-05 4.278501000953838229e-05
2.749498997995991800e+01 4.151778557570651174e-05 2.662796532604261301e-06 4.134863047511316836e-05 4.264992094249464571e-05 4.163026460446417332e-05 4.119085133424960077e-05 4.023767905891872942e-05 4.247708784532733262e-05 4.075933975400403142e-05 4.042603177367709577e-05 4.157590956310741603e-05 4.267767144483514130e-05
2.757515030060120154e+01 4.140758028370328248e-05 2.663059376573073678e-06 4.125190025661140680e-05 4.253582301316782832e-05 4.150773020228371024e-05 4.108520079171285033e-05 4.011526834801770747e-05 4.237617758917622268e-05 4.064657696289941669e-05 4.031492426292970777e-05 4.144586637266911566e-05 4.255310705048032105e-05
2.765531062124248507e+01 4.129283479414880276e-05 2.655478738233796321e-06 4.113424074603244662e-05 4.242611612426117063e-05 4.139621523790992796e-05 4.097985947737470269e-05 4.001118941232562065e-05 4.225640805088914931e-05 4.053110751556232572e-05 4.020109190605580807e-05 4.133419861318543553e-05 4.243417060934007168e-05
2.773547094188376505e+01 4.118758806725963950e-05 2.634491238495684229e-06 4.102686216356232762e-05 4.230063495924696326e-05 4.129547232878394425e-05 4.087264096597209573e-05 3.990883487858809531e-05 4.214589353068731725e-05 4.043455192004330456e-05 4.010612246929667890e-05 4.123301914660260081e-05 4.232189894537441432e-05
2.781563126252504858e+01 4.109194196644239128e-05 2.650356236699735746e-06 4.093299139640294015e-05 4.222011193633079529e-05 4.117600474273785949e-05 4.076664845342747867e-05 3.980498877353966236e-05 4.204372453386895359e-05 4.033361256006173790e-05 3.999425098299980164e-05 4.111887028557248414e-05 4.222538700560107827e-05
2.789579158316633212e+01 4.097067721886560321e-05 2.638091928020003252e-06 4.081573570147156715e-05 4.210178303765133023e-05 4.107003769604489207e-05 4.065583925694227219e-05 3.969815952586941421e-05 4.193204586044885218e-05 4.022122448077425361e-05 3.989144170191138983e-05 4.102529783267527819e-05 4.210563565720804036e-05
2.797595190380761565e+01 4.087205888936296105e-05 2.638418663991615176e-06 4.070068098371848464e-05 4.199928662274032831e-05 4.096403426956385374e-05 4.054595410707406700e-05 3.960389221902005374e-05 4.183331111562438309e-05 4.011381315649487078e-05 3.978730455855838954e-05 4.091655864613130689e-05 4.200100738671608269e-05
2.805611222444889563e+01 4.076400364283472300e-05 2.623477712404564954e-06 4.060329956701025367e-05 4.187765807728283107e-05 4.085647378815338016e-05 4.043566877953708172e-05 3.949794700019992888e-05 4.171750333625823259e-05 4.001806155429221690e-05 3.967893644585274160e-05 4.081250517629086971e-05 4.188908496871590614e-05
2.813627254509017916e+01 4.065971734235063195e-05 2.608664772196789272e-06 4.049378912895917892e-05 4.175495632807724178e-05 4.074985554325394332e-05 4.033188088214956224e-05 3.939472298952750862e-05 4.160133175901137292e-05 3.991625635535456240e-05 3.957939043175429106e-05 4.071267903782427311e-05 4.178514791419729590e-05
2.821643286573146270e+01 4.055925455759279430e-05 2.604930614324985072e-06 4.039196574012748897e-05 4.165973223280161619e-05 4.065785469720140100e-05 4.023856308776885271e-05 3.929176818928681314e-05 4.148541120230220258e-05 3.980252222390845418e-05 3.947982986574061215e-05 4.059044658788479865e-05 4.167486986261792481e-05
2.829659318637274268e+01 4.044106754008680582e-05 2.592111968624521978e-06 4.029093906865455210e-05 4.154579073656350374e-05 4.055140379932709038e-05 4.011970668216235936e-05 3.919633309124037623e-05 4.138113945373333991e-05 3.969869067077524960e-05 3.937706787837669253e-05 4.049579729326069355e-05 4.156124487053602934e-05
2.837675350701402621e+01 4.034961966681294143e-05 2.604271230666199699e-06 4.018234903924167156e-05 4.145151979173533618e-05 4.043578519485890865e-05 4.002271816716529429e-05 3.909001679858192801e-05 4.129090666538104415e-05 3.959886817028746009e-05 3.926790304831229150e-05 4.039069608552381396e-05 4.145926868659444153e-05
2.845691382765530975e+01 4.023856308776885271e-05 2.588805500636226498e-06 4.008750329376198351e-05 4.133774928050115705e-05 4.034041921840980649e-05 3.992836354882456362e-05 3.898700379068031907e-05 4.118594370083883405e-05 3.949470556108281016e-05 3.918220318155363202e-05 4.028187322546727955e-05 4.135332346777431667e-05
2.853707414829659328e+01 4.013845682493411005e-05 2.580083219072548673e-06 3.997171734226867557e-05 4.122680911677889526e-05 4.022736175102181733e-05 3.981220288551412523e-05 3.888422361342236400e-05 4.106772757950238883e-05 3.939539965358562768e-05 3.907686186721548438e-05 4.018571780761703849e-05 4.124548649997450411e-05
2.861723446893787326e+01 4.003050707979127765e-05 2.563731413829373196e-06 3.987083255196921527e-05 4.111189264222048223e-05 4.014178921352140605e-05 3.971679325331933796e-05 3.878907591570168734e-05 4.096473639947362244e-05 3.929869853891432285e-05 3.898202339769341052e-05 4.007587995147332549e-05 4.113926479476504028e-05
2.869739478957915679e+01 3.993380960309877992e-05 2.566477405707701109e-06 3.977835149271413684e-05 4.101810191059485078e-05 4.002217974630184472e-05 3.961749098380096257e-05 3.869205829687416553e-05 4.086332774022594094e-05 3.919977098121307790e-05 3.886928243446163833e-05 3.997690510004758835e-05 4.103492028662003577e-05
2.877755511022044033e+01 3.982906491728499532e-05 2.563909902164596133e-06 3.966678923461586237e-05 4.090812944923527539e-05 3.993037898908369243e-05 3.951429607695899904e-05 3.858549462165683508e-05 4.076050390722230077e-05 3.909888982889242470e-05 3.876962364302016795e-05 3.987299714935943484e-05 4.093142706551589072e-05
2.885771543086172386e+01 3.972944614361040294e-05 2.548410066083306447e-06 3.958392335334792733e-05 4.081674705957993865e-05 3.982367343269288540e-05 3.941546310670673847e-05 3.849875065498054028e-05 4.064575841766782105e-05 3.900392403011210263e-05 3.868135900120250881e-05 3.977372398367151618e-05 4.083193198312073946e-05
2.893787575150300384e+01 3.962107803090475500e-05 2.546136101955198683e-06 3.948340963688679039e-05 4.069773422088474035e-05 3.971569458371959627e-05 3.931935498258098960e-05 3.839440250885672867e-05 4.056908437632955611e-05 3.889583240379579365e-05 3.858273703372105956e-05 3.968529563280753791e-05 4.071924195159226656e-05
2.901803607214428737e+01 3.953676059609279037e-05 2.548033535276772454e-06 3.937834480893798172e-05 4.061491563334129751e-05 3.962629489251412451e-05 3.921551251551136374e-05 3.829570414382033050e-05 4.045133027830161154e-05 3.880106305587105453e-05 3.848942651529796422e-05 3.957365333917550743e-05 4.062789594172500074e-05
2.909819639278557091e+01 3.943121919292025268e-05 2.527099468352389522e-06 3.927415673388168216e-05 4.050398638355545700e-05 3.952680708607658744e-05 3.912254032911732793e-05 3.820403799181804061e-05 4.034953963127918541e-05 3.871405715472064912e-05 3.838880002149380744e-05 3.947685763705521822e-05 4.051139694638550282e-05
2.917835671342685089e+01 3.932985418941825628e-05 2.525462377889198251e-06 3.917226422345265746e-05 4.039851410198025405e-05 3.942862167605198920e-05 3.901966192643158138e-05 3.810982525465078652e-05 4.024731242679990828e-05 3.861347067868337035e-05 3.828869739663787186e-05 3.937399014830589294e-05 4.042005457449704409e-05
2.925851703406813442e+01 3.923342956113629043e-05 2.524925093894125894e-06 3.908811777364462614e-05 4.030954369227401912e-05 3.933315383619628847e-05 3.892634049407206476e-05 3.801599450525827706e-05 4.015802187495864928e-05 3.851395376841537654e-05 3.820291021838784218e-05 3.928007936337962747e-05 4.032238575746305287e-05
2.933867735470941795e+01 3.913559703505598009e-05 2.521238457120489329e-06 3.897882561432197690e-05 4.021715722046792507e-05 3.923855183529667556e-05 3.883186582243070006e-05 3.792090865317732096e-05 4.005769005743786693e-05 3.842136356979608536e-05 3.810815542237833142e-05 3.918414586223661900e-05 4.022110806545242667e-05
2.941883767535070149e+01 3.903797914972528815e-05 2.504501253497437574e-06 3.888582068611867726e-05 4.010738484794273973e-05 3.912291140295565128e-05 3.872787056025117636e-05 3.782332350965589285e-05 3.994325379608199000e-05 3.831426147371530533e-05 3.801635830313898623e-05 3.908398139174096286e-05 4.011056080344133079e-05
2.949899799599198147e+01 3.893796019838191569e-05 2.498970616215956397e-06 3.879085488733835518e-05 4.001081106252968311e-05 3.903105243807658553e-05 3.864231621264480054e-05 3.773123899009078741e-05 3.985315561294555664e-05 3.823145016212947667e-05 3.792040661210194230e-05 3.899195144185796380e-05 4.001378692919388413e-05
2.957915831663326500e+01 3.884331090375781059e-05 2.501347125871689059e-06 3.869132342515513301e-05 3.989939796156249940e-05 3.893974280799739063e-05 3.853721136692911386e-05 3.763815766433253884e-05 3.975453728344291449e-05 3.812418799498118460e-05 3.782105341088026762e-05 3.888804712914861739e-05 3.993004065705463290e-05
2.965931863727454854e+01 3.875668699038214982e-05 2.493375404810649343e-06 3.859068601741455495e-05 3.981201371061615646e-05 3.884230682160705328e-05 3.844001548714004457e-05 3.754641875275410712e-05 3.965109135606326163e-05 3.803398067248053849e-05 3.772310810745693743e-05 3.880406075040809810e-05 3.981638292316347361e-05
2.973947895791583207e+01 3.865459075313992798e-05 2.479843260516645387e-06 3.851013389066793025e-05 3.969649333157576621e-05 3.874907633871771395e-05 3.835517054540105164e-05 3.745311551028862596e-05 3.955640931962989271e-05 3.793552241404540837e-05 3.762462802114896476e-05 3.870512591674923897e-05 3.971274054492823780e-05
2.981963927855711205e+01 3.855717295664362609e-05 2.480103376001352444e-06 3.841051511699333787e-05 3.961231413995847106e-05 3.865846156259067357e-05 3.826026295428164303e-05 3.736268263310194016e-05 3.947226286982186139e-05 3.785342050832696259e-05 3.754204954020678997e-05 3.860397191601805389e-05 3.962387927458621562e-05
2.989979959919839558e+01 3.846406980301253498e-05 2.469874289090512320e-06 3.831101275864057243e-05 3.950856989831663668e-05 3.855415707221254706e-05 3.816631215158849955e-05 3.726144859683699906e-05 3.935499262297526002e-05 3.775387813220731914e-05 3.746183210751041770e-05 3.850194480037316680e-05 3.953691339120268822e-05
2.997995991983967912e+01 3.837182157440111041e-05 2.476518375260639004e-06 3.822361031780019403e-05 3.942877083318307996e-05 3.846975960186682642e-05 3.806780296145007014e-05 3.718030711752362549e-05 3.927962825400754809e-05 3.766961526707746089e-05 3.735719656106084585e-05 3.842106889351271093e-05 3.943742194678634405e-05
3.006012024048095910e+01 3.827569889836013317e-05 2.462778184053604491e-06 3.813109651673585176e-05 3.933138941647484899e-05 3.838217890006490052e-05 3.797870886046439409e-05 3.709067095769569278e-05 3.917204230674542487e-05 3.757550439331680536e-05 3.726987415575422347e-05 3.832580841844901443e-05 3.933885818696580827e-05
3.014028056112224263e+01 3.818291588686406612e-05 2.443942548779887147e-06 3.804003790719434619e-05 3.921846655430272222e-05 3.827540786005556583e-05 3.788404501392506063e-05 3.700216984725557268e-05 3.907045174855738878e-05 3.749618190340697765e-05 3.717711661010980606e-05 3.823020597337745130e-05 3.924443080904893577e-05
3.022044088176352616e+01 3.809591362369246781e-05 2.449311068630777299e-06 3.794174699578434229e-05 3.913559703505598009e-05 3.818532059085555375e-05 3.779440885409712791e-05 3.690378071041777730e-05 3.897864007740281522e-05 3.739876046893186867e-05 3.708674557856284082e-05 3.813654984696768224e-05 3.914522676495835185e-05
3.030060120240480970e+01 3.800113699981011450e-05 2.436430804664269090e-06 3.786060187849216163e-05 3.903447941411286592e-05 3.809322515735402703e-05 3.770153125515207648e-05 3.682158785522915423e-05 3.888385253958404064e-05 3.730810203705914319e-05 3.699839362525381148e-05 3.806435415754094720e-05 3.905089397449046373e-05
3.038076152304608968e+01 3.790536720771342516e-05 2.435927399346837774e-06 3.776165613089688122e-05 3.894523615599609911e-05 3.800979538937099278e-05 3.761802872759290040e-05 3.672998718684539199e-05 3.879233190673403442e-05 3.722213659784756601e-05 3.691025631269440055e-05 3.795600423472933471e-05 3.896477574016898870e-05
3.046092184368737321e+01 3.782115891226567328e-05 2.437434432067675516e-06 3.767378439079038799e-05 3.886580088874325156e-05 3.791244671447202563e-05 3.752196789719164371e-05 3.664307223516516387e-05 3.870531145366840065e-05 3.712489342433400452e-05 3.682348688016645610e-05 3.785696026170626283e-05 3.886572449118830264e-05
3.054108216432865675e+01 3.771882620640099049e-05 2.411599325569113716e-06 3.758564707823097706e-05 3.874626418109983206e-05 3.782267594942823052e-05 3.743440174730494618e-05 3.656320768641307950e-05 3.860404467559419572e-05 3.703429320012219250e-05 3.673639730550348759e-05 3.776536686928011477e-05 3.877117342199198902e-05
3.062124248496994028e+01 3.764325811062008142e-05 2.423757450742414221e-06 3.749464303837157786e-05 3.865230610244907439e-05 3.772929630940780044e-05 3.734333949978463352e-05 3.646483673946931958e-05 3.852460577036254108e-05 3.694991028169170022e-05 3.664132600533775985e-05 3.769175236811861396e-05 3.869032661896198988e-05
3.070140280561122026e+01 3.754136923816986382e-05 2.409916987744509242e-06 3.740339889191091061e-05 3.856110561173409224e-05 3.763008135138079524e-05 3.725260103237815201e-05 3.638334601419046521e-05 3.843470040010288358e-05 3.686427589855156839e-05 3.654971806099638343e-05 3.759116953006014228e-05 3.858339550788514316e-05
3.078156312625250379e+01 3.746540460269898176e-05 2.414339178358204663e-06 3.731539618456736207e-05 3.848127744277007878e-05 3.754065619432367384e-05 3.716747232829220593e-05 3.628608465078286827e-05 3.832975926343351603e-05 3.676955020637251437e-05 3.646271579782478511e-05 3.750590985873714089e-05 3.849625136354006827e-05
3.086172344689378733e+01 3.737013321369886398e-05 2.401098754489794374e-06 3.722298788488842547e-05 3.838250631815753877e-05 3.746433139895088971e-05 3.707776340888813138e-05 3.621224459493532777e-05 3.824082159553654492e-05 3.668255158117972314e-05 3.637630288721993566e-05 3.741670661838725209e-05 3.840670615318231285e-05
3.094188376753506731e+01 3.728370211319997907e-05 2.393799150013364851e-06 3.713073601829819381e-05 3.829026536550372839e-05 3.736713551916182041e-05 3.699582157423719764e-05 3.612442742451094091e-05 3.815903619397431612e-05 3.659167487057857215e-05 3.629840284702368081e-05 3.732952245627529919e-05 3.831005960819311440e-05
3.102204408817635084e+01 3.719520100275985897e-05 2.389831024629529566e-06 3.705368726514279842e-05 3.822102007688954473e-05 3.728804222191683948e-05 3.690631274366751313e-05 3.604166704462841153e-05 3.805509913945570588e-05 3.651101360446773469e-05 3.621732321335002780e-05 3.724475027411244810e-05 3.822546932497061789e-05
3.110220440881763437e+01 3.711101453518494964e-05 2.385184188824496232e-06 3.696619387483224273e-05 3.812040449702180922e-05 3.719793312484398484e-05 3.682060560095123947e-05 3.595734960981644690e-05 3.798037505475804210e-05 3.642664159997366369e-05 3.613217995734885335e-05 3.714904596563428640e-05 3.813771400018595159e-05
3.118236472945891791e+01 3.702405592775903642e-05 2.384526851528789848e-06 3.686881245812401175e-05 3.803274739766493440e-05 3.711257522809319198e-05 3.672844468383118510e-05 3.586682942113839090e-05 3.787999958149157465e-05 3.633899905253201723e-05 3.603682125685736537e-05 3.707083305926062167e-05 3.804515654337592423e-05
3.126252505010019789e+01 3.693785765790380538e-05 2.379948455200064927e-06 3.678592838696204126e-05 3.794895019382238388e-05 3.702847243403084576e-05 3.664590622065588832e-05 3.578770338208414614e-05 3.780154656851664186e-05 3.624700184445828199e-05 3.596338501665741205e-05 3.699479566421359777e-05 3.795654993155039847e-05
3.134268537074148142e+01 3.684814510052092373e-05 2.379071702307555825e-06 3.670687146950513124e-05 3.786815068451687694e-05 3.694092811201699078e-05 3.655686305137351155e-05 3.570074477465823293e-05 3.771706178667955101e-05 3.617141192080453038e-05 3.588092658901587129e-05 3.689554796437732875e-05 3.787295281654223800e-05
3.142284569138276495e+01 3.676249980344437063e-05 2.373500592511845753e-06 3.661331720650196075e-05 3.777855090447701514e-05 3.684575494844466448e-05 3.647509583970531821e-05 3.561875564628280699e-05 3.762853884836658835e-05 3.608462066040374339e-05 3.578783798730000854e-05 3.680821464513428509e-05 3.777783058467321098e-05
3.150300601202404849e+01 3.668069621198810637e-05 2.357583298362442292e-06 3.653532621683552861e-05 3.767335510929115117e-05 3.675829429994337261e-05 3.639177884906530380e-05 3.553661008481867611e-05 3.752805423573590815e-05 3.600576746976003051e-05 3.570139233488589525e-05 3.671338345156982541e-05 3.769595787161961198e-05
3.158316633266532847e+01 3.659233698272146285e-05 2.347102281419211067e-06 3.644588650786317885e-05 3.758593447855673730e-05 3.667244163807481527e-05 3.630944775068201125e-05 3.545519939507357776e-05 3.744447167264297605e-05 3.592023495002649724e-05 3.562962592695839703e-05 3.664000178105197847e-05 3.760465187951922417e-05
3.166332665330661200e+01 3.650119469966739416e-05 2.342014795431168750e-06 3.636458131950348616e-05 3.749496681848540902e-05 3.660305446828715503e-05 3.621597352321259677e-05 3.537340307957492769e-05 3.736090002348646522e-05 3.583237048587761819e-05 3.555406874511390924e-05 3.654905231087468565e-05 3.752118573174811900e-05
3.174348697394789554e+01 3.643025411292910576e-05 2.341282879569916986e-06 3.628317426773719490e-05 3.742629996850155294e-05 3.651056249509565532e-05 3.614017259678803384e-05 3.530222966219298542e-05 3.727492003235965967e-05 3.575713344616815448e-05 3.546010339050553739e-05 3.646020923042669892e-05 3.743383422261103988e-05
3.182364729458917552e+01 3.634027598309330642e-05 2.333370957785518840e-06 3.620392089942470193e-05 3.734230995178222656e-05 3.642834417405538261e-05 3.605545134632848203e-05 3.520997051964513958e-05 3.719733285834081471e-05 3.568035390344448388e-05 3.539432509569451213e-05 3.637553891167044640e-05 3.734041820280253887e-05
3.190380761523045905e+01 3.625913450377993286e-05 2.331222731299931183e-06 3.612056752899661660e-05 3.725654460140503943e-05 3.633982487372122705e-05 3.597316026571206748e-05 3.513452975312247872e-05 3.710139208124019206e-05 3.558537719072774053e-05 3.530620233505032957e-05 3.630075661931186914e-05 3.726176873897202313e-05
3.198396793587174258e+01 3.618227856350131333e-05 2.327599986529094167e-06 3.603263030527159572e-05 3.716233186423778534e-05 3.625993122113868594e-05 3.589146945159882307e-05 3.504906271700747311e-05 3.700647721416316926e-05 3.550378824002109468e-05 3.521849794196896255e-05 3.621811629272997379e-05 3.718282459885813296e-05
3.206412825651302256e+01 3.609171471907757223e-05 2.318536644452251494e-06 3.595121233956888318e-05 3.707677387865260243e-05 3.618473056121729314e-05 3.580736665753647685e-05 3.497266880003735423e-05 3.694081897265277803e-05 3.542428021319210529e-05 3.514401396387256682e-05 3.614275556174106896e-05 3.708536678459495306e-05
3.214428857715430610e+01 3.600381023716181517e-05 2.310781383130233735e-06 3.587144965422339737e-05 3.697373904287815094e-05 3.609577470342628658e-05 3.572543573682196438e-05 3.488768925308249891e-05 3.685292176669463515e-05 3.535074210958555341e-05 3.505143467918969691e-05 3.605469464673660696e-05 3.700548768392764032e-05
3.222444889779558963e+01 3.592489520087838173e-05 2.316344762220978737e-06 3.578756513888947666e-05 3.692419704748317599e-05 3.602263313950970769e-05 3.564661528798751533e-05 3.481297608232125640e-05 3.677561835502274334e-05 3.526985528878867626e-05 3.498888327158056200e-05 3.598019247874617577e-05 3.692659447551704943e-05
3.230460921843687316e+01 3.585547528928145766e-05 2.303401515746372752e-06 3.570997068891301751e-05 3.683275645016692579e-05 3.593565270421095192e-05 3.556034425855614245e-05 3.473676770227029920e-05 3.668150020530447364e-05 3.519828533171676099e-05 3.490406379569321871e-05 3.589215339161455631e-05 3.684252078528515995e-05
3.238476953907815670e+01 3.575795199139975011e-05 2.298987737958668731e-06 3.562816709745675325e-05 3.674434628919698298e-05 3.585496233426965773e-05 3.548645690898410976e-05 3.464889596216380596e-05 3.659125650301575661e-05 3.510961323627270758e-05 3.482107786112464964e-05 3.580121847335249186e-05 3.675727566587738693e-05
3.246492985971944023e+01 3.568212559912353754e-05 2.290204974997323006e-06 3.554796421667560935e-05 3.665390977403149009e-05 3.577384632080793381e-05 3.539965837262570858e-05 3.458296851022168994e-05 3.651836232165805995e-05 3.502864274196326733e-05 3.474064214969985187e-05 3.573671347112394869e-05 3.667264900286681950e-05
3.254509018036071666e+01 3.560727418516762555e-05 2.291254759256844409e-06 3.547156666172668338e-05 3.657709021354094148e-05 3.569138425518758595e-05 3.531940456014126539e-05 3.450318399700336158e-05 3.644286334747448564e-05 3.495323107927106321e-05 3.466760244918987155e-05 3.564919825294055045e-05 3.659809590317308903e-05
3.262525050100200019e+01 3.552390990080311894e-05 2.296291768288938329e-06 3.538599048624746501e-05 3.650767030194401741e-05 3.561488119885325432e-05 3.524416752043180168e-05 3.442348315729759634e-05 3.636284600361250341e-05 3.486826608423143625e-05 3.458452192717231810e-05 3.556274896254763007e-05 3.651466977316886187e-05
3.270541082164328373e+01 3.544380524544976652e-05 2.277899056934984401e-06 3.531084803398698568e-05 3.640042268671095371e-05 3.553183341864496469e-05 3.516563810990191996e-05 3.433469828451052308e-05 3.626785110100172460e-05 3.479180304566398263e-05 3.451443626545369625e-05 3.550168912624940276e-05 3.643372838268987834e-05
3.278557114228456726e+01 3.536442818585783243e-05 2.268039224873064086e-06 3.523730993038043380e-05 3.633016240200959146e-05 3.545601066434755921e-05 3.509207090246491134e-05 3.427326373639516532e-05 3.619104245444759727e-05 3.472192838671617210e-05 3.443027890170924366e-05 3.541876867529936135e-05 3.634453969425521791e-05
3.286573146292585079e+01 3.528166416799649596e-05 2.270478717036894523e-06 3.515406933729536831e-05 3.625184035627171397e-05 3.536699296091683209e-05 3.500850652926601470e-05 3.418845153646543622e-05 3.611974170780740678e-05 3.464958717813715339e-05 3.435484177316538990e-05 3.532532718963921070e-05 3.626557008828967810e-05
3.294589178356713433e+01 3.520227983244694769e-05 2.266242745463387109e-06 3.507704968797042966e-05 3.617959009716287255e-05 3.529432069626636803e-05 3.493819895084016025e-05 3.411493889871053398e-05 3.603483128244988620e-05 3.455883779679425061e-05 3.428162744967266917e-05 3.525078864186070859e-05 3.618089976953342557e-05
3.302605210420841786e+01 3.512980401865206659e-05 2.268114712933311239e-06 3.500253296806477010e-05 3.611126885516569018e-05 3.522702900227159262e-05 3.485406705294735730e-05 3.404630115255713463e-05 3.595758971641771495e-05 3.448315328569151461e-05 3.420452776481397450e-05 3.517701043165288866e-05 3.610651765484362841e-05
3.310621242484970139e+01 3.504989581415429711e-05 2.252974809380248189e-06 3.491554525680840015e-05 3.600748459575697780e-05 3.514542186167091131e-05 3.477830250631086528e-05 3.396558167878538370e-05 3.587524770409800112e-05 3.441383159952238202e-05 3.413043305044993758e-05 3.509813177515752614e-05 3.602912693168036640e-05
3.318637274549097782e+01 3.497743819025345147e-05 2.260923793073743582e-06 3.484183980617672205e-05 3.593517249100841582e-05 3.506139546516351402e-05 3.469181319815106690e-05 3.388780169188976288e-05 3.580442717066034675e-05 3.432631638133898377e-05 3.405237293918617070e-05 3.502837353153154254e-05 3.594915324356406927e-05
3.326653306613226135e+01 3.490166636765934527e-05 2.244273218821035698e-06 3.475545963738113642e-05 3.585845479392446578e-05 3.498057412798516452e-05 3.462874155957251787e-05 3.381529313628561795e-05 3.571733032003976405e-05 3.426407783990725875e-05 3.398450280656106770e-05 3.494616248644888401e-05 3.586816455936059356e-05
3.334669338677354489e+01 3.482300235191360116e-05 2.245376663267961703e-06 3.468837167019955814e-05 3.578415271476842463e-05 3.491491588647477329e-05 3.454489706200547516e-05 3.374928201083093882e-05 3.565518272807821631e-05 3.419803761062212288e-05 3.389743142179213464e-05 3.487365029286593199e-05 3.578677933546714485e-05
3.342685370741482842e+01 3.474452023510821164e-05 2.234668727396638133e-06 3.462213862803764641e-05 3.570503395167179406e-05 3.482878310023806989e-05 3.447203926043584943e-05 3.366881719557568431e-05 3.555745934136211872e-05 3.409988130442798138e-05 3.383542207302525640e-05 3.479376027826219797e-05 3.570493208826519549e-05
3.350701402805611195e+01 3.466581620159558952e-05 2.232797442047740333e-06 3.453672616160474718e-05 3.563356585800647736e-05 3.475472840364091098e-05 3.440497312112711370e-05 3.359504989930428565e-05 3.548862150637432933e-05 3.404100789339281619e-05 3.376064341864548624e-05 3.471265881671570241e-05 3.563057543942704797e-05
3.358717434869739549e+01 3.459813888184726238e-05 2.224163381470134482e-06 3.446372284088283777e-05 3.552946509444154799e-05 3.468731301836669445e-05 3.432968878769315779e-05 3.351639315951615572e-05 3.540701800375245512e-05 3.396004103706218302e-05 3.367999306647107005e-05 3.463270331849344075e-05 3.555498187779448926e-05
3.366733466933867902e+01 3.452823148109018803e-05 2.226445303676882759e-06 3.438286876189522445e-05 3.547552842064760625e-05 3.460840525804087520e-05 3.424745227675884962e-05 3.344735887367278337e-05 3.532822665874846280e-05 3.388725235708989203e-05 3.360947084729559720e-05 3.456453850958496332e-05 3.547620508470572531e-05
3.374749498997995545e+01 3.444282265263609588e-05 2.214889718743506819e-06 3.431898585404269397e-05 3.537569500622339547e-05 3.453748649917542934e-05 3.417974585318006575e-05 3.336719964863732457e-05 3.524725980241782963e-05 3.381539136171340942e-05 3.352987914695404470e-05 3.449979340075515211e-05 3.540060424711555243e-05
3.382765531062123898e+01 3.437116174609400332e-05 2.217410610683145933e-06 3.423719681450165808e-05 3.531378024490550160e-05 3.445711627136915922e-05 3.410378485568799078e-05 3.330031904624775052e-05 3.517492950777523220e-05 3.373805520823225379e-05 3.346458834130316973e-05 3.441701846895739436e-05 3.533233757480047643e-05
3.390781563126252252e+01 3.429941716603934765e-05 2.204809788963757455e-06 3.417710468056611717e-05 3.523280611261725426e-05 3.438814383116550744e-05 3.403341179364360869e-05 3.323413693578913808e-05 3.510308306431397796e-05 3.366750024724751711e-05 3.339317845529876649e-05 3.435104372329078615e-05 3.524924250086769462e-05
3.398797595190380605e+01 3.422714144107885659e-05 2.206457793363370001e-06 3.409286000533029437e-05 3.518258017720654607e-05 3.430975630180910230e-05 3.395897510927170515e-05 3.315705180284567177e-05 3.501948958728462458e-05 3.359440961503423750e-05 3.332379492348991334e-05 3.426542025408707559e-05 3.516406286507844925e-05
3.406813627254508958e+01 3.415390892769210041e-05 2.200185463152593002e-06 3.401533831492997706e-05 3.508601730572991073e-05 3.423863381613045931e-05 3.388262848602607846e-05 3.308750092401169240e-05 3.494499469525180757e-05 3.352134808665141463e-05 3.325084253447130322e-05 3.420351640670560300e-05 3.510288297547958791e-05
3.414829659318637312e+01 3.407913754926994443e-05 2.194438366132089868e-06 3.394505256437696517e-05 3.502346589812077582e-05 3.415863102418370545e-05 3.381342321517877281e-05 3.301503602415323257e-05 3.488150105113163590e-05 3.346177618368528783e-05 3.318276867503300309e-05 3.411748184589669108e-05 3.501528408378362656e-05
3.422845691382765665e+01 3.400732748559676111e-05 2.191520025007775985e-06 3.388120603631250560e-05 3.495176133583299816e-05 3.408925113035365939e-05 3.373187428223900497e-05 3.294810085208155215e-05 3.479505539871752262e-05 3.337417001603171229e-05 3.311253021820448339e-05 3.404263043194077909e-05 3.494363045319914818e-05
3.430861723446893308e+01 3.392887083464302123e-05 2.186591700592543930e-06 3.380181806278415024e-05 3.486597051960416138e-05 3.401543654035776854e-05 3.366284727235324681e-05 3.288167863502167165e-05 3.473087053862400353e-05 3.330536856083199382e-05 3.303663834230974317e-05 3.397575346753001213e-05 3.487298818072304130e-05
3.438877755511021661e+01 3.386460593901574612e-05 2.181517174904001877e-06 3.372962237335741520e-05 3.479814404272474349e-05 3.395091334823518991e-05 3.359383117640390992e-05 3.280751116108149290e-05 3.465034751570783556e-05 3.324035060359165072e-05 3.297063813079148531e-05 3.391398786334320903e-05 3.479837323538959026e-05
3.446893787575150014e+01 3.378682959009893239e-05 2.189489805459743366e-06 3.366894452483393252e-05 3.473126707831397653e-05 3.387707329238764942e-05 3.352444764459505677e-05 3.273438051110133529e-05 3.458283754298463464e-05 3.316758375149220228e-05 3.289450978627428412e-05 3.383974762982688844e-05 3.473385004326701164e-05
3.454909819639278368e+01 3.372138962731696665e-05 2.167119419027585536e-06 3.358816320542246103e-05 3.463534812908619642e-05 3.380413909326307476e-05 3.345086588524281979e-05 3.266617568442597985e-05 3.450940130278468132e-05 3.310236206743866205e-05 3.282960460637696087e-05 3.375858432264067233e-05 3.464789915597066283e-05
3.462925851703406721e+01 3.364859367138706148e-05 2.163114686482003890e-06 3.351358100189827383e-05 3.457208731560967863e-05 3.372669743839651346e-05 3.338677561259828508e-05 3.260240555391646922e-05 3.443238165345974267e-05 3.303263656562194228e-05 3.275430208304896951e-05 3.369136538822203875e-05 3.457212005741894245e-05
3.470941883767535074e+01 3.357390960445627570e-05 2.158800725737819448e-06 3.344486685818992555e-05 3.448555071372538805e-05 3.366618693689815700e-05 3.330851177452132106e-05 3.252629539929330349e-05 3.435782491578720510e-05 3.295759233878925443e-05 3.269132503191940486e-05 3.361056224093772471e-05 3.450713120400905609e-05
3.478957915831663428e+01 3.350642145960591733e-05 2.161207703466061503e-06 3.337143425596877933e-05 3.442305387579835951e-05 3.358281537657603621e-05 3.324802310089580715e-05 3.246446794946677983e-05 3.429081334616057575e-05 3.288782681920565665e-05 3.261537494836375117e-05 3.353473948664031923e-05 3.443957393756136298e-05
3.486973947895791781e+01 3.343817297718487680e-05 2.144385916835744865e-06 3.330622712383046746e-05 3.434380414546467364e-05 3.351134364493191242e-05 3.316979928058572114e-05 3.239896250306628644e-05 3.421686051297001541e-05 3.282453326391987503e-05 3.255810224800370634e-05 3.346535231685265899e-05 3.436257611610926688e-05
3.494989979959919424e+01 3.336385998409241438e-05 2.153778268620953895e-06 3.322595875943079591e-05 3.427679257583804429e-05 3.345022560097277164e-05 3.310520332888700068e-05 3.232094604754820466e-05 3.415006722207181156e-05 3.275002381997182965e-05 3.248084976803511381e-05 3.340490002301521599e-05 3.428974014241248369e-05
3.503006012024047777e+01 3.328949242131784558e-05 2.137659976142458618e-06 3.317213850095868111e-05 3.419748463784344494e-05 3.337483940413221717e-05 3.303333141957409680e-05 3.225935870432294905e-05 3.407302938285283744e-05 3.267783176852390170e-05 3.241757076466456056e-05 3.333075073896907270e-05 3.421493238420225680e-05
3.511022044088176131e+01 3.322180782561190426e-05 2.137353931175312027e-06 3.310116153443232179e-05 3.413515150896273553e-05 3.330228719278238714e-05 3.296469731139950454e-05 3.219319478375837207e-05 3.399902561795897782e-05 3.261077290517278016e-05 3.234937685192562640e-05 3.326908336021006107e-05 3.414768798393197358e-05
3.519038076152304484e+01 3.316040601930581033e-05 2.137389174095005728e-06 3.302114419057033956e-05 3.407998519833199680e-05 3.324224962852895260e-05 3.289403684902936220e-05 3.213083618902601302e-05 3.392091093701310456e-05 3.254506373195908964e-05 3.227788693038746715e-05 3.320106407045386732e-05 3.407549957046285272e-05
3.527054108216432837e+01 3.309062230982817709e-05 2.126896333720651455e-06 3.296117574791423976e-05 3.399766501388512552e-05 3.316521178930997849e-05 3.282872785348445177e-05 3.206111068720929325e-05 3.386524986126460135e-05 3.248478606110438704e-05 3.221917359041981399e-05 3.312269836897030473e-05 3.400259083718992770e-05
3.535070140280561191e+01 3.301645119790919125e-05 2.127801963069941849e-06 3.289441156084649265e-05 3.392427606740966439e-05 3.309308158350177109e-05 3.276604911661706865e-05 3.199174534529447556e-05 3.379520785529166460e-05 3.241698141209781170e-05 3.214064417988993227e-05 3.306235885247588158e-05 3.393514998606406152e-05
3.543086172344689544e+01 3.295331771369092166e-05 2.122473006238578819e-06 3.282124816905707121e-05 3.385556192370131612e-05 3.303027551737613976e-05 3.269344597356393933e-05 3.192515578120946884e-05 3.372132414369843900e-05 3.234163523302413523e-05 3.207915506209246814e-05 3.297670991742052138e-05 3.386060052434913814e-05
3.551102204408817187e+01 3.288205698481760919e-05 2.116107907568220980e-06 3.275386552559211850e-05 3.378567271283827722e-05 3.296784052508883178e-05 3.261827077949419618e-05 3.186699177604168653e-05 3.366236342117190361e-05 3.227853085263632238e-05 3.202010339009575546e-05 3.292397741461172700e-05 3.379243571544066072e-05
3.559118236472945540e+01 3.282259422121569514e-05 2.109016804752172902e-06 3.268534055678173900e-05 3.370550621184520423e-05 3.289315645815804601e-05 3.255729461670853198e-05 3.179092891514301300e-05 3.357832974870689213e-05 3.221508814021945000e-05 3.195208046236075461e-05 3.285052662249654531e-05 3.372814535396173596e-05
3.567134268537073893e+01 3.274836853961460292e-05 2.112396032316610217e-06 3.262044629082083702e-05 3.365732482052408159e-05 3.282497345935553312e-05 3.248732537031173706e-05 3.173428558511659503e-05 3.351604391355067492e-05 3.215315155102871358e-05 3.188304617651738226e-05 3.278608346590772271e-05 3.366072996868751943e-05
3.575150300601202247e+01 3.268490399932488799e-05 2.101883865179843269e-06 3.254534385632723570e-05 3.357310924911871552e-05 3.276064308010973036e-05 3.241924059693701565e-05 3.166523674735799432e-05 3.344231663504615426e-05 3.208301131962798536e-05 3.181595093337818980e-05 3.271256355219520628e-05 3.358521280460990965e-05
3.583166332665330600e+01 3.261161327827721834e-05 2.108852413584827445e-06 3.248370194341987371e-05 3.352991552674211562e-05 3.269650187576189637e-05 3.235551776015199721e-05 3.159965490340255201e-05 3.337467933306470513e-05 3.201961226295679808e-05 3.175117672071792185e-05 3.264690167270600796e-05 3.352010025992058218e-05
3.591182364729458953e+01 3.254313924117013812e-05 2.091001988446805626e-06 3.242523234803229570e-05 3.343970456626266241e-05 3.263055987190455198e-05 3.229441790608689189e-05 3.154016303597018123e-05 3.330877007101662457e-05 3.195427416358143091e-05 3.168801413266919553e-05 3.258524884586222470e-05 3.344971992191858590e-05
3.599198396793587307e+01 3.248413486289791763e-05 2.087512939397129230e-06 3.236165866837836802e-05 3.336583176860585809e-05 3.256692070863209665e-05 3.222657687729224563e-05 3.147319148411042988e-05 3.323508644825778902e-05 3.188970367773436010e-05 3.162193388561718166e-05 3.252874375903047621e-05 3.338757232995703816e-05
3.607214428857714950e+01 3.242146340198814869e-05 2.090112047881120816e-06 3.228570494684390724e-05 3.330279650981537998e-05 3.249783185310661793e-05 3.216388358850963414e-05 3.140800254186615348e-05 3.317625305498950183e-05 3.181980719091370702e-05 3.155213562422432005e-05 3.246047708671540022e-05 3.331248080939985812e-05
3.615230460921843303e+01 3.235051917727105319e-05 2.090198222504113801e-06 3.222375016775913537e-05 3.324427962070330977e-05 3.242980892537161708e-05 3.209387068636715412e-05 3.134430153295397758e-05 3.310665488243103027e-05 3.176271275151520967e-05 3.148624819004908204e-05 3.238345743739046156e-05 3.325211218907497823e-05
3.623246492985971656e+01 3.229025969631038606e-05 2.075965994663420133e-06 3.216557161067612469e-05 3.315967842354439199e-05 3.236406701034866273e-05 3.202849984518252313e-05 3.127526724711060524e-05 3.303698758827522397e-05 3.168710463796742260e-05 3.143275534966960549e-05 3.231632217648439109e-05 3.317641312605701387e-05
3.631262525050100010e+01 3.221760562155395746e-05 2.083890194626292214e-06 3.209941132809035480e-05 3.309851308586075902e-05 3.229106005164794624e-05 3.196704346919432282e-05 3.121466215816326439e-05 3.298406591056846082e-05 3.162669963785447180e-05 3.136191298835910857e-05 3.225788168492726982e-05 3.312137414468452334e-05
3.639278557114228363e+01 3.215453034499660134e-05 2.074165195153909735e-06 3.203378582838922739e-05 3.303682751720771194e-05 3.223549356334842741e-05 3.190494317095726728e-05 3.115244908258318901e-05 3.291173561592586339e-05 3.156613092869520187e-05 3.130588083877228200e-05 3.219039717805571854e-05 3.305100835859775543e-05
3.647294589178356716e+01 3.209096030332148075e-05 2.071946255455259234e-06 3.196667967131361365e-05 3.296620707260444760e-05 3.217440826119855046e-05 3.183941225870512426e-05 3.109228418907150626e-05 3.284457488916814327e-05 3.149823169223964214e-05 3.123073838651180267e-05 3.212210140191018581e-05 3.298104638815857470e-05
3.655310621242485070e+01 3.203103551641106606e-05 2.070296204692567699e-06 3.190095958416350186e-05 3.291418033768422902e-05 3.210924114682711661e-05 3.177237886120565236e-05 3.103218114119954407e-05 3.277082942076958716e-05 3.143437425023876131e-05 3.117604501312598586e-05 3.207594272680580616e-05 3.292030305601656437e-05
3.663326653306613423e+01 3.196299076080322266e-05 2.057204937955248170e-06 3.183619628543965518e-05 3.283968908363021910e-05 3.203726737410761416e-05 3.170757190673612058e-05 3.096888394793495536e-05 3.270364322816021740e-05 3.137792009511031210e-05 3.111254409304820001e-05 3.200282299076206982e-05 3.284683043602854013e-05
3.671342685370741066e+01 3.189381095580756664e-05 2.046764848273596726e-06 3.177946928190067410e-05 3.276933057350106537e-05 3.197000478394329548e-05 3.164500958519056439e-05 3.090890095336362720e-05 3.264577753725461662e-05 3.131723133265040815e-05 3.106101939920336008e-05 3.193002703483216465e-05 3.278123767813667655e-05
3.679358717434869419e+01 3.183443550369702280e-05 2.052320269285701215e-06 3.171737262164242566e-05 3.271315654274076223e-05 3.191169889760203660e-05 3.158959225402213633e-05 3.084514901274815202e-05 3.257726348238065839e-05 3.125141665805131197e-05 3.099077730439603329e-05 3.187240508850663900e-05 3.272049070801585913e-05
3.687374749498997772e+01 3.177734834025613964e-05 2.052319814538350329e-06 3.164875306538306177e-05 3.263815233367495239e-05 3.185089371982030571e-05 3.152211866108700633e-05 3.078073859796859324e-05 3.251165617257356644e-05 3.118591848760843277e-05 3.092435144935734570e-05 3.180960993631742895e-05 3.266138082835823298e-05
3.695390781563126126e+01 3.171855132677592337e-05 2.058213340205838904e-06 3.158814433845691383e-05 3.258985088905319571e-05 3.178416591254062951e-05 3.145431765005923808e-05 3.071877290494740009e-05 3.245632615289650857e-05 3.112631384283304214e-05 3.086259675910696387e-05 3.174354787915945053e-05 3.259407458244822919e-05
3.703406813627254479e+01 3.164799636579118669e-05 2.031896656262688339e-06 3.152942736051045358e-05 3.251348607591353357e-05 3.172823198838159442e-05 3.138992178719490767e-05 3.066480348934419453e-05 3.238290082663297653e-05 3.106344593106769025e-05 3.081512841163203120e-05 3.168136754538863897e-05 3.251832458772696555e-05
3.711422845691382832e+01 3.159019252052530646e-05 2.045183691734564491e-06 3.146547896903939545e-05 3.245601692469790578e-05 3.165578527841717005e-05 3.133129939669743180e-05 3.060584276681765914e-05 3.232705057598650455e-05 3.099858076893724501e-05 3.073873085668310523e-05 3.161587301292456686e-05 3.246601772843860090e-05
3.719438877755511186e+01 3.152488716295920312e-05 2.029459437835612334e-06 3.140156331937760115e-05 3.238848876208066940e-05 3.159293555654585361e-05 3.127455056528560817e-05 3.054586341022513807e-05 3.225314503652043641e-05 3.094299245276488364e-05 3.068501973757520318e-05 3.156552702421322465e-05 3.239905345253646374e-05
3.727454909819638829e+01 3.145965820294804871e-05 2.024667992372997105e-06 3.133951759082265198e-05 3.232276503695175052e-05 3.153213037876412272e-05 3.121085319435223937e-05 3.048295184271410108e-05 3.220022335881367326e-05 3.088359153480269015e-05 3.063472468056716025e-05 3.149802432744763792e-05 3.233414099668152630e-05
3.735470941883767182e+01 3.140042463201098144e-05 2.031094709309400059e-06 3.127861054963432252e-05 3.226877379347570240e-05 3.147826282656751573e-05 3.114638820989057422e-05 3.042060052393935621e-05 3.213475793018005788e-05 3.081048998865298927e-05 3.057361027458682656e-05 3.143569483654573560e-05 3.227332854294218123e-05
3.743486973947895535e+01 3.133745485683903098e-05 2.022039325311197899e-06 3.121793270111083984e-05 3.219457357772625983e-05 3.141573324683122337e-05 3.109127646894194186e-05 3.036274938494898379e-05 3.207318877684883773e-05 3.075626955251209438e-05 3.050632949452847242e-05 3.137833846267312765e-05 3.220900180167518556e-05
3.751503006012023889e+01 3.127565651084296405e-05 2.029973984463140368e-06 3.115158688160590827e-05 3.215082324459217489e-05 3.135345104965381324e-05 3.102649861830286682e-05 3.030289917660411447e-05 3.201918661943636835e-05 3.069447120651602745e-05 3.045232551812659949e-05 3.131113771814852953e-05 3.214950265828520060e-05
3.759519038076152242e+01 3.121358895441517234e-05 2.016249254666035995e-06 3.110061879851855338e-05 3.208882117178291082e-05 3.128686876152642071e-05 3.097275111940689385e-05 3.024506986548658460e-05 3.194912642356939614e-05 3.064311022171750665e-05 3.039015427930280566e-05 3.125701914541423321e-05 3.207777626812458038e-05
3.767535070140280595e+01 3.115568688372150064e-05 2.006800286835641600e-06 3.103173730778507888e-05 3.199830462108366191e-05 3.123881106148473918e-05 3.090895916102454066e-05 3.018904862983617932e-05 3.188684786437079310e-05 3.058839502045884728e-05 3.032194945262745023e-05 3.120430119452066720e-05 3.202394873369485140e-05
3.775551102204408949e+01 3.109616955043748021e-05 2.005265514526399784e-06 3.097148146480321884e-05 3.193888915120624006e-05 3.117515370831824839e-05 3.084573836531490088e-05 3.012560773640871048e-05 3.182429645676165819e-05 3.052178362850099802e-05 3.026867125299759209e-05 3.114152059424668550e-05 3.195964018232189119e-05
3.783567134268536591e+01 3.103549533989280462e-05 2.006921477004652843e-06 3.091296821366995573e-05 3.189396375091746449e-05 3.111221667495556176e-05 3.078508234466426075e-05 3.006989209097810090e-05 3.176189420628361404e-05 3.046952406293712556e-05 3.020627082150895149e-05 3.106551957898773253e-05 3.189940980519168079e-05
3.791583166332664945e+01 3.097966691711917520e-05 1.998651669055107050e-06 3.085052958340384066e-05 3.182274667778983712e-05 3.105005816905759275e-05 3.073084735660813749e-05 3.001099139510188252e-05 3.170536729157902300e-05 3.040441515622660518e-05 3.015486618096474558e-05 3.100886897300370038e-05 3.183479930157773197e-05
3.799599198396793298e+01 3.091703547397628427e-05 1.990472355828387663e-06 3.079950329265557230e-05 3.176086465828120708e-05 3.098539673374034464e-05 3.066921999561600387e-05 2.995214708789717406e-05 3.164045119774527848e-05 3.035157351405359805e-05 3.010044929396826774e-05 3.095172723988071084e-05 3.177486360073089600e-05
3.807615230460921651e+01 3.085547359660267830e-05 1.995700586121529341e-06 3.072990875807590783e-05 3.171219941577874124e-05 3.093449413427151740e-05 3.060928793274797499e-05 2.989521635754499584e-05 3.158194158459082246e-05 3.028663377335760742e-05 3.003999881912022829e-05 3.089846723014488816e-05 3.171217031194828451e-05
3.815631262525050005e+01 3.079404268646612763e-05 1.982432195291039534e-06 3.067627039854414761e-05 3.164416193612851202e-05 3.087737422902137041e-05 3.054939224966801703e-05 2.983887861773837358e-05 3.151328564854338765e-05 3.023532190127298236e-05 2.998527270392514765e-05 3.083562114625237882e-05 3.165246380376629531e-05
3.823647294589178358e+01 3.073940388276241720e-05 1.981562263608793728e-06 3.062210453208535910e-05 3.158025356242433190e-05 3.081142858718521893e-05 3.049338556593284011e-05 2.977955045935232192e-05 3.145995651721023023e-05 3.016965092683676630e-05 2.993510133819654584e-05 3.077853762079030275e-05 3.159636980853974819e-05
3.831663326653306711e+01 3.067972284043207765e-05 1.978931777557590976e-06 3.056244531762786210e-05 3.152338467771187425e-05 3.076046050409786403e-05 3.043763354071415961e-05 2.972838774439878762e-05 3.139764521620236337e-05 3.011480657733045518e-05 2.985666833410505205e-05 3.072053004871122539e-05 3.152512726956047118e-05
3.839679358717435065e+01 3.061778261326253414e-05 1.971595338545739651e-06 3.050656414416152984e-05 3.144981747027486563e-05 3.069447120651602745e-05 3.037815622519701719e-05 2.966840293083805591e-05 3.133931022603064775e-05 3.005318103532772511e-05 2.980600220325868577e-05 3.066275530727580190e-05 3.146943708998151124e-05
3.847695390781562708e+01 3.056087007280439138e-05 1.972354311874369159e-06 3.044306140509434044e-05 3.139878026559017599e-05 3.063396434299647808e-05 3.031529740837868303e-05 2.960701203846838325e-05 3.128690150333568454e-05 2.999757271027192473e-05 2.975913776026573032e-05 3.059720620512962341e-05 3.140821354463696480e-05
3.855711422845691061e+01 3.050563282158691436e-05 1.976244448087527417e-06 3.038111208297777921e-05 3.134702274110168219e-05 3.057504000025801361e-05 3.025923433597199619e-05 2.954907722596544772e-05 3.122305861325003207e-05 2.994606438733171672e-05 2.969132947328034788e-05 3.054193075513467193e-05 3.135249426122754812e-05
3.863727454909819414e+01 3.045069934159982949e-05 1.970145603991113603e-06 3.032773201994132251e-05 3.129254037048667669e-05 3.051701060030609369e-05 3.020621261384803802e-05 2.949850750155746937e-05 3.116612060694023967e-05 2.988780579471495003e-05 2.964232771773822606e-05 3.048806502192746848e-05 3.129394099232740700e-05
3.871743486973947768e+01 3.039328294107690454e-05 1.962937403732212260e-06 3.027259845111984760e-05 3.122716589132323861e-05 3.046589154109824449e-05 3.015348738699685782e-05 2.944252264569513500e-05 3.110233956249430776e-05 2.983284502988681197e-05 2.958849654532968998e-05 3.042091884708497673e-05 3.124116483377292752e-05
3.879759519038076121e+01 3.032900531252380461e-05 1.951737885974580422e-06 3.020975782419554889e-05 3.115607250947505236e-05 3.040508454432711005e-05 3.008816383953671902e-05 2.938785110018216074e-05 3.104272036580368876e-05 2.977628173539415002e-05 2.952896102215163410e-05 3.037062560906633735e-05 3.117304004263132811e-05
3.887775551102204474e+01 3.027104139619041234e-05 1.956474534381413832e-06 3.015150286955758929e-05 3.110192483291029930e-05 3.034917062905151397e-05 3.003192068717908114e-05 2.933036921604070812e-05 3.099246168858371675e-05 2.971053254441358149e-05 2.947235589090269059e-05 3.030055813724175096e-05 3.111322439508512616e-05
3.895791583166332828e+01 3.021136944880709052e-05 1.951640115294139832e-06 3.010245927725918591e-05 3.105473660980351269e-05 3.029359322681557387e-05 2.997338015120476484e-05 2.927911373262759298e-05 3.091992766712792218e-05 2.965785097330808640e-05 2.942057471955195069e-05 3.025591649929992855e-05 3.106291114818304777e-05
3.903807615230460470e+01 3.016608388861641288e-05 1.945392568813986145e-06 3.003570054715964943e-05 3.099287641816772521e-05 3.023869612661655992e-05 2.992263034684583545e-05 2.922320891229901463e-05 3.086919241468422115e-05 2.960743586299940944e-05 2.936221608251798898e-05 3.019739961018785834e-05 3.099334571743384004e-05
3.911823647294588824e+01 3.010797081515192986e-05 1.937760771397734061e-06 2.997826777573209256e-05 3.092960105277597904e-05 3.018260213139001280e-05 2.986666368087753654e-05 2.916880475822836161e-05 3.080611350014805794e-05 2.955358468170743436e-05 2.930565278802532703e-05 3.014046342286746949e-05 3.093573468504473567e-05
3.919839679358717177e+01 3.004604513989761472e-05 1.944508994711213745e-06 2.993219095515087247e-05 3.087275399593636394e-05 3.012264824064914137e-05 2.980515091621782631e-05 2.911075353040359914e-05 3.075711720157414675e-05 2.949383815575856715e-05 2.924958789662923664e-05 3.008535168191883713e-05 3.088697849307209253e-05
3.927855711422845530e+01 2.999431126227136701e-05 1.934421106852823868e-06 2.987458537972997874e-05 3.081331306020729244e-05 3.006562110385857522e-05 2.975300776597578079e-05 2.905669498431961983e-05 3.070553430006839335e-05 2.944140032923314720e-05 2.920465885836165398e-05 3.002421726705506444e-05 3.082253533648326993e-05
3.935871743486973884e+01 2.993287489516660571e-05 1.928615802171407267e-06 2.982323348987847567e-05 3.076650682487525046e-05 3.000775723194237798e-05 2.969755951198749244e-05 2.900356776081025600e-05 3.063270924030803144e-05 2.938647776318248361e-05 2.915345430665183812e-05 2.997366391355171800e-05 3.076832581427879632e-05
3.943887775551102237e+01 2.988142296089790761e-05 1.928142410179134458e-06 2.976850373670458794e-05 3.069979720748960972e-05 2.995831709995400161e-05 2.964549457828979939e-05 2.895440593420062214e-05 3.058287984458729625e-05 2.933126415882725269e-05 2.907926136686000973e-05 2.991361179738305509e-05 3.070758612011559308e-05
3.951903807615230590e+01 2.982576188514940441e-05 1.932563236550777219e-06 2.970178138639312238e-05 3.064697011723183095e-05 2.989744098158553243e-05 2.959193989227060229e-05 2.889955976570490748e-05 3.053217733395285904e-05 2.927665627794340253e-05 2.902711639762856066e-05 2.986059917020611465e-05 3.065959754167124629e-05
3.959919839679358233e+01 2.976756695716176182e-05 1.920264139698701911e-06 2.965298517665360123e-05 3.058136280742473900e-05 2.984750244650058448e-05 2.953656439785845578e-05 2.884556670323945582e-05 3.046824531338643283e-05 2.922181738540530205e-05 2.897592094086576253e-05 2.981930811074562371e-05 3.059907248825766146e-05
3.967935871743486587e+01 2.970871901197824627e-05 1.910785385916824453e-06 2.960125129902735353e-05 3.052364627365022898e-05 2.978710472234524786e-05 2.947533721453510225e-05 2.878969644370954484e-05 3.041007221327163279e-05 2.916485573223326355e-05 2.893706732720602304e-05 2.975357529066968709e-05 3.054082844755612314e-05
3.975951903807614940e+01 2.966495048895012587e-05 1.919278702189330943e-06 2.953819785034283996e-05 3.048100370506290346e-05 2.973295340780168772e-05 2.942862738564144820e-05 2.873546691262163222e-05 3.035973895748611540e-05 2.911311275965999812e-05 2.887777191062923521e-05 2.970891728182323277e-05 3.048699181817937642e-05
3.983967935871743293e+01 2.961136124213226140e-05 1.908978902065427974e-06 2.948793189716525376e-05 3.041558375116437674e-05 2.968096850963775069e-05 2.937291537818964571e-05 2.868443152692634612e-05 3.029772597074043006e-05 2.906237568822689354e-05 2.882216722355224192e-05 2.963854058180004358e-05 3.043145079573150724e-05
3.991983967935871647e+01 2.955538911919575185e-05 1.901569703477434814e-06 2.943396066257264465e-05 3.035806003026664257e-05 2.962294092867523432e-05 2.931929338956251740e-05 2.863275039999280125e-05 3.024662692041601986e-05 2.900580875575542450e-05 2.877251245081424713e-05 2.959007542813196778e-05 3.036697671632282436e-05
4.000000000000000000e+01 2.950039197457954288e-05 1.902283315757813398e-06 2.938165744126308709e-05 3.031812957488000393e-05 2.956959906441625208e-05 2.926437628048006445e-05 2.858219340851064771e-05 3.018438837898429483e-05 2.895147736126091331e-05 2.872552067856304348e-05 2.953033981611952186e-05 3.031836422451306134e-05
