# Omega Rho_mean Rho_error Rho_sample_0 Rho_sample_1 Rho_sample_2 Rho_sample_3 Rho_sample_4 Rho_sample_5 Rho_sample_6 Rho_sample_7 Rho_sample_8 Rho_sample_9
0.000000000000000000e+00 2.327766967937350273e-03 1.238322583958506584e-03 2.447726204991340637e-03 2.035959856584668159e-03 2.387647982686758041e-03 1.530643203295767307e-03 2.535788109526038170e-03 2.813208848237991333e-03 2.030207077041268349e-03 2.822472015395760536e-03 1.983481924980878830e-03 2.587089780718088150e-03
4.008016032064127925e-03 3.004208765923976898e-02 4.548653960227966309e-03 3.121584653854370117e-02 2.931605279445648193e-02 3.228596970438957214e-02 3.242165967822074890e-02 2.890317142009735107e-02 3.077018447220325470e-02 2.986033819615840912e-02 2.788849547505378723e-02 3.009757958352565765e-02 2.876608632504940033e-02
8.016032064128255849e-03 2.342865429818630219e-02 8.726489730179309845e-03 2.713351137936115265e-02 2.108953893184661865e-02 2.422453463077545166e-02 1.820943504571914673e-02 2.368526533246040344e-02 2.705678343772888184e-02 2.144284173846244812e-02 2.499384246766567230e-02 2.082822471857070923e-02 2.511639147996902466e-02
1.202404809619238291e-02 3.911893442273139954e-02 1.350067090243101120e-02 4.495768994092941284e-02 3.549797460436820984e-02 4.022553935647010803e-02 3.104962036013603210e-02 3.949831798672676086e-02 4.464111477136611938e-02 3.605089336633682251e-02 4.148668423295021057e-02 3.506658226251602173e-02 4.176723212003707886e-02
1.603206412825651170e-02 8.919149637222290039e-02 3.063892945647239685e-02 1.028204411268234253e-01 8.165674656629562378e-02 9.022370725870132446e-02 7.063277810811996460e-02 9.027322381734848022e-02 1.010681390762329102e-01 8.273924887180328369e-02 9.554052352905273438e-02 8.030564337968826294e-02 9.622628986835479736e-02
2.004008016032064049e-02 1.629548966884613037e-01 5.846222117543220520e-02 1.887765675783157349e-01 1.498078405857086182e-01 1.623763591051101685e-01 1.271028965711593628e-01 1.656883805990219116e-01 1.844093352556228638e-01 1.514610201120376587e-01 1.771436929702758789e-01 1.465421020984649658e-01 1.780810356140136719e-01
2.404809619238476581e-02 1.842776238918304443e-01 6.618890911340713501e-02 2.133178114891052246e-01 1.694163680076599121e-01 1.835205852985382080e-01 1.436430364847183228e-01 1.875044554471969604e-01 2.085326164960861206e-01 1.712393909692764282e-01 2.005146443843841553e-01 1.656784862279891968e-01 2.014688402414321899e-01
2.805611222444889460e-02 2.932305335998535156e-01 1.150980144739151001e-01 3.416326940059661865e-01 2.695125937461853027e-01 2.875792682170867920e-01 2.208763957023620605e-01 3.003775179386138916e-01 3.328124284744262695e-01 2.717835605144500732e-01 3.247101604938507080e-01 2.617008090019226074e-01 3.254619538784027100e-01
3.206412825651302340e-02 5.002022385597229004e-01 2.038922011852264404e-01 5.869424343109130859e-01 4.612734913825988770e-01 4.848116040229797363e-01 3.721162080764770508e-01 5.133273601531982422e-01 5.670413374900817871e-01 4.646514952182769775e-01 5.591769218444824219e-01 4.460511207580566406e-01 5.606933832168579102e-01
3.607214428857714872e-02 4.303310513496398926e-01 1.685078740119934082e-01 5.017381906509399414e-01 3.970285356044769287e-01 4.197304844856262207e-01 3.240854442119598389e-01 4.408255219459533691e-01 4.866015315055847168e-01 4.001041352748870850e-01 4.776549339294433594e-01 3.849777579307556152e-01 4.788761734962463379e-01
4.008016032064128098e-02 4.862605631351470947e-01 1.926641911268234253e-01 5.651443004608154297e-01 4.488165974617004395e-01 4.722016751766204834e-01 3.635514974594116211e-01 4.995239973068237305e-01 5.491499304771423340e-01 4.517494440078735352e-01 5.422752499580383301e-01 4.342392385005950928e-01 5.423688888549804688e-01
4.408817635270540630e-02 5.589731335639953613e-01 2.071782946586608887e-01 6.473869681358337402e-01 5.189471244812011719e-01 5.440416932106018066e-01 4.279193580150604248e-01 5.716784000396728516e-01 6.265579462051391602e-01 5.226159095764160156e-01 6.173102855682373047e-01 5.034682750701904297e-01 6.194441318511962891e-01
4.809619238476953162e-02 6.131560206413269043e-01 2.266316562891006470e-01 7.100838422775268555e-01 5.694090723991394043e-01 5.963188409805297852e-01 4.697362184524536133e-01 6.270760893821716309e-01 6.867711544036865234e-01 5.734001398086547852e-01 6.765781044960021973e-01 5.523452758789062500e-01 6.794095039367675781e-01
5.210420841683366389e-02 6.893274784088134766e-01 2.630869150161743164e-01 7.984273433685302734e-01 6.394016146659851074e-01 6.676846146583557129e-01 5.210711359977722168e-01 7.069918513298034668e-01 7.731543183326721191e-01 6.433391571044921875e-01 7.651180624961853027e-01 6.188195943832397461e-01 7.668515443801879883e-01
5.611222444889778921e-02 7.565721273422241211e-01 2.855808734893798828e-01 8.758078813552856445e-01 7.026581764221191406e-01 7.317293286323547363e-01 5.736283659934997559e-01 7.754076123237609863e-01 8.464241027832031250e-01 7.069146037101745605e-01 8.378666639328002930e-01 6.797589063644409180e-01 8.408769965171813965e-01
6.012024048096192147e-02 8.957532644271850586e-01 3.349437117576599121e-01 1.034968614578247070e+00 8.341676592826843262e-01 8.646880984306335449e-01 6.808873414993286133e-01 9.183151721954345703e-01 9.999915361404418945e-01 8.387898802757263184e-01 9.930669069290161133e-01 8.067721128463745117e-01 9.962467551231384277e-01
6.412825651302604679e-02 9.362872242927551270e-01 3.496391773223876953e-01 1.084699869155883789e+00 8.713353872299194336e-01 9.047918319702148438e-01 7.106866836547851562e-01 9.576897621154785156e-01 1.044326782226562500e+00 8.768569231033325195e-01 1.033258914947509766e+00 8.430215716361999512e-01 1.039220929145812988e+00
6.813627254509017905e-02 9.827849864959716797e-01 3.484164476394653320e-01 1.134350061416625977e+00 9.184879064559936523e-01 9.521171450614929199e-01 7.611962556838989258e-01 1.003104448318481445e+00 1.091907978057861328e+00 9.244285821914672852e-01 1.080154061317443848e+00 8.906772136688232422e-01 1.086700201034545898e+00
7.214428857715429744e-02 1.159690499305725098e+00 4.446898698806762695e-01 1.341500282287597656e+00 1.080142974853515625e+00 1.114859580993652344e+00 8.716788887977600098e-01 1.190604209899902344e+00 1.294734835624694824e+00 1.085445404052734375e+00 1.290954113006591797e+00 1.042246937751770020e+00 1.294130682945251465e+00
7.615230460921842970e-02 1.344463348388671875e+00 4.944719374179840088e-01 1.549396038055419922e+00 1.257098674774169922e+00 1.293558120727539062e+00 1.020969629287719727e+00 1.376388549804687500e+00 1.491788983345031738e+00 1.263475418090820312e+00 1.485634088516235352e+00 1.214396715164184570e+00 1.492764830589294434e+00
8.016032064128256196e-02 1.388702869415283203e+00 4.824857115745544434e-01 1.592366337776184082e+00 1.302764296531677246e+00 1.339305639266967773e+00 1.072549939155578613e+00 1.417683601379394531e+00 1.531589150428771973e+00 1.309673547744750977e+00 1.521840095520019531e+00 1.261003375053405762e+00 1.531766772270202637e+00
8.416833667334668034e-02 1.560762286186218262e+00 5.364233255386352539e-01 1.782915353775024414e+00 1.466930150985717773e+00 1.503101825714111328e+00 1.205306768417358398e+00 1.593992352485656738e+00 1.716353416442871094e+00 1.473801136016845703e+00 1.709966063499450684e+00 1.419106245040893555e+00 1.719801664352416992e+00
8.817635270541081260e-02 1.503113508224487305e+00 5.290229916572570801e-01 1.724718332290649414e+00 1.409919261932373047e+00 1.449561715126037598e+00 1.157503128051757812e+00 1.535727858543395996e+00 1.660709619522094727e+00 1.417021870613098145e+00 1.652914524078369141e+00 1.363476037979125977e+00 1.661439180374145508e+00
9.218436873747494487e-02 1.772622823715209961e+00 5.853896737098693848e-01 2.014745473861694336e+00 1.670933365821838379e+00 1.709915518760681152e+00 1.376429319381713867e+00 1.805733084678649902e+00 1.937552213668823242e+00 1.678738594055175781e+00 1.926581740379333496e+00 1.617282271385192871e+00 1.941607832908630371e+00
9.619238476953906325e-02 1.844864487648010254e+00 5.689540505409240723e-01 2.085088014602661133e+00 1.746028423309326172e+00 1.784078121185302734e+00 1.457861542701721191e+00 1.873181819915771484e+00 2.002572059631347656e+00 1.754416465759277344e+00 1.986989259719848633e+00 1.692556262016296387e+00 2.006616115570068359e+00
1.002004008016031955e-01 1.922275543212890625e+00 5.597494244575500488e-01 2.159679889678955078e+00 1.823763489723205566e+00 1.863443017005920410e+00 1.533289670944213867e+00 1.945631265640258789e+00 2.071577072143554688e+00 1.832883596420288086e+00 2.048631429672241211e+00 1.769730210304260254e+00 2.074089050292968750e+00
1.042084168336673278e-01 1.948305845260620117e+00 4.893668889999389648e-01 2.166727781295776367e+00 1.860976696014404297e+00 1.899724602699279785e+00 1.603754878044128418e+00 1.959300518035888672e+00 2.073238372802734375e+00 1.871364355087280273e+00 2.037849426269531250e+00 1.812647938728332520e+00 2.072723388671875000e+00
1.082164328657314600e-01 2.076625347137451172e+00 4.349217414855957031e-01 2.270676851272583008e+00 1.997935652732849121e+00 2.032656192779541016e+00 1.756114125251770020e+00 2.077531576156616211e+00 2.172693729400634766e+00 2.008530139923095703e+00 2.127782106399536133e+00 1.952081203460693359e+00 2.171662330627441406e+00
1.122244488977955784e-01 2.127398729324340820e+00 3.632070720195770264e-01 2.297715902328491211e+00 2.060041427612304688e+00 2.093495845794677734e+00 1.854438543319702148e+00 2.114617109298706055e+00 2.193572282791137695e+00 2.071965694427490234e+00 2.134264230728149414e+00 2.020230531692504883e+00 2.189324855804443359e+00
1.162324649298597107e-01 2.089155435562133789e+00 2.371560484170913696e-01 2.216085195541381836e+00 2.045358180999755859e+00 2.073829650878906250e+00 1.922483682632446289e+00 2.056947708129882812e+00 2.110042572021484375e+00 2.058746337890625000e+00 2.035527706146240234e+00 2.019293785095214844e+00 2.101688385009765625e+00
1.202404809619238429e-01 2.301079750061035156e+00 1.884679049253463745e-01 2.399907350540161133e+00 2.273942947387695312e+00 2.291953563690185547e+00 2.200277328491210938e+00 2.255095005035400391e+00 2.286214828491210938e+00 2.287975549697875977e+00 2.202305078506469727e+00 2.254849195480346680e+00 2.280040740966796875e+00
1.242484969939879613e-01 2.123137235641479492e+00 1.813954412937164307e-01 2.189972400665283203e+00 2.116162061691284180e+00 2.134953498840332031e+00 2.135251760482788086e+00 2.062140226364135742e+00 2.079511165618896484e+00 2.132155895233154297e+00 1.984707117080688477e+00 2.112649440765380859e+00 2.066655635833740234e+00
1.282565130260520936e-01 2.190103054046630859e+00 2.723341584205627441e-01 2.222560644149780273e+00 2.205244541168212891e+00 2.215791940689086914e+00 2.305285453796386719e+00 2.112617254257202148e+00 2.108168125152587891e+00 2.222666978836059570e+00 2.001809120178222656e+00 2.215188026428222656e+00 2.093961477279663086e+00
1.322645290581162258e-01 2.156585454940795898e+00 3.604529500007629395e-01 2.165502786636352539e+00 2.189952373504638672e+00 2.194524049758911133e+00 2.365650415420532227e+00 2.069190263748168945e+00 2.052929639816284180e+00 2.208244800567626953e+00 1.942930817604064941e+00 2.211690187454223633e+00 2.037798404693603516e+00
1.362725450901803581e-01 2.166412353515625000e+00 4.460583031177520752e-01 2.155475378036499023e+00 2.217034339904785156e+00 2.213853120803833008e+00 2.459118366241455078e+00 2.070912837982177734e+00 2.044172525405883789e+00 2.235876560211181641e+00 1.933290243148803711e+00 2.249313831329345703e+00 2.029845476150512695e+00
1.402805611222444904e-01 2.033534049987792969e+00 5.153961181640625000e-01 2.010506153106689453e+00 2.094598054885864258e+00 2.092115879058837891e+00 2.395744323730468750e+00 1.932017087936401367e+00 1.902384757995605469e+00 2.114683151245117188e+00 1.787776708602905273e+00 2.136459112167358398e+00 1.884547352790832520e+00
1.442885771543085949e-01 2.027802467346191406e+00 5.847630500793457031e-01 1.994701147079467773e+00 2.103127717971801758e+00 2.094763755798339844e+00 2.461377143859863281e+00 1.921339392662048340e+00 1.888816833496093750e+00 2.123668670654296875e+00 1.776036143302917480e+00 2.153716802597045898e+00 1.871885061264038086e+00
1.482965931863727271e-01 2.016040086746215820e+00 6.136477589607238770e-01 1.977579593658447266e+00 2.097470045089721680e+00 2.085502386093139648e+00 2.479600429534912109e+00 1.908540725708007812e+00 1.873826742172241211e+00 2.117967605590820312e+00 1.763322591781616211e+00 2.151937723159790039e+00 1.857955813407897949e+00
1.523046092184368594e-01 1.869835495948791504e+00 6.422079205513000488e-01 1.821300983428955078e+00 1.956284403800964355e+00 1.944026112556457520e+00 2.364374876022338867e+00 1.763069748878479004e+00 1.725777387619018555e+00 1.976376175880432129e+00 1.619187831878662109e+00 2.015090942382812500e+00 1.708810329437255859e+00
1.563126252505009917e-01 1.804143071174621582e+00 6.614460349082946777e-01 1.747253417968750000e+00 1.894203186035156250e+00 1.879487395286560059e+00 2.315643787384033203e+00 1.697249054908752441e+00 1.655325531959533691e+00 1.913865089416503906e+00 1.551185131072998047e+00 1.955193519592285156e+00 1.638871312141418457e+00
1.603206412825651239e-01 1.579370975494384766e+00 6.779755949974060059e-01 1.511602997779846191e+00 1.673337221145629883e+00 1.660266160964965820e+00 2.115290403366088867e+00 1.477099061012268066e+00 1.434784531593322754e+00 1.691826224327087402e+00 1.339156985282897949e+00 1.738189220428466797e+00 1.416707873344421387e+00
1.643286573146292562e-01 1.682462215423583984e+00 6.738139390945434570e-01 1.611378908157348633e+00 1.777715444564819336e+00 1.757518053054809570e+00 2.210451364517211914e+00 1.580741763114929199e+00 1.532291412353515625e+00 1.795231342315673828e+00 1.439487814903259277e+00 1.840209484100341797e+00 1.518549919128417969e+00
1.683366733466933607e-01 1.492567181587219238e+00 7.386958003044128418e-01 1.405094385147094727e+00 1.597953915596008301e+00 1.579017281532287598e+00 2.077198505401611328e+00 1.386301994323730469e+00 1.333024263381958008e+00 1.616014719009399414e+00 1.238814830780029297e+00 1.668897151947021484e+00 1.315729260444641113e+00
1.723446893787574929e-01 1.472978234291076660e+00 7.368471622467041016e-01 1.375441908836364746e+00 1.581128954887390137e+00 1.556598186492919922e+00 2.055907011032104492e+00 1.370720744132995605e+00 1.311016559600830078e+00 1.597239017486572266e+00 1.225712776184082031e+00 1.651187419891357422e+00 1.296921610832214355e+00
1.763527054108216252e-01 1.334702372550964355e+00 7.245089411735534668e-01 1.232435226440429688e+00 1.440548419952392578e+00 1.418061971664428711e+00 1.908946394920349121e+00 1.236790537834167480e+00 1.176081657409667969e+00 1.455702781677246094e+00 1.095177412033081055e+00 1.509985923767089844e+00 1.161170721054077148e+00
1.803607214428857575e-01 1.269013643264770508e+00 7.214024662971496582e-01 1.157210111618041992e+00 1.376050353050231934e+00 1.350223422050476074e+00 1.840627908706665039e+00 1.175380587577819824e+00 1.109193086624145508e+00 1.389413237571716309e+00 1.035180091857910156e+00 1.444540500640869141e+00 1.096166849136352539e+00
1.843687374749498897e-01 1.262948393821716309e+00 7.406076788902282715e-01 1.142683029174804688e+00 1.374885916709899902e+00 1.345157742500305176e+00 1.846937060356140137e+00 1.167894721031188965e+00 1.096072435379028320e+00 1.387794733047485352e+00 1.023754835128784180e+00 1.445144176483154297e+00 1.084270715713500977e+00
1.883767535070140220e-01 1.155898809432983398e+00 7.100150585174560547e-01 1.035249590873718262e+00 1.263123273849487305e+00 1.234691023826599121e+00 1.716897487640380859e+00 1.067124605178833008e+00 9.960297942161560059e-01 1.274627089500427246e+00 9.301397204399108887e-01 1.330091834068298340e+00 9.847122430801391602e-01
1.923847695390781265e-01 1.096739888191223145e+00 7.087960839271545410e-01 9.699927568435668945e-01 1.203994154930114746e+00 1.175158262252807617e+00 1.654376864433288574e+00 1.009698629379272461e+00 9.352293014526367188e-01 1.214751482009887695e+00 8.711491823196411133e-01 1.271000862121582031e+00 9.238952398300170898e-01
1.963927855711422588e-01 1.031978726387023926e+00 6.878703236579895020e-01 9.096006155014038086e-01 1.135739564895629883e+00 1.109038591384887695e+00 1.576164484024047852e+00 9.484215378761291504e-01 8.776898384094238281e-01 1.146133661270141602e+00 8.165826201438903809e-01 1.201030373573303223e+00 8.661397695541381836e-01
2.004008016032063910e-01 1.019849777221679688e+00 7.012034058570861816e-01 8.907223343849182129e-01 1.126409173011779785e+00 1.097029328346252441e+00 1.572099208831787109e+00 9.354190826416015625e-01 8.598684668540954590e-01 1.136383771896362305e+00 7.997688651084899902e-01 1.192534446716308594e+00 8.491209745407104492e-01
2.044088176352705233e-01 9.458475112915039062e-01 6.698745489120483398e-01 8.197556734085083008e-01 1.046426653861999512e+00 1.019788742065429688e+00 1.472730159759521484e+00 8.658124208450317383e-01 7.922454476356506348e-01 1.055788755416870117e+00 7.347752451896667480e-01 1.109526157379150391e+00 7.811819314956665039e-01
2.084168336673346555e-01 8.724712133407592773e-01 6.501470208168029785e-01 7.495648264884948730e-01 9.698817729949951172e-01 9.454645514488220215e-01 1.384972929954528809e+00 7.955394387245178223e-01 7.249771952629089355e-01 9.789453744888305664e-01 6.693861484527587891e-01 1.031837224960327148e+00 7.133908271789550781e-01
2.124248496993987878e-01 8.090021014213562012e-01 6.270672082901000977e-01 6.902698874473571777e-01 9.025215506553649902e-01 8.793103098869323730e-01 1.307052135467529297e+00 7.364148497581481934e-01 6.689946651458740234e-01 9.109064936637878418e-01 6.176491975784301758e-01 9.621125459671020508e-01 6.578506827354431152e-01
2.164328657314629201e-01 7.369000911712646484e-01 5.878850221633911133e-01 6.257569193840026855e-01 8.242712020874023438e-01 8.038734197616577148e-01 1.207801818847656250e+00 6.705340743064880371e-01 6.089195013046264648e-01 8.319095969200134277e-01 5.628251433372497559e-01 8.806670904159545898e-01 5.979766845703125000e-01
2.204408817635270246e-01 7.349542379379272461e-01 5.823725461959838867e-01 6.240782737731933594e-01 8.214910030364990234e-01 8.010922670364379883e-01 1.199352025985717773e+00 6.685843467712402344e-01 6.066045165061950684e-01 8.291350007057189941e-01 5.599681138992309570e-01 8.773108720779418945e-01 5.957363247871398926e-01
2.244488977955911568e-01 7.382790446281433105e-01 5.659602284431457520e-01 6.260141134262084961e-01 8.226633667945861816e-01 8.020132780075073242e-01 1.182949781417846680e+00 6.726800203323364258e-01 6.085524559020996094e-01 8.299206495285034180e-01 5.618444681167602539e-01 8.765122890472412109e-01 5.980412364006042480e-01
2.284569138276552891e-01 6.449958086013793945e-01 5.278875827789306641e-01 5.438615083694458008e-01 7.220479846000671387e-01 7.060351967811584473e-01 1.066024780273437500e+00 5.849658846855163574e-01 5.290285348892211914e-01 7.291432619094848633e-01 4.856308102607727051e-01 7.729772329330444336e-01 5.178812742233276367e-01
2.324649298597194214e-01 6.011173725128173828e-01 5.023108124732971191e-01 5.066726803779602051e-01 6.738225221633911133e-01 6.595497131347656250e-01 1.005243778228759766e+00 5.447667241096496582e-01 4.933410584926605225e-01 6.806186437606811523e-01 4.528484940528869629e-01 7.224043607711791992e-01 4.824678003787994385e-01
2.364729458917835536e-01 5.415530800819396973e-01 4.558985531330108643e-01 4.557778239250183105e-01 6.059960722923278809e-01 5.955744385719299316e-01 9.073785543441772461e-01 4.896980524063110352e-01 4.432395696640014648e-01 6.125389933586120605e-01 4.043475985527038574e-01 6.501734256744384766e-01 4.320729672908782959e-01
2.404809619238476859e-01 5.724412798881530762e-01 4.610687792301177979e-01 4.856889247894287109e-01 6.382210254669189453e-01 6.267533898353576660e-01 9.409575462341308594e-01 5.194393396377563477e-01 4.719978868961334229e-01 6.448742151260375977e-01 4.321935772895812988e-01 6.828088164329528809e-01 4.610483050346374512e-01
2.444889779559117904e-01 4.927411079406738281e-01 4.135488867759704590e-01 4.176586866378784180e-01 5.503036975860595703e-01 5.433596968650817871e-01 8.263865113258361816e-01 4.452856183052062988e-01 4.057316184043884277e-01 5.567594170570373535e-01 3.690520823001861572e-01 5.909678936004638672e-01 3.944323956966400146e-01
2.484969939879759226e-01 4.986415505409240723e-01 3.971986472606658936e-01 4.255895614624023438e-01 5.538027882575988770e-01 5.469577312469482422e-01 8.170864582061767578e-01 4.524798393249511719e-01 4.134347438812255859e-01 5.600208640098571777e-01 3.771896958351135254e-01 5.925225019454956055e-01 4.025205671787261963e-01
2.525050100200400549e-01 4.411391019821166992e-01 3.692509829998016357e-01 3.751980364322662354e-01 4.914349317550659180e-01 4.869833588600158691e-01 7.407308220863342285e-01 3.989663720130920410e-01 3.648558557033538818e-01 4.973865151405334473e-01 3.315327465534210205e-01 5.278335213661193848e-01 3.539964258670806885e-01
2.565130260521041872e-01 4.238223731517791748e-01 3.612771630287170410e-01 3.611008524894714355e-01 4.728875160217285156e-01 4.693358838558197021e-01 7.180637121200561523e-01 3.823862373828887939e-01 3.505066335201263428e-01 4.789639413356781006e-01 3.173882067203521729e-01 5.088288187980651855e-01 3.395320177078247070e-01
2.605210420841683194e-01 3.776837885379791260e-01 3.323957026004791260e-01 3.208931684494018555e-01 4.217746257781982422e-01 4.202885627746582031e-01 6.507793664932250977e-01 3.401920795440673828e-01 3.121618926525115967e-01 4.274550676345825195e-01 2.819626629352569580e-01 4.550390541553497314e-01 3.013917207717895508e-01
2.645290581162324517e-01 3.450964093208312988e-01 3.023664951324462891e-01 2.934029102325439453e-01 3.845204412937164307e-01 3.842233121395111084e-01 5.931544303894042969e-01 3.106978833675384521e-01 2.852557301521301270e-01 3.898449838161468506e-01 2.569084465503692627e-01 4.147696495056152344e-01 2.749503254890441895e-01
2.685370741482965840e-01 3.433125317096710205e-01 3.106651008129119873e-01 2.917521595954895020e-01 3.833626210689544678e-01 3.836484551429748535e-01 5.994659066200256348e-01 3.080085813999176025e-01 2.829187214374542236e-01 3.890140950679779053e-01 2.534335553646087646e-01 4.145526289939880371e-01 2.721338570117950439e-01
2.725450901803607162e-01 3.252099752426147461e-01 2.975908219814300537e-01 2.767582237720489502e-01 3.632619082927703857e-01 3.642234802246093750e-01 5.711838006973266602e-01 2.912858426570892334e-01 2.680281102657318115e-01 3.688375651836395264e-01 2.393546253442764282e-01 3.932389616966247559e-01 2.574309110641479492e-01
2.765531062124248485e-01 3.181548118591308594e-01 2.864746451377868652e-01 2.716787457466125488e-01 3.544816374778747559e-01 3.558316230773925781e-01 5.548679828643798828e-01 2.853292226791381836e-01 2.630615532398223877e-01 3.599296808242797852e-01 2.350542545318603516e-01 3.832967281341552734e-01 2.526356577873229980e-01
2.805611222444889807e-01 3.090000450611114502e-01 2.875864207744598389e-01 2.626384198665618896e-01 3.448914885520935059e-01 3.468784689903259277e-01 5.465956330299377441e-01 2.758234143257141113e-01 2.535122632980346680e-01 3.505107164382934570e-01 2.249088138341903687e-01 3.737804293632507324e-01 2.428403794765472412e-01
2.845691382765530575e-01 2.809182405471801758e-01 2.701046168804168701e-01 2.389835864305496216e-01 3.142336905002593994e-01 3.171676397323608398e-01 5.060580372810363770e-01 2.501049041748046875e-01 2.307485044002532959e-01 3.196547627449035645e-01 2.040396779775619507e-01 3.416559994220733643e-01 2.203710824251174927e-01
2.885771543086171897e-01 2.758751511573791504e-01 2.730266749858856201e-01 2.337481826543807983e-01 3.093040883541107178e-01 3.122733235359191895e-01 5.038750767707824707e-01 2.448412179946899414e-01 2.252936065196990967e-01 3.148052394390106201e-01 1.983828991651535034e-01 3.369595408439636230e-01 2.148958444595336914e-01
2.925851703406813220e-01 2.833506166934967041e-01 2.729451656341552734e-01 2.418109923601150513e-01 3.165160715579986572e-01 3.200335502624511719e-01 5.106354951858520508e-01 2.517292797565460205e-01 2.324693202972412109e-01 3.222248554229736328e-01 2.044569849967956543e-01 3.441507518291473389e-01 2.217231988906860352e-01
2.965931863727454543e-01 2.656177878379821777e-01 2.645763158798217773e-01 2.257212698459625244e-01 2.973470389842987061e-01 3.013622164726257324e-01 4.864936470985412598e-01 2.350495904684066772e-01 2.167165279388427734e-01 3.029649853706359863e-01 1.895378530025482178e-01 3.241983652114868164e-01 2.061349153518676758e-01
3.006012024048095865e-01 2.685399055480957031e-01 2.675998210906982422e-01 2.286532670259475708e-01 3.006389439105987549e-01 3.045938313007354736e-01 4.924259185791015625e-01 2.377010583877563477e-01 2.194594442844390869e-01 3.063220381736755371e-01 1.920468658208847046e-01 3.277316093444824219e-01 2.088340818881988525e-01
3.046092184368737188e-01 2.510216236114501953e-01 2.526866793632507324e-01 2.136857211589813232e-01 2.806395888328552246e-01 2.856319248676300049e-01 4.622569978237152100e-01 2.215679734945297241e-01 2.046862095594406128e-01 2.862214446067810059e-01 1.779527366161346436e-01 3.063113391399383545e-01 1.941047161817550659e-01
3.086172344689378511e-01 2.794640958309173584e-01 2.763763070106506348e-01 2.391492277383804321e-01 3.122901618480682373e-01 3.171015679836273193e-01 5.099559426307678223e-01 2.468045651912689209e-01 2.283872961997985840e-01 3.184703290462493896e-01 1.988750100135803223e-01 3.403175473213195801e-01 2.170436680316925049e-01
3.126252505010019833e-01 2.634525597095489502e-01 2.723035812377929688e-01 2.233687639236450195e-01 2.957289814949035645e-01 3.001153469085693359e-01 4.922671318054199219e-01 2.323471307754516602e-01 2.141533941030502319e-01 3.015352189540863037e-01 1.865737885236740112e-01 3.232527971267700195e-01 2.033325433731079102e-01
3.166332665330661156e-01 2.967250049114227295e-01 3.008884191513061523e-01 2.520069777965545654e-01 3.329211473464965820e-01 3.370364904403686523e-01 5.471292734146118164e-01 2.612869143486022949e-01 2.403229922056198120e-01 3.394869267940521240e-01 2.088017612695693970e-01 3.632991611957550049e-01 2.285351753234863281e-01
3.206412825651302478e-01 2.966326773166656494e-01 3.054773509502410889e-01 2.518185973167419434e-01 3.334678709506988525e-01 3.374427556991577148e-01 5.518602132797241211e-01 2.609594762325286865e-01 2.401288598775863647e-01 3.400887548923492432e-01 2.086560130119323730e-01 3.642689287662506104e-01 2.283429056406021118e-01
3.246492985971943801e-01 3.271444737911224365e-01 3.264021277427673340e-01 2.792042493820190430e-01 3.668254613876342773e-01 3.706882297992706299e-01 5.983812212944030762e-01 2.883058786392211914e-01 2.656887769699096680e-01 3.740028440952301025e-01 2.312723994255065918e-01 3.996734917163848877e-01 2.531126737594604492e-01
3.286573146292585124e-01 3.477322757244110107e-01 3.358600437641143799e-01 2.979291379451751709e-01 3.886327743530273438e-01 3.926007747650146484e-01 6.254969835281372070e-01 3.072646856307983398e-01 2.835228741168975830e-01 3.960671126842498779e-01 2.473941445350646973e-01 4.223634600639343262e-01 2.704398334026336670e-01
3.326653306613226446e-01 3.744494616985321045e-01 3.584483265876770020e-01 3.217866122722625732e-01 4.190011322498321533e-01 4.218774139881134033e-01 6.705759167671203613e-01 3.310083448886871338e-01 3.056666851043701172e-01 4.269030392169952393e-01 2.674443125724792480e-01 4.549279212951660156e-01 2.923049926757812500e-01
3.366733466933867214e-01 4.051421880722045898e-01 3.799745142459869385e-01 3.467192053794860840e-01 4.528045952320098877e-01 4.547713994979858398e-01 7.158046960830688477e-01 3.585312962532043457e-01 3.293265998363494873e-01 4.610023498535156250e-01 2.883823513984680176e-01 4.905670881271362305e-01 3.154785633087158203e-01
3.406813627254508536e-01 4.416676759719848633e-01 3.990792036056518555e-01 3.804734945297241211e-01 4.925842285156250000e-01 4.935895800590515137e-01 7.674587965011596680e-01 3.925119638442993164e-01 3.618177771568298340e-01 5.011041164398193359e-01 3.189814388751983643e-01 5.321730375289916992e-01 3.476341366767883301e-01
3.446893787575149859e-01 4.695300459861755371e-01 4.212173223495483398e-01 4.035513103008270264e-01 5.241046547889709473e-01 5.238513350486755371e-01 8.115090131759643555e-01 4.174023270606994629e-01 3.836967647075653076e-01 5.329315662384033203e-01 3.387010693550109863e-01 5.658012628555297852e-01 3.692364692687988281e-01
3.486973947895791182e-01 5.374888181686401367e-01 4.434460997581481934e-01 4.657424092292785645e-01 5.961650013923645020e-01 5.939325094223022461e-01 8.925162553787231445e-01 4.813096523284912109e-01 4.433558583259582520e-01 6.053047776222229004e-01 3.948619365692138672e-01 6.395580172538757324e-01 4.286721944808959961e-01
3.527054108216432504e-01 5.886738300323486328e-01 4.665050208568572998e-01 5.134439468383789062e-01 6.512178778648376465e-01 6.475624442100524902e-01 9.598186016082763672e-01 5.285220742225646973e-01 4.880064427852630615e-01 6.609057784080505371e-01 4.360478222370147705e-01 6.965498924255371094e-01 4.730282127857208252e-01
3.567134268537073827e-01 6.289210319519042969e-01 4.849363565444946289e-01 5.501874685287475586e-01 6.950719952583312988e-01 6.898292303085327148e-01 1.013569235801696777e+00 5.662134885787963867e-01 5.234999656677246094e-01 7.049689292907714844e-01 4.699908494949340820e-01 7.421228289604187012e-01 5.085341930389404297e-01
3.607214428857715149e-01 7.106035351753234863e-01 5.080105066299438477e-01 6.261806488037109375e-01 7.816967964172363281e-01 7.731641530990600586e-01 1.109429836273193359e+00 6.441198587417602539e-01 5.969796180725097656e-01 7.917312383651733398e-01 5.409641265869140625e-01 8.304025530815124512e-01 5.825697183609008789e-01
3.647294589178356472e-01 8.006658554077148438e-01 5.299057364463806152e-01 7.105262279510498047e-01 8.760294914245605469e-01 8.646188378334045410e-01 1.210692048072814941e+00 7.298130989074707031e-01 6.776684522628784180e-01 8.863390684127807617e-01 6.180036067962646484e-01 9.260313510894775391e-01 6.636396050453186035e-01
3.687374749498997795e-01 8.683118224143981934e-01 5.407039523124694824e-01 7.725737094879150391e-01 9.467355608940124512e-01 9.318694472312927246e-01 1.281234622001647949e+00 7.955371737480163574e-01 7.384555935859680176e-01 9.567315578460693359e-01 6.780229210853576660e-01 9.969092607498168945e-01 7.256172895431518555e-01
3.727454909819639117e-01 9.450112581253051758e-01 5.561069250106811523e-01 8.475177884101867676e-01 1.027011036872863770e+00 1.010074853897094727e+00 1.367433667182922363e+00 8.690442442893981934e-01 8.102170228958129883e-01 1.037347078323364258e+00 7.474251985549926758e-01 1.078385114669799805e+00 7.977818250656127930e-01
3.767535070140280440e-01 1.086212754249572754e+00 5.668090581893920898e-01 9.837011098861694336e-01 1.171731352806091309e+00 1.149519324302673340e+00 1.508071184158325195e+00 1.007124543190002441e+00 9.420368075370788574e-01 1.181815505027770996e+00 8.775220513343811035e-01 1.222505092620849609e+00 9.318979978561401367e-01
3.807615230460921762e-01 1.154735684394836426e+00 5.727005600929260254e-01 1.049302697181701660e+00 1.242971897125244141e+00 1.217330098152160645e+00 1.578541278839111328e+00 1.074870467185974121e+00 1.006949186325073242e+00 1.252656698226928711e+00 9.433639049530029297e-01 1.293656468391418457e+00 9.984430670738220215e-01
3.847695390781562530e-01 1.287829279899597168e+00 5.791328549385070801e-01 1.179084300994873047e+00 1.378561735153198242e+00 1.348472952842712402e+00 1.708716511726379395e+00 1.205592632293701172e+00 1.132641434669494629e+00 1.388041257858276367e+00 1.067728638648986816e+00 1.428447604179382324e+00 1.126339316368103027e+00
3.887775551102203853e-01 1.360625028610229492e+00 5.643633008003234863e-01 1.254872798919677734e+00 1.450666189193725586e+00 1.418584704399108887e+00 1.769310474395751953e+00 1.280059695243835449e+00 1.208004951477050781e+00 1.459644675254821777e+00 1.145745635032653809e+00 1.498623609542846680e+00 1.203574538230895996e+00
3.927855711422845175e-01 1.507517814636230469e+00 5.651013851165771484e-01 1.398544073104858398e+00 1.599695444107055664e+00 1.561648607254028320e+00 1.908575773239135742e+00 1.425865173339843750e+00 1.348111748695373535e+00 1.608056664466857910e+00 1.286630749702453613e+00 1.645878076553344727e+00 1.347175359725952148e+00
3.967935871743486498e-01 1.623764634132385254e+00 5.654488205909729004e-01 1.513251066207885742e+00 1.718751907348632812e+00 1.675512075424194336e+00 2.023028373718261719e+00 1.542319536209106445e+00 1.461827993392944336e+00 1.726441383361816406e+00 1.403611779212951660e+00 1.764099597930908203e+00 1.464116811752319336e+00
4.008016032064127820e-01 1.757000923156738281e+00 5.412808060646057129e-01 1.649587392807006836e+00 1.849624872207641602e+00 1.802384495735168457e+00 2.130240678787231445e+00 1.677402496337890625e+00 1.595099091529846191e+00 1.856567144393920898e+00 1.539395451545715332e+00 1.890894889831542969e+00 1.600967884063720703e+00
4.048096192384769143e-01 1.832931280136108398e+00 5.443708300590515137e-01 1.721194863319396973e+00 1.928718447685241699e+00 1.876596808433532715e+00 2.209080696105957031e+00 1.754897594451904297e+00 1.669203877449035645e+00 1.934647202491760254e+00 1.618720054626464844e+00 1.969821095466613770e+00 1.677976727485656738e+00
4.088176352705410466e-01 1.986353278160095215e+00 5.174613595008850098e-01 1.879992127418518066e+00 2.080101728439331055e+00 2.022949934005737305e+00 2.338284730911254883e+00 1.911211609840393066e+00 1.825248956680297852e+00 2.085148811340332031e+00 1.779590964317321777e+00 2.117006778717041016e+00 1.838624119758605957e+00
4.128256513026051788e-01 2.109290599822998047e+00 5.037170052528381348e-01 2.002637386322021484e+00 2.202764034271240234e+00 2.140857696533203125e+00 2.445132732391357422e+00 2.036018371582031250e+00 1.946923017501831055e+00 2.206912994384765625e+00 1.905254602432250977e+00 2.237051248550415039e+00 1.963946104049682617e+00
4.168336673346693111e-01 2.213527441024780273e+00 4.798665344715118408e-01 2.108199596405029297e+00 2.305433750152587891e+00 2.238809585571289062e+00 2.528544187545776367e+00 2.144544124603271484e+00 2.053843021392822266e+00 2.308261871337890625e+00 2.018965244293212891e+00 2.336185216903686523e+00 2.075013637542724609e+00
4.208416833667334433e-01 2.346525192260742188e+00 4.558632969856262207e-01 2.243594884872436523e+00 2.436280488967895508e+00 2.365100383758544922e+00 2.638940811157226562e+00 2.281153440475463867e+00 2.188762187957763672e+00 2.438021659851074219e+00 2.159407377243041992e+00 2.463291406631469727e+00 2.214073181152343750e+00
4.248496993987975756e-01 2.482309103012084961e+00 4.370497465133666992e-01 2.383930206298828125e+00 2.571474313735961914e+00 2.495969772338867188e+00 2.759974241256713867e+00 2.419571399688720703e+00 2.327836990356445312e+00 2.572506666183471680e+00 2.303662300109863281e+00 2.595994234085083008e+00 2.356971025466918945e+00
4.288577154308617079e-01 2.598644495010375977e+00 4.115911126136779785e-01 2.501978397369384766e+00 2.685686826705932617e+00 2.605402231216430664e+00 2.853576898574829102e+00 2.540546417236328125e+00 2.447145462036132812e+00 2.685378074645996094e+00 2.430142402648925781e+00 2.706422328948974609e+00 2.480615854263305664e+00
4.328657314629258401e-01 2.717823266983032227e+00 3.820839822292327881e-01 2.627295017242431641e+00 2.801784515380859375e+00 2.718206405639648438e+00 2.948592662811279297e+00 2.663876771926879883e+00 2.571929931640625000e+00 2.800619125366210938e+00 2.560649633407592773e+00 2.818819284439086914e+00 2.609070301055908203e+00
4.368737474949899169e-01 2.869127750396728516e+00 3.615246117115020752e-01 2.779864549636840820e+00 2.952088594436645508e+00 2.862214565277099609e+00 3.080236911773681641e+00 2.819303512573242188e+00 2.724758148193359375e+00 2.949567079544067383e+00 2.720826148986816406e+00 2.965523719787597656e+00 2.767071008682250977e+00
4.408817635270540491e-01 3.008779764175415039e+00 3.345758914947509766e-01 2.924138307571411133e+00 3.089360952377319336e+00 2.994636535644531250e+00 3.196312427520751953e+00 2.963379144668579102e+00 2.868765592575073242e+00 3.085725545883178711e+00 2.871802568435668945e+00 3.098907947540283203e+00 2.915679693222045898e+00
4.448897795591181814e-01 3.134224414825439453e+00 3.093413114547729492e-01 3.053318500518798828e+00 3.212650537490844727e+00 3.113329410552978516e+00 3.300068855285644531e+00 3.093551158905029297e+00 2.998808860778808594e+00 3.207823991775512695e+00 3.009207248687744141e+00 3.218637228012084961e+00 3.050063848495483398e+00
4.488977955911823137e-01 3.262043714523315430e+00 2.798388898372650146e-01 3.184822082519531250e+00 3.336844921112060547e+00 3.233039617538452148e+00 3.399419307708740234e+00 3.226861238479614258e+00 3.131316661834716797e+00 3.330659627914428711e+00 3.149224042892456055e+00 3.338295459747314453e+00 3.187097549438476562e+00
4.529058116232464459e-01 3.386976003646850586e+00 2.486071884632110596e-01 3.318474054336547852e+00 3.457371473312377930e+00 3.351319313049316406e+00 3.496791362762451172e+00 3.356199741363525391e+00 3.263749837875366211e+00 3.450526714324951172e+00 3.286709070205688477e+00 3.454822063446044922e+00 3.322762012481689453e+00
4.569138276553105782e-01 3.513156890869140625e+00 2.297437489032745361e-01 3.446821928024291992e+00 3.582380533218383789e+00 3.470804452896118164e+00 3.604699134826660156e+00 3.487231731414794922e+00 3.393762588500976562e+00 3.574176073074340820e+00 3.425090789794921875e+00 3.576577425003051758e+00 3.457535266876220703e+00
4.609218436873747105e-01 3.605979442596435547e+00 2.035980969667434692e-01 3.544091939926147461e+00 3.671430110931396484e+00 3.556951284408569336e+00 3.671830415725708008e+00 3.585976839065551758e+00 3.493599891662597656e+00 3.661979198455810547e+00 3.532705307006835938e+00 3.661779403686523438e+00 3.560887098312377930e+00
4.649298597194388427e-01 3.761605024337768555e+00 1.856298744678497314e-01 3.705572366714477539e+00 3.823693513870239258e+00 3.704914331436157227e+00 3.800624847412109375e+00 3.745130062103271484e+00 3.652664422988891602e+00 3.813430309295654297e+00 3.696446418762207031e+00 3.809823751449584961e+00 3.724182367324829102e+00
4.689378757515029750e-01 3.844083547592163086e+00 1.630558967590332031e-01 3.794631481170654297e+00 3.902104616165161133e+00 3.780901908874511719e+00 3.857204437255859375e+00 3.833976984024047852e+00 3.744501113891601562e+00 3.890646934509277344e+00 3.796655893325805664e+00 3.884337425231933594e+00 3.819430589675903320e+00
4.729458917835671072e-01 4.006489276885986328e+00 1.543651372194290161e-01 3.962509155273437500e+00 4.062046527862548828e+00 3.935316324234008789e+00 3.994997024536132812e+00 4.000698566436767578e+00 3.911142349243164062e+00 4.049509525299072266e+00 3.970214366912841797e+00 4.040125846862792969e+00 3.991152048110961914e+00
4.769539078156312395e-01 4.127582073211669922e+00 1.508380174636840820e-01 4.087776184082031250e+00 4.179537296295166016e+00 4.049027442932128906e+00 4.089998722076416016e+00 4.126900672912597656e+00 4.037254333496093750e+00 4.165822505950927734e+00 4.103159427642822266e+00 4.153501510620117188e+00 4.121231555938720703e+00
4.809619238476953718e-01 4.245787620544433594e+00 1.522698402404785156e-01 4.212880134582519531e+00 4.294550418853759766e+00 4.160092830657958984e+00 4.182871818542480469e+00 4.250540733337402344e+00 4.163119792938232422e+00 4.279734611511230469e+00 4.236965179443359375e+00 4.264537811279296875e+00 4.251399517059326172e+00
4.849699398797595040e-01 4.325776576995849609e+00 1.586747020483016968e-01 4.293675899505615234e+00 4.372869014739990234e+00 4.235013961791992188e+00 4.247434616088867188e+00 4.335405826568603516e+00 4.247298240661621094e+00 4.356824398040771484e+00 4.328491687774658203e+00 4.340366840362548828e+00 4.338771343231201172e+00
4.889779559118235808e-01 4.452640533447265625e+00 1.729852706193923950e-01 4.428060054779052734e+00 4.496007442474365234e+00 4.354718208312988281e+00 4.347700595855712891e+00 4.466861248016357422e+00 4.380894184112548828e+00 4.479095458984375000e+00 4.468236923217773438e+00 4.459383487701416016e+00 4.476293563842773438e+00
4.929859719438877130e-01 4.556923866271972656e+00 1.950881034135818481e-01 4.538785934448242188e+00 4.595625877380371094e+00 4.451517105102539062e+00 4.422345161437988281e+00 4.576925277709960938e+00 4.492774486541748047e+00 4.577594280242919922e+00 4.587254047393798828e+00 4.554537773132324219e+00 4.591834068298339844e+00
4.969939879759518453e-01 4.686820507049560547e+00 2.198056131601333618e-01 4.675964355468750000e+00 4.721788883209228516e+00 4.574009418487548828e+00 4.525587558746337891e+00 4.711883068084716797e+00 4.629798889160156250e+00 4.702757358551025391e+00 4.731258392333984375e+00 4.676463127136230469e+00 4.733001708984375000e+00
5.010020040080159776e-01 4.768326759338378906e+00 2.416011840105056763e-01 4.762707710266113281e+00 4.800153255462646484e+00 4.650063991546630859e+00 4.585991859436035156e+00 4.798029899597167969e+00 4.717899799346923828e+00 4.780241489410400391e+00 4.825501918792724609e+00 4.751700401306152344e+00 4.823995113372802734e+00
5.050100200400801098e-01 4.862992286682128906e+00 2.653243243694305420e-01 4.861299991607666016e+00 4.892394542694091797e+00 4.738425254821777344e+00 4.660147190093994141e+00 4.897728919982910156e+00 4.818262577056884766e+00 4.871320724487304688e+00 4.933478832244873047e+00 4.840568542480468750e+00 4.928258895874023438e+00
5.090180360721442421e-01 4.970350742340087891e+00 2.941944599151611328e-01 4.976037979125976562e+00 4.996115207672119141e+00 4.839188098907470703e+00 4.742457866668701172e+00 5.009998321533203125e+00 4.933228969573974609e+00 4.974148273468017578e+00 5.055078029632568359e+00 4.940445423126220703e+00 5.046845436096191406e+00
5.130260521042083743e-01 5.037208080291748047e+00 3.187615871429443359e-01 5.048698902130126953e+00 5.059526443481445312e+00 4.900946140289306641e+00 4.788717746734619141e+00 5.081141471862792969e+00 5.006793022155761719e+00 5.036839485168457031e+00 5.133908748626708984e+00 5.000828266143798828e+00 5.122869014739990234e+00
5.170340681362725066e-01 5.103971481323242188e+00 3.463133871555328369e-01 5.119275569915771484e+00 5.123186588287353516e+00 4.961890220642089844e+00 4.833819389343261719e+00 5.153472423553466797e+00 5.080389976501464844e+00 5.099310874938964844e+00 5.215221881866455078e+00 5.061149597167968750e+00 5.199690341949462891e+00
5.210420841683366389e-01 5.185441970825195312e+00 3.811243474483489990e-01 5.210106849670410156e+00 5.199702739715576172e+00 5.037206649780273438e+00 4.887343406677246094e+00 5.240240573883056641e+00 5.171781063079833984e+00 5.175090789794921875e+00 5.312653541564941406e+00 5.133667469024658203e+00 5.293787002563476562e+00
5.250501002004007711e-01 5.272929668426513672e+00 3.976594507694244385e-01 5.299776554107666016e+00 5.286578655242919922e+00 5.120009422302246094e+00 4.963011741638183594e+00 5.330828189849853516e+00 5.262013912200927734e+00 5.261126518249511719e+00 5.408591270446777344e+00 5.218422412872314453e+00 5.387486934661865234e+00
5.290581162324649034e-01 5.315519809722900391e+00 4.251656234264373779e-01 5.347981929779052734e+00 5.325465202331542969e+00 5.157826900482177734e+00 4.984891414642333984e+00 5.378316402435302734e+00 5.312421798706054688e+00 5.299199104309082031e+00 5.464917659759521484e+00 5.254313945770263672e+00 5.440050601959228516e+00
5.330661322645290356e-01 5.358198165893554688e+00 4.597936272621154785e-01 5.400660991668701172e+00 5.362668991088867188e+00 5.195221424102783203e+00 5.000178813934326172e+00 5.425509929656982422e+00 5.364930629730224609e+00 5.335970401763916016e+00 5.521642684936523438e+00 5.287755012512207031e+00 5.494304180145263672e+00
5.370741482965931679e-01 5.410415649414062500e+00 4.846485853195190430e-01 5.459092140197753906e+00 5.411868572235107422e+00 5.242988586425781250e+00 5.034220218658447266e+00 5.481549263000488281e+00 5.423951625823974609e+00 5.384590625762939453e+00 5.585493087768554688e+00 5.334284305572509766e+00 5.555572032928466797e+00
5.410821643286573002e-01 5.466533184051513672e+00 5.050224661827087402e-01 5.516982078552246094e+00 5.466465950012207031e+00 5.294745445251464844e+00 5.076137542724609375e+00 5.541899204254150391e+00 5.484570503234863281e+00 5.438178062438964844e+00 5.652670860290527344e+00 5.386620998382568359e+00 5.619017124176025391e+00
5.450901803607214324e-01 5.507944583892822266e+00 5.308668613433837891e-01 5.565531730651855469e+00 5.504150390625000000e+00 5.331879615783691406e+00 5.097917079925537109e+00 5.586704254150390625e+00 5.532865047454833984e+00 5.475477695465087891e+00 5.704500198364257812e+00 5.421503067016601562e+00 5.669027805328369141e+00
5.490981963927855647e-01 5.523047447204589844e+00 5.521370172500610352e-01 5.585151672363281250e+00 5.516469955444335938e+00 5.343695163726806641e+00 5.097706317901611328e+00 5.605291843414306641e+00 5.554009437561035156e+00 5.487271785736083984e+00 5.729766845703125000e+00 5.431706428527832031e+00 5.691585063934326172e+00
5.531062124248496970e-01 5.532497406005859375e+00 5.731492638587951660e-01 5.599535465240478516e+00 5.522974014282226562e+00 5.350116252899169922e+00 5.092319488525390625e+00 5.618139266967773438e+00 5.569814682006835938e+00 5.493330955505371094e+00 5.749347209930419922e+00 5.436190605163574219e+00 5.708549022674560547e+00
5.571142284569138292e-01 5.537607192993164062e+00 5.942061543464660645e-01 5.610301971435546875e+00 5.524996280670166016e+00 5.352303504943847656e+00 5.082079410552978516e+00 5.626168251037597656e+00 5.581141948699951172e+00 5.495053291320800781e+00 5.763610363006591797e+00 5.436153411865234375e+00 5.720862388610839844e+00
5.611222444889779615e-01 5.520507812500000000e+00 6.072967052459716797e-01 5.595718383789062500e+00 5.506017684936523438e+00 5.333595275878906250e+00 5.055946350097656250e+00 5.611413955688476562e+00 5.568222999572753906e+00 5.475751876831054688e+00 5.753239154815673828e+00 5.416057109832763672e+00 5.708418846130371094e+00
5.651302605210419827e-01 5.481845378875732422e+00 6.226556897163391113e-01 5.561229228973388672e+00 5.464650154113769531e+00 5.293593406677246094e+00 5.006479263305664062e+00 5.575048446655273438e+00 5.535010337829589844e+00 5.434245109558105469e+00 5.721806526184082031e+00 5.373451709747314453e+00 5.675127983093261719e+00
5.691382765531061150e-01 5.434840202331542969e+00 6.316010951995849609e-01 5.516643047332763672e+00 5.415919780731201172e+00 5.246085166931152344e+00 4.953269004821777344e+00 5.529423713684082031e+00 5.491475105285644531e+00 5.385471343994140625e+00 5.679172039031982422e+00 5.324124336242675781e+00 5.631267070770263672e+00
5.731462925851702472e-01 5.378984451293945312e+00 6.448951959609985352e-01 5.464974880218505859e+00 5.357201576232910156e+00 5.189585685729980469e+00 4.887754917144775391e+00 5.475275993347167969e+00 5.440673828125000000e+00 5.326799392700195312e+00 5.628880500793457031e+00 5.264414787292480469e+00 5.579735279083251953e+00
5.771543086172343795e-01 5.270949363708496094e+00 6.488753557205200195e-01 5.358251094818115234e+00 5.247286796569824219e+00 5.083079814910888672e+00 4.777467727661132812e+00 5.368128299713134766e+00 5.336146354675292969e+00 5.217067718505859375e+00 5.523684978485107422e+00 5.154770851135253906e+00 5.473216533660888672e+00
5.811623246492985118e-01 5.159338951110839844e+00 6.486157774925231934e-01 5.248469352722167969e+00 5.134329795837402344e+00 4.973557949066162109e+00 4.666209220886230469e+00 5.256064414978027344e+00 5.226747989654541016e+00 5.104596614837646484e+00 5.411926269531250000e+00 5.042430877685546875e+00 5.361625671386718750e+00
5.851703406813626440e-01 5.027048110961914062e+00 6.408944129943847656e-01 5.114881515502929688e+00 5.001795291900634766e+00 4.844404220581054688e+00 4.539776325225830078e+00 5.122769355773925781e+00 5.094472408294677734e+00 4.972510337829589844e+00 5.276931285858154297e+00 4.911289215087890625e+00 5.226795673370361328e+00
5.891783567134267763e-01 4.862942218780517578e+00 6.331120729446411133e-01 4.950976371765136719e+00 4.836616992950439453e+00 4.684418201446533203e+00 4.381329059600830078e+00 4.957136631011962891e+00 4.931341171264648438e+00 4.808104515075683594e+00 5.109338283538818359e+00 4.747697830200195312e+00 5.059966564178466797e+00
5.931863727454909085e-01 4.672357082366943359e+00 6.192939877510070801e-01 4.758502960205078125e+00 4.645656585693359375e+00 4.499217033386230469e+00 4.200946807861328125e+00 4.764486789703369141e+00 4.740440845489501953e+00 4.617970466613769531e+00 4.913289546966552734e+00 4.559067249298095703e+00 4.864685535430908203e+00
5.971943887775550408e-01 4.457267761230468750e+00 5.991945266723632812e-01 4.540251731872558594e+00 4.430900573730468750e+00 4.290676116943359375e+00 4.000509262084960938e+00 4.546341419219970703e+00 4.523535251617431641e+00 4.404221057891845703e+00 4.689955234527587891e+00 4.347321033477783203e+00 4.642793178558349609e+00
6.012024048096191731e-01 4.231235027313232422e+00 5.766850113868713379e-01 4.310885429382324219e+00 4.205287933349609375e+00 4.071859359741210938e+00 3.790928125381469727e+00 4.316825389862060547e+00 4.295402050018310547e+00 4.179743289947509766e+00 4.454617977142333984e+00 4.125038146972656250e+00 4.409200191497802734e+00
6.052104208416833053e-01 4.001702785491943359e+00 5.513434410095214844e-01 4.077538013458251953e+00 3.976511240005493164e+00 3.849999427795410156e+00 3.579731225967407227e+00 4.083280563354492188e+00 4.062971115112304688e+00 3.952193737030029297e+00 4.214318275451660156e+00 3.899862527847290039e+00 4.171091556549072266e+00
6.092184368737474376e-01 3.771270751953125000e+00 5.254703164100646973e-01 3.843226671218872070e+00 3.746846437454223633e+00 3.627402067184448242e+00 3.368157148361206055e+00 3.848793268203735352e+00 3.829650640487670898e+00 3.723777055740356445e+00 3.973040342330932617e+00 3.673878669738769531e+00 3.931986570358276367e+00
6.132264529058115698e-01 3.544847011566162109e+00 4.983286559581756592e-01 3.612687826156616211e+00 3.521393775939941406e+00 3.408971548080444336e+00 3.161513805389404297e+00 3.618109703063964844e+00 3.599979400634765625e+00 3.499598979949951172e+00 3.735216379165649414e+00 3.452229022979736328e+00 3.696495294570922852e+00
6.172344689378757021e-01 3.329741954803466797e+00 4.720927476882934570e-01 3.393571376800537109e+00 3.307248830795288086e+00 3.201585054397583008e+00 2.965601205825805664e+00 3.398916482925415039e+00 3.381755828857421875e+00 3.286675691604614258e+00 3.509189367294311523e+00 3.241761445999145508e+00 3.472669124603271484e+00
6.212424849699398344e-01 3.128390789031982422e+00 4.475163221359252930e-01 3.188783407211303711e+00 3.106691598892211914e+00 3.007568597793579102e+00 2.782268047332763672e+00 3.193645477294921875e+00 3.177640438079833984e+00 3.087316513061523438e+00 3.297525167465209961e+00 3.044672489166259766e+00 3.263183593750000000e+00
6.252505010020039666e-01 2.937759160995483398e+00 4.233574271202087402e-01 2.994600057601928711e+00 2.916944742202758789e+00 2.824034452438354492e+00 2.609438180923461914e+00 2.999242544174194336e+00 2.984215259552001953e+00 2.898705005645751953e+00 3.096919059753417969e+00 2.858320236206054688e+00 3.064615726470947266e+00
6.292585170340680989e-01 2.760315418243408203e+00 4.005450308322906494e-01 2.813932657241821289e+00 2.740312576293945312e+00 2.653313159942626953e+00 2.448852300643920898e+00 2.818209886550903320e+00 2.804198265075683594e+00 2.723162651062011719e+00 2.910058021545410156e+00 2.684903383255004883e+00 2.879716157913208008e+00
6.332665330661322312e-01 2.593838453292846680e+00 3.789811134338378906e-01 2.644489288330078125e+00 2.574563741683959961e+00 2.493237733840942383e+00 2.298385858535766602e+00 2.648344278335571289e+00 2.635387182235717773e+00 2.558456897735595703e+00 2.734738349914550781e+00 2.522216320037841797e+00 2.706235885620117188e+00
6.372745490981963634e-01 2.438609600067138672e+00 3.582398891448974609e-01 2.486354351043701172e+00 2.420085906982421875e+00 2.344103097915649414e+00 2.158617496490478516e+00 2.489891529083251953e+00 2.477887630462646484e+00 2.404963970184326172e+00 2.571086883544921875e+00 2.370676517486572266e+00 2.544314384460449219e+00
6.412825651302604957e-01 2.293135166168212891e+00 3.389242589473724365e-01 2.338358163833618164e+00 2.275224447250366211e+00 2.204405784606933594e+00 2.027606725692749023e+00 2.341383695602416992e+00 2.330456495285034180e+00 2.261053085327148438e+00 2.417780637741088867e+00 2.228585481643676758e+00 2.392646312713623047e+00
6.452905811623246279e-01 2.157463312149047852e+00 3.203495740890502930e-01 2.200206756591796875e+00 2.140185594558715820e+00 2.074231386184692383e+00 1.905893445014953613e+00 2.202829360961914062e+00 2.192876815795898438e+00 2.126912117004394531e+00 2.274647474288940430e+00 2.096204996109008789e+00 2.251051425933837891e+00
6.492985971943887602e-01 2.030273914337158203e+00 3.029749989509582520e-01 2.070851325988769531e+00 2.013524293899536133e+00 1.952253699302673340e+00 1.791809558868408203e+00 2.072914361953735352e+00 2.064017772674560547e+00 2.001117229461669922e+00 2.140475273132324219e+00 1.972054958343505859e+00 2.118350982666015625e+00
6.533066132264528925e-01 1.911107301712036133e+00 2.863304615020751953e-01 1.949556708335876465e+00 1.894886136054992676e+00 1.838051199913024902e+00 1.685252189636230469e+00 1.951174259185791016e+00 1.943255424499511719e+00 1.883295416831970215e+00 2.014698505401611328e+00 1.855824232101440430e+00 1.993935465812683105e+00
6.573146292585170247e-01 1.799378991127014160e+00 2.704707086086273193e-01 1.835854291915893555e+00 1.783655405044555664e+00 1.731049299240112305e+00 1.585573911666870117e+00 1.836989283561706543e+00 1.830035209655761719e+00 1.772848129272460938e+00 1.896683692932128906e+00 1.746892929077148438e+00 1.877228498458862305e+00
6.613226452905811570e-01 1.694187760353088379e+00 2.553086578845977783e-01 1.728772759437561035e+00 1.678941726684570312e+00 1.630370616912841797e+00 1.491946816444396973e+00 1.729467630386352539e+00 1.723441958427429199e+00 1.668879508972167969e+00 1.785530090332031250e+00 1.644383192062377930e+00 1.767301678657531738e+00
6.653306613226452892e-01 1.595445036888122559e+00 2.408573180437088013e-01 1.628243207931518555e+00 1.580656766891479492e+00 1.535919427871704102e+00 1.404261350631713867e+00 1.628512144088745117e+00 1.623380303382873535e+00 1.571304321289062500e+00 1.681132435798645020e+00 1.548202753067016602e+00 1.664066076278686523e+00
6.693386773547093105e-01 1.502444982528686523e+00 2.270303517580032349e-01 1.533543944358825684e+00 1.488099336624145508e+00 1.447013139724731445e+00 1.321872115135192871e+00 1.533403038978576660e+00 1.529130220413208008e+00 1.479424118995666504e+00 1.582745790481567383e+00 1.457660436630249023e+00 1.566784262657165527e+00
6.733466933867734427e-01 1.414754509925842285e+00 2.137735486030578613e-01 1.444225549697875977e+00 1.400843262672424316e+00 1.363228917121887207e+00 1.244382977485656738e+00 1.443699598312377930e+00 1.440243840217590332e+00 1.392813682556152344e+00 1.489914774894714355e+00 1.372337102890014648e+00 1.475004553794860840e+00
6.773547094188375750e-01 1.332209348678588867e+00 2.011072039604187012e-01 1.360122680664062500e+00 1.318722724914550781e+00 1.284398317337036133e+00 1.171612024307250977e+00 1.359241127967834473e+00 1.356558203697204590e+00 1.311306357383728027e+00 1.402481794357299805e+00 1.292062759399414062e+00 1.388567447662353516e+00
6.813627254509017073e-01 1.254290938377380371e+00 1.889652758836746216e-01 1.280709505081176758e+00 1.241223573684692383e+00 1.210019946098327637e+00 1.103086471557617188e+00 1.279497146606445312e+00 1.277542829513549805e+00 1.234390974044799805e+00 1.319896817207336426e+00 1.216331839561462402e+00 1.306931138038635254e+00
6.853707414829658395e-01 1.180696368217468262e+00 1.773292422294616699e-01 1.205675840377807617e+00 1.168044328689575195e+00 1.139796137809753418e+00 1.038515329360961914e+00 1.204162001609802246e+00 1.202890872955322266e+00 1.161766409873962402e+00 1.241849422454833984e+00 1.144845008850097656e+00 1.229785680770874023e+00
6.893787575150299718e-01 1.111209034919738770e+00 1.661767661571502686e-01 1.134800672531127930e+00 1.098971009254455566e+00 1.073514223098754883e+00 9.776954054832458496e-01 1.133014559745788574e+00 1.132378339767456055e+00 1.093219280242919922e+00 1.168110370635986328e+00 1.077389836311340332e+00 1.156905651092529297e+00
6.933867735470941041e-01 1.045572996139526367e+00 1.555188596248626709e-01 1.067833423614501953e+00 1.033743858337402344e+00 1.010920166969299316e+00 9.203620553016662598e-01 1.065799474716186523e+00 1.065754413604736328e+00 1.028491020202636719e+00 1.098427057266235352e+00 1.013706564903259277e+00 1.088038444519042969e+00
6.973947895791582363e-01 9.835357666015625000e-01 1.453123539686203003e-01 1.004509449005126953e+00 9.721159934997558594e-01 9.517700672149658203e-01 8.662921190261840820e-01 1.002258539199829102e+00 1.002755880355834961e+00 9.673345685005187988e-01 1.032528400421142578e+00 9.535521268844604492e-01 1.022916316986083984e+00
7.014028056112223686e-01 9.249160885810852051e-01 1.355673223733901978e-01 9.446533322334289551e-01 9.139023423194885254e-01 8.958833217620849609e-01 8.152962327003479004e-01 9.422099590301513672e-01 9.432049989700317383e-01 9.095665216445922852e-01 9.702357053756713867e-01 8.967413306236267090e-01 9.613605737686157227e-01
7.054108216432865008e-01 8.695145249366760254e-01 1.262675970792770386e-01 8.880620598793029785e-01 8.589046597480773926e-01 8.430654406547546387e-01 7.671853303909301758e-01 8.854515552520751953e-01 8.868997097015380859e-01 8.549886345863342285e-01 9.113413691520690918e-01 8.430776596069335938e-01 9.031661152839660645e-01
7.094188376753506331e-01 8.171722292900085449e-01 1.174109876155853271e-01 8.345776200294494629e-01 8.069629669189453125e-01 7.931600213050842285e-01 7.218014001846313477e-01 8.318237662315368652e-01 8.336816430091857910e-01 8.034415245056152344e-01 8.556849956512451172e-01 7.924013733863830566e-01 8.481725454330444336e-01
7.134268537074147654e-01 7.677209377288818359e-01 1.089890077710151672e-01 7.840313315391540527e-01 7.579082846641540527e-01 7.460027933120727539e-01 6.789818406105041504e-01 7.811564207077026367e-01 7.833821773529052734e-01 7.547574043273925781e-01 8.030943870544433594e-01 7.445454597473144531e-01 7.962088584899902344e-01
7.174348697394788976e-01 7.210240960121154785e-01 1.009990498423576355e-01 7.362874150276184082e-01 7.116029858589172363e-01 7.014599442481994629e-01 6.385912299156188965e-01 7.333117723464965820e-01 7.358657121658325195e-01 7.087985873222351074e-01 7.534306049346923828e-01 6.993722915649414062e-01 7.471370100975036621e-01
7.214428857715430299e-01 6.769439578056335449e-01 9.343397617340087891e-02 6.912078261375427246e-01 6.679084300994873047e-01 6.593974232673645020e-01 6.004964709281921387e-01 6.881505846977233887e-01 6.909945607185363770e-01 6.654275655746459961e-01 7.065525054931640625e-01 6.567448973655700684e-01 7.008165717124938965e-01
7.254509018036071621e-01 6.353549957275390625e-01 8.628938347101211548e-02 6.486678123474121094e-01 6.266978383064270020e-01 6.196931004524230957e-01 5.645750761032104492e-01 6.455461382865905762e-01 6.486443877220153809e-01 6.245178580284118652e-01 6.623321771621704102e-01 6.165373921394348145e-01 6.571202874183654785e-01
7.294589178356712944e-01 5.961444973945617676e-01 7.955870777368545532e-02 6.085544824600219727e-01 5.878576040267944336e-01 5.822378993034362793e-01 5.307185649871826172e-01 6.053842306137084961e-01 6.087027788162231445e-01 5.859569311141967773e-01 6.206536293029785156e-01 5.786374807357788086e-01 6.159329414367675781e-01
7.334669338677354267e-01 5.591993927955627441e-01 7.323445379734039307e-02 5.707546472549438477e-01 5.512736439704895020e-01 5.469226241111755371e-01 4.988190829753875732e-01 5.675501823425292969e-01 5.710572600364685059e-01 5.496312975883483887e-01 5.814002752304077148e-01 5.429326295852661133e-01 5.771384835243225098e-01
7.374749498997995589e-01 5.244187712669372559e-01 6.730934232473373413e-02 5.351673364639282227e-01 5.168440341949462891e-01 5.136505961418151855e-01 4.687808156013488770e-01 5.319416522979736328e-01 5.356075763702392578e-01 5.154398083686828613e-01 5.444675683975219727e-01 5.093222856521606445e-01 5.406335592269897461e-01
7.414829659318636912e-01 4.917024374008178711e-01 6.177394464612007141e-02 5.016918778419494629e-01 4.844679534435272217e-01 4.823259115219116211e-01 4.405103027820587158e-01 4.984565675258636475e-01 5.022540092468261719e-01 4.832822680473327637e-01 5.097512006759643555e-01 4.777073264122009277e-01 5.063145160675048828e-01
7.454909819639278235e-01 4.609567523002624512e-01 5.661878734827041626e-02 4.702340960502624512e-01 4.540507793426513672e-01 4.528593420982360840e-01 4.139206111431121826e-01 4.669993817806243896e-01 4.709030985832214355e-01 4.530649781227111816e-01 4.771531820297241211e-01 4.479949772357940674e-01 4.740841090679168701e-01
7.494989979959919557e-01 4.320940375328063965e-01 5.183316394686698914e-02 4.407055377960205078e-01 4.255040884017944336e-01 4.251680076122283936e-01 3.889316618442535400e-01 4.374805986881256104e-01 4.414673447608947754e-01 4.247004985809326172e-01 4.465808868408203125e-01 4.200988411903381348e-01 4.438508749008178711e-01
7.535070140280560880e-01 4.050266742706298828e-01 4.740475863218307495e-02 4.130173623561859131e-01 3.987398743629455566e-01 3.991692960262298584e-01 3.654648065567016602e-01 4.098103642463684082e-01 4.138592183589935303e-01 3.981015980243682861e-01 4.179414808750152588e-01 3.939330279827117920e-01 4.155230522155761719e-01
7.575150300601202202e-01 3.796724379062652588e-01 4.332121834158897400e-02 3.870863318443298340e-01 3.736753463745117188e-01 3.747860491275787354e-01 3.434466719627380371e-01 3.839042186737060547e-01 3.879962563514709473e-01 3.731863498687744141e-01 3.911473453044891357e-01 3.694169223308563232e-01 3.890138864517211914e-01
7.615230460921843525e-01 3.559497296810150146e-01 3.956818208098411560e-02 3.628292381763458252e-01 3.502286672592163086e-01 3.519417941570281982e-01 3.228060901165008545e-01 3.596782982349395752e-01 3.637963533401489258e-01 3.498737812042236328e-01 3.661107122898101807e-01 3.464710414409637451e-01 3.642368316650390625e-01
7.655310621242484848e-01 3.337807357311248779e-01 3.613112121820449829e-02 3.401666879653930664e-01 3.283218741416931152e-01 3.305642604827880859e-01 3.034757077693939209e-01 3.370522260665893555e-01 3.411812782287597656e-01 3.280869424343109131e-01 3.427475690841674805e-01 3.250198364257812500e-01 3.411092162132263184e-01
7.695390781563125060e-01 3.130884766578674316e-01 3.299448266625404358e-02 3.190198242664337158e-01 3.078778386116027832e-01 3.105817735195159912e-01 2.853898704051971436e-01 3.159466683864593506e-01 3.200732767581939697e-01 3.077495694160461426e-01 3.209744989871978760e-01 3.049887716770172119e-01 3.195486962795257568e-01
7.735470941883766383e-01 2.937979400157928467e-01 3.014212287962436676e-02 2.993117272853851318e-01 2.888215780258178711e-01 2.919247150421142578e-01 2.684851884841918945e-01 2.962837815284729004e-01 3.003962934017181396e-01 2.887876033782958984e-01 3.007096946239471436e-01 2.863053679466247559e-01 2.994747161865234375e-01
7.775551102204407705e-01 2.758360803127288818e-01 2.755741775035858154e-02 2.809674441814422607e-01 2.710803449153900146e-01 2.745256423950195312e-01 2.527008354663848877e-01 2.779882252216339111e-01 2.820764780044555664e-01 2.711292505264282227e-01 2.818735539913177490e-01 2.688994407653808594e-01 2.808091938495635986e-01
7.815631262525049028e-01 2.591296136379241943e-01 2.522323653101921082e-02 2.639113664627075195e-01 2.545809745788574219e-01 2.583166658878326416e-01 2.379757761955261230e-01 2.609838545322418213e-01 2.650392055511474609e-01 2.547022104263305664e-01 2.643856704235076904e-01 2.527006268501281738e-01 2.634729146957397461e-01
7.855711422845690350e-01 2.436076253652572632e-01 2.312232926487922668e-02 2.480704188346862793e-01 2.392529547214508057e-01 2.432320415973663330e-01 2.242516577243804932e-01 2.451971322298049927e-01 2.492122352123260498e-01 2.394369393587112427e-01 2.481683790683746338e-01 2.376408129930496216e-01 2.473895847797393799e-01
7.895791583166331673e-01 2.292003184556961060e-01 2.123732119798660278e-02 2.333726435899734497e-01 2.250269949436187744e-01 2.292072623968124390e-01 2.114712893962860107e-01 2.305556982755661011e-01 2.345245182514190674e-01 2.252648174762725830e-01 2.331450283527374268e-01 2.236533015966415405e-01 2.324838787317276001e-01
7.935871743486972996e-01 2.158390432596206665e-01 1.955100893974304199e-02 2.197471708059310913e-01 2.118348777294158936e-01 2.161786556243896484e-01 1.995785087347030640e-01 2.169883996248245239e-01 2.209059447050094604e-01 2.121186107397079468e-01 2.192404121160507202e-01 2.106724232435226440e-01 2.186818420886993408e-01
7.975951903807614318e-01 2.034555673599243164e-01 1.804623566567897797e-02 2.071235179901123047e-01 1.996089816093444824e-01 2.040827274322509766e-01 1.885175257921218872e-01 2.044245302677154541e-01 2.082866877317428589e-01 1.999314427375793457e-01 2.063797116279602051e-01 1.986329704523086548e-01 2.059100717306137085e-01
8.016032064128255641e-01 1.919845491647720337e-01 1.670655235648155212e-02 1.954342424869537354e-01 1.882846057415008545e-01 1.928587406873703003e-01 1.782349199056625366e-01 1.927963048219680786e-01 1.965999454259872437e-01 1.886393129825592041e-01 1.944914758205413818e-01 1.874725371599197388e-01 1.940981596708297729e-01
8.056112224448896963e-01 1.813617944717407227e-01 1.551590394228696823e-02 1.846131384372711182e-01 1.777982562780380249e-01 1.824467778205871582e-01 1.686782389879226685e-01 1.820373237133026123e-01 1.857799738645553589e-01 1.781793832778930664e-01 1.835056394338607788e-01 1.771298348903656006e-01 1.831772774457931519e-01
8.096192384769538286e-01 1.715250313282012939e-01 1.445916574448347092e-02 1.745958328247070312e-01 1.680882275104522705e-01 1.727884262800216675e-01 1.597962230443954468e-01 1.720831543207168579e-01 1.757630407810211182e-01 1.684907078742980957e-01 1.733542531728744507e-01 1.675452589988708496e-01 1.730806380510330200e-01
8.136272545090179609e-01 1.624145656824111938e-01 1.352184917777776718e-02 1.653208136558532715e-01 1.590956151485443115e-01 1.638278067111968994e-01 1.515398472547531128e-01 1.628721803426742554e-01 1.664879024028778076e-01 1.595148742198944092e-01 1.639724820852279663e-01 1.586618423461914062e-01 1.637444496154785156e-01
8.176352705410820931e-01 1.539725661277770996e-01 1.269035320729017258e-02 1.567284762859344482e-01 1.507633328437805176e-01 1.555104702711105347e-01 1.438613981008529663e-01 1.543447673320770264e-01 1.578953713178634644e-01 1.511954218149185181e-01 1.552978008985519409e-01 1.504243165254592896e-01 1.551069915294647217e-01
8.216432865731462254e-01 1.461444199085235596e-01 1.195245608687400818e-02 1.487625241279602051e-01 1.430373340845108032e-01 1.477847546339035034e-01 1.367153823375701904e-01 1.464444398880004883e-01 1.499294191598892212e-01 1.434787213802337646e-01 1.472709327936172485e-01 1.427802294492721558e-01 1.471101343631744385e-01
8.256513026052103577e-01 1.388778537511825562e-01 1.129652559757232666e-02 1.413691192865371704e-01 1.358661949634552002e-01 1.406011879444122314e-01 1.300583183765411377e-01 1.391175240278244019e-01 1.425364166498184204e-01 1.363137066364288330e-01 1.398357897996902466e-01 1.356796622276306152e-01 1.396983414888381958e-01
8.296593186372744899e-01 1.321235597133636475e-01 1.071219518780708313e-02 1.344975084066390991e-01 1.292011439800262451e-01 1.339129358530044556e-01 1.238489374518394470e-01 1.323133111000061035e-01 1.356658637523651123e-01 1.296521276235580444e-01 1.329393088817596436e-01 1.290752589702606201e-01 1.328194141387939453e-01
8.336673346693386222e-01 1.258349269628524780e-01 1.019011437892913818e-02 1.280996948480606079e-01 1.229962483048439026e-01 1.276755928993225098e-01 1.180478557944297791e-01 1.259838491678237915e-01 1.292698979377746582e-01 1.234483420848846436e-01 1.265316307544708252e-01 1.229223236441612244e-01 1.264240592718124390e-01
8.376753507014027544e-01 1.199681013822555542e-01 9.721694514155387878e-03 1.221306696534156799e-01 1.172083392739295959e-01 1.218471974134445190e-01 1.126181408762931824e-01 1.200842410326004028e-01 1.233035847544670105e-01 1.176594644784927368e-01 1.205659434199333191e-01 1.171787306666374207e-01 1.204661726951599121e-01
8.416833667334668867e-01 1.144822463393211365e-01 9.299446828663349152e-03 1.165483891963958740e-01 1.117972135543823242e-01 1.163886040449142456e-01 1.075249761343002319e-01 1.145726591348648071e-01 1.177251115441322327e-01 1.122455447912216187e-01 1.149988919496536255e-01 1.118053197860717773e-01 1.149027422070503235e-01
8.456913827655310190e-01 1.093386188149452209e-01 8.916586637496948242e-03 1.113130524754524231e-01 1.067247018218040466e-01 1.112625896930694580e-01 1.027352809906005859e-01 1.094094589352607727e-01 1.124946400523185730e-01 1.071686074137687683e-01 1.097892895340919495e-01 1.067647188901901245e-01 1.096931174397468567e-01
8.496993987975951512e-01 1.045010462403297424e-01 8.567095734179019928e-03 1.063874736428260803e-01 1.019551306962966919e-01 1.064342036843299866e-01 9.821797162294387817e-02 1.045576930046081543e-01 1.075750365853309631e-01 1.023932471871376038e-01 1.048988997936248779e-01 1.020221337676048279e-01 1.047994866967201233e-01
8.537074148296592835e-01 9.993536025285720825e-02 8.245568722486495972e-03 1.017365306615829468e-01 9.745502471923828125e-02 1.018704026937484741e-01 9.394352138042449951e-02 9.998248517513275146e-02 1.029312685132026672e-01 9.788601845502853394e-02 1.002917736768722534e-01 9.754466265439987183e-02 1.001861691474914551e-01
8.577154308617234157e-01 9.560932219028472900e-02 7.947092875838279724e-03 9.732707589864730835e-02 9.319266676902770996e-02 9.753980487585067749e-02 8.988402038812637329e-02 9.565104544162750244e-02 9.853020310401916504e-02 9.361531585454940796e-02 9.593404084444046021e-02 9.330127388238906860e-02 9.581960737705230713e-02
8.617234468937875480e-01 9.149195253849029541e-02 7.667273283004760742e-03 9.312725812196731567e-02 8.913762122392654419e-02 9.341225773096084595e-02 8.601239323616027832e-02 9.153181314468383789e-02 9.433995932340621948e-02 8.955091238021850586e-02 9.179323911666870117e-02 8.926200866699218750e-02 9.166760742664337158e-02
8.657314629258516803e-01 8.755361288785934448e-02 7.401969749480485916e-03 8.910657465457916260e-02 8.526086807250976562e-02 8.945877104997634888e-02 8.230273425579071045e-02 8.759474009275436401e-02 9.033008664846420288e-02 8.566379547119140625e-02 8.783849328756332397e-02 8.539841324090957642e-02 8.769950270652770996e-02
8.697394789579158125e-01 8.376527577638626099e-02 7.147399708628654480e-03 8.523514866828918457e-02 8.153396844863891602e-02 8.565077930688858032e-02 7.872942835092544556e-02 8.381035923957824707e-02 8.647064119577407837e-02 8.192555606365203857e-02 8.403959870338439941e-02 8.168241381645202637e-02 8.388520777225494385e-02
8.737474949899798338e-01 8.009805530309677124e-02 6.899834144860506058e-03 8.148317039012908936e-02 7.792866975069046021e-02 8.195978403091430664e-02 7.526698708534240723e-02 8.014940470457077026e-02 8.273182809352874756e-02 7.830794900655746460e-02 8.036664873361587524e-02 7.808617502450942993e-02 8.019502460956573486e-02
8.777555110220439660e-01 7.652294635772705078e-02 6.655728910118341446e-03 7.782078534364700317e-02 7.441670447587966919e-02 7.835706323385238647e-02 7.188960164785385132e-02 7.658256590366363525e-02 7.908371835947036743e-02 7.478271424770355225e-02 7.678962498903274536e-02 7.458166778087615967e-02 7.659909129142761230e-02
8.817635270541080983e-01 7.300980389118194580e-02 6.411433685570955276e-03 7.421692460775375366e-02 7.096861302852630615e-02 7.481261342763900757e-02 6.857039779424667358e-02 7.307937741279602051e-02 7.549501955509185791e-02 7.132039219141006470e-02 7.327748835086822510e-02 7.113985717296600342e-02 7.306642830371856689e-02
8.857715430861722306e-01 6.952711939811706543e-02 6.163177546113729477e-03 7.063912600278854370e-02 6.755379587411880493e-02 7.129497826099395752e-02 6.528124213218688965e-02 6.960806250572204590e-02 7.193313539028167725e-02 6.789034605026245117e-02 6.979787349700927734e-02 6.773037463426589966e-02 6.956488639116287231e-02
8.897795591182363628e-01 6.604139506816864014e-02 5.907085724174976349e-03 6.705290824174880981e-02 6.413974612951278687e-02 6.777052581310272217e-02 6.199206039309501648e-02 6.613483279943466187e-02 6.836326420307159424e-02 6.445988267660140991e-02 6.631635874509811401e-02 6.432086974382400513e-02 6.606015563011169434e-02
8.937875751503004951e-01 6.251682341098785400e-02 5.639086011797189713e-03 6.342160701751708984e-02 6.069160997867584229e-02 6.420321017503738403e-02 5.867063999176025391e-02 6.262350827455520630e-02 6.474816054105758667e-02 6.099423766136169434e-02 6.279619783163070679e-02 6.087688729166984558e-02 6.251578778028488159e-02
8.977955911823646273e-01 5.891685187816619873e-02 5.355042405426502228e-03 5.970791727304458618e-02 5.717404559254646301e-02 6.055612489581108093e-02 5.528414994478225708e-02 5.903714522719383240e-02 6.104975938796997070e-02 5.745787546038627625e-02 5.919987708330154419e-02 5.736312270164489746e-02 5.889456346631050110e-02
9.018036072144287596e-01 5.520782992243766785e-02 5.051270592957735062e-03 5.587805062532424927e-02 5.355443805456161499e-02 5.679505318403244019e-02 5.180234462022781372e-02 5.534160137176513672e-02 5.723299458622932434e-02 5.381824448704719543e-02 5.549259111285209656e-02 5.374712124466896057e-02 5.516238883137702942e-02
9.058116232464928919e-01 5.136907473206520081e-02 4.725655075162649155e-03 5.191224068403244019e-02 4.981279745697975159e-02 5.289889872074127197e-02 4.820688813924789429e-02 5.151545628905296326e-02 5.327619984745979309e-02 5.005536973476409912e-02 5.165251716971397400e-02 5.000891163945198059e-02 5.129837617278099060e-02
9.098196392785570241e-01 4.741024971008300781e-02 4.379657097160816193e-03 4.782297834753990173e-02 4.595844075083732605e-02 4.887716844677925110e-02 4.450714588165283203e-02 4.756752401590347290e-02 4.918944090604782104e-02 4.617898911237716675e-02 4.768823459744453430e-02 4.615773260593414307e-02 4.731254652142524719e-02
9.138276553106211564e-01 4.339129105210304260e-02 4.020510241389274597e-03 4.367541149258613586e-02 4.204933717846870422e-02 4.479031637310981750e-02 4.075823351740837097e-02 4.355683922767639160e-02 4.503520578145980835e-02 4.224764555692672729e-02 4.365919157862663269e-02 4.225119575858116150e-02 4.326603189110755920e-02
9.178356713426852886e-01 3.942753747105598450e-02 3.661647439002990723e-03 3.959175199270248413e-02 3.819682449102401733e-02 4.075520485639572144e-02 3.706556558609008789e-02 3.959802910685539246e-02 4.093387350440025330e-02 3.837366029620170593e-02 3.968098387122154236e-02 3.840023651719093323e-02 3.927607089281082153e-02
9.218436873747494209e-01 3.566166758537292480e-02 3.319179173558950424e-03 3.572105243802070618e-02 3.453866019845008850e-02 3.691693022847175598e-02 3.355932980775833130e-02 3.583364933729171753e-02 3.703449293971061707e-02 3.469564393162727356e-02 3.589763492345809937e-02 3.474223986268043518e-02 3.548733517527580261e-02
9.258517034068135532e-01 3.221431374549865723e-02 3.006317419931292534e-03 3.218757733702659607e-02 3.119119442999362946e-02 3.339876234531402588e-02 3.034950047731399536e-02 3.238485008478164673e-02 3.346332162618637085e-02 3.133061155676841736e-02 3.243149816989898682e-02 3.139342367649078369e-02 3.202180564403533936e-02
9.298597194388776854e-01 2.915069833397865295e-02 2.729931147769093513e-03 2.905669063329696655e-02 2.821709215641021729e-02 3.026800043880939484e-02 2.749540470540523529e-02 2.931760251522064209e-02 3.028880059719085693e-02 2.834143862128257751e-02 2.934929169714450836e-02 2.841664105653762817e-02 2.894496545195579529e-02
9.338677354709418177e-01 2.647944539785385132e-02 2.490703947842121124e-03 2.633483149111270905e-02 2.562436275184154510e-02 2.753449790179729462e-02 2.500470355153083801e-02 2.664135955274105072e-02 2.752039954066276550e-02 2.573600225150585175e-02 2.666060999035835266e-02 2.582018822431564331e-02 2.626495063304901123e-02
9.378757515030059499e-01 2.417260594666004181e-02 2.285611582919955254e-03 2.399089559912681580e-02 2.338564768433570862e-02 2.517077699303627014e-02 2.285156399011611938e-02 2.432880736887454987e-02 2.512942068278789520e-02 2.348665148019790649e-02 2.433797344565391541e-02 2.357707172632217407e-02 2.395297773182392120e-02
9.418837675350700822e-01 2.218576893210411072e-02 2.110081259161233902e-03 2.197743952274322510e-02 2.145771309733390808e-02 2.313234843313694000e-02 2.099508419632911682e-02 2.233601361513137817e-02 2.306998148560523987e-02 2.154981344938278198e-02 2.233707718551158905e-02 2.164434641599655151e-02 2.196378074586391449e-02
9.458917835671342145e-01 2.047183550894260406e-02 1.959434244781732559e-03 2.024474740028381348e-02 1.979476399719715118e-02 2.137176319956779480e-02 1.939183473587036133e-02 2.061612345278263092e-02 2.129332162439823151e-02 1.987936720252037048e-02 2.061074227094650269e-02 1.997645571827888489e-02 2.024949155747890472e-02
9.498997995991983467e-01 1.898725703358650208e-02 1.829407061450183392e-03 1.874726638197898865e-02 1.835453137755393982e-02 1.984502561390399933e-02 1.800165325403213501e-02 1.912578195333480835e-02 1.975431665778160095e-02 1.843277178704738617e-02 1.911528035998344421e-02 1.853124052286148071e-02 1.876600272953510284e-02
9.539078156312624790e-01 1.769462041556835175e-02 1.716473605483770370e-03 1.744603924453258514e-02 1.710063591599464417e-02 1.851422153413295746e-02 1.678995229303836823e-02 1.782765425741672516e-02 1.841418817639350891e-02 1.717343926429748535e-02 1.781306788325309753e-02 1.727244816720485687e-02 1.747543923556804657e-02
9.579158316633266113e-01 1.656264998018741608e-02 1.617720583453774452e-03 1.630866155028343201e-02 1.600270345807075500e-02 1.734761707484722137e-02 1.572782360017299652e-02 1.669049449265003204e-02 1.724055968225002289e-02 1.607081852853298187e-02 1.667266152799129486e-02 1.616977714002132416e-02 1.634620130062103271e-02
9.619238476953907435e-01 1.556567288935184479e-02 1.530781388282775879e-03 1.530862692743539810e-02 1.503581926226615906e-02 1.631914079189300537e-02 1.479149144142866135e-02 1.568867266178131104e-02 1.620680466294288635e-02 1.509986352175474167e-02 1.566823758184909821e-02 1.519833970814943314e-02 1.535239256918430328e-02
9.659318637274548758e-01 1.468264311552047729e-02 1.453750417567789555e-03 1.442427095025777817e-02 1.417954824864864349e-02 1.540736667811870575e-02 1.396145299077033997e-02 1.480112224817276001e-02 1.529112737625837326e-02 1.424003113061189651e-02 1.477861404418945312e-02 1.433769613504409790e-02 1.447280775755643845e-02
9.699398797595190080e-01 1.389633398503065109e-02 1.385097391903400421e-03 1.363791897892951965e-02 1.341714616864919662e-02 1.459475792944431305e-02 1.322173047810792923e-02 1.401059981435537338e-02 1.447567902505397797e-02 1.347448118031024933e-02 1.398643851280212402e-02 1.357115432620048523e-02 1.369008980691432953e-02
9.739478957915831403e-01 1.319263409823179245e-02 1.323564792983233929e-03 1.293512433767318726e-02 1.273493189364671707e-02 1.386692281812429428e-02 1.255920808762311935e-02 1.330298557877540588e-02 1.374584343284368515e-02 1.278947386890649796e-02 1.327750831842422485e-02 1.288500055670738220e-02 1.299005094915628433e-02
9.779559118236471615e-01 1.255988050252199173e-02 1.268140389584004879e-03 1.230395864695310593e-02 1.212156284600496292e-02 1.321195811033248901e-02 1.196304243057966232e-02 1.266658026725053787e-02 1.308951992541551590e-02 1.217361446470022202e-02 1.264006830751895905e-02 1.226788759231567383e-02 1.236096024513244629e-02
9.819639278557112938e-01 1.198842748999595642e-02 1.217970275320112705e-03 1.173459831625223160e-02 1.156767737120389938e-02 1.261999737471342087e-02 1.142426580190658569e-02 1.209173630923032761e-02 1.249672565609216690e-02 1.161749195307493210e-02 1.206439454108476639e-02 1.171046495437622070e-02 1.179313659667968750e-02
9.859719438877754261e-01 1.147024054080247879e-02 1.172368996776640415e-03 1.121885515749454498e-02 1.106548309326171875e-02 1.208283379673957825e-02 1.093538571149110794e-02 1.157038100063800812e-02 1.195913646370172501e-02 1.111327391117811203e-02 1.154240686446428299e-02 1.120491046458482742e-02 1.127851288765668869e-02
9.899799599198395583e-01 1.099851820617914200e-02 1.130749471485614777e-03 1.074982713907957077e-02 1.060836669057607651e-02 1.159351505339145660e-02 1.049007847905158997e-02 1.109571661800146103e-02 1.146970782428979874e-02 1.065432373434305191e-02 1.106724608689546585e-02 1.074462290853261948e-02 1.081027463078498840e-02
9.939879759519036906e-01 1.056760270148515701e-02 1.092628226615488529e-03 1.032176613807678223e-02 1.019083429127931595e-02 1.114622224122285843e-02 1.008303649723529816e-02 1.066203881055116653e-02 1.102257333695888519e-02 1.023512892425060272e-02 1.063319668173789978e-02 1.032408699393272400e-02 1.038273517042398453e-02
9.979959919839678228e-01 1.017263811081647873e-02 1.057581743225455284e-03 9.929772466421127319e-03 9.808185510337352753e-03 1.073600444942712784e-02 9.709754027426242828e-03 1.026450376957654953e-02 1.061270479112863541e-02 9.850956499576568604e-03 1.023539155721664429e-02 9.938591159880161285e-03 9.991047903895378113e-03
1.002004008016031955e+00 9.809507057070732117e-03 1.025269040837883949e-03 9.569663554430007935e-03 9.456409141421318054e-03 1.035862416028976440e-02 9.366375394165515900e-03 9.898958727717399597e-03 1.023583300411701202e-02 9.497783146798610687e-03 9.869661182165145874e-03 9.584111161530017853e-03 9.631081484258174896e-03
1.006012024048096087e+00 9.474675171077251434e-03 9.953862754628062248e-04 9.237878955900669098e-03 9.132082574069499969e-03 1.001046039164066315e-02 9.049601852893829346e-03 9.561873041093349457e-03 9.888307191431522369e-03 9.172165766358375549e-03 9.532454423606395721e-03 9.257226251065731049e-03 9.299304336309432983e-03
1.010020040080160220e+00 9.165085852146148682e-03 9.676676127128303051e-04 8.931336924433708191e-03 8.832242339849472046e-03 9.688375517725944519e-03 8.756569586694240570e-03 9.250167757272720337e-03 9.566952474415302277e-03 8.871142752468585968e-03 9.220688603818416595e-03 8.954948745667934418e-03 8.992666378617286682e-03
1.014028056112224352e+00 8.878119289875030518e-03 9.419039124622941017e-04 8.647380396723747253e-03 8.554331958293914795e-03 9.389663115143775940e-03 8.484812453389167786e-03 8.961208164691925049e-03 9.269040077924728394e-03 8.592127822339534760e-03 8.931708522140979767e-03 8.674725890159606934e-03 8.708531036972999573e-03
1.018036072144288484e+00 8.611473254859447479e-03 9.178880718536674976e-04 8.383709937334060669e-03 8.296134881675243378e-03 9.111970663070678711e-03 8.232194930315017700e-03 8.692685514688491821e-03 8.992209099233150482e-03 8.332904428243637085e-03 8.663210086524486542e-03 8.414324373006820679e-03 8.444611914455890656e-03
1.022044088176352616e+00 8.363162167370319366e-03 8.954577497206628323e-04 8.138325996696949005e-03 8.055703714489936829e-03 8.853245526552200317e-03 7.996845990419387817e-03 8.442611433565616608e-03 8.734389208257198334e-03 8.091525174677371979e-03 8.413181640207767487e-03 8.171807043254375458e-03 8.198927156627178192e-03
1.026052104208416749e+00 8.131415583193302155e-03 8.744644583202898502e-04 7.909443229436874390e-03 7.831338793039321899e-03 8.611674420535564423e-03 7.777104154229164124e-03 8.209196850657463074e-03 8.493749424815177917e-03 7.866272702813148499e-03 8.179851807653903961e-03 7.945445366203784943e-03 7.969705387949943542e-03
1.030060120240480881e+00 7.914700545370578766e-03 8.547688485123217106e-04 7.695532403886318207e-03 7.621545344591140747e-03 8.385670371353626251e-03 7.571540772914886475e-03 7.990911602973937988e-03 8.268694393336772919e-03 7.655648980289697647e-03 7.961666211485862732e-03 7.733749225735664368e-03 7.755416445434093475e-03
1.034068136272545013e+00 7.711658719927072525e-03 8.362703374586999416e-04 7.495222613215446472e-03 7.425001356750726700e-03 8.173836395144462585e-03 7.378868758678436279e-03 7.786381058394908905e-03 8.057828061282634735e-03 7.458325475454330444e-03 7.757259067147970200e-03 7.535397075116634369e-03 7.554708980023860931e-03
1.038076152304609145e+00 7.521088235080242157e-03 8.188509964384138584e-04 7.307314313948154449e-03 7.240549661219120026e-03 7.974930107593536377e-03 7.197970058768987656e-03 7.594400551170110703e-03 7.859895005822181702e-03 7.273138966411352158e-03 7.565414998680353165e-03 7.349212188273668289e-03 7.366388570517301559e-03
1.042084168336673278e+00 7.341901306062936783e-03 8.024309063330292702e-04 7.130710408091545105e-03 7.067125756293535233e-03 7.787832058966159821e-03 7.027816027402877808e-03 7.413877639919519424e-03 7.673770189285278320e-03 7.099031005054712296e-03 7.385037373751401901e-03 7.174134720116853714e-03 7.189359981566667557e-03
1.046092184368737410e+00 7.173156831413507462e-03 7.869235705584287643e-04 6.964483764022588730e-03 6.903825327754020691e-03 7.611570414155721664e-03 6.867525167763233185e-03 7.243864238262176514e-03 7.498481310904026031e-03 6.935078650712966919e-03 7.215183228254318237e-03 7.009246386587619781e-03 7.022694684565067291e-03
1.050100200400801542e+00 7.014007773250341415e-03 7.722552982158958912e-04 6.807780358940362930e-03 6.749820429831743240e-03 7.445272989571094513e-03 6.716299336403608322e-03 7.083511445671319962e-03 7.333144079893827438e-03 6.780465599149465561e-03 7.054997608065605164e-03 6.853731349110603333e-03 6.865551229566335678e-03
1.054108216432865675e+00 6.863672286272048950e-03 7.583639235235750675e-04 6.659818347543478012e-03 6.604357156902551651e-03 7.288123946636915207e-03 6.573398597538471222e-03 6.932028103619813919e-03 7.176953833550214767e-03 6.634422112256288528e-03 6.903687957674264908e-03 6.706816609948873520e-03 6.717142183333635330e-03
1.058116232464929807e+00 6.721472367644309998e-03 7.451932178810238838e-04 6.519916001707315445e-03 6.466771010309457779e-03 7.139427121728658676e-03 6.438190583139657974e-03 6.788739003241062164e-03 7.029204629361629486e-03 6.496289744973182678e-03 6.760571151971817017e-03 6.567839998751878738e-03 6.576798856258392334e-03
1.062124248496993939e+00 6.586792878806591034e-03 7.326852064579725266e-04 6.387471221387386322e-03 6.336474325507879257e-03 6.998553406447172165e-03 6.310102529823780060e-03 6.653019692748785019e-03 6.889265030622482300e-03 6.365475710481405258e-03 6.625035777688026428e-03 6.436208263039588928e-03 6.443909369409084320e-03
1.066132264529058071e+00 6.459058262407779694e-03 7.207930902950465679e-04 6.261903792619705200e-03 6.212901324033737183e-03 6.864895578473806381e-03 6.188575178384780884e-03 6.524292752146720886e-03 6.756527815014123917e-03 6.241410970687866211e-03 6.496493238955736160e-03 6.311357021331787109e-03 6.317903287708759308e-03
1.070140280561122204e+00 6.337787490338087082e-03 7.094718166626989841e-04 6.142732221633195877e-03 6.095596589148044586e-03 6.737965624779462814e-03 6.073176395148038864e-03 6.402075756341218948e-03 6.630501244217157364e-03 6.123632658272981644e-03 6.374462507665157318e-03 6.192818749696016312e-03 6.198300048708915710e-03
1.074148296593186336e+00 6.222490221261978149e-03 6.986841326579451561e-04 6.029475480318069458e-03 5.984076298773288727e-03 6.617250852286815643e-03 5.963426548987627029e-03 6.285877898335456848e-03 6.510678213089704514e-03 6.011666730046272278e-03 6.258452311158180237e-03 6.080112885683774948e-03 6.084611639380455017e-03
1.078156312625250468e+00 6.112777628004550934e-03 6.883956375531852245e-04 5.921737756580114365e-03 5.877960938960313797e-03 6.502350326627492905e-03 5.858962889760732651e-03 6.175301037728786469e-03 6.396646145731210709e-03 5.905127618461847305e-03 6.148057989776134491e-03 5.972864106297492981e-03 5.976451560854911804e-03
1.082164328657314600e+00 6.008246913552284241e-03 6.785706500522792339e-04 5.819121841341257095e-03 5.776864942163228989e-03 6.392844021320343018e-03 5.759411491453647614e-03 6.069944240152835846e-03 6.287996657192707062e-03 5.803627427667379379e-03 6.042891647666692734e-03 5.870673805475234985e-03 5.873418413102626801e-03
1.086172344689378733e+00 5.908567924052476883e-03 6.691839662380516529e-04 5.721298512071371078e-03 5.680465139448642731e-03 6.288391072303056717e-03 5.664451979100704193e-03 5.969465710222721100e-03 6.184384692460298538e-03 5.706839263439178467e-03 5.942604970186948776e-03 5.773218348622322083e-03 5.775189958512783051e-03
1.090180360721442865e+00 5.813406314700841904e-03 6.601983914151787758e-04 5.627945531159639359e-03 5.588446278125047684e-03 6.188645958900451660e-03 5.573778413236141205e-03 5.873552523553371429e-03 6.085465196520090103e-03 5.614447407424449921e-03 5.846871994435787201e-03 5.680176429450511932e-03 5.681429523974657059e-03
1.094188376753506997e+00 5.722482223063707352e-03 6.515942513942718506e-04 5.538768135011196136e-03 5.500523373484611511e-03 6.093315780162811279e-03 5.487123969942331314e-03 5.781895946711301804e-03 5.990942940115928650e-03 5.526174325495958328e-03 5.755406338721513748e-03 5.591279827058315277e-03 5.591859575361013412e-03
1.098196392785571129e+00 5.635529290884733200e-03 6.433498347178101540e-04 5.453517660498619080e-03 5.416446831077337265e-03 6.002125795930624008e-03 5.404231138527393341e-03 5.694248713552951813e-03 5.900545045733451843e-03 5.441758781671524048e-03 5.667938385158777237e-03 5.506257526576519012e-03 5.506217945367097855e-03
1.102204408817635262e+00 5.552303511649370193e-03 6.354441284202039242e-04 5.371938459575176239e-03 5.335979163646697998e-03 5.914826877415180206e-03 5.324876401573419571e-03 5.610351450741291046e-03 5.814014468342065811e-03 5.360966548323631287e-03 5.584223195910453796e-03 5.424873437732458115e-03 5.424260161817073822e-03
1.106212424849699394e+00 5.472560413181781769e-03 6.278526852838695049e-04 5.293795838952064514e-03 5.258884280920028687e-03 5.831155925989151001e-03 5.248821806162595749e-03 5.529959686100482941e-03 5.731105804443359375e-03 5.283559206873178482e-03 5.504011176526546478e-03 5.346894264221191406e-03 5.345745477825403214e-03
1.110220440881763526e+00 5.396113265305757523e-03 6.205602549016475677e-04 5.218902137130498886e-03 5.184978246688842773e-03 5.750928539782762527e-03 5.175901111215353012e-03 5.452895071357488632e-03 5.651616491377353668e-03 5.209354683756828308e-03 5.427123513072729111e-03 5.272138398140668869e-03 5.270489025861024857e-03
1.114228456913827658e+00 5.322757177054882050e-03 6.135530420579016209e-04 5.147057119756937027e-03 5.114060826599597931e-03 5.673924926668405533e-03 5.105907097458839417e-03 5.378940142691135406e-03 5.575339309871196747e-03 5.138151347637176514e-03 5.353344138711690903e-03 5.200395826250314713e-03 5.198286846280097961e-03
1.118236472945891791e+00 5.252325441688299179e-03 6.068070651963353157e-04 5.078089423477649689e-03 5.045975558459758759e-03 5.599969532340764999e-03 5.038694944232702255e-03 5.307930987328290939e-03 5.502095911651849747e-03 5.069787614047527313e-03 5.282511468976736069e-03 5.131513345986604691e-03 5.128973163664340973e-03
1.122244488977955923e+00 5.184632726013660431e-03 6.003148155286908150e-04 5.011823493987321854e-03 4.980545490980148315e-03 5.528884474188089371e-03 4.974082577973604202e-03 5.239685997366905212e-03 5.431701894849538803e-03 5.004091653972864151e-03 5.214438308030366898e-03 5.065308883786201477e-03 5.062365904450416565e-03
1.126252505010020055e+00 5.119546316564083099e-03 5.940649425610899925e-04 4.948122426867485046e-03 4.917633254081010818e-03 5.460518877953290939e-03 4.911943338811397552e-03 5.174067337065935135e-03 5.364019423723220825e-03 4.940923303365707397e-03 5.148983560502529144e-03 5.001652520149946213e-03 4.998332820832729340e-03
1.130260521042083965e+00 5.056917667388916016e-03 5.880357348360121250e-04 4.886839073151350021e-03 4.857099149376153946e-03 5.394717678427696228e-03 4.852138925343751907e-03 5.110919009894132614e-03 5.298878997564315796e-03 4.880141932517290115e-03 5.086003337055444717e-03 4.940391983836889267e-03 4.936724901199340820e-03
1.134268537074148098e+00 4.996611736714839935e-03 5.822202074341475964e-04 4.827847238630056381e-03 4.798814188688993454e-03 5.331347696483135223e-03 4.794545006006956100e-03 5.050114821642637253e-03 5.236160941421985626e-03 4.821622744202613831e-03 5.025365855544805527e-03 4.881407599896192551e-03 4.877410829067230225e-03
1.138276553106212230e+00 4.938503261655569077e-03 5.766073591075837612e-04 4.771015606820583344e-03 4.742657300084829330e-03 5.270275752991437912e-03 4.739040043205022812e-03 4.991528578102588654e-03 5.175724159926176071e-03 4.765233956277370453e-03 4.966939333826303482e-03 4.824571311473846436e-03 4.820269532501697540e-03
1.142284569138276362e+00 4.882489796727895737e-03 5.711929406970739365e-04 4.716239869594573975e-03 4.688519053161144257e-03 5.211389157921075821e-03 4.685522057116031647e-03 4.935046657919883728e-03 5.117459688335657120e-03 4.710876382887363434e-03 4.910618532449007034e-03 4.769771825522184372e-03 4.765188321471214294e-03
1.146292585170340494e+00 4.828444682061672211e-03 5.659543676301836967e-04 4.663405008614063263e-03 4.636296071112155914e-03 5.154565442353487015e-03 4.633878823369741440e-03 4.880555439740419388e-03 5.061245989054441452e-03 4.658437334001064301e-03 4.856285173445940018e-03 4.716906230896711349e-03 4.712057299911975861e-03
1.150300601202404627e+00 4.776288289576768875e-03 5.608922801911830902e-04 4.612423945218324661e-03 4.585896153002977371e-03 5.099718458950519562e-03 4.584033507853746414e-03 4.827966913580894470e-03 5.006991326808929443e-03 4.607831127941608429e-03 4.803848452866077423e-03 4.665886051952838898e-03 4.660787992179393768e-03
1.154308617234468759e+00 4.725919570773839951e-03 5.559992277994751930e-04 4.563199821859598160e-03 4.537221975624561310e-03 5.046738777309656143e-03 4.535886459052562714e-03 4.777174908667802811e-03 4.954596515744924545e-03 4.558959510177373886e-03 4.753209650516510010e-03 4.616606049239635468e-03 4.611278884112834930e-03
1.158316633266532891e+00 4.677248653024435043e-03 5.512646748684346676e-04 4.515644162893295288e-03 4.490191582590341568e-03 4.995540250092744827e-03 4.489353857934474945e-03 4.728096537292003632e-03 4.903963301330804825e-03 4.511735867708921432e-03 4.704283084720373154e-03 4.568991251289844513e-03 4.563444759696722031e-03
1.162324649298597024e+00 4.630194511264562607e-03 5.466782604344189167e-04 4.469676408916711807e-03 4.444727208465337753e-03 4.946027882397174835e-03 4.444357473403215408e-03 4.680647514760494232e-03 4.855013452470302582e-03 4.466081503778696060e-03 4.656977951526641846e-03 4.522954579442739487e-03 4.517208319157361984e-03
1.166332665330661156e+00 4.584676586091518402e-03 5.422352696768939495e-04 4.425219260156154633e-03 4.400748293846845627e-03 4.898128565400838852e-03 4.400829784572124481e-03 4.634752403944730759e-03 4.807663150131702423e-03 4.421923775225877762e-03 4.611225798726081848e-03 4.478423390537500381e-03 4.472486674785614014e-03
1.170340681362725288e+00 4.540625493973493576e-03 5.379283684305846691e-04 4.382204730063676834e-03 4.358188714832067490e-03 4.851767327636480331e-03 4.358694422990083694e-03 4.590329714119434357e-03 4.761832300573587418e-03 4.379190504550933838e-03 4.566952586174011230e-03 4.435324575752019882e-03 4.429213237017393112e-03
1.174348697394789420e+00 4.497980698943138123e-03 5.337544716894626617e-04 4.340569488704204559e-03 4.316990263760089874e-03 4.806874319911003113e-03 4.317898303270339966e-03 4.547327291220426559e-03 4.717466887086629868e-03 4.337819293141365051e-03 4.524086602032184601e-03 4.393597599118947983e-03 4.387320484966039658e-03
1.178356713426853553e+00 4.456674214452505112e-03 5.297082243487238884e-04 4.300239495933055878e-03 4.277082625776529312e-03 4.763382021337747574e-03 4.278372973203659058e-03 4.505667369812726974e-03 4.674487747251987457e-03 4.297747742384672165e-03 4.482567310333251953e-03 4.353175405412912369e-03 4.346746951341629028e-03
1.182364729458917685e+00 4.416639916598796844e-03 5.257789744064211845e-04 4.261169116944074631e-03 4.238405730575323105e-03 4.721227567642927170e-03 4.240065813064575195e-03 4.465297795832157135e-03 4.632832482457160950e-03 4.258910659700632095e-03 4.442331846803426743e-03 4.314002580940723419e-03 4.307428840547800064e-03
1.186372745490981817e+00 4.377826116979122162e-03 5.219641607254743576e-04 4.223293159157037735e-03 4.200910683721303940e-03 4.680351354181766510e-03 4.202918149530887604e-03 4.426158498972654343e-03 4.592450335621833801e-03 4.221261478960514069e-03 4.403324332088232040e-03 4.276028368622064590e-03 4.269319120794534683e-03
1.190380761523045949e+00 4.340181127190589905e-03 5.182629101909697056e-04 4.186561331152915955e-03 4.164544399827718735e-03 4.640698432922363281e-03 4.166883416473865509e-03 4.388192668557167053e-03 4.553280305117368698e-03 4.184742458164691925e-03 4.365493543446063995e-03 4.239188041538000107e-03 4.232353530824184418e-03
1.194388777555110082e+00 4.303651396185159683e-03 5.146646872162818909e-04 4.150922875851392746e-03 4.129258450120687485e-03 4.602214321494102478e-03 4.131909459829330444e-03 4.351352807134389877e-03 4.515270702540874481e-03 4.149309359490871429e-03 4.328780341893434525e-03 4.203442484140396118e-03 4.196489695459604263e-03
1.198396793587174214e+00 4.268191754817962646e-03 5.111684440635144711e-04 4.116334952414035797e-03 4.095006734132766724e-03 4.564856179058551788e-03 4.097959958016872406e-03 4.315593745559453964e-03 4.478371702134609222e-03 4.114915616810321808e-03 4.293147008866071701e-03 4.168741405010223389e-03 4.161677323281764984e-03
1.202404809619238346e+00 4.233759362250566483e-03 5.077712121419608593e-04 4.082750529050827026e-03 4.061744082719087601e-03 4.528568126261234283e-03 4.064984619617462158e-03 4.280865192413330078e-03 4.442541394382715225e-03 4.081514663994312286e-03 4.258546046912670135e-03 4.135040566325187683e-03 4.127876833081245422e-03
1.206412825651302478e+00 4.200303461402654648e-03 5.044605932198464870e-04 4.050132352858781815e-03 4.029433242976665497e-03 4.493311513215303421e-03 4.032943863421678543e-03 4.247130360454320908e-03 4.407728556543588638e-03 4.049070645123720169e-03 4.224929027259349823e-03 4.102302715182304382e-03 4.095043521374464035e-03
1.210420841683366611e+00 4.167791455984115601e-03 5.012442125007510185e-04 4.018432460725307465e-03 3.998030442744493484e-03 4.459041636437177658e-03 4.001803696155548096e-03 4.214339423924684525e-03 4.373895470052957535e-03 4.017533734440803528e-03 4.192262887954711914e-03 4.070482216775417328e-03 4.063135478645563126e-03
1.214428857715430743e+00 4.136184230446815491e-03 4.981132806278765202e-04 3.987621981650590897e-03 3.967500291764736176e-03 4.425720777362585068e-03 3.971521742641925812e-03 4.182461649179458618e-03 4.341003485023975372e-03 3.986879717558622360e-03 4.160503391176462173e-03 4.039547871798276901e-03 4.032119177281856537e-03
1.218436873747494875e+00 4.105441272258758545e-03 4.950659349560737610e-04 3.957654815167188644e-03 3.937808331102132797e-03 4.393308889120817184e-03 3.942064009606838226e-03 4.151456523686647415e-03 4.309009760618209839e-03 3.957063425332307816e-03 4.129615612328052521e-03 4.009460564702749252e-03 4.001953639090061188e-03
1.222444889779559007e+00 4.075531382113695145e-03 4.920951905660331249e-04 3.928507212549448013e-03 3.908921498805284500e-03 4.361771047115325928e-03 3.913407213985919952e-03 4.121293779462575912e-03 4.277882166206836700e-03 3.928055055439472198e-03 4.099563229829072952e-03 3.980185836553573608e-03 3.972609061747789383e-03
1.226452905811623140e+00 4.046427551656961441e-03 4.892052384093403816e-04 3.900147043168544769e-03 3.880813485011458397e-03 4.331081639975309372e-03 3.885515267029404640e-03 4.091938491910696030e-03 4.247593693435192108e-03 3.899829695001244545e-03 4.070325754582881927e-03 3.951699472963809967e-03 3.944055177271366119e-03
1.230460921843687272e+00 4.018090199679136276e-03 4.863837093580514193e-04 3.872537054121494293e-03 3.853444941341876984e-03 4.301190841943025589e-03 3.858353476971387863e-03 4.063358530402183533e-03 4.218099173158407211e-03 3.872349392622709274e-03 4.041853360831737518e-03 3.923962824046611786e-03 3.916257992386817932e-03
1.234468937875751404e+00 3.990493714809417725e-03 4.836377047467976809e-04 3.845652798190712929e-03 3.826792817562818527e-03 4.272080957889556885e-03 3.831899492070078850e-03 4.035526420921087265e-03 4.189379513263702393e-03 3.845585044473409653e-03 4.014132078737020493e-03 3.896950278431177139e-03 3.889189101755619049e-03
1.238476953907815536e+00 3.963610623031854630e-03 4.809584061149507761e-04 3.819469362497329712e-03 3.800834994763135910e-03 4.243722651153802872e-03 3.806126303970813751e-03 4.008413292467594147e-03 4.161404445767402649e-03 3.819516627117991447e-03 3.987128380686044693e-03 3.870637156069278717e-03 3.862823825329542160e-03
1.242484969939879669e+00 3.937414847314357758e-03 4.783452604897320271e-04 3.793954849243164062e-03 3.775534918531775475e-03 4.216082394123077393e-03 3.781010396778583527e-03 3.981991671025753021e-03 4.134135786443948746e-03 3.794109914451837540e-03 3.960810601711273193e-03 3.844992257654666901e-03 3.837129799649119377e-03
1.246492985971943801e+00 3.911878913640975952e-03 4.757965798489749432e-04 3.769085509702563286e-03 3.750875592231750488e-03 4.189137835055589676e-03 3.756521269679069519e-03 3.956235013902187347e-03 4.107557702809572220e-03 3.769347677007317543e-03 3.935157321393489838e-03 3.819996258243918419e-03 3.812087234109640121e-03
1.250501002004007933e+00 3.886979771777987480e-03 4.733045061584562063e-04 3.744844580069184303e-03 3.726831171661615372e-03 4.162861965596675873e-03 3.732644720003008842e-03 3.931121900677680969e-03 4.081640858203172684e-03 3.745205001905560493e-03 3.910148050636053085e-03 3.795621683821082115e-03 3.787676338106393814e-03
1.254509018036072066e+00 3.862693207338452339e-03 4.708769556600600481e-04 3.721196437254548073e-03 3.703381167724728584e-03 4.137229640036821365e-03 3.709349082782864571e-03 3.906624857336282730e-03 4.056364763528108597e-03 3.721653483808040619e-03 3.885753685608506203e-03 3.771845949813723564e-03 3.763863816857337952e-03
1.258517034068136198e+00 3.839001990854740143e-03 4.685054009314626455e-04 3.698133863508701324e-03 3.680502064526081085e-03 4.112224094569683075e-03 3.686624579131603241e-03 3.882731078192591667e-03 4.031704273074865341e-03 3.698679618537425995e-03 3.861958160996437073e-03 3.748655552044510841e-03 3.740636864677071571e-03
1.262525050100200330e+00 3.815880976617336273e-03 4.661869897972792387e-04 3.675630316138267517e-03 3.658177563920617104e-03 4.087814595550298691e-03 3.664443735033273697e-03 3.859413322061300278e-03 4.007640760391950607e-03 3.676260123029351234e-03 3.838735399767756462e-03 3.726020688191056252e-03 3.717972664162516594e-03
1.266533066132264462e+00 3.793313633650541306e-03 4.639252147171646357e-04 3.653665073215961456e-03 3.636387176811695099e-03 4.063990432769060135e-03 3.642789786681532860e-03 3.836647840216755867e-03 3.984148148447275162e-03 3.654376603662967682e-03 3.816067939624190331e-03 3.703923895955085754e-03 3.695848397910594940e-03
1.270541082164328595e+00 3.771276678889989853e-03 4.617123340722173452e-04 3.632223699241876602e-03 3.615108551457524300e-03 4.040722735226154327e-03 3.621644573286175728e-03 3.814421128481626511e-03 3.961210139095783234e-03 3.633008338510990143e-03 3.793936688452959061e-03 3.682349342852830887e-03 3.674248466268181801e-03
1.274549098196392727e+00 3.749754745513200760e-03 4.595512291416525841e-04 3.611280117183923721e-03 3.594328882172703743e-03 4.017998464405536652e-03 3.600993659347295761e-03 3.792712697759270668e-03 3.938810899853706360e-03 3.612141590565443039e-03 3.772323252633213997e-03 3.661279566586017609e-03 3.653155639767646790e-03
1.278557114228456859e+00 3.728734795004129410e-03 4.574375634547322989e-04 3.590828273445367813e-03 3.574032569304108620e-03 3.995799459517002106e-03 3.580816555768251419e-03 3.771508345380425453e-03 3.916927147656679153e-03 3.591760061681270599e-03 3.751209471374750137e-03 3.640699433162808418e-03 3.632553853094577789e-03
1.282565130260520991e+00 3.708187257871031761e-03 4.553700855467468500e-04 3.570840694010257721e-03 3.554192371666431427e-03 3.974098712205886841e-03 3.561096265912055969e-03 3.750786418095231056e-03 3.895539557561278343e-03 3.571838838979601860e-03 3.730577416718006134e-03 3.620581002905964851e-03 3.612418426200747490e-03
1.286573146292585124e+00 3.688109340146183968e-03 4.533476021606475115e-04 3.551312256604433060e-03 3.534807125106453896e-03 3.952890168875455856e-03 3.541821846738457680e-03 3.730535041540861130e-03 3.874638816341757774e-03 3.552369074895977974e-03 3.710415447130799294e-03 3.600923344492912292e-03 3.592744702473282814e-03
1.290581162324649256e+00 3.668478457257151604e-03 4.513720923569053411e-04 3.532216884195804596e-03 3.515853546559810638e-03 3.932156134396791458e-03 3.522976534441113472e-03 3.710733493790030479e-03 3.854205599054694176e-03 3.533336566761136055e-03 3.690699581056833267e-03 3.581701312214136124e-03 3.573508700355887413e-03
1.294589178356713388e+00 3.649290651082992554e-03 4.494347958825528622e-04 3.513558069244027138e-03 3.497327677905559540e-03 3.911882173269987106e-03 3.504551714286208153e-03 3.691377583891153336e-03 3.834228962659835815e-03 3.514732234179973602e-03 3.671430749818682671e-03 3.562912344932556152e-03 3.554708324372768402e-03
1.298597194388777520e+00 3.630514023825526237e-03 4.475417663343250751e-04 3.495298791676759720e-03 3.479200648143887520e-03 3.892046399414539337e-03 3.486523637548089027e-03 3.672441001981496811e-03 3.814687719568610191e-03 3.496528835967183113e-03 3.652578452602028847e-03 3.544530365616083145e-03 3.536313073709607124e-03
1.302605210420841653e+00 3.612150205299258232e-03 4.456894821487367153e-04 3.477442543953657150e-03 3.461470594629645348e-03 3.872644156217575073e-03 3.468886716291308403e-03 3.653913969174027443e-03 3.795569296926259995e-03 3.478721948340535164e-03 3.634137799963355064e-03 3.526544896885752678e-03 3.518322948366403580e-03
1.306613226452905785e+00 3.594181733205914497e-03 4.438724427018314600e-04 3.459973260760307312e-03 3.444124478846788406e-03 3.853655420243740082e-03 3.451629541814327240e-03 3.635789966210722923e-03 3.776862984523177147e-03 3.461299231275916100e-03 3.616094589233398438e-03 3.508950117975473404e-03 3.500722115859389305e-03
1.310621242484969917e+00 3.576593939214944839e-03 4.420915211085230112e-04 3.442875342443585396e-03 3.427143907174468040e-03 3.835066687315702438e-03 3.434736514464020729e-03 3.618048969656229019e-03 3.758550854399800301e-03 3.444248810410499573e-03 3.598433453589677811e-03 3.491727169603109360e-03 3.483494510874152184e-03
1.314629258517034049e+00 3.559376345947384834e-03 4.403498605825006962e-04 3.426140872761607170e-03 3.410523058846592903e-03 3.816872602328658104e-03 3.418200882151722908e-03 3.600683761760592461e-03 3.740631742402911186e-03 3.427558112889528275e-03 3.581146942451596260e-03 3.474869532510638237e-03 3.466631984338164330e-03
1.318637274549098182e+00 3.542521502822637558e-03 4.386430082377046347e-04 3.409758443012833595e-03 3.394251922145485878e-03 3.799057332798838615e-03 3.402006812393665314e-03 3.583679208531975746e-03 3.723083296790719032e-03 3.411217592656612396e-03 3.564225044101476669e-03 3.458363004028797150e-03 3.450123360380530357e-03
1.322645290581162314e+00 3.526016371324658394e-03 4.369682865217328072e-04 3.393717342987656593e-03 3.378317691385746002e-03 3.781607840210199356e-03 3.386150579899549484e-03 3.567029023543000221e-03 3.705900628119707108e-03 3.395216772332787514e-03 3.547653090208768845e-03 3.442200366407632828e-03 3.433960024267435074e-03
1.326653306613226446e+00 3.509847214445471764e-03 4.353294207248836756e-04 3.378005931153893471e-03 3.362707560881972313e-03 3.764516208320856094e-03 3.370616817846894264e-03 3.550720633938908577e-03 3.689067671075463295e-03 3.379540052264928818e-03 3.531419672071933746e-03 3.426365787163376808e-03 3.418125910684466362e-03
1.330661322645290578e+00 3.494004951789975166e-03 4.337226564530283213e-04 3.362613264471292496e-03 3.347415011376142502e-03 3.747768700122833252e-03 3.355392022058367729e-03 3.534737974405288696e-03 3.672575578093528748e-03 3.364182310178875923e-03 3.515513613820075989e-03 3.410850651562213898e-03 3.402612637728452682e-03
1.334669338677354489e+00 3.478483762592077255e-03 4.321476153563708067e-04 3.347531193867325783e-03 3.332431195303797722e-03 3.731357166543602943e-03 3.340476192533969879e-03 3.519083140417933464e-03 3.656417131423950195e-03 3.349134931340813637e-03 3.499932354316115379e-03 3.395650070160627365e-03 3.387414384633302689e-03
1.338677354709418621e+00 3.463270608335733414e-03 4.306015907786786556e-04 3.332753665745258331e-03 3.317745635285973549e-03 3.715273225679993629e-03 3.325857687741518021e-03 3.503735875710844994e-03 3.640579758211970329e-03 3.334388136863708496e-03 3.484660293906927109e-03 3.380751702934503555e-03 3.372518578544259071e-03
1.342685370741482753e+00 3.448359901085495949e-03 4.290856595616787672e-04 3.318268107250332832e-03 3.303350647911429405e-03 3.699503839015960693e-03 3.311525098979473114e-03 3.488696878775954247e-03 3.625056007876992226e-03 3.319933312013745308e-03 3.469690913334488869e-03 3.366146236658096313e-03 3.357923356816172600e-03
1.346693386773546885e+00 3.433740930631756783e-03 4.276020335964858532e-04 3.304069163277745247e-03 3.289238549768924713e-03 3.684046212583780289e-03 3.297472605481743813e-03 3.473946359008550644e-03 3.609838662669062614e-03 3.305760445073246956e-03 3.455016063526272774e-03 3.351827384904026985e-03 3.343607299029827118e-03
1.350701402805611018e+00 3.419406712055206299e-03 4.261421272531151772e-04 3.290145192295312881e-03 3.275398863479495049e-03 3.668883582577109337e-03 3.283692291006445885e-03 3.459487343207001686e-03 3.594912355765700340e-03 3.291864180937409401e-03 3.440622473135590553e-03 3.337788395583629608e-03 3.329575527459383011e-03
1.354709418837675150e+00 3.405342809855937958e-03 4.247096367180347443e-04 3.276490839198231697e-03 3.261826932430267334e-03 3.654012922197580338e-03 3.270173445343971252e-03 3.445301670581102371e-03 3.580272896215319633e-03 3.278231713920831680e-03 3.426507813856005669e-03 3.324016928672790527e-03 3.315809648483991623e-03
1.358717434869739282e+00 3.391551552340388298e-03 4.233043000567704439e-04 3.263095859438180923e-03 3.248513909056782722e-03 3.639422589913010597e-03 3.256912808865308762e-03 3.431388176977634430e-03 3.565913531929254532e-03 3.264861181378364563e-03 3.412663005292415619e-03 3.310508560389280319e-03 3.302309429273009300e-03
1.362725450901803415e+00 3.378021530807018280e-03 4.219246911816298962e-04 3.249958856031298637e-03 3.235453739762306213e-03 3.625109326094388962e-03 3.243903862312436104e-03 3.417740575969219208e-03 3.551826346665620804e-03 3.251744667068123817e-03 3.399080131202936172e-03 3.297252813354134560e-03 3.289066255092620850e-03
1.366733466933867547e+00 3.364742966368794441e-03 4.205705190543085337e-04 3.237065393477678299e-03 3.222636412829160690e-03 3.611061954870820045e-03 3.231134964153170586e-03 3.404342802241444588e-03 3.538002027198672295e-03 3.238871926441788673e-03 3.385752439498901367e-03 3.284247126430273056e-03 3.276071045547723770e-03
1.370741482965931679e+00 3.351709106937050819e-03 4.192434716969728470e-04 3.224411746487021446e-03 3.210054477676749229e-03 3.597274422645568848e-03 3.218599362298846245e-03 3.391194855794310570e-03 3.524432424455881119e-03 3.226235974580049515e-03 3.372669685631990433e-03 3.271479858085513115e-03 3.263311926275491714e-03
1.374749498997995811e+00 3.338918089866638184e-03 4.179331881459802389e-04 3.211995819583535194e-03 3.197708632797002792e-03 3.583738813176751137e-03 3.206297289580106735e-03 3.378291847184300423e-03 3.511113813146948814e-03 3.213840536773204803e-03 3.359829075634479523e-03 3.258952405303716660e-03 3.250795882195234299e-03
1.378757515030059944e+00 3.326359437778592110e-03 4.166505241300910711e-04 3.199805738404393196e-03 3.185584675520658493e-03 3.570450004190206528e-03 3.194219898432493210e-03 3.365622367709875107e-03 3.498038509860634804e-03 3.201664658263325691e-03 3.347225487232208252e-03 3.246650798246264458e-03 3.238506382331252098e-03
1.382765531062124076e+00 3.314026631414890289e-03 4.153901245445013046e-04 3.187837544828653336e-03 3.173683537170290947e-03 3.557403106242418289e-03 3.182357409968972206e-03 3.353183856233954430e-03 3.485202789306640625e-03 3.189712762832641602e-03 3.334846813231706619e-03 3.234574338421225548e-03 3.226440399885177612e-03
1.386773547094188208e+00 3.301918040961027145e-03 4.141525423619896173e-04 3.176083788275718689e-03 3.161994041875004768e-03 3.544587641954421997e-03 3.170710289850831032e-03 3.340966068208217621e-03 3.472594078630208969e-03 3.177972976118326187e-03 3.322692587971687317e-03 3.222708590328693390e-03 3.214591648429632187e-03
1.390781563126252340e+00 3.290024818852543831e-03 4.129366134293377399e-04 3.164542140439152718e-03 3.150515258312225342e-03 3.532003145664930344e-03 3.159268759191036224e-03 3.328968537971377373e-03 3.460212145000696182e-03 3.166445763781666756e-03 3.310757689177989960e-03 3.211058443412184715e-03 3.202954540029168129e-03
1.394789579158316473e+00 3.278341144323348999e-03 4.117399512324482203e-04 3.153203055262565613e-03 3.139236709102988243e-03 3.519634250551462173e-03 3.148026531562209129e-03 3.317178459838032722e-03 3.448046511039137840e-03 3.155119018629193306e-03 3.299027215689420700e-03 3.199612256139516830e-03 3.191521856933832169e-03
1.398797595190380605e+00 3.266862127929925919e-03 4.105644475203007460e-04 3.142065601423382759e-03 3.128157695755362511e-03 3.507485613226890564e-03 3.136982209980487823e-03 3.305600257590413094e-03 3.436095314100384712e-03 3.143992973491549492e-03 3.287506988272070885e-03 3.188367467373609543e-03 3.180291736498475075e-03
1.402805611222444737e+00 3.255582880228757858e-03 4.094089963473379612e-04 3.131121164187788963e-03 3.117270534858107567e-03 3.495546989142894745e-03 3.126129740849137306e-03 3.294219961389899254e-03 3.424350172281265259e-03 3.133056918159127235e-03 3.276186296716332436e-03 3.177317790687084198e-03 3.169258125126361847e-03
1.406813627254508869e+00 3.244495717808604240e-03 4.082717641722410917e-04 3.120366483926773071e-03 3.106570569798350334e-03 3.483811160549521446e-03 3.115461906418204308e-03 3.283035708591341972e-03 3.412809455767273903e-03 3.122313180938363075e-03 3.265063278377056122e-03 3.166457638144493103e-03 3.158411709591746330e-03
1.410821643286573002e+00 3.233599709346890450e-03 4.071533330716192722e-04 3.109799465164542198e-03 3.096055006608366966e-03 3.472279990091919899e-03 3.104978008195757866e-03 3.272046567872166634e-03 3.401464316993951797e-03 3.111752914264798164e-03 3.254127921536564827e-03 3.155783051624894142e-03 3.147756680846214294e-03
1.414829659318637134e+00 3.222892293706536293e-03 4.060572246089577675e-04 3.099407069385051727e-03 3.085716860368847847e-03 3.460940206423401833e-03 3.094669431447982788e-03 3.261240199208259583e-03 3.390313358977437019e-03 3.101370297372341156e-03 3.243378829210996628e-03 3.145292401313781738e-03 3.137277672067284584e-03
1.418837675350701266e+00 3.212359501048922539e-03 4.049741255585104227e-04 3.089194651693105698e-03 3.075554268434643745e-03 3.449791576713323593e-03 3.084534313529729843e-03 3.250616369768977165e-03 3.379350295290350914e-03 3.091164864599704742e-03 3.232811810448765755e-03 3.134975442662835121e-03 3.126978408545255661e-03
1.422845691382765398e+00 3.202003194019198418e-03 4.039102350361645222e-04 3.079151036217808723e-03 3.065559081733226776e-03 3.438828280195593834e-03 3.074567532166838646e-03 3.240170655772089958e-03 3.368566976860165596e-03 3.081127768382430077e-03 3.222416853532195091e-03 3.124829614534974098e-03 3.116849111393094063e-03
1.426853707414829531e+00 3.191822441294789314e-03 4.028666880913078785e-04 3.069274360314011574e-03 3.055731533095240593e-03 3.428047755733132362e-03 3.064765362069010735e-03 3.229898167774081230e-03 3.357967827469110489e-03 3.071259707212448120e-03 3.212200477719306946e-03 3.114853752776980400e-03 3.106891410425305367e-03
1.430861723446893663e+00 3.181809093803167343e-03 4.018365580122917891e-04 3.059566020965576172e-03 3.046066267415881157e-03 3.417444182559847832e-03 3.055126406252384186e-03 3.219794481992721558e-03 3.347539342939853668e-03 3.061550902202725410e-03 3.202149411663413048e-03 3.105043200775980949e-03 3.097096923738718033e-03
1.434869739478957795e+00 3.171957097947597504e-03 4.008247924502938986e-04 3.050010651350021362e-03 3.036556066945195198e-03 3.407009644433856010e-03 3.045641351491212845e-03 3.209854010492563248e-03 3.337281523272395134e-03 3.052000654861330986e-03 3.192263422533869743e-03 3.095388645306229591e-03 3.087459830567240715e-03
1.438877755511021928e+00 3.162263659760355949e-03 3.998263855464756489e-04 3.040614072233438492e-03 3.027201863005757332e-03 3.396746236830949783e-03 3.036310197785496712e-03 3.200075123459100723e-03 3.327189479023218155e-03 3.042605239897966385e-03 3.182537853717803955e-03 3.085893113166093826e-03 3.077984554693102837e-03
1.442885771543086060e+00 3.152726916596293449e-03 3.988427924923598766e-04 3.031365573406219482e-03 3.018000163137912750e-03 3.386645577847957611e-03 3.027128521353006363e-03 3.190452232956886292e-03 3.317259019240736961e-03 3.033365355804562569e-03 3.172965953126549721e-03 3.076548455283045769e-03 3.068657824769616127e-03
1.446893787575150192e+00 3.143343143165111542e-03 3.978782624471932650e-04 3.022270975634455681e-03 3.008942585438489914e-03 3.376708365976810455e-03 3.018093528226017952e-03 3.180988365784287453e-03 3.307490609586238861e-03 3.024268895387649536e-03 3.163550980389118195e-03 3.067354671657085419e-03 3.059481736272573471e-03
1.450901803607214324e+00 3.134108614176511765e-03 3.969278768636286259e-04 3.013316541910171509e-03 3.000029129907488823e-03 3.366926452144980431e-03 3.009201493114233017e-03 3.171668853610754013e-03 3.297874471172690392e-03 3.015317255631089211e-03 3.154283855110406876e-03 3.058305010199546814e-03 3.050449304282665253e-03
1.454909819639278457e+00 3.125016810372471809e-03 3.959916066378355026e-04 3.004503203555941582e-03 2.991254441440105438e-03 3.357296809554100037e-03 3.000446129590272903e-03 3.162497188895940781e-03 3.288408508524298668e-03 3.006503451615571976e-03 3.145158989354968071e-03 3.049398073926568031e-03 3.041560761630535126e-03
1.458917835671342589e+00 3.116069827228784561e-03 3.950689279008656740e-04 2.995832590386271477e-03 2.982619218528270721e-03 3.347819903865456581e-03 2.991830231621861458e-03 3.153470112010836601e-03 3.279093187302350998e-03 2.997834235429763794e-03 3.136183135211467743e-03 3.040629671886563301e-03 3.032812383025884628e-03
1.462925851703406721e+00 3.107259748503565788e-03 3.941600152757018805e-04 2.987294923514127731e-03 2.974119270220398903e-03 3.338489215821027756e-03 2.983347978442907333e-03 3.144582966342568398e-03 3.269922686740756035e-03 2.989295404404401779e-03 3.127346048131585121e-03 3.031997941434383392e-03 3.024201374500989914e-03
1.466933867735470853e+00 3.098585177212953568e-03 3.932627150788903236e-04 2.978888107463717461e-03 2.965746447443962097e-03 3.329296363517642021e-03 2.974991686642169952e-03 3.135829465463757515e-03 3.260889323428273201e-03 2.980888588353991508e-03 3.118640510365366936e-03 3.023498691618442535e-03 3.015720751136541367e-03
1.470941883767534986e+00 3.090043552219867706e-03 3.923842741642147303e-04 2.970608184114098549e-03 2.957501448690891266e-03 3.320249961689114571e-03 2.966764848679304123e-03 3.127210773527622223e-03 3.251995425671339035e-03 2.972608665004372597e-03 3.110068850219249725e-03 3.015127731487154961e-03 3.007369814440608025e-03
1.474949899799599118e+00 3.081632545217871666e-03 3.915153210982680321e-04 2.962457947432994843e-03 2.949384739622473717e-03 3.311339532956480980e-03 2.958663273602724075e-03 3.118726890534162521e-03 3.243236802518367767e-03 2.964457497000694275e-03 3.101630136370658875e-03 3.006887389346957207e-03 2.999146468937397003e-03
1.478957915831663250e+00 3.073348430916666985e-03 3.906581550836563110e-04 2.954431809484958649e-03 2.941389335319399834e-03 3.302561352029442787e-03 2.950685098767280579e-03 3.110368037596344948e-03 3.234611358493566513e-03 2.956428332254290581e-03 3.093316918238997459e-03 2.998769283294677734e-03 2.991049550473690033e-03
1.482965931863727382e+00 3.065187018364667892e-03 3.898176655638962984e-04 2.946521155536174774e-03 2.933511277660727501e-03 3.293912624940276146e-03 2.942819613963365555e-03 3.102130955085158348e-03 3.226113040000200272e-03 2.948515349999070168e-03 3.085126401856541634e-03 2.990770153701305389e-03 2.983069280162453651e-03
1.486973947895791515e+00 3.057149238884449005e-03 3.889865183737128973e-04 2.938735531643033028e-03 2.925754059106111526e-03 3.285396611317992210e-03 2.935077296569943428e-03 3.094021230936050415e-03 3.217744175344705582e-03 2.940725767984986305e-03 3.077061148360371590e-03 2.982894657179713249e-03 2.975211013108491898e-03
1.490981963927855647e+00 3.049228107556700706e-03 3.881672746501863003e-04 2.931062364950776100e-03 2.918111858889460564e-03 3.277005162090063095e-03 2.927446970716118813e-03 3.086028387770056725e-03 3.209497779607772827e-03 2.933048876002430916e-03 3.069113474339246750e-03 2.975133247673511505e-03 2.967469859868288040e-03
1.494989979959919779e+00 3.041420364752411842e-03 3.873593814205378294e-04 2.923500724136829376e-03 2.910576760768890381e-03 3.268731990829110146e-03 2.919924212619662285e-03 3.078152891248464584e-03 3.201367333531379700e-03 2.925482345744967461e-03 3.061281284317374229e-03 2.967479638755321503e-03 2.959839766845107079e-03
1.498997995991983911e+00 3.033730899915099144e-03 3.865646722260862589e-04 2.916049212217330933e-03 2.903155516833066940e-03 3.260583383962512016e-03 2.912515075877308846e-03 3.070392413064837456e-03 3.193360753357410431e-03 2.918029902502894402e-03 3.053565975278615952e-03 2.959945704787969589e-03 2.952322596684098244e-03
1.503006012024048044e+00 3.026151098310947418e-03 3.857785777654498816e-04 2.908707829192280769e-03 2.895839745178818703e-03 3.252548165619373322e-03 2.905211644247174263e-03 3.062744857743382454e-03 3.185468027368187904e-03 2.910683630034327507e-03 3.045960562303662300e-03 2.952516544610261917e-03 2.944915555417537689e-03
1.507014028056112176e+00 3.018678631633520126e-03 3.850041248369961977e-04 2.901472151279449463e-03 2.888630609959363937e-03 3.244631458073854446e-03 2.898012287914752960e-03 3.055204870179295540e-03 3.177688457071781158e-03 2.903442829847335815e-03 3.038463648408651352e-03 2.945197280496358871e-03 2.937612123787403107e-03
1.511022044088176308e+00 3.011317225173115730e-03 3.842425649054348469e-04 2.894341479986906052e-03 2.881525550037622452e-03 3.236826276406645775e-03 2.890917239710688591e-03 3.047776641324162483e-03 3.170024836435914040e-03 2.896307036280632019e-03 3.031077096238732338e-03 2.937979996204376221e-03 2.930416259914636612e-03
1.515030060120240440e+00 3.004055470228195190e-03 3.834915405604988337e-04 2.887308830395340919e-03 2.874516183510422707e-03 3.229132387787103653e-03 2.883920678868889809e-03 3.040450392290949821e-03 3.162463894113898277e-03 2.889269962906837463e-03 3.023792291060090065e-03 2.930862596258521080e-03 2.923321211710572243e-03
1.519038076152304573e+00 2.996899653226137161e-03 3.827478503808379173e-04 2.880378626286983490e-03 2.867611125111579895e-03 3.221545834094285965e-03 2.877023303881287575e-03 3.033229848369956017e-03 3.155010752379894257e-03 2.882335102185606956e-03 3.016612259671092033e-03 2.923850202932953835e-03 2.916328376159071922e-03
1.523046092184368705e+00 2.989840460941195488e-03 3.820163547061383724e-04 2.873543184250593185e-03 2.860798733308911324e-03 3.214062191545963287e-03 2.870220458135008812e-03 3.026106627658009529e-03 3.147662151604890823e-03 2.875492209568619728e-03 3.009528387337923050e-03 2.916932338848710060e-03 2.909428207203745842e-03
1.527054108216432837e+00 2.982880454510450363e-03 3.812949289567768574e-04 2.866804366931319237e-03 2.854082966223359108e-03 3.206687746569514275e-03 2.863513538613915443e-03 3.019086783751845360e-03 3.140414366498589516e-03 2.868747338652610779e-03 3.002549754455685616e-03 2.910111332312226295e-03 2.902630018070340157e-03
1.531062124248496970e+00 2.976017305627465248e-03 3.805824380833655596e-04 2.860161475837230682e-03 2.847461495548486710e-03 3.199414117261767387e-03 2.856898820027709007e-03 3.012161701917648315e-03 3.133269958198070526e-03 2.862097229808568954e-03 2.995662624016404152e-03 2.903386484831571579e-03 2.895923797041177750e-03
1.535070140280561102e+00 2.969246357679367065e-03 3.798807156272232533e-04 2.853605896234512329e-03 2.840928500518202782e-03 3.192237578332424164e-03 2.850372577086091042e-03 3.005329985171556473e-03 3.126222174614667892e-03 2.855536295101046562e-03 2.988870022818446159e-03 2.896751277148723602e-03 2.889307215809822083e-03
1.539078156312625012e+00 2.962570870295166969e-03 3.791878116317093372e-04 2.847141586244106293e-03 2.834483049809932709e-03 3.185158595442771912e-03 2.843937138095498085e-03 2.998595125973224640e-03 3.119268920272588730e-03 2.849065931513905525e-03 2.982171718031167984e-03 2.890207106247544289e-03 2.882785163819789886e-03
1.543086172344689144e+00 2.955986419692635536e-03 3.785047156270593405e-04 2.840765751898288727e-03 2.828126540407538414e-03 3.178175771608948708e-03 2.837589010596275330e-03 2.991949440911412239e-03 3.112412290647625923e-03 2.842683345079421997e-03 2.975563751533627510e-03 2.883751643821597099e-03 2.876350888982415199e-03
1.547094188376753277e+00 2.949487185105681419e-03 3.778290119953453541e-04 2.834477694705128670e-03 2.821856644004583359e-03 3.171288408339023590e-03 2.831325400620698929e-03 2.985391067340970039e-03 3.105646232143044472e-03 2.836385508999228477e-03 2.969044027850031853e-03 2.877383492887020111e-03 2.870001364499330521e-03
1.551102204408817409e+00 2.943077590316534042e-03 3.771615738514810801e-04 2.828272059559822083e-03 2.815671963617205620e-03 3.164490917697548866e-03 2.825146540999412537e-03 2.978920470923185349e-03 3.098971676081418991e-03 2.830174285918474197e-03 2.962613245472311974e-03 2.871100557968020439e-03 2.863738685846328735e-03
1.555110220440881541e+00 2.936752047389745712e-03 3.765054279938340187e-04 2.822149544954299927e-03 2.809567609801888466e-03 3.157784696668386459e-03 2.819047309458255768e-03 2.972540678456425667e-03 3.092386526986956596e-03 2.824043622240424156e-03 2.956268144771456718e-03 2.864902140572667122e-03 2.857558662071824074e-03
1.559118236472945673e+00 2.930509625002741814e-03 3.758565289899706841e-04 2.816107589751482010e-03 2.803543116897344589e-03 3.151166252791881561e-03 2.813027938827872276e-03 2.966240514069795609e-03 3.085884498432278633e-03 2.817993750795722008e-03 2.950005233287811279e-03 2.858780790120363235e-03 2.851461293175816536e-03
1.563126252505009806e+00 2.924349857494235039e-03 3.752162156160920858e-04 2.810145495459437370e-03 2.797598252072930336e-03 3.144633723422884941e-03 2.807089826092123985e-03 2.960024634376168251e-03 3.079472109675407410e-03 2.812023507431149483e-03 2.943824511021375656e-03 2.852744655683636665e-03 2.845441922545433044e-03
1.567134268537073938e+00 2.918270183727145195e-03 3.745825670193880796e-04 2.804264193400740623e-03 2.791733480989933014e-03 3.138189204037189484e-03 2.801230642944574356e-03 2.953890478238463402e-03 3.073142142966389656e-03 2.806132659316062927e-03 2.937726676464080811e-03 2.846786286681890488e-03 2.839502878487110138e-03
1.571142284569138070e+00 2.912269672378897667e-03 3.739589883480221033e-04 2.798457629978656769e-03 2.785942284390330315e-03 3.131825011223554611e-03 2.795442240312695503e-03 2.947834786027669907e-03 3.066894831135869026e-03 2.800317015498876572e-03 2.931707305833697319e-03 2.840904053300619125e-03 2.833640901371836662e-03
1.575150300601202202e+00 2.906347624957561493e-03 3.733422781806439161e-04 2.792725339531898499e-03 2.780226524919271469e-03 3.125543706119060516e-03 2.789732068777084351e-03 2.941858721897006035e-03 3.060727613046765327e-03 2.794577274471521378e-03 2.925763605162501335e-03 2.835097489878535271e-03 2.827857388183474541e-03
1.579158316633266335e+00 2.900499850511550903e-03 3.727338043972849846e-04 2.787065925076603889e-03 2.774584805592894554e-03 3.119343193247914314e-03 2.784093609079718590e-03 2.935957862064242363e-03 3.054639324545860291e-03 2.788911340758204460e-03 2.919899299740791321e-03 2.829367062076926231e-03 2.822143025696277618e-03
1.583166332665330467e+00 2.894727280363440514e-03 3.721325192600488663e-04 2.781483111903071404e-03 2.769013401120901108e-03 3.113223006948828697e-03 2.778528723865747452e-03 2.930134069174528122e-03 3.048628801479935646e-03 2.783316653221845627e-03 2.914107404649257660e-03 2.823708811774849892e-03 2.816505962982773781e-03
1.587174348697394599e+00 2.889029216021299362e-03 3.715403145179152489e-04 2.775969682261347771e-03 2.763515338301658630e-03 3.107179887592792511e-03 2.773031126707792282e-03 2.924382220953702927e-03 3.042696276679635048e-03 2.777794143185019493e-03 2.908390713855624199e-03 2.818122506141662598e-03 2.810938982293009758e-03
1.591182364729458731e+00 2.883398905396461487e-03 3.709526499733328819e-04 2.770523540675640106e-03 2.758081769570708275e-03 3.101210575550794601e-03 2.767605474218726158e-03 2.918702317401766777e-03 3.036834998056292534e-03 2.772339154034852982e-03 2.902743406593799591e-03 2.812606049701571465e-03 2.805442083626985550e-03
1.595190380761522864e+00 2.877845196053385735e-03 3.703732218127697706e-04 2.765150042250752449e-03 2.752722240984439850e-03 3.095317864790558815e-03 2.762247109785676003e-03 2.913096221163868904e-03 3.031049855053424835e-03 2.766955876722931862e-03 2.897171769291162491e-03 2.807160606607794762e-03 2.800015732645988464e-03
1.599198396793586996e+00 2.872356912121176720e-03 3.698012733366340399e-04 2.759841037914156914e-03 2.747425111010670662e-03 3.089497797191143036e-03 2.756955102086067200e-03 2.907557412981987000e-03 3.025335958227515221e-03 2.761638024821877480e-03 2.891664626076817513e-03 2.801780123263597488e-03 2.794656902551651001e-03
1.603206412825651128e+00 2.866936614736914635e-03 3.692359896376729012e-04 2.754596993327140808e-03 2.742195501923561096e-03 3.083748742938041687e-03 2.751727355644106865e-03 2.902088453993201256e-03 3.019691910594701767e-03 2.756384201347827911e-03 2.886228729039430618e-03 2.796468790620565414e-03 2.789363032206892967e-03
1.607214428857715260e+00 2.861583372578024864e-03 3.686759737320244312e-04 2.749419771134853363e-03 2.737029688432812691e-03 3.078069537878036499e-03 2.746564336121082306e-03 2.896685153245925903e-03 3.014118643477559090e-03 2.751199528574943542e-03 2.880857326090335846e-03 2.791220555081963539e-03 2.784134820103645325e-03
1.611222444889779393e+00 2.856296254321932793e-03 3.681262896861881018e-04 2.744305180385708809e-03 2.731926506385207176e-03 3.072461578994989395e-03 2.741463249549269676e-03 2.891349606215953827e-03 3.008611500263214111e-03 2.746072597801685333e-03 2.875552279874682426e-03 2.786036580801010132e-03 2.778969239443540573e-03
1.615230460921843525e+00 2.851072931662201881e-03 3.675798361655324697e-04 2.739254152402281761e-03 2.726887585595250130e-03 3.066920908167958260e-03 2.736426191404461861e-03 2.886078553274273872e-03 3.003174671903252602e-03 2.741012955084443092e-03 2.870314754545688629e-03 2.780917566269636154e-03 2.773868618533015251e-03
1.619238476953907657e+00 2.845910843461751938e-03 3.670415026135742664e-04 2.734262496232986450e-03 2.721905708312988281e-03 3.061448689550161362e-03 2.731448970735073090e-03 2.880871295928955078e-03 2.997800242155790329e-03 2.736013149842619896e-03 2.865134971216320992e-03 2.775858389213681221e-03 2.768828533589839935e-03
1.623246492985971789e+00 2.840814646333456039e-03 3.665099502541124821e-04 2.729333704337477684e-03 2.716987626627087593e-03 3.056040033698081970e-03 2.726530423387885094e-03 2.875724807381629944e-03 2.992493798956274986e-03 2.731072017922997475e-03 2.860022475942969322e-03 2.770859748125076294e-03 2.763851080089807510e-03
1.627254509018035922e+00 2.835777588188648224e-03 3.659833455458283424e-04 2.724462887272238731e-03 2.712128451094031334e-03 3.050696337595582008e-03 2.721672412008047104e-03 2.870642812922596931e-03 2.987249288707971573e-03 2.726190257817506790e-03 2.854969119653105736e-03 2.765923272818326950e-03 2.758930204436182976e-03
1.631262525050100054e+00 2.830802230164408684e-03 3.654632891993969679e-04 2.719651442021131516e-03 2.707324689254164696e-03 3.045416669920086861e-03 2.716870978474617004e-03 2.865619491785764694e-03 2.982066711410880089e-03 2.721367869526147842e-03 2.849976299330592155e-03 2.761045238003134727e-03 2.754072658717632294e-03
1.635270541082164186e+00 2.825883915647864342e-03 3.649490536190569401e-04 2.714894711971282959e-03 2.702579135075211525e-03 3.040199866518378258e-03 2.712128451094031334e-03 2.860657172277569771e-03 2.976945601403713226e-03 2.716601826250553131e-03 2.845043549314141273e-03 2.756224246695637703e-03 2.749271458014845848e-03
1.639278557114228319e+00 2.821022644639015198e-03 3.644422104116529226e-04 2.710194559767842293e-03 2.697889693081378937e-03 3.035044064745306969e-03 2.707439009100198746e-03 2.855750964954495430e-03 2.971885493025183678e-03 2.711891895160079002e-03 2.840166911482810974e-03 2.751457504928112030e-03 2.744522178545594215e-03
1.643286573146292451e+00 2.816218882799148560e-03 3.639392962213605642e-04 2.705549588426947594e-03 2.693253336474299431e-03 3.029947401955723763e-03 2.702804282307624817e-03 2.850902965292334557e-03 2.966881962493062019e-03 2.707236912101507187e-03 2.835348481312394142e-03 2.746748505160212517e-03 2.739833202213048935e-03
1.647294589178356583e+00 2.811473328620195389e-03 3.634419408626854420e-04 2.700963523238897324e-03 2.688674721866846085e-03 3.024911275133490562e-03 2.698226366192102432e-03 2.846115501597523689e-03 2.961943158879876137e-03 2.702638274058699608e-03 2.830586628988385201e-03 2.742097480222582817e-03 2.735200338065624237e-03
1.651302605210420715e+00 2.806780859827995300e-03 3.629520069807767868e-04 2.696426818147301674e-03 2.684147330000996590e-03 3.019933588802814484e-03 2.693698275834321976e-03 2.841377630829811096e-03 2.957056276500225067e-03 2.698090160265564919e-03 2.825879724696278572e-03 2.737496048212051392e-03 2.730616834014654160e-03
1.655310621242484848e+00 2.802144503220915794e-03 3.624674573075026274e-04 2.691944129765033722e-03 2.679672325029969215e-03 3.015014110133051872e-03 2.689225366339087486e-03 2.836700063198804855e-03 2.952229697257280350e-03 2.693598391488194466e-03 2.821228001266717911e-03 2.732950495555996895e-03 2.726090140640735626e-03
1.659318637274548980e+00 2.797560766339302063e-03 3.619870985858142376e-04 2.687512431293725967e-03 2.675249241292476654e-03 3.010150510817766190e-03 2.684803446754813194e-03 2.832073718309402466e-03 2.947455737739801407e-03 2.689156215637922287e-03 2.816629363223910332e-03 2.728456631302833557e-03 2.721615368500351906e-03
1.663326653306613112e+00 2.793025923892855644e-03 3.615112218540161848e-04 2.683130325749516487e-03 2.670873189345002174e-03 3.005338599905371666e-03 2.680428093299269676e-03 2.827496267855167389e-03 2.942733000963926315e-03 2.684763632714748383e-03 2.812081016600131989e-03 2.724010264500975609e-03 2.717186696827411652e-03
1.667334669338677244e+00 2.788545098155736923e-03 3.610422427300363779e-04 2.678798278793692589e-03 2.666551154106855392e-03 3.000586293637752533e-03 2.676106756553053856e-03 2.822973532602190971e-03 2.938068006187677383e-03 2.680421574041247368e-03 2.807585755363106728e-03 2.719619078561663628e-03 2.712811809033155441e-03
1.671342685370741377e+00 2.784114796668291092e-03 3.605779202189296484e-04 2.674516756087541580e-03 2.662275452166795731e-03 2.995883813127875328e-03 2.671831054612994194e-03 2.818502020090818405e-03 2.933455165475606918e-03 2.676127478480339050e-03 2.803141251206398010e-03 2.715276321396231651e-03 2.708486281335353851e-03
1.675350701402805509e+00 2.779735485091805458e-03 3.601199714466929436e-04 2.670283196493983269e-03 2.658047713339328766e-03 2.991234650835394859e-03 2.667604014277458191e-03 2.814079634845256805e-03 2.928892849013209343e-03 2.671880647540092468e-03 2.798746572807431221e-03 2.710979199036955833e-03 2.704208949580788612e-03
1.679358717434869641e+00 2.775402506813406944e-03 3.596642054617404938e-04 2.666097832843661308e-03 2.653869101777672768e-03 2.986639272421598434e-03 2.663425402715802193e-03 2.809709403663873672e-03 2.924383617937564850e-03 2.667685272172093391e-03 2.794400090351700783e-03 2.706733997911214828e-03 2.699982142075896263e-03
1.683366733466933773e+00 2.771118655800819397e-03 3.592159773688763380e-04 2.661956939846277237e-03 2.649734495207667351e-03 2.982092322781682014e-03 2.659291261807084084e-03 2.805385971441864967e-03 2.919924212619662285e-03 2.663534367457032204e-03 2.790102967992424965e-03 2.702533965930342674e-03 2.695798873901367188e-03
1.687374749498997906e+00 2.766883466392755508e-03 3.587731043808162212e-04 2.657863078638911247e-03 2.645646920427680016e-03 2.977598924189805984e-03 2.655202755704522133e-03 2.801109338179230690e-03 2.915513236075639725e-03 2.659430494531989098e-03 2.785853575915098190e-03 2.698381897062063217e-03 2.691663336008787155e-03
1.691382765531062038e+00 2.762694144621491432e-03 3.583338693715631962e-04 2.653814619407057762e-03 2.641603583469986916e-03 2.973152091726660728e-03 2.651160815730690956e-03 2.796880202367901802e-03 2.911150688305497169e-03 2.655369695276021957e-03 2.781650051474571228e-03 2.694273134693503380e-03 2.687572734430432320e-03
1.695390781563126170e+00 2.758549293503165245e-03 3.578983887564390898e-04 2.649810397997498512e-03 2.637604949995875359e-03 2.968752989545464516e-03 2.647160319611430168e-03 2.792697632685303688e-03 2.906834706664085388e-03 2.651354065164923668e-03 2.777492860332131386e-03 2.690209075808525085e-03 2.683526370674371719e-03
1.699398797595190302e+00 2.754448913037776947e-03 3.574669826775789261e-04 2.645849948748946190e-03 2.633650088682770729e-03 2.964403713122010231e-03 2.643205225467681885e-03 2.788559300824999809e-03 2.902566688135266304e-03 2.647382440045475960e-03 2.773379907011985779e-03 2.686190884560346603e-03 2.679527038708329201e-03
1.703406813627254435e+00 2.750396495684981346e-03 3.570427070371806622e-04 2.641933038830757141e-03 2.629738766700029373e-03 2.960100769996643066e-03 2.639293670654296875e-03 2.784468932077288628e-03 2.898347564041614532e-03 2.643454354256391525e-03 2.769315615296363831e-03 2.682216698303818703e-03 2.675569150596857071e-03
1.707414829659318567e+00 2.746386453509330750e-03 3.566228551790118217e-04 2.638057107105851173e-03 2.625869354233145714e-03 2.955845789983868599e-03 2.635422861203551292e-03 2.780421171337366104e-03 2.894170349463820457e-03 2.639567712321877480e-03 2.765289507806301117e-03 2.678283257409930229e-03 2.671654103323817253e-03
1.711422845691382699e+00 2.742416225373744965e-03 3.562034980859607458e-04 2.634225878864526749e-03 2.622039522975683212e-03 2.951632253825664520e-03 2.631594194099307060e-03 2.776416484266519547e-03 2.890039235353469849e-03 2.635722747072577477e-03 2.761309500783681870e-03 2.674393355846405029e-03 2.667780499905347824e-03
1.715430861723446831e+00 2.738492330536246300e-03 3.557930758688598871e-04 2.630432602018117905e-03 2.618252532556653023e-03 2.947468310594558716e-03 2.627805806696414948e-03 2.772453008219599724e-03 2.885952359065413475e-03 2.631919691339135170e-03 2.757371170446276665e-03 2.670545130968093872e-03 2.663949271664023399e-03
1.719438877755510964e+00 2.734608948230743408e-03 3.553837887011468410e-04 2.626682398840785027e-03 2.614506054669618607e-03 2.943346742540597916e-03 2.624059328809380531e-03 2.768534934148192406e-03 2.881909720599651337e-03 2.628159010782837868e-03 2.753475913777947426e-03 2.666739048436284065e-03 2.660158788785338402e-03
1.723446893787575096e+00 2.730767475441098213e-03 3.549807588569819927e-04 2.622971078380942345e-03 2.610799623653292656e-03 2.939269877970218658e-03 2.620350569486618042e-03 2.764656208455562592e-03 2.877909922972321510e-03 2.624436747282743454e-03 2.749622333794832230e-03 2.662972547113895416e-03 2.656409284099936485e-03
1.727454909819639228e+00 2.726966748014092445e-03 3.545839281287044287e-04 2.619297709316015244e-03 2.607128350064158440e-03 2.935235155746340752e-03 2.616681857034564018e-03 2.760817529633641243e-03 2.873950870707631111e-03 2.620751038193702698e-03 2.745808335021138191e-03 2.659243065863847733e-03 2.652697730809450150e-03
1.731462925851703361e+00 2.723206067457795143e-03 3.541872429195791483e-04 2.615665318444371223e-03 2.603501547127962112e-03 2.931242110207676888e-03 2.613052027300000191e-03 2.757020993158221245e-03 2.870034426450729370e-03 2.617107005789875984e-03 2.742034848779439926e-03 2.655556891113519669e-03 2.649024361744523048e-03
1.735470941883767493e+00 2.719481941312551498e-03 3.537966113071888685e-04 2.612069249153137207e-03 2.599908504635095596e-03 2.927290741354227066e-03 2.609458286315202713e-03 2.753263339400291443e-03 2.866158494725823402e-03 2.613498829305171967e-03 2.738299081102013588e-03 2.651904476806521416e-03 2.645391039550304413e-03
1.739478957915831625e+00 2.715796232223510742e-03 3.534083371050655842e-04 2.608510432764887810e-03 2.596351318061351776e-03 2.923378255218267441e-03 2.605900634080171585e-03 2.749542472884058952e-03 2.862319583073258400e-03 2.609926741570234299e-03 2.734602428972721100e-03 2.648291410878300667e-03 2.641794504597783089e-03
1.743486973947895757e+00 2.712151501327753067e-03 3.530251560732722282e-04 2.604990033432841301e-03 2.592834876850247383e-03 2.919508609920740128e-03 2.602383727207779884e-03 2.745864680036902428e-03 2.858526306226849556e-03 2.606395864859223366e-03 2.730945590883493423e-03 2.644716063514351845e-03 2.638236852362751961e-03
1.747494989979959668e+00 2.708541462197899818e-03 3.526457876432687044e-04 2.601503860205411911e-03 2.589351497590541840e-03 2.915678545832633972e-03 2.598898485302925110e-03 2.742221578955650330e-03 2.854766789823770523e-03 2.602898981422185898e-03 2.727323910221457481e-03 2.641178201884031296e-03 2.634713891893625259e-03
1.751503006012023800e+00 2.704972634091973305e-03 3.522699116729199886e-04 2.598055871203541756e-03 2.585907466709613800e-03 2.911888295784592628e-03 2.595452591776847839e-03 2.738616196438670158e-03 2.851048717275261879e-03 2.599439583718776703e-03 2.723742974922060966e-03 2.637677825987339020e-03 2.631229348480701447e-03
1.755511022044087932e+00 2.701435470953583717e-03 3.518976736813783646e-04 2.594639314338564873e-03 2.582494402304291725e-03 2.908133203163743019e-03 2.592038596048951149e-03 2.735045272856950760e-03 2.847366500645875931e-03 2.596011385321617126e-03 2.720192773267626762e-03 2.634210744872689247e-03 2.627778332680463791e-03
1.759519038076152064e+00 2.697934862226247787e-03 3.515282878652215004e-04 2.591258613392710686e-03 2.579117193818092346e-03 2.904417924582958221e-03 2.588660921901464462e-03 2.731512999162077904e-03 2.843720372766256332e-03 2.592621371150016785e-03 2.716682152822613716e-03 2.630778355523943901e-03 2.624362008646130562e-03
1.763527054108216197e+00 2.694471972063183784e-03 3.511641989462077618e-04 2.587914001196622849e-03 2.575773978605866432e-03 2.900740131735801697e-03 2.585317473858594894e-03 2.728016348555684090e-03 2.840115455910563469e-03 2.589265117421746254e-03 2.713205758482217789e-03 2.627382986247539520e-03 2.620982239022850990e-03
1.767535070140280329e+00 2.691041911020874977e-03 3.508041263557970524e-04 2.584602218121290207e-03 2.572464058175683022e-03 2.897098660469055176e-03 2.582005457952618599e-03 2.724553691223263741e-03 2.836544765159487724e-03 2.585940528661012650e-03 2.709765918552875519e-03 2.624019281938672066e-03 2.617634367197751999e-03
1.771543086172344461e+00 2.687645610421895981e-03 3.504451597109436989e-04 2.581324195489287376e-03 2.569187898188829422e-03 2.893495373427867889e-03 2.578730462118983269e-03 2.721126889809966087e-03 2.833008300513029099e-03 2.582652261480689049e-03 2.706357510760426521e-03 2.620688872411847115e-03 2.614320488646626472e-03
1.775551102204408593e+00 2.684284467250108719e-03 3.500905004329979420e-04 2.578078536316752434e-03 2.565945032984018326e-03 2.889925148338079453e-03 2.575484337285161018e-03 2.717732684686779976e-03 2.829507226124405861e-03 2.579394960775971413e-03 2.702985890209674835e-03 2.617392456158995628e-03 2.611038507893681526e-03
1.779559118236472726e+00 2.680955221876502037e-03 3.497409343253821135e-04 2.574863843619823456e-03 2.562733367085456848e-03 2.886392176151275635e-03 2.572270575910806656e-03 2.714373869821429253e-03 2.826042706146836281e-03 2.576170256361365318e-03 2.699646633118391037e-03 2.614128636196255684e-03 2.607790054753422737e-03
1.783567134268536858e+00 2.677660901099443436e-03 3.493943368084728718e-04 2.571686170995235443e-03 2.559554763138294220e-03 2.882896456867456436e-03 2.569091040641069412e-03 2.711047418415546417e-03 2.822614740580320358e-03 2.572977449744939804e-03 2.696340670809149742e-03 2.610898809507489204e-03 2.604576759040355682e-03
1.787575150300600990e+00 2.674399875104427338e-03 3.490489616524428129e-04 2.568534342572093010e-03 2.556406892836093903e-03 2.879431238397955894e-03 2.565942704677581787e-03 2.707755193114280701e-03 2.819214947521686554e-03 2.569817937910556793e-03 2.693070098757743835e-03 2.607701811939477921e-03 2.601392334327101707e-03
1.791583166332665122e+00 2.671167021617293358e-03 3.487073117867112160e-04 2.565414877608418465e-03 2.553288592025637627e-03 2.876000013202428818e-03 2.562823705375194550e-03 2.704492304474115372e-03 2.815850311890244484e-03 2.566687064245343208e-03 2.689826302230358124e-03 2.604532055556774139e-03 2.598238876089453697e-03
1.795591182364729255e+00 2.667968394234776497e-03 3.483702894300222397e-04 2.562326844781637192e-03 2.550201956182718277e-03 2.872603246942162514e-03 2.559734974056482315e-03 2.701261779293417931e-03 2.812518971040844917e-03 2.563586691394448280e-03 2.686616731807589531e-03 2.601393498480319977e-03 2.595117548480629921e-03
1.799599198396793387e+00 2.664799336344003677e-03 3.480368759483098984e-04 2.559268148615956306e-03 2.547143260017037392e-03 2.869237912818789482e-03 2.556674880906939507e-03 2.698061754927039146e-03 2.809219760820269585e-03 2.560515422374010086e-03 2.683435799553990364e-03 2.598285907879471779e-03 2.592022530734539032e-03
1.803607214428857519e+00 2.661662874743342400e-03 3.477060236036777496e-04 2.556240418925881386e-03 2.544118789955973625e-03 2.865908900275826454e-03 2.553647151216864586e-03 2.694895258173346519e-03 2.805953612551093102e-03 2.557476051151752472e-03 2.680290024727582932e-03 2.595210447907447815e-03 2.588961971923708916e-03
1.807615230460921651e+00 2.658555516973137856e-03 3.473796241451054811e-04 2.553240163251757622e-03 2.541118999943137169e-03 2.862611319869756699e-03 2.550647826865315437e-03 2.691758330911397934e-03 2.802718197926878929e-03 2.554464619606733322e-03 2.677171258255839348e-03 2.592164557427167892e-03 2.585930516943335533e-03
1.811623246492985784e+00 2.655478194355964661e-03 3.470537776593118906e-04 2.550269942730665207e-03 2.538149943575263023e-03 2.859342843294143677e-03 2.547677140682935715e-03 2.688651671633124352e-03 2.799513051286339760e-03 2.551483456045389175e-03 2.674082526937127113e-03 2.589146839454770088e-03 2.582926535978913307e-03
1.815631262525049916e+00 2.652429975569248199e-03 3.467322676442563534e-04 2.547327661886811256e-03 2.535207429900765419e-03 2.856104634702205658e-03 2.544732997193932533e-03 2.685573184862732887e-03 2.796339569613337517e-03 2.548530232161283493e-03 2.671024296432733536e-03 2.586155897006392479e-03 2.579952590167522430e-03
1.819639278557114048e+00 2.649410394951701164e-03 3.464126202743500471e-04 2.544414252042770386e-03 2.532294485718011856e-03 2.852899488061666489e-03 2.541818888857960701e-03 2.682525897398591042e-03 2.793194958940148354e-03 2.545605413615703583e-03 2.667994005605578423e-03 2.583195921033620834e-03 2.577006816864013672e-03
1.823647294589178181e+00 2.646418055519461632e-03 3.460967272985726595e-04 2.541527152061462402e-03 2.529407618567347527e-03 2.849723910912871361e-03 2.538932254537940025e-03 2.679504221305251122e-03 2.790081780403852463e-03 2.542707603424787521e-03 2.664993517100811005e-03 2.580263419076800346e-03 2.574087819084525108e-03
1.827655310621242313e+00 2.643454354256391525e-03 3.457835118751972914e-04 2.538666129112243652e-03 2.526549622416496277e-03 2.846576273441314697e-03 2.536069368943572044e-03 2.676513278856873512e-03 2.786994446069002151e-03 2.539834240451455116e-03 2.662019338458776474e-03 2.577356761321425438e-03 2.571196528151631355e-03
1.831663326653306445e+00 2.640519291162490845e-03 3.454731195233762264e-04 2.535834908485412598e-03 2.523717703297734261e-03 2.843460533767938614e-03 2.533237682655453682e-03 2.673549111932516098e-03 2.783938543871045113e-03 2.536990912631154060e-03 2.659074729308485985e-03 2.574478741735219955e-03 2.568331314250826836e-03
1.835671342685370577e+00 2.637612400576472282e-03 3.451654338277876377e-04 2.533028833568096161e-03 2.520911628380417824e-03 2.840372268110513687e-03 2.530429279431700706e-03 2.670613583177328110e-03 2.780909882858395576e-03 2.534173894673585892e-03 2.656156197190284729e-03 2.571628661826252937e-03 2.565495437011122704e-03
1.839679358717434710e+00 2.634730190038681030e-03 3.448627830948680639e-04 2.530247438699007034e-03 2.518130233511328697e-03 2.837313571944832802e-03 2.527648350223898888e-03 2.667705761268734932e-03 2.777910791337490082e-03 2.531382953748106956e-03 2.653266303241252899e-03 2.568800933659076691e-03 2.562681911513209343e-03
1.843687374749498842e+00 2.631877316161990166e-03 3.445614129304885864e-04 2.527495613321661949e-03 2.515377011150121689e-03 2.834283513948321342e-03 2.524893498048186302e-03 2.664824714884161949e-03 2.774939872324466705e-03 2.528617624193429947e-03 2.650403417646884918e-03 2.566002542153000832e-03 2.559897257015109062e-03
1.847695390781562974e+00 2.629048889502882957e-03 3.442616143729537725e-04 2.524765906855463982e-03 2.512647537514567375e-03 2.831279532983899117e-03 2.522161928936839104e-03 2.661968348547816277e-03 2.771995030343532562e-03 2.525878371670842171e-03 2.647565444931387901e-03 2.563231391832232475e-03 2.557138912379741669e-03
1.851703406813627106e+00 2.626247005537152290e-03 3.439658903516829014e-04 2.522060880437493324e-03 2.509944606572389603e-03 2.828304190188646317e-03 2.519455738365650177e-03 2.659139456227421761e-03 2.769076498225331306e-03 2.523163799196481705e-03 2.644752617925405502e-03 2.560482593253254890e-03 2.554404083639383316e-03
1.855711422845691239e+00 2.623472129926085472e-03 3.436717379372566938e-04 2.519383793696761131e-03 2.507267054170370102e-03 2.825357718393206596e-03 2.516777953132987022e-03 2.656338503584265709e-03 2.766186604276299477e-03 2.520475769415497780e-03 2.641967963427305222e-03 2.557761035859584808e-03 2.551697427406907082e-03
1.859719438877755371e+00 2.620720071718096733e-03 3.433809033595025539e-04 2.516729058697819710e-03 2.504611620679497719e-03 2.822436159476637840e-03 2.514122053980827332e-03 2.653559437021613121e-03 2.763321856036782265e-03 2.517810091376304626e-03 2.639207988977432251e-03 2.555062295868992805e-03 2.549012191593647003e-03
1.863727454909819503e+00 2.617994556203484535e-03 3.430924552958458662e-04 2.514098072424530983e-03 2.501980634406208992e-03 2.819538582116365433e-03 2.511489205062389374e-03 2.650806214660406113e-03 2.760482486337423325e-03 2.515167463570833206e-03 2.636471064761281013e-03 2.552387770265340805e-03 2.546351170167326927e-03
1.867735470941883635e+00 2.615294419229030609e-03 3.428075870033353567e-04 2.511494094505906105e-03 2.499375026673078537e-03 2.816672436892986298e-03 2.508883131667971611e-03 2.648078370839357376e-03 2.757670823484659195e-03 2.512550447136163712e-03 2.633761614561080933e-03 2.549739088863134384e-03 2.543715294450521469e-03
1.871743486973947768e+00 2.612616633996367455e-03 3.425238246563822031e-04 2.508912002667784691e-03 2.496792236343026161e-03 2.813830506056547165e-03 2.506298711523413658e-03 2.645377302542328835e-03 2.754884539172053337e-03 2.509957645088434219e-03 2.631075447425246239e-03 2.547116717323660851e-03 2.541104564443230629e-03
1.875751503006011900e+00 2.609964227303862572e-03 3.422417212277650833e-04 2.506352728232741356e-03 2.494233427569270134e-03 2.811011392623186111e-03 2.503736410290002823e-03 2.642697887495160103e-03 2.752120606601238251e-03 2.507386729121208191e-03 2.628412796184420586e-03 2.544513670727610588e-03 2.538517350330948830e-03
1.879759519038076032e+00 2.607333008199930191e-03 3.419650020077824593e-04 2.503815107047557831e-03 2.491694875061511993e-03 2.808220684528350830e-03 2.501196693629026413e-03 2.640041289851069450e-03 2.749382983893156052e-03 2.504839561879634857e-03 2.625774592161178589e-03 2.541934838518500328e-03 2.535949926823377609e-03
1.883767535070140164e+00 2.604728098958730698e-03 3.416873514652252197e-04 2.501302864402532578e-03 2.489182865247130394e-03 2.805452793836593628e-03 2.498683286830782890e-03 2.637412864714860916e-03 2.746671438217163086e-03 2.502315444871783257e-03 2.623159671202301979e-03 2.539382083341479301e-03 2.533408813178539276e-03
1.887775551102204297e+00 2.602144377306103706e-03 3.414145612623542547e-04 2.498808316886425018e-03 2.486688783392310143e-03 2.802707487717270851e-03 2.496188040822744370e-03 2.634801901876926422e-03 2.743979915976524353e-03 2.499810652807354927e-03 2.620566636323928833e-03 2.536846091970801353e-03 2.530887257307767868e-03
1.891783567134268429e+00 2.599586732685565948e-03 3.411430225241929293e-04 2.496341243386268616e-03 2.484220545738935471e-03 2.799990354105830193e-03 2.493717707693576813e-03 2.632219577208161354e-03 2.741314237937331200e-03 2.497333101928234100e-03 2.617999445647001266e-03 2.534336876124143600e-03 2.528390148654580116e-03
1.895791583166332561e+00 2.597047481685876846e-03 3.408745105843991041e-04 2.493891399353742599e-03 2.481770468875765800e-03 2.797294640913605690e-03 2.491265535354614258e-03 2.629654947668313980e-03 2.738670678809285164e-03 2.494873711839318275e-03 2.615451114252209663e-03 2.531848149374127388e-03 2.525913296267390251e-03
1.899799599198396693e+00 2.594533143565058708e-03 3.406080941203981638e-04 2.491467166692018509e-03 2.479343907907605171e-03 2.794623840600252151e-03 2.488837810233235359e-03 2.627116627991199493e-03 2.736053196713328362e-03 2.492436673492193222e-03 2.612927695736289024e-03 2.529382472857832909e-03 2.523461822420358658e-03
1.903807615230460826e+00 2.592038596048951149e-03 3.403428418096154928e-04 2.489063190296292305e-03 2.476937603205442429e-03 2.791975624859333038e-03 2.486430574208498001e-03 2.624597866088151932e-03 2.733456669375300407e-03 2.490021288394927979e-03 2.610425464808940887e-03 2.526937052607536316e-03 2.521029207855463028e-03
1.907815631262524958e+00 2.589567331597208977e-03 3.400804125703871250e-04 2.486680401489138603e-03 2.474553650245070457e-03 2.789351157844066620e-03 2.484045689925551414e-03 2.622103085741400719e-03 2.730883425101637840e-03 2.487628022208809853e-03 2.607943722978234291e-03 2.524512121453881264e-03 2.518617315217852592e-03
1.911823647294589090e+00 2.587115624919533730e-03 3.398201370146125555e-04 2.484315307810902596e-03 2.472189487889409065e-03 2.786747645586729050e-03 2.481679432094097137e-03 2.619626931846141815e-03 2.728330437093973160e-03 2.485252451151609421e-03 2.605485962703824043e-03 2.522108843550086021e-03 2.516225446015596390e-03
1.915831663326653223e+00 2.584687201306223869e-03 3.395640233065932989e-04 2.481972565874457359e-03 2.469845116138458252e-03 2.784169279038906097e-03 2.479333430528640747e-03 2.617174293845891953e-03 2.725802129134535789e-03 2.482900628820061684e-03 2.603047760203480721e-03 2.519726986065506935e-03 2.513856394216418266e-03
1.919839679358717355e+00 2.582279499620199203e-03 3.393080260138958693e-04 2.479651011526584625e-03 2.467521931976079941e-03 2.781610237434506416e-03 2.477009547874331474e-03 2.614742610603570938e-03 2.723295474424958229e-03 2.480567432940006256e-03 2.600631676614284515e-03 2.517365384846925735e-03 2.511505968868732452e-03
1.923847695390781487e+00 2.579891122877597809e-03 3.390554047655314207e-04 2.477346919476985931e-03 2.465218538418412209e-03 2.779074944555759430e-03 2.474703360348939896e-03 2.612331649288535118e-03 2.720808144658803940e-03 2.478253329172730446e-03 2.598235150799155235e-03 2.515023807063698769e-03 2.509175799787044525e-03
1.927855711422845619e+00 2.577523700892925262e-03 3.388034820090979338e-04 2.475063782185316086e-03 2.462933771312236786e-03 2.776558976620435715e-03 2.472416730597615242e-03 2.609939314424991608e-03 2.718342468142509460e-03 2.475959714502096176e-03 2.595858182758092880e-03 2.512701088562607765e-03 2.506867051124572754e-03
1.931863727454909752e+00 2.575179096311330795e-03 3.385549935046583414e-04 2.472802996635437012e-03 2.460669958963990211e-03 2.774067921563982964e-03 2.470152452588081360e-03 2.607572823762893677e-03 2.715901006013154984e-03 2.473688684403896332e-03 2.593504264950752258e-03 2.510402351617813110e-03 2.504578325897455215e-03
1.935871743486973884e+00 2.572848694398999214e-03 3.383069706615060568e-04 2.470557112246751785e-03 2.458422910422086716e-03 2.771593630313873291e-03 2.467904007062315941e-03 2.605219371616840363e-03 2.713474445044994354e-03 2.471430227160453796e-03 2.591164782643318176e-03 2.508116420358419418e-03 2.502305898815393448e-03
1.939879759519038016e+00 2.570541342720389366e-03 3.380623529665172100e-04 2.468332881107926369e-03 2.456196118146181107e-03 2.769144019111990929e-03 2.465675584971904755e-03 2.602889202535152435e-03 2.711072098463773727e-03 2.469195984303951263e-03 2.588850911706686020e-03 2.505854936316609383e-03 2.500055823475122452e-03
1.943887775551102148e+00 2.568254480138421059e-03 3.378198016434907913e-04 2.466125180944800377e-03 2.453989582136273384e-03 2.766713267192244530e-03 2.463467651978135109e-03 2.600580919533967972e-03 2.708691405132412910e-03 2.466980367898941040e-03 2.586554968729615211e-03 2.503612311556935310e-03 2.497824374586343765e-03
1.947895791583166281e+00 2.565985312685370445e-03 3.375806845724582672e-04 2.463937969878315926e-03 2.451797947287559509e-03 2.764303702861070633e-03 2.461275551468133926e-03 2.598288469016551971e-03 2.706326777115464211e-03 2.464780583977699280e-03 2.584276255220174789e-03 2.501383656635880470e-03 2.495609223842620850e-03
1.951903807615230191e+00 2.563734306022524834e-03 3.373391227796673775e-04 2.461769385263323784e-03 2.449628431349992752e-03 2.761914394795894623e-03 2.459105802699923515e-03 2.596015110611915588e-03 2.703983569517731667e-03 2.462601754814386368e-03 2.582018729299306870e-03 2.499178517609834671e-03 2.493415027856826782e-03
1.955911823647294323e+00 2.561504719778895378e-03 3.371027123648673296e-04 2.459617797285318375e-03 2.447476843371987343e-03 2.759543946012854576e-03 2.456950722262263298e-03 2.593763638287782669e-03 2.701660385355353355e-03 2.460440155118703842e-03 2.579779596999287605e-03 2.496991772204637527e-03 2.491238061338663101e-03
1.959919839679358455e+00 2.559291431680321693e-03 3.368680481798946857e-04 2.457484137266874313e-03 2.445341087877750397e-03 2.757194219157099724e-03 2.454814733937382698e-03 2.591526368632912636e-03 2.699355827644467354e-03 2.458295552060008049e-03 2.577559091150760651e-03 2.494820393621921539e-03 2.489079721271991730e-03
1.963927855711422588e+00 2.557097235694527626e-03 3.366356831975281239e-04 2.455368172377347946e-03 2.443222561851143837e-03 2.754862187430262566e-03 2.452693879604339600e-03 2.589309588074684143e-03 2.697070362046360970e-03 2.456169109791517258e-03 2.575354417786002159e-03 2.492668339982628822e-03 2.486937446519732475e-03
1.967935871743486720e+00 2.554918406531214714e-03 3.364023286849260330e-04 2.453271066769957542e-03 2.441123127937316895e-03 2.752550411969423294e-03 2.450593514367938042e-03 2.587111899629235268e-03 2.694804454222321510e-03 2.454060828313231468e-03 2.573169767856597900e-03 2.490534679964184761e-03 2.484814729541540146e-03
1.971943887775550852e+00 2.552760997787117958e-03 3.361745039001107216e-04 2.451188862323760986e-03 2.439040690660476685e-03 2.750257728621363640e-03 2.448507351800799370e-03 2.584931906312704086e-03 2.692555775865912437e-03 2.451970707625150681e-03 2.571004210039973259e-03 2.488415921106934547e-03 2.482707845047116280e-03
1.975951903807614984e+00 2.550618490204215050e-03 3.359442343935370445e-04 2.449126681312918663e-03 2.436975017189979553e-03 2.747983904555439949e-03 2.446442143991589546e-03 2.582770073786377907e-03 2.690325491130352020e-03 2.449896652251482010e-03 2.568854950368404388e-03 2.486318117007613182e-03 2.480620751157402992e-03
1.979959919839679117e+00 2.548496238887310028e-03 3.357199311722069979e-04 2.447079401463270187e-03 2.434926340356469154e-03 2.745727309957146645e-03 2.444390906020998955e-03 2.580624772235751152e-03 2.688115229830145836e-03 2.447838196530938148e-03 2.566723618656396866e-03 2.484234748408198357e-03 2.478548325598239899e-03
1.983967935871743249e+00 2.546391449868679047e-03 3.354961809236556292e-04 2.445047721266746521e-03 2.432894194498658180e-03 2.743490040302276611e-03 2.442358294501900673e-03 2.578497165814042091e-03 2.685920801013708115e-03 2.445798832923173904e-03 2.564609516412019730e-03 2.482167677953839302e-03 2.476494060829281807e-03
1.987975951903807381e+00 2.544300397858023643e-03 3.352733619976788759e-04 2.443035133183002472e-03 2.430876716971397400e-03 2.741271164268255234e-03 2.440340816974639893e-03 2.576387021690607071e-03 2.683746162801980972e-03 2.443775534629821777e-03 2.562512410804629326e-03 2.480121096596121788e-03 2.474455861374735832e-03
1.991983967935871513e+00 2.542227739468216896e-03 3.350533661432564259e-04 2.441036980599164963e-03 2.428878098726272583e-03 2.739068586379289627e-03 2.438341500237584114e-03 2.574294805526733398e-03 2.681591082364320755e-03 2.441766206175088882e-03 2.560432301834225655e-03 2.478086855262517929e-03 2.472435589879751205e-03
1.995991983967935646e+00 2.540173241868615150e-03 3.348364843986928463e-04 2.439054427668452263e-03 2.426892518997192383e-03 2.736884867772459984e-03 2.436354290693998337e-03 2.572217723354697227e-03 2.679446712136268616e-03 2.439773641526699066e-03 2.558366628363728523e-03 2.476069377735257149e-03 2.470427658408880234e-03
2.000000000000000000e+00 2.538132946938276291e-03 3.346167213749140501e-04 2.437090035527944565e-03 2.424927428364753723e-03 2.734718378633260727e-03 2.434385707601904869e-03 2.570158103480935097e-03 2.677324227988719940e-03 2.437800401821732521e-03 2.556321676820516586e-03 2.474071457982063293e-03 2.468439983204007149e-03
