# Omega Rho_mean Rho_error Rho_sample_0 Rho_sample_1 Rho_sample_2 Rho_sample_3 Rho_sample_4 Rho_sample_5 Rho_sample_6 Rho_sample_7 Rho_sample_8 Rho_sample_9
0.000000000000000000e+00 -3.880844917148351669e-03 1.628893241286277771e-02 -1.143373735249042511e-02 -9.122358635067939758e-03 1.685006893239915371e-03 2.257897052913904190e-03 -6.554886931553483009e-04 1.357717788778245449e-03 -2.001361455768346786e-03 -6.206051912158727646e-03 -1.141245849430561066e-02 -6.908850278705358505e-03
2.004008016032064049e-02 2.331096976995468140e-01 8.952352218329906464e-03 2.354415357112884521e-01 2.340529859066009521e-01 2.294376790523529053e-01 2.264848649501800537e-01 2.339689284563064575e-01 2.301075756549835205e-01 2.320990711450576782e-01 2.342198193073272705e-01 2.341473549604415894e-01 2.349870204925537109e-01
4.008016032064128098e-02 4.029660522937774658e-01 3.184338286519050598e-02 3.913765847682952881e-01 3.928970396518707275e-01 4.153721034526824951e-01 4.165305793285369873e-01 4.086842238903045654e-01 4.152705967426300049e-01 4.054395258426666260e-01 4.008055627346038818e-01 3.874964416027069092e-01 4.000969231128692627e-01
6.012024048096192147e-02 5.672718286514282227e-01 2.022403106093406677e-02 5.656001567840576172e-01 5.566569566726684570e-01 5.694316625595092773e-01 5.676831603050231934e-01 5.784440040588378906e-01 5.679988265037536621e-01 5.694357752799987793e-01 5.682486295700073242e-01 5.549834966659545898e-01 5.700179338455200195e-01
8.016032064128256196e-02 7.918888926506042480e-01 3.676747903227806091e-03 7.942132353782653809e-01 7.899778485298156738e-01 7.912572026252746582e-01 7.918611168861389160e-01 7.922312021255493164e-01 7.916116118431091309e-01 7.923410534858703613e-01 7.911275029182434082e-01 7.904517054557800293e-01 7.929123044013977051e-01
1.002004008016031955e-01 9.616881012916564941e-01 3.283536061644554138e-03 9.644084572792053223e-01 9.618517756462097168e-01 9.615627527236938477e-01 9.612123370170593262e-01 9.610834121704101562e-01 9.623291492462158203e-01 9.620947241783142090e-01 9.609805941581726074e-01 9.608393907546997070e-01 9.626736044883728027e-01
1.202404809619238429e-01 1.166470170021057129e+00 2.441612444818019867e-02 1.177880406379699707e+00 1.173528552055358887e+00 1.158269882202148438e+00 1.159846544265747070e+00 1.165044069290161133e+00 1.157070159912109375e+00 1.166089653968811035e+00 1.165498256683349609e+00 1.180900216102600098e+00 1.169019818305969238e+00
1.402805611222444904e-01 1.248352527618408203e+00 1.365877781063318253e-02 1.245568752288818359e+00 1.242348313331604004e+00 1.250309824943542480e+00 1.251203298568725586e+00 1.253355145454406738e+00 1.249572396278381348e+00 1.250635385513305664e+00 1.245921373367309570e+00 1.238695979118347168e+00 1.247811198234558105e+00
1.603206412825651239e-01 1.486567258834838867e+00 2.787267975509166718e-02 1.477808475494384766e+00 1.483190774917602539e+00 1.497264385223388672e+00 1.503376960754394531e+00 1.483161807060241699e+00 1.497345924377441406e+00 1.489062428474426270e+00 1.480373859405517578e+00 1.477097988128662109e+00 1.480972290039062500e+00
1.803607214428857575e-01 1.618038058280944824e+00 3.166790306568145752e-02 1.606645941734313965e+00 1.610248804092407227e+00 1.628425240516662598e+00 1.633091092109680176e+00 1.616888761520385742e+00 1.628331780433654785e+00 1.621567845344543457e+00 1.612061381340026855e+00 1.600813627243041992e+00 1.612767100334167480e+00
2.004008016032063910e-01 1.735005736351013184e+00 1.999452151358127594e-02 1.741268992424011230e+00 1.744784474372863770e+00 1.732582211494445801e+00 1.739006996154785156e+00 1.727767109870910645e+00 1.731279969215393066e+00 1.735542535781860352e+00 1.729595780372619629e+00 1.746894001960754395e+00 1.732421040534973145e+00
2.204408817635270523e-01 1.991539716720581055e+00 9.401581250131130219e-03 1.994968771934509277e+00 1.988918781280517578e+00 1.993443250656127930e+00 1.996679067611694336e+00 1.992993354797363281e+00 1.992837190628051758e+00 1.993484139442443848e+00 1.987042903900146484e+00 1.988235235214233398e+00 1.990451335906982422e+00
2.404809619238476859e-01 2.107532739639282227e+00 1.048288866877555847e-02 2.112546205520629883e+00 2.110622644424438477e+00 2.105679273605346680e+00 2.110728740692138672e+00 2.101533412933349609e+00 2.105641603469848633e+00 2.108212709426879883e+00 2.103750467300415039e+00 2.110235452651977539e+00 2.107161045074462891e+00
2.605210420841683194e-01 2.106743812561035156e+00 2.079224400222301483e-02 2.112590312957763672e+00 2.115021705627441406e+00 2.103132247924804688e+00 2.112310409545898438e+00 2.096487522125244141e+00 2.101519584655761719e+00 2.108624696731567383e+00 2.099036693572998047e+00 2.115362882614135742e+00 2.102652549743652344e+00
2.805611222444889807e-01 2.406335592269897461e+00 1.473112590610980988e-02 2.409571886062622070e+00 2.409628391265869141e+00 2.405346632003784180e+00 2.412042856216430664e+00 2.396655321121215820e+00 2.406077146530151367e+00 2.408545255661010742e+00 2.399080038070678711e+00 2.406279325485229492e+00 2.402978420257568359e+00
3.006012024048095865e-01 2.666285991668701172e+00 2.784787677228450775e-02 2.675768852233886719e+00 2.677422523498535156e+00 2.660594940185546875e+00 2.668321371078491211e+00 2.647673368453979492e+00 2.662693023681640625e+00 2.666007518768310547e+00 2.659964323043823242e+00 2.677369594573974609e+00 2.664199352264404297e+00
3.206412825651302478e-01 2.607001781463623047e+00 2.915570512413978577e-02 2.604078769683837891e+00 2.599393367767333984e+00 2.614976644515991211e+00 2.623383045196533203e+00 2.607948780059814453e+00 2.613652706146240234e+00 2.611543178558349609e+00 2.598580360412597656e+00 2.589794874191284180e+00 2.602459907531738281e+00
3.406813627254509091e-01 2.799429893493652344e+00 3.662244230508804321e-02 2.793609857559204102e+00 2.801305532455444336e+00 2.810003519058227539e+00 2.823365926742553711e+00 2.786443233489990234e+00 2.810138225555419922e+00 2.802593946456909180e+00 2.787662982940673828e+00 2.789820909500122070e+00 2.789548635482788086e+00
3.607214428857715149e-01 2.875273942947387695e+00 2.593954838812351227e-02 2.877296924591064453e+00 2.880979537963867188e+00 2.878658056259155273e+00 2.891601800918579102e+00 2.864779472351074219e+00 2.876556158065795898e+00 2.878036737442016602e+00 2.862600326538085938e+00 2.874594449996948242e+00 2.866384744644165039e+00
3.807615230460921762e-01 2.784614086151123047e+00 4.860033094882965088e-02 2.773106575012207031e+00 2.789413452148437500e+00 2.799873113632202148e+00 2.818391084671020508e+00 2.774616479873657227e+00 2.796720027923583984e+00 2.789891481399536133e+00 2.768049478530883789e+00 2.776575803756713867e+00 2.769641160964965820e+00
4.008016032064127820e-01 2.785625696182250977e+00 6.205958873033523560e-02 2.768357038497924805e+00 2.774451017379760742e+00 2.806282043457031250e+00 2.820150136947631836e+00 2.789384126663208008e+00 2.802659034729003906e+00 2.793988704681396484e+00 2.768932580947875977e+00 2.754906177520751953e+00 2.770764350891113281e+00
4.208416833667334433e-01 2.717290878295898438e+00 6.345249712467193604e-02 2.695916175842285156e+00 2.710595607757568359e+00 2.736962080001831055e+00 2.754730701446533203e+00 2.710938930511474609e+00 2.733745098114013672e+00 2.724704980850219727e+00 2.698662996292114258e+00 2.690969467163085938e+00 2.698905706405639648e+00
4.408817635270541047e-01 2.782112598419189453e+00 5.950556695461273193e-02 2.766080141067504883e+00 2.789388895034790039e+00 2.797836542129516602e+00 2.821621894836425781e+00 2.769384622573852539e+00 2.792514562606811523e+00 2.789082050323486328e+00 2.759498357772827148e+00 2.771574020385742188e+00 2.760009288787841797e+00
4.609218436873747105e-01 2.834645509719848633e+00 4.279788956046104431e-02 2.824406147003173828e+00 2.834643602371215820e+00 2.846602916717529297e+00 2.858980178833007812e+00 2.829272270202636719e+00 2.845588445663452148e+00 2.839102268218994141e+00 2.818406581878662109e+00 2.816880941390991211e+00 2.818911314010620117e+00
4.809619238476953718e-01 2.777665138244628906e+00 3.141627460718154907e-02 2.774730682373046875e+00 2.775117397308349609e+00 2.785905838012695312e+00 2.798245429992675781e+00 2.779407501220703125e+00 2.781540870666503906e+00 2.782503604888916016e+00 2.764453649520874023e+00 2.764433860778808594e+00 2.768108844757080078e+00
5.010020040080159776e-01 2.396838426589965820e+00 3.486976400017738342e-02 2.388523578643798828e+00 2.405482530593872070e+00 2.400881528854370117e+00 2.419232368469238281e+00 2.390872001647949219e+00 2.393555879592895508e+00 2.401981115341186523e+00 2.380591392517089844e+00 2.394083976745605469e+00 2.382268905639648438e+00
5.210420841683366389e-01 2.700034379959106445e+00 2.768191881477832794e-02 2.694959878921508789e+00 2.703275442123413086e+00 2.704300880432128906e+00 2.715515375137329102e+00 2.696064233779907227e+00 2.701473712921142578e+00 2.703461408615112305e+00 2.685910940170288086e+00 2.690352439880371094e+00 2.687749624252319336e+00
5.410821643286573002e-01 2.767900228500366211e+00 3.107794560492038727e-02 2.769084692001342773e+00 2.762200593948364258e+00 2.772864818572998047e+00 2.783436298370361328e+00 2.780140161514282227e+00 2.764556646347045898e+00 2.773783922195434570e+00 2.754297018051147461e+00 2.753338575363159180e+00 2.759230375289916992e+00
5.611222444889779615e-01 2.689512729644775391e+00 1.971418969333171844e-02 2.693645477294921875e+00 2.687489032745361328e+00 2.686114788055419922e+00 2.694764614105224609e+00 2.697576284408569336e+00 2.678325414657592773e+00 2.694429636001586914e+00 2.680646896362304688e+00 2.684216737747192383e+00 2.686662912368774414e+00
5.811623246492986228e-01 3.002912759780883789e+00 2.995851449668407440e-02 3.013393878936767578e+00 3.010201930999755859e+00 2.989386081695556641e+00 2.990827322006225586e+00 3.003148078918457031e+00 2.986642122268676758e+00 3.004515409469604492e+00 2.998663663864135742e+00 3.013840436935424805e+00 3.004484415054321289e+00
6.012024048096191731e-01 2.600131034851074219e+00 2.636210434138774872e-02 2.610702753067016602e+00 2.607141971588134766e+00 2.590463638305664062e+00 2.599277019500732422e+00 2.598493337631225586e+00 2.584069728851318359e+00 2.602868795394897461e+00 2.596034049987792969e+00 2.612584352493286133e+00 2.601243495941162109e+00
6.212424849699398344e-01 2.438006162643432617e+00 6.394400447607040405e-02 2.456916570663452148e+00 2.460453510284423828e+00 2.417008638381958008e+00 2.430082559585571289e+00 2.420487165451049805e+00 2.410881757736206055e+00 2.440074205398559570e+00 2.434598207473754883e+00 2.478783607482910156e+00 2.441250085830688477e+00
6.412825651302604957e-01 2.494653940200805664e+00 8.180652558803558350e-02 2.519767284393310547e+00 2.516251087188720703e+00 2.462190151214599609e+00 2.466750383377075195e+00 2.478845834732055664e+00 2.457735538482666016e+00 2.493108272552490234e+00 2.497959852218627930e+00 2.539719104766845703e+00 2.505564689636230469e+00
6.613226452905811570e-01 2.326040744781494141e+00 6.813792139291763306e-02 2.351041793823242188e+00 2.339330673217773438e+00 2.299467086791992188e+00 2.301825046539306641e+00 2.317863941192626953e+00 2.295096874237060547e+00 2.325914382934570312e+00 2.332492828369140625e+00 2.361994266510009766e+00 2.340153217315673828e+00
6.813627254509018183e-01 2.495333194732666016e+00 5.574584752321243286e-02 2.516772747039794922e+00 2.488142490386962891e+00 2.473668813705444336e+00 2.462773799896240234e+00 2.500289440155029297e+00 2.475619554519653320e+00 2.494825124740600586e+00 2.507808446884155273e+00 2.503311872482299805e+00 2.516315698623657227e+00
7.014028056112223686e-01 2.152655601501464844e+00 4.677089676260948181e-02 2.166846752166748047e+00 2.145602226257324219e+00 2.133819580078125000e+00 2.124659299850463867e+00 2.153942823410034180e+00 2.137150049209594727e+00 2.152556896209716797e+00 2.164792776107788086e+00 2.161633729934692383e+00 2.170881032943725586e+00
7.214428857715430299e-01 1.918782114982604980e+00 3.015763312578201294e-02 1.919536948204040527e+00 1.917683243751525879e+00 1.908548235893249512e+00 1.906867623329162598e+00 1.903087019920349121e+00 1.914247751235961914e+00 1.919736385345458984e+00 1.927584171295166016e+00 1.931924581527709961e+00 1.930816769599914551e+00
7.414829659318636912e-01 1.546704411506652832e+00 2.513941936194896698e-02 1.538649439811706543e+00 1.532200336456298828e+00 1.546359658241271973e+00 1.543103575706481934e+00 1.550774693489074707e+00 1.549304604530334473e+00 1.551776289939880371e+00 1.555742859840393066e+00 1.539222955703735352e+00 1.559282302856445312e+00
7.615230460921843525e-01 1.498772382736206055e+00 4.489218816161155701e-02 1.479884386062622070e+00 1.473828792572021484e+00 1.510477900505065918e+00 1.511260986328125000e+00 1.502943873405456543e+00 1.512992024421691895e+00 1.505807280540466309e+00 1.506287455558776855e+00 1.480667591094970703e+00 1.508471608161926270e+00
7.815631262525050138e-01 1.655122756958007812e+00 3.707163780927658081e-02 1.633387088775634766e+00 1.636220932006835938e+00 1.660944104194641113e+00 1.665236711502075195e+00 1.652046918869018555e+00 1.662912726402282715e+00 1.662171244621276855e+00 1.658740639686584473e+00 1.639247298240661621e+00 1.660243034362792969e+00
8.016032064128255641e-01 1.577835798263549805e+00 5.409519746899604797e-02 1.553244471549987793e+00 1.559105038642883301e+00 1.595354914665222168e+00 1.603364586830139160e+00 1.567318201065063477e+00 1.600792050361633301e+00 1.584817409515380859e+00 1.579589366912841797e+00 1.559779644012451172e+00 1.579413652420043945e+00
8.216432865731462254e-01 1.240076065063476562e+00 3.497131541371345520e-02 1.218963146209716797e+00 1.234739899635314941e+00 1.247982859611511230e+00 1.259308218955993652e+00 1.226577997207641602e+00 1.249607563018798828e+00 1.246727585792541504e+00 1.240105390548706055e+00 1.241013526916503906e+00 1.240882873535156250e+00
8.416833667334668867e-01 1.471126437187194824e+00 6.874041259288787842e-02 1.436210036277770996e+00 1.448310375213623047e+00 1.493394613265991211e+00 1.506578564643859863e+00 1.469828724861145020e+00 1.492949843406677246e+00 1.481746554374694824e+00 1.468419075012207031e+00 1.445881247520446777e+00 1.468503594398498535e+00
8.617234468937875480e-01 1.514935612678527832e+00 7.928389310836791992e-02 1.475018262863159180e+00 1.495902061462402344e+00 1.539892315864562988e+00 1.561480164527893066e+00 1.508421659469604492e+00 1.535425305366516113e+00 1.527153611183166504e+00 1.505104064941406250e+00 1.487818002700805664e+00 1.504444360733032227e+00
8.817635270541082093e-01 9.630449414253234863e-01 5.694345384836196899e-02 9.362220168113708496e-01 9.543049931526184082e-01 9.806477427482604980e-01 1.003831028938293457e+00 9.586187601089477539e-01 9.732802510261535645e-01 9.749473333358764648e-01 9.537203311920166016e-01 9.549903273582458496e-01 9.551715254783630371e-01
9.018036072144288706e-01 1.081169962882995605e+00 4.696062579751014709e-02 1.052668452262878418e+00 1.073809742927551270e+00 1.087926030158996582e+00 1.112807989120483398e+00 1.079395890235900879e+00 1.077063083648681641e+00 1.092690825462341309e+00 1.072302460670471191e+00 1.077477335929870605e+00 1.073987364768981934e+00
9.218436873747494209e-01 1.046780943870544434e+00 8.667414635419845581e-02 1.003795385360717773e+00 1.030872464179992676e+00 1.071212291717529297e+00 1.101374387741088867e+00 1.045601963996887207e+00 1.059969544410705566e+00 1.061795473098754883e+00 1.029629588127136230e+00 1.017776727676391602e+00 1.029085993766784668e+00
9.418837675350700822e-01 9.607652425765991211e-01 5.480955541133880615e-02 9.299925565719604492e-01 9.499105215072631836e-01 9.709810018539428711e-01 9.970242381095886230e-01 9.670818448066711426e-01 9.576323032379150391e-01 9.751362204551696777e-01 9.504323601722717285e-01 9.501308202743530273e-01 9.536836743354797363e-01
9.619238476953907435e-01 5.290722846984863281e-01 1.032721921801567078e-01 4.796163439750671387e-01 5.017032623291015625e-01 5.576503276824951172e-01 5.855770707130432129e-01 5.446183681488037109e-01 5.437422394752502441e-01 5.458149313926696777e-01 5.141298174858093262e-01 4.814473092555999756e-01 5.131521821022033691e-01
9.819639278557114048e-01 6.562613844871520996e-01 7.877914607524871826e-02 6.181038618087768555e-01 6.386101245880126953e-01 6.764143109321594238e-01 7.053382396697998047e-01 6.715837717056274414e-01 6.601963639259338379e-01 6.715726852416992188e-01 6.421971321105957031e-01 6.282144784927368164e-01 6.433299779891967773e-01
1.002004008016031955e+00 5.931053757667541504e-01 8.047154545783996582e-02 5.560517907142639160e-01 5.709322690963745117e-01 6.138924956321716309e-01 6.383213400840759277e-01 6.119813323020935059e-01 6.008560657501220703e-01 6.058439612388610840e-01 5.847387313842773438e-01 5.552839636802673340e-01 5.848387479782104492e-01
1.022044088176352616e+00 8.802185654640197754e-01 9.518658369779586792e-02 8.452422022819519043e-01 8.452498912811279297e-01 9.055125117301940918e-01 9.218725562095642090e-01 9.085996747016906738e-01 8.950596451759338379e-01 8.929841518402099609e-01 8.747203946113586426e-01 8.252702355384826660e-01 8.758143782615661621e-01
1.042084168336673278e+00 4.971431493759155273e-01 1.155732795596122742e-01 4.561412334442138672e-01 4.587427973747253418e-01 5.315783023834228516e-01 5.486146807670593262e-01 5.307092070579528809e-01 5.217530131340026855e-01 5.109903812408447266e-01 4.882094264030456543e-01 4.316292703151702881e-01 4.872864484786987305e-01
1.062124248496993939e+00 2.568601369857788086e-01 8.250815421342849731e-02 2.308909446001052856e-01 2.328251451253890991e-01 2.828275561332702637e-01 2.979739904403686523e-01 2.869934439659118652e-01 2.729502320289611816e-01 2.670730054378509521e-01 2.497761994600296021e-01 2.140928357839584351e-01 2.495070844888687134e-01
1.082164328657314600e+00 5.171872973442077637e-01 9.195697307586669922e-02 4.983509182929992676e-01 4.884442687034606934e-01 5.489378571510314941e-01 5.561277866363525391e-01 5.537872314453125000e-01 5.436939597129821777e-01 5.237628817558288574e-01 5.131286382675170898e-01 4.657304883003234863e-01 5.129532814025878906e-01
1.102204408817635262e+00 4.942601919174194336e-01 5.574348568916320801e-02 4.913397431373596191e-01 4.806308448314666748e-01 5.124956965446472168e-01 5.196214914321899414e-01 5.194783210754394531e-01 5.086134672164916992e-01 4.971482753753662109e-01 4.903601408004760742e-01 4.615871906280517578e-01 4.910199642181396484e-01
1.122244488977955923e+00 5.564476847648620605e-01 9.931925684213638306e-02 5.578417181968688965e-01 5.199217200279235840e-01 5.855678915977478027e-01 5.761809349060058594e-01 6.074034571647644043e-01 5.859798789024353027e-01 5.570821166038513184e-01 5.614410638809204102e-01 4.949500858783721924e-01 5.623361468315124512e-01
1.142284569138276584e+00 4.929439127445220947e-01 5.908362567424774170e-02 5.153270959854125977e-01 4.758303463459014893e-01 5.047884583473205566e-01 4.965832233428955078e-01 5.274442434310913086e-01 5.070748329162597656e-01 4.888691306114196777e-01 4.988386332988739014e-01 4.608203470706939697e-01 5.017314553260803223e-01
1.162324649298597246e+00 4.415420293807983398e-01 7.486695796251296997e-02 4.608710408210754395e-01 4.164884090423583984e-01 4.622372090816497803e-01 4.537920653820037842e-01 4.803131818771362305e-01 4.641658961772918701e-01 4.375247955322265625e-01 4.495488405227661133e-01 3.986521363258361816e-01 4.516322910785675049e-01
1.182364729458917685e+00 7.119726538658142090e-01 8.424124121665954590e-02 7.271032333374023438e-01 6.824041604995727539e-01 7.320594191551208496e-01 7.155216932296752930e-01 7.491208910942077637e-01 7.383319139480590820e-01 7.077487111091613770e-01 7.147249579429626465e-01 6.529780626296997070e-01 7.152777910232543945e-01
1.202404809619238346e+00 8.005239963531494141e-01 6.884348392486572266e-02 8.244601488113403320e-01 7.810955047607421875e-01 8.107324242591857910e-01 7.847311496734619141e-01 8.394440412521362305e-01 8.197808861732482910e-01 7.919828891754150391e-01 8.103500604629516602e-01 7.646871805191040039e-01 8.107960224151611328e-01
1.222444889779559007e+00 1.022152543067932129e+00 8.919512480497360229e-02 1.041633367538452148e+00 9.930849671363830566e-01 1.036097884178161621e+00 1.002083897590637207e+00 1.066957831382751465e+00 1.047952413558959961e+00 1.013288021087646484e+00 1.027878046035766602e+00 9.643675088882446289e-01 1.027295112609863281e+00
1.242484969939879669e+00 1.163022279739379883e+00 1.242349594831466675e-01 1.164104819297790527e+00 1.112655043601989746e+00 1.186870455741882324e+00 1.147305130958557129e+00 1.215885281562805176e+00 1.201660037040710449e+00 1.157115817070007324e+00 1.170704960823059082e+00 1.075209259986877441e+00 1.167386889457702637e+00
1.262525050100200330e+00 9.698821306228637695e-01 1.302383393049240112e-01 9.465878009796142578e-01 9.215203523635864258e-01 1.000663995742797852e+00 9.697216749191284180e-01 1.014088392257690430e+00 1.011967420578002930e+00 9.675568938255310059e-01 9.663213491439819336e-01 8.735308647155761719e-01 9.580515623092651367e-01
1.282565130260520991e+00 1.475904464721679688e+00 1.534320265054702759e-01 1.472275853157043457e+00 1.409900903701782227e+00 1.490982770919799805e+00 1.439359188079833984e+00 1.548060178756713867e+00 1.504753828048706055e+00 1.470729470252990723e+00 1.486140727996826172e+00 1.368987679481506348e+00 1.483288288116455078e+00
1.302605210420841653e+00 1.614895820617675781e+00 1.256860494613647461e-01 1.608032941818237305e+00 1.564667940139770508e+00 1.620871543884277344e+00 1.567856550216674805e+00 1.669811129570007324e+00 1.636884212493896484e+00 1.609274387359619141e+00 1.619453549385070801e+00 1.528533458709716797e+00 1.614359498023986816e+00
1.322645290581162314e+00 1.332908511161804199e+00 1.399881392717361450e-01 1.324274659156799316e+00 1.273306012153625488e+00 1.341502308845520020e+00 1.288877248764038086e+00 1.400007247924804688e+00 1.353378772735595703e+00 1.328899025917053223e+00 1.338633179664611816e+00 1.237924933433532715e+00 1.334992766380310059e+00
1.342685370741482975e+00 1.614344954490661621e+00 1.609904319047927856e-01 1.617517352104187012e+00 1.546490311622619629e+00 1.611552000045776367e+00 1.547732710838317871e+00 1.696265697479248047e+00 1.624035000801086426e+00 1.610131859779357910e+00 1.628315925598144531e+00 1.515899538993835449e+00 1.628529667854309082e+00
1.362725450901803637e+00 1.358685851097106934e+00 1.307209432125091553e-01 1.369795799255371094e+00 1.310692667961120605e+00 1.347999215126037598e+00 1.288405299186706543e+00 1.423970103263854980e+00 1.360214591026306152e+00 1.352371454238891602e+00 1.370265126228332520e+00 1.287504911422729492e+00 1.370383143424987793e+00
1.382765531062124298e+00 1.553960084915161133e+00 1.428923606872558594e-01 1.583348989486694336e+00 1.503182053565979004e+00 1.532943010330200195e+00 1.473115801811218262e+00 1.624606966972351074e+00 1.542773127555847168e+00 1.547027707099914551e+00 1.573162317276000977e+00 1.491355061531066895e+00 1.578192472457885742e+00
1.402805611222444737e+00 1.369196772575378418e+00 1.354873180389404297e-01 1.414096951484680176e+00 1.330994009971618652e+00 1.342279791831970215e+00 1.283909797668457031e+00 1.430230259895324707e+00 1.352532744407653809e+00 1.360601544380187988e+00 1.387745261192321777e+00 1.326495289802551270e+00 1.395189404487609863e+00
1.422845691382765398e+00 1.553151726722717285e+00 1.774912029504776001e-01 1.626797676086425781e+00 1.514329433441162109e+00 1.508335113525390625e+00 1.439461350440979004e+00 1.619817376136779785e+00 1.519536852836608887e+00 1.538513064384460449e+00 1.584577679634094238e+00 1.521650671958923340e+00 1.597116112709045410e+00
1.442885771543086060e+00 1.460340142250061035e+00 1.862101405858993530e-01 1.549651026725769043e+00 1.435763716697692871e+00 1.408059000968933105e+00 1.341231942176818848e+00 1.519906878471374512e+00 1.419289350509643555e+00 1.443981170654296875e+00 1.495217323303222656e+00 1.455054163932800293e+00 1.510318636894226074e+00
1.462925851703406721e+00 1.369015336036682129e+00 1.664287745952606201e-01 1.458121657371520996e+00 1.355594754219055176e+00 1.322207808494567871e+00 1.269343256950378418e+00 1.417836070060729980e+00 1.328691124916076660e+00 1.354137420654296875e+00 1.400404453277587891e+00 1.379460215568542480e+00 1.415741086006164551e+00
1.482965931863727382e+00 1.096677064895629883e+00 1.658073812723159790e-01 1.187015891075134277e+00 1.082087397575378418e+00 1.053146958351135254e+00 1.002224802970886230e+00 1.152167558670043945e+00 1.057700514793395996e+00 1.081890463829040527e+00 1.129730105400085449e+00 1.106436371803283691e+00 1.145178198814392090e+00
1.503006012024048044e+00 1.232070922851562500e+00 2.297878265380859375e-01 1.355857253074645996e+00 1.234561204910278320e+00 1.158915042877197266e+00 1.099985718727111816e+00 1.271985173225402832e+00 1.166554093360900879e+00 1.211332917213439941e+00 1.275037646293640137e+00 1.281918406486511230e+00 1.296368241310119629e+00
1.523046092184368705e+00 1.198973655700683594e+00 2.380547225475311279e-01 1.326304912567138672e+00 1.207115650177001953e+00 1.121177434921264648e+00 1.064060330390930176e+00 1.238015174865722656e+00 1.127785682678222656e+00 1.177446007728576660e+00 1.242665290832519531e+00 1.253718137741088867e+00 1.264463305473327637e+00
1.543086172344689366e+00 9.010488986968994141e-01 2.286552488803863525e-01 1.025199532508850098e+00 9.212630391120910645e-01 8.289791941642761230e-01 7.819485664367675781e-01 9.299264550209045410e-01 8.328371047973632812e-01 8.810162544250488281e-01 9.412246942520141602e-01 9.778724908828735352e-01 9.625553488731384277e-01
1.563126252505010028e+00 1.174693226814270020e+00 2.308205664157867432e-01 1.298273324966430664e+00 1.201235413551330566e+00 1.097283959388732910e+00 1.054409742355346680e+00 1.186524271965026855e+00 1.103927016258239746e+00 1.152591228485107422e+00 1.213091135025024414e+00 1.255040764808654785e+00 1.232844829559326172e+00
1.583166332665330689e+00 8.458312153816223145e-01 2.136516720056533813e-01 9.545459151268005371e-01 8.817406296730041504e-01 7.743076682090759277e-01 7.424400448799133301e-01 8.488449454307556152e-01 7.775893211364746094e-01 8.274536132812500000e-01 8.776527047157287598e-01 9.370797276496887207e-01 8.956520557403564453e-01
1.603206412825651128e+00 1.083254933357238770e+00 2.449803650379180908e-01 1.212372064590454102e+00 1.124118328094482422e+00 1.003772616386413574e+00 9.650818109512329102e-01 1.090541839599609375e+00 1.008935809135437012e+00 1.060644030570983887e+00 1.120805144309997559e+00 1.186178207397460938e+00 1.141747474670410156e+00
1.623246492985971789e+00 5.989837646484375000e-01 2.307563871145248413e-01 7.103018760681152344e-01 6.500616073608398438e-01 5.227433443069458008e-01 4.949448406696319580e-01 5.901467800140380859e-01 5.259742140769958496e-01 5.786569714546203613e-01 6.286292076110839844e-01 7.124007940292358398e-01 6.453939676284790039e-01
1.643286573146292451e+00 8.744772076606750488e-01 1.810331344604492188e-01 9.653145670890808105e-01 9.008944034576416016e-01 8.163537383079528809e-01 7.864111065864562988e-01 8.827976584434509277e-01 8.196746110916137695e-01 8.609342575073242188e-01 9.039471149444580078e-01 9.551931023597717285e-01 9.204761385917663574e-01
1.663326653306613112e+00 6.348097920417785645e-01 1.841012239456176758e-01 7.258446216583251953e-01 6.748699545860290527e-01 5.784040689468383789e-01 5.572377443313598633e-01 6.195656061172485352e-01 5.845466852188110352e-01 6.191335916519165039e-01 6.627684831619262695e-01 7.310038805007934570e-01 6.775941252708435059e-01
1.683366733466933773e+00 7.355623245239257812e-01 1.994064450263977051e-01 8.261097073554992676e-01 7.872833013534545898e-01 6.705406904220581055e-01 6.544643640518188477e-01 7.098693847656250000e-01 6.737781763076782227e-01 7.177903652191162109e-01 7.572112083435058594e-01 8.438428044319152832e-01 7.698763012886047363e-01
1.703406813627254435e+00 8.896046280860900879e-01 1.739377975463867188e-01 9.704213738441467285e-01 9.320809245109558105e-01 8.328523635864257812e-01 8.187617063522338867e-01 8.692252635955810547e-01 8.365521430969238281e-01 8.756464719772338867e-01 9.107854366302490234e-01 9.828705787658691406e-01 9.237804412841796875e-01
1.723446893787575096e+00 3.384169042110443115e-01 1.577848643064498901e-01 4.009486734867095947e-01 3.857906758785247803e-01 2.872772216796875000e-01 2.833749949932098389e-01 3.067317008972167969e-01 2.890345752239227295e-01 3.253989219665527344e-01 3.541394770145416260e-01 4.319084286689758301e-01 3.617981076240539551e-01
1.743486973947895757e+00 6.508002281188964844e-01 1.160727217793464661e-01 7.038056254386901855e-01 6.761337518692016602e-01 6.134800910949707031e-01 6.047323942184448242e-01 6.319810152053833008e-01 6.181260347366333008e-01 6.409209370613098145e-01 6.698328256607055664e-01 7.132316827774047852e-01 6.782626509666442871e-01
1.763527054108216419e+00 5.712620615959167480e-01 8.361940085887908936e-02 6.128349304199218750e-01 5.875024795532226562e-01 5.454941391944885254e-01 5.399202108383178711e-01 5.519127845764160156e-01 5.484576225280761719e-01 5.644372701644897461e-01 5.846389532089233398e-01 6.141898632049560547e-01 5.913894772529602051e-01
1.783567134268537080e+00 6.961860656738281250e-01 1.200824007391929626e-01 7.395479679107666016e-01 7.274941205978393555e-01 6.513149738311767578e-01 6.464129686355590820e-01 6.608576774597167969e-01 6.564880609512329102e-01 6.866741180419921875e-01 7.088748216629028320e-01 7.568439245223999023e-01 7.146947383880615234e-01
1.803607214428857741e+00 5.086824893951416016e-01 9.331323206424713135e-02 5.347096323966979980e-01 5.390561819076538086e-01 4.762339591979980469e-01 4.776091873645782471e-01 4.698991179466247559e-01 4.816479086875915527e-01 5.017145872116088867e-01 5.145028829574584961e-01 5.608993768692016602e-01 5.165773034095764160e-01
1.823647294589178181e+00 7.421523332595825195e-01 9.688855707645416260e-02 7.737837433815002441e-01 7.698510289192199707e-01 7.091110944747924805e-01 7.096204161643981934e-01 7.043905258178710938e-01 7.146835327148437500e-01 7.358532547950744629e-01 7.532479166984558105e-01 7.958753705024719238e-01 7.582441568374633789e-01
1.843687374749498842e+00 5.039476156234741211e-01 8.895979076623916626e-02 5.357262492179870605e-01 5.252352356910705566e-01 4.734241664409637451e-01 4.713836014270782471e-01 4.756721258163452148e-01 4.778478741645812988e-01 4.971942305564880371e-01 5.179231762886047363e-01 5.531268119812011719e-01 5.222327709197998047e-01
1.863727454909819503e+00 6.276863813400268555e-01 9.496822953224182129e-02 6.633642911911010742e-01 6.359219551086425781e-01 5.883671641349792480e-01 5.840899348258972168e-01 6.155517697334289551e-01 5.889655351638793945e-01 6.214565038681030273e-01 6.487655639648437500e-01 6.642112135887145996e-01 6.557201147079467773e-01
1.883767535070140164e+00 8.305249214172363281e-01 8.972223103046417236e-02 8.607246279716491699e-01 8.448864817619323730e-01 7.936754226684570312e-01 7.925202846527099609e-01 8.021942973136901855e-01 7.977384328842163086e-01 8.249103426933288574e-01 8.468614816665649414e-01 8.692619204521179199e-01 8.521849513053894043e-01
1.903807615230460826e+00 3.087031841278076172e-01 6.190242990851402283e-02 3.231558203697204590e-01 3.210374712944030762e-01 2.833107709884643555e-01 2.906387448310852051e-01 2.838418483734130859e-01 2.833251953125000000e-01 3.067939281463623047e-01 3.186163902282714844e-01 3.401681482791900635e-01 3.210881948471069336e-01
1.923847695390781487e+00 5.246346592903137207e-01 5.472111329436302185e-02 5.399183630943298340e-01 5.303456187248229980e-01 5.017272830009460449e-01 5.037028193473815918e-01 5.122275948524475098e-01 5.021305084228515625e-01 5.224208831787109375e-01 5.392595529556274414e-01 5.485528111457824707e-01 5.425250530242919922e-01
1.943887775551102148e+00 3.389001190662384033e-01 2.664651349186897278e-02 3.342281281948089600e-01 3.304085433483123779e-01 3.282973766326904297e-01 3.337936997413635254e-01 3.383975327014923096e-01 3.254449367523193359e-01 3.421762883663177490e-01 3.499517440795898438e-01 3.431402444839477539e-01 3.510197997093200684e-01
1.963927855711422810e+00 3.859608769416809082e-01 3.332647681236267090e-02 3.795247375965118408e-01 3.697169721126556396e-01 3.773643374443054199e-01 3.829320073127746582e-01 3.866303861141204834e-01 3.739270865917205811e-01 3.910665810108184814e-01 4.011033773422241211e-01 3.815838396549224854e-01 4.034175276756286621e-01
1.983967935871743471e+00 2.772081494331359863e-01 5.790911242365837097e-02 2.834087610244750977e-01 2.821234464645385742e-01 2.513768076896667480e-01 2.577893733978271484e-01 2.677965760231018066e-01 2.472255527973175049e-01 2.784753441810607910e-01 2.906590700149536133e-01 3.056389987468719482e-01 2.937867641448974609e-01
2.004008016032063910e+00 1.846593469381332397e-01 3.941345214843750000e-02 1.741619557142257690e-01 1.717021018266677856e-01 1.732750833034515381e-01 1.782844364643096924e-01 1.958726197481155396e-01 1.663936823606491089e-01 1.922164708375930786e-01 1.992454379796981812e-01 1.928577274084091187e-01 2.023160010576248169e-01
2.024048096192384794e+00 1.392381042242050171e-01 5.256760120391845703e-02 1.054564863443374634e-01 1.177007704973220825e-01 1.451091617345809937e-01 1.596641838550567627e-01 1.529733687639236450e-01 1.349086910486221313e-01 1.509335488080978394e-01 1.437461227178573608e-01 1.208555996417999268e-01 1.423555761575698853e-01
2.044088176352705233e+00 4.091926664113998413e-02 4.120145738124847412e-02 3.163140267133712769e-02 3.216039389371871948e-02 2.447056025266647339e-02 3.425260633230209351e-02 4.302503913640975952e-02 1.682695001363754272e-02 4.680823534727096558e-02 5.490317195653915405e-02 5.325379222631454468e-02 5.691086500883102417e-02
2.064128256513026116e+00 1.470263749361038208e-01 4.637930169701576233e-02 1.317546963691711426e-01 1.218751519918441772e-01 1.456717848777770996e-01 1.559306383132934570e-01 1.670200526714324951e-01 1.354741901159286499e-01 1.573848277330398560e-01 1.602959930896759033e-01 1.364818513393402100e-01 1.637790948152542114e-01
2.084168336673346555e+00 4.068226367235183716e-02 4.363712295889854431e-02 1.079202443361282349e-02 2.062124758958816528e-02 4.362965375185012817e-02 5.380714684724807739e-02 5.057234317064285278e-02 3.765771538019180298e-02 5.096218734979629517e-02 4.959116131067276001e-02 3.257469087839126587e-02 4.925281554460525513e-02
2.104208416833667439e+00 1.032012253999710083e-01 3.614846244454383850e-02 7.738397270441055298e-02 9.221693873405456543e-02 1.049509420990943909e-01 1.192785724997520447e-01 1.097353845834732056e-01 9.670864790678024292e-02 1.134837940335273743e-01 1.090457215905189514e-01 1.044056490063667297e-01 1.090675517916679382e-01
2.124248496993987878e+00 6.326352059841156006e-02 6.239212304353713989e-02 1.518921460956335068e-02 4.585017263889312744e-02 7.184846699237823486e-02 9.208042919635772705e-02 6.781922280788421631e-02 6.158207356929779053e-02 7.765035331249237061e-02 6.430213153362274170e-02 5.116544663906097412e-02 6.124018132686614990e-02
2.144288577154308317e+00 -3.190295025706291199e-02 4.328769445419311523e-02 -6.465182453393936157e-02 -3.932703658938407898e-02 -2.632815763354301453e-02 -9.613674134016036987e-03 -2.764965221285820007e-02 -3.415990993380546570e-02 -2.151129767298698425e-02 -2.632636949419975281e-02 -2.570442482829093933e-02 -2.727771922945976257e-02
2.164328657314629201e+00 -3.310714662075042725e-01 5.937410518527030945e-02 -3.702993392944335938e-01 -3.221564590930938721e-01 -3.249486088752746582e-01 -3.000290393829345703e-01 -3.492804169654846191e-01 -3.312813043594360352e-01 -3.206111490726470947e-01 -3.362566530704498291e-01 -3.123556971549987793e-01 -3.408043980598449707e-01
2.184368737474949640e+00 -1.536906212568283081e-01 6.588020175695419312e-02 -1.912304013967514038e-01 -1.408399194478988647e-01 -1.468262225389480591e-01 -1.168336495757102966e-01 -1.786098927259445190e-01 -1.542136222124099731e-01 -1.437052935361862183e-01 -1.591662317514419556e-01 -1.306631714105606079e-01 -1.630591899156570435e-01
2.204408817635270523e+00 1.320948600769042969e-01 8.544616401195526123e-02 1.084680259227752686e-01 1.661930382251739502e-01 1.239662468433380127e-01 1.537604928016662598e-01 8.838173747062683105e-02 1.192687749862670898e-01 1.384888738393783569e-01 1.251617372035980225e-01 1.851410269737243652e-01 1.230894029140472412e-01
2.224448897795590963e+00 -4.503895640373229980e-01 1.106255501508712769e-01 -4.849773645401000977e-01 -4.062547087669372559e-01 -4.533371925354003906e-01 -4.121309518814086914e-01 -5.093438625335693359e-01 -4.586299955844879150e-01 -4.436161518096923828e-01 -4.644418358802795410e-01 -3.917429149150848389e-01 -4.708745777606964111e-01
2.244488977955911846e+00 -3.007371723651885986e-01 9.301433712244033813e-02 -3.291364312171936035e-01 -2.637167274951934814e-01 -3.071687817573547363e-01 -2.756488919258117676e-01 -3.491261601448059082e-01 -3.110305666923522949e-01 -2.943590581417083740e-01 -3.094169199466705322e-01 -2.449083030223846436e-01 -3.126055002212524414e-01
2.264529058116232285e+00 -4.601084291934967041e-01 1.463424563407897949e-01 -5.066328048706054688e-01 -4.000853300094604492e-01 -4.598807096481323242e-01 -4.094506800174713135e-01 -5.354571342468261719e-01 -4.668328464031219482e-01 -4.518853724002838135e-01 -4.833684265613555908e-01 -3.841764926910400391e-01 -4.921792149543762207e-01
2.284569138276553169e+00 -1.535959839820861816e-01 1.614823341369628906e-01 -1.671381443738937378e-01 -7.955577969551086426e-02 -1.783621162176132202e-01 -1.367354840040206909e-01 -2.419689744710922241e-01 -1.803797781467437744e-01 -1.531465053558349609e-01 -1.688163429498672485e-01 -5.145776271820068359e-02 -1.729503124952316284e-01
2.304609218436873608e+00 -2.079579085111618042e-01 1.659589260816574097e-01 -2.322624176740646362e-01 -1.308952420949935913e-01 -2.215152233839035034e-01 -1.767440289258956909e-01 -2.972177565097808838e-01 -2.218323796987533569e-01 -2.053328007459640503e-01 -2.266321629285812378e-01 -1.041133850812911987e-01 -2.326755374670028687e-01
2.324649298597194491e+00 -6.499983668327331543e-01 1.630005538463592529e-01 -6.799205541610717773e-01 -5.752806067466735840e-01 -6.635023355484008789e-01 -6.142956614494323730e-01 -7.417806982994079590e-01 -6.671999692916870117e-01 -6.473757624626159668e-01 -6.721996665000915527e-01 -5.574313402175903320e-01 -6.799814105033874512e-01
2.344689378757514930e+00 -5.832849740982055664e-01 1.764599680900573730e-01 -5.982446670532226562e-01 -4.991248548030853271e-01 -6.057985424995422363e-01 -5.620672702789306641e-01 -6.824884414672851562e-01 -6.046168208122253418e-01 -5.852398276329040527e-01 -6.044182777404785156e-01 -4.764780402183532715e-01 -6.112530827522277832e-01
2.364729458917835370e+00 -4.753306806087493896e-01 1.805968135595321655e-01 -4.771564602851867676e-01 -3.874331712722778320e-01 -5.036902427673339844e-01 -4.602296650409698486e-01 -5.654405951499938965e-01 -5.064332485198974609e-01 -4.770122468471527100e-01 -4.937707781791687012e-01 -3.569321930408477783e-01 -4.970268309116363525e-01
2.384769539078156253e+00 -4.891736507415771484e-01 1.815273165702819824e-01 -5.024426579475402832e-01 -4.026436209678649902e-01 -5.130653977394104004e-01 -4.693427979946136475e-01 -5.881033539772033691e-01 -5.126169323921203613e-01 -4.908455610275268555e-01 -5.099781751632690430e-01 -3.755689263343811035e-01 -5.158621072769165039e-01
2.404809619238476692e+00 -3.644602596759796143e-01 2.107355892658233643e-01 -3.797408640384674072e-01 -2.640338838100433350e-01 -3.959200084209442139e-01 -3.462266027927398682e-01 -4.809539616107940674e-01 -3.955296576023101807e-01 -3.669041693210601807e-01 -3.887467384338378906e-01 -2.351002395153045654e-01 -3.959473669528961182e-01
2.424849699398797576e+00 -5.815787911415100098e-01 2.145756483078002930e-01 -5.870931744575500488e-01 -4.748793840408325195e-01 -6.110793352127075195e-01 -5.602894425392150879e-01 -6.914104819297790527e-01 -6.123793721199035645e-01 -5.846266150474548340e-01 -6.064053773880004883e-01 -4.443516433238983154e-01 -6.120365262031555176e-01
2.444889779559118015e+00 -5.770413875579833984e-01 2.324647754430770874e-01 -5.713136196136474609e-01 -4.639824926853179932e-01 -6.212116479873657227e-01 -5.733386278152465820e-01 -6.902881860733032227e-01 -6.228083372116088867e-01 -5.827844738960266113e-01 -5.970197916030883789e-01 -4.239740669727325439e-01 -6.012725234031677246e-01
2.464929859719438898e+00 -4.769885241985321045e-01 1.994111984968185425e-01 -4.847303628921508789e-01 -3.803012073040008545e-01 -5.081683993339538574e-01 -4.608296155929565430e-01 -5.850043296813964844e-01 -5.082455873489379883e-01 -4.798474907875061035e-01 -4.995302557945251465e-01 -3.536049127578735352e-01 -5.055998563766479492e-01
2.484969939879759337e+00 -3.566165864467620850e-01 2.153403013944625854e-01 -3.427779376506805420e-01 -2.532551288604736328e-01 -3.988319635391235352e-01 -3.527000844478607178e-01 -4.649443328380584717e-01 -4.006682336330413818e-01 -3.625922501087188721e-01 -3.752253949642181396e-01 -2.176042646169662476e-01 -3.768632411956787109e-01
2.505010020040080221e+00 -4.594014286994934082e-01 1.480299383401870728e-01 -4.762180447578430176e-01 -3.885400593280792236e-01 -4.725649654865264893e-01 -4.312839210033416748e-01 -5.407535433769226074e-01 -4.737780690193176270e-01 -4.585658609867095947e-01 -4.829019308090209961e-01 -3.731739521026611328e-01 -4.889948368072509766e-01
2.525050100200400660e+00 -5.173116922378540039e-01 1.927756369113922119e-01 -5.301141142845153809e-01 -4.206002056598663330e-01 -5.355457663536071777e-01 -4.889531433582305908e-01 -6.246030926704406738e-01 -5.343870520591735840e-01 -5.214613676071166992e-01 -5.443047285079956055e-01 -4.044776856899261475e-01 -5.534067153930664062e-01
2.545090180360721543e+00 -3.595666289329528809e-01 1.609125733375549316e-01 -3.703112304210662842e-01 -2.796343564987182617e-01 -3.757253885269165039e-01 -3.404301106929779053e-01 -4.486033618450164795e-01 -3.714368939399719238e-01 -3.632549643516540527e-01 -3.840230107307434082e-01 -2.640566527843475342e-01 -3.913550078868865967e-01
2.565130260521041983e+00 -1.871956586837768555e-01 1.156846582889556885e-01 -1.795883476734161377e-01 -1.282695233821868896e-01 -2.035517841577529907e-01 -1.841712594032287598e-01 -2.512746453285217285e-01 -1.979887336492538452e-01 -1.932388544082641602e-01 -1.996459066867828369e-01 -1.169071495532989502e-01 -2.029538154602050781e-01
2.585170340681362422e+00 -5.124237537384033203e-01 1.294497400522232056e-01 -5.196205973625183105e-01 -4.457658529281616211e-01 -5.270625948905944824e-01 -4.964489340782165527e-01 -5.821320414543151855e-01 -5.263814926147460938e-01 -5.160909891128540039e-01 -5.326522588729858398e-01 -4.372438788414001465e-01 -5.388346910476684570e-01
2.605210420841683305e+00 -2.416178770363330841e-02 9.970708936452865601e-02 -2.824878878891468048e-02 2.642705850303173065e-02 -3.701687231659889221e-02 -1.785841770470142365e-02 -7.967674732208251953e-02 -3.340909257531166077e-02 -2.688056416809558868e-02 -3.947574272751808167e-02 3.407123312354087830e-02 -4.365763440728187561e-02
2.625250501002003745e+00 3.425725176930427551e-02 5.637341737747192383e-02 2.137692645192146301e-02 5.706455186009407043e-02 3.830464556813240051e-02 4.939394071698188782e-02 -3.778170794248580933e-03 4.462220147252082825e-02 3.395374491810798645e-02 2.156983688473701477e-02 4.976167157292366028e-02 1.701836660504341125e-02
2.645290581162324628e+00 -6.637115962803363800e-03 5.803997069597244263e-02 -3.345002420246601105e-03 2.444427832961082458e-02 -4.242022521793842316e-03 3.360475413501262665e-03 -4.044589772820472717e-02 3.012205474078655243e-03 -1.172134745866060257e-02 -1.745151355862617493e-02 1.981326565146446228e-02 -2.127415314316749573e-02
2.665330661322645067e+00 6.997524760663509369e-03 4.257256537675857544e-02 -2.303556539118289948e-03 1.693244650959968567e-02 2.072702720761299133e-02 2.634816989302635193e-02 -1.156738121062517166e-02 2.719650417566299438e-02 5.795079283416271210e-03 -2.990798093378543854e-03 5.544099025428295135e-03 -7.559825666248798370e-03
2.685370741482965951e+00 3.049522638320922852e-01 4.077838733792304993e-02 3.122965097427368164e-01 3.256623148918151855e-01 2.972405552864074707e-01 2.931149005889892578e-01 2.796362638473510742e-01 3.073742389678955078e-01 2.989485859870910645e-01 2.979045510292053223e-01 3.174439668655395508e-01 2.951927185058593750e-01
2.705410821643286390e+00 1.912040710449218750e-01 3.793976828455924988e-02 1.875434815883636475e-01 1.919635534286499023e-01 2.063362896442413330e-01 2.039777338504791260e-01 1.795889586210250854e-01 2.151244431734085083e-01 1.879688501358032227e-01 1.854283511638641357e-01 1.777989119291305542e-01 1.809296160936355591e-01
2.725450901803607273e+00 2.645791769027709961e-01 3.598635643720626831e-02 2.695198059082031250e-01 2.564687728881835938e-01 2.779943346977233887e-01 2.683939635753631592e-01 2.711599469184875488e-01 2.857182025909423828e-01 2.613784372806549072e-01 2.625548541545867920e-01 2.423593699932098389e-01 2.607479393482208252e-01
2.745490981963927712e+00 2.806017398834228516e-01 1.292808353900909424e-01 2.518500089645385742e-01 2.425797283649444580e-01 3.304844498634338379e-01 3.155837357044219971e-01 3.093604743480682373e-01 3.417535424232482910e-01 2.834770977497100830e-01 2.723239362239837646e-01 2.038250714540481567e-01 2.656145989894866943e-01
2.765531062124248596e+00 2.694667577743530273e-01 1.008355617523193359e-01 2.612408399581909180e-01 2.358038425445556641e-01 3.067099452018737793e-01 2.856722772121429443e-01 3.001157641410827637e-01 3.184753954410552979e-01 2.676511406898498535e-01 2.695693075656890869e-01 2.064027786254882812e-01 2.654573321342468262e-01
2.785571142284569035e+00 5.673668384552001953e-01 1.067679673433303833e-01 5.591439604759216309e-01 5.285291075706481934e-01 6.030726432800292969e-01 5.792173743247985840e-01 5.993370413780212402e-01 6.163598895072937012e-01 5.655632615089416504e-01 5.686885714530944824e-01 4.966812431812286377e-01 5.647113919258117676e-01
2.805611222444889474e+00 5.639266371726989746e-01 1.232365742325782776e-01 5.592015981674194336e-01 5.184537172317504883e-01 6.023709177970886230e-01 5.715239048004150391e-01 5.985991954803466797e-01 6.200548410415649414e-01 5.611282587051391602e-01 5.672993659973144531e-01 4.789553880691528320e-01 5.638116598129272461e-01
2.825651302605210358e+00 5.252960920333862305e-01 1.700962483882904053e-01 5.034181475639343262e-01 4.618300795555114746e-01 5.827583670616149902e-01 5.573173165321350098e-01 5.761033296585083008e-01 5.954170823097229004e-01 5.268287062644958496e-01 5.230976343154907227e-01 4.131075441837310791e-01 5.172289609909057617e-01
2.845691382765530797e+00 4.723219871520996094e-01 1.817160248756408691e-01 4.432504177093505859e-01 4.071187376976013184e-01 5.360358953475952148e-01 5.098523497581481934e-01 5.185934305191040039e-01 5.518250465393066406e-01 4.739931225776672363e-01 4.723683297634124756e-01 3.539483249187469482e-01 4.655860066413879395e-01
2.865731462925851680e+00 5.280925631523132324e-01 1.583131253719329834e-01 5.176801681518554688e-01 4.635170102119445801e-01 5.764436721801757812e-01 5.391675829887390137e-01 5.866586565971374512e-01 5.916830897331237793e-01 5.262563824653625488e-01 5.342829823493957520e-01 4.239144325256347656e-01 5.305111408233642578e-01
2.885771543086172120e+00 5.432890653610229492e-01 2.050545215606689453e-01 5.105808973312377930e-01 4.638534486293792725e-01 6.096436381340026855e-01 5.769412517547607422e-01 6.086958050727844238e-01 6.241826415061950684e-01 5.473868250846862793e-01 5.440706610679626465e-01 4.078561663627624512e-01 5.373647809028625488e-01
2.905811623246493003e+00 5.090278387069702148e-01 1.522753238677978516e-01 5.069906115531921387e-01 4.440002739429473877e-01 5.511451363563537598e-01 5.116339325904846191e-01 5.703369975090026855e-01 5.653949379920959473e-01 5.076386928558349609e-01 5.200344920158386230e-01 4.086517989635467529e-01 5.183207988739013672e-01
2.925851703406813442e+00 5.494253635406494141e-01 2.083796560764312744e-01 5.291073322296142578e-01 4.614947736263275146e-01 6.117517352104187012e-01 5.771412253379821777e-01 6.307123899459838867e-01 6.211152076721191406e-01 5.538825392723083496e-01 5.573636293411254883e-01 4.121296703815460205e-01 5.550592541694641113e-01
2.945891783567134325e+00 7.156053185462951660e-01 1.723072975873947144e-01 6.993442177772521973e-01 6.461741924285888672e-01 7.692528367042541504e-01 7.356549501419067383e-01 7.739408016204833984e-01 7.837654352188110352e-01 7.163220047950744629e-01 7.202587127685546875e-01 6.002274751663208008e-01 7.166582942008972168e-01
2.965931863727454765e+00 5.811957120895385742e-01 1.705033630132675171e-01 5.548976063728332520e-01 5.139258503913879395e-01 6.339325308799743652e-01 6.047914624214172363e-01 6.325469613075256348e-01 6.476843357086181641e-01 5.826770067214965820e-01 5.836567282676696777e-01 4.650211930274963379e-01 5.776684880256652832e-01
2.985971943887775648e+00 8.852134943008422852e-01 1.609358787536621094e-01 8.829064369201660156e-01 8.153110146522521973e-01 9.299290180206298828e-01 8.898626565933227539e-01 9.461275935173034668e-01 9.460818767547607422e-01 8.843008279800415039e-01 8.974291682243347168e-01 7.788187861442565918e-01 8.976276516914367676e-01
3.006012024048096087e+00 7.122944593429565430e-01 1.656390130519866943e-01 6.965693235397338867e-01 6.401247978210449219e-01 7.574787139892578125e-01 7.215819358825683594e-01 7.693603038787841797e-01 7.721877098083496094e-01 7.132828831672668457e-01 7.201471924781799316e-01 5.983719825744628906e-01 7.170866727828979492e-01
3.026052104208416527e+00 5.985120534896850586e-01 1.241066977381706238e-01 5.905176401138305664e-01 5.469684004783630371e-01 6.355403065681457520e-01 6.064833402633666992e-01 6.407271027565002441e-01 6.482704281806945801e-01 5.970319509506225586e-01 6.053956151008605957e-01 5.151320099830627441e-01 6.027820706367492676e-01
3.046092184368737410e+00 7.120587229728698730e-01 1.113775372505187988e-01 7.112135291099548340e-01 6.614052653312683105e-01 7.377313375473022461e-01 7.080277800559997559e-01 7.532621026039123535e-01 7.493544220924377441e-01 7.104349732398986816e-01 7.218742966651916504e-01 6.351520419120788574e-01 7.213155627250671387e-01
3.066132264529057849e+00 5.317796468734741211e-01 1.274738162755966187e-01 5.242378711700439453e-01 4.756147861480712891e-01 5.666843652725219727e-01 5.368444919586181641e-01 5.853112936019897461e-01 5.747722387313842773e-01 5.322165489196777344e-01 5.402611494064331055e-01 4.482448399066925049e-01 5.396906733512878418e-01
3.086172344689378733e+00 5.198295712471008301e-01 1.104896292090415955e-01 5.117846727371215820e-01 4.741022586822509766e-01 5.548890233039855957e-01 5.314955115318298340e-01 5.584711432456970215e-01 5.648013949394226074e-01 5.198888778686523438e-01 5.256373286247253418e-01 4.480617642402648926e-01 5.232160687446594238e-01
3.106212424849699172e+00 3.831062316894531250e-01 1.037132591009140015e-01 3.739203214645385742e-01 3.382163047790527344e-01 4.118504524230957031e-01 3.932465910911560059e-01 4.212990105152130127e-01 4.171705842018127441e-01 3.844112753868103027e-01 3.887852430343627930e-01 3.118683099746704102e-01 3.877526521682739258e-01
3.126252505010020055e+00 2.761350274085998535e-01 1.067685782909393311e-01 2.567138373851776123e-01 2.322770804166793823e-01 3.107217550277709961e-01 2.944747507572174072e-01 3.077845871448516846e-01 3.186469078063964844e-01 2.785698175430297852e-01 2.780449986457824707e-01 2.070874720811843872e-01 2.744065523147583008e-01
3.146292585170340494e+00 4.950418174266815186e-01 7.842567563056945801e-02 4.887889623641967773e-01 4.620997309684753418e-01 5.179607868194580078e-01 5.000213384628295898e-01 5.241394639015197754e-01 5.249387025833129883e-01 4.959222376346588135e-01 4.999814629554748535e-01 4.430509805679321289e-01 4.994958639144897461e-01
3.166332665330661378e+00 4.497595429420471191e-01 7.472654432058334351e-02 4.433146715164184570e-01 4.183276295661926270e-01 4.707286357879638672e-01 4.539865255355834961e-01 4.770365953445434570e-01 4.769269824028015137e-01 4.506385326385498047e-01 4.517446160316467285e-01 3.985619544982910156e-01 4.501618146896362305e-01
3.186372745490981817e+00 3.773803710937500000e-01 9.289895743131637573e-02 3.745514154434204102e-01 3.331759274005889893e-01 3.971985280513763428e-01 3.749406635761260986e-01 4.175665974617004395e-01 4.031883776187896729e-01 3.783959150314331055e-01 3.853874206542968750e-01 3.152794837951660156e-01 3.865516781806945801e-01
3.206412825651302256e+00 3.211485743522644043e-01 7.661983370780944824e-02 3.142305910587310791e-01 2.877342700958251953e-01 3.421840667724609375e-01 3.287518024444580078e-01 3.484085202217102051e-01 3.476832509040832520e-01 3.228488266468048096e-01 3.237871229648590088e-01 2.686397135257720947e-01 3.230088651180267334e-01
3.226452905811623140e+00 2.286785989999771118e-01 6.712128221988677979e-02 2.189009934663772583e-01 2.017251998186111450e-01 2.492294758558273315e-01 2.360492199659347534e-01 2.511324882507324219e-01 2.548982799053192139e-01 2.294307798147201538e-01 2.306369692087173462e-01 1.837426871061325073e-01 2.281705588102340698e-01
3.246492985971943579e+00 1.020469963550567627e-01 6.984511762857437134e-02 8.186509460210800171e-02 7.952999323606491089e-02 1.267535388469696045e-01 1.234555318951606750e-01 1.169897317886352539e-01 1.293430179357528687e-01 1.051079854369163513e-01 9.722188860177993774e-02 5.935384705662727356e-02 9.302815049886703491e-02
3.266533066132264462e+00 2.719705700874328613e-01 5.284838750958442688e-02 2.612676620483398438e-01 2.484573125839233398e-01 2.865822315216064453e-01 2.760321795940399170e-01 2.897897064685821533e-01 2.902460396289825439e-01 2.727001309394836426e-01 2.749634087085723877e-01 2.367731332778930664e-01 2.730942368507385254e-01
3.286573146292584902e+00 8.093287795782089233e-02 7.353235781192779541e-02 7.273963838815689087e-02 5.096470192074775696e-02 1.016979590058326721e-01 8.895311504602432251e-02 1.111890748143196106e-01 1.040961816906929016e-01 8.265394717454910278e-02 8.149207383394241333e-02 3.092864528298377991e-02 7.973480969667434692e-02
3.306613226452905785e+00 2.861408293247222900e-01 5.375439301133155823e-02 2.848280668258666992e-01 2.624787092208862305e-01 3.001724481582641602e-01 2.843495905399322510e-01 3.094461858272552490e-01 3.058533072471618652e-01 2.862237989902496338e-01 2.905099093914031982e-01 2.520174086093902588e-01 2.904287278652191162e-01
3.326653306613226224e+00 1.115640625357627869e-01 4.828011617064476013e-02 1.006059274077415466e-01 9.305831044912338257e-02 1.261157542467117310e-01 1.174331530928611755e-01 1.320756226778030396e-01 1.282141953706741333e-01 1.129036173224449158e-01 1.125653013586997986e-01 8.114858716726303101e-02 1.105392202734947205e-01
3.346693386773547108e+00 2.929513752460479736e-01 4.453922808170318604e-02 2.899884283542633057e-01 2.731525301933288574e-01 3.037696182727813721e-01 2.916801273822784424e-01 3.122707307338714600e-01 3.077344596385955811e-01 2.916668653488159180e-01 2.981120347976684570e-01 2.641524970531463623e-01 2.972941398620605469e-01
3.366733466933867547e+00 2.139508873224258423e-01 2.990603074431419373e-02 2.063648849725723267e-01 2.029659152030944824e-01 2.226785272359848022e-01 2.171160280704498291e-01 2.177458405494689941e-01 2.265069782733917236e-01 2.135346531867980957e-01 2.131302654743194580e-01 1.928134262561798096e-01 2.104781121015548706e-01
3.386773547094188430e+00 3.274956047534942627e-01 2.597874030470848083e-02 3.325181305408477783e-01 3.165334761142730713e-01 3.316812515258789062e-01 3.214755952358245850e-01 3.338168561458587646e-01 3.374955356121063232e-01 3.253571391105651855e-01 3.317607939243316650e-01 3.104240596294403076e-01 3.322845399379730225e-01
3.406813627254508869e+00 1.488183587789535522e-01 4.172394424676895142e-02 1.436954289674758911e-01 1.298289895057678223e-01 1.611135303974151611e-01 1.552746891975402832e-01 1.677556186914443970e-01 1.608009338378906250e-01 1.505562514066696167e-01 1.503751575946807861e-01 1.232216283679008484e-01 1.501754969358444214e-01
3.426853707414829309e+00 3.449763953685760498e-01 3.446986153721809387e-02 3.497655093669891357e-01 3.280780613422393799e-01 3.499764502048492432e-01 3.392181396484375000e-01 3.602571189403533936e-01 3.526565432548522949e-01 3.440274596214294434e-01 3.491765260696411133e-01 3.228650689125061035e-01 3.498720526695251465e-01
3.446893787575150192e+00 2.355104684829711914e-01 3.038206882774829865e-02 2.343079149723052979e-01 2.237828969955444336e-01 2.436145544052124023e-01 2.367534786462783813e-01 2.445732951164245605e-01 2.468088120222091675e-01 2.350203692913055420e-01 2.346976101398468018e-01 2.130217403173446655e-01 2.339987307786941528e-01
3.466933867735470631e+00 3.745445311069488525e-01 2.391785569489002228e-02 3.810292780399322510e-01 3.654971420764923096e-01 3.768275976181030273e-01 3.652332127094268799e-01 3.853215277194976807e-01 3.817701339721679688e-01 3.724144995212554932e-01 3.783178627490997314e-01 3.622600436210632324e-01 3.789437711238861084e-01
3.486973947895791515e+00 1.148269101977348328e-01 3.556061536073684692e-02 1.078870519995689392e-01 1.026640608906745911e-01 1.280967146158218384e-01 1.248694881796836853e-01 1.233774945139884949e-01 1.301189363002777100e-01 1.152531132102012634e-01 1.138485297560691833e-01 9.295506030321121216e-02 1.120739802718162537e-01
3.507014028056111954e+00 2.340087890625000000e-01 2.088993974030017853e-02 2.402433305978775024e-01 2.270638495683670044e-01 2.366558462381362915e-01 2.267630994319915771e-01 2.391995638608932495e-01 2.420216053724288940e-01 2.316823750734329224e-01 2.360067218542098999e-01 2.204369455575942993e-01 2.364392727613449097e-01
3.527054108216432837e+00 1.619605571031570435e-01 3.975349292159080505e-02 1.461627483367919922e-01 1.503594368696212769e-01 1.755910068750381470e-01 1.729106456041336060e-01 1.678744256496429443e-01 1.780724823474884033e-01 1.635293960571289062e-01 1.590654253959655762e-01 1.384330540895462036e-01 1.560696959495544434e-01
3.547094188376753277e+00 -5.453220754861831665e-02 1.484506297856569290e-02 -5.778117477893829346e-02 -5.963741987943649292e-02 -4.872959852218627930e-02 -5.121763795614242554e-02 -5.248047411441802979e-02 -4.701200872659683228e-02 -5.462313443422317505e-02 -5.454723536968231201e-02 -6.328968703746795654e-02 -5.597337335348129272e-02
3.567134268537074160e+00 1.935580223798751831e-01 1.168580539524555206e-02 1.946875900030136108e-01 1.893857568502426147e-01 1.955878585577011108e-01 1.903101056814193726e-01 1.978320926427841187e-01 1.982007771730422974e-01 1.928946226835250854e-01 1.932841390371322632e-01 1.856190711259841919e-01 1.932205706834793091e-01
3.587174348697394599e+00 3.871027380228042603e-03 2.983889542520046234e-02 -2.749260514974594116e-03 -7.663529366254806519e-03 1.347313448786735535e-02 1.093872264027595520e-02 1.370104029774665833e-02 1.394562795758247375e-02 5.141738802194595337e-03 4.014629870653152466e-03 -1.543591544032096863e-02 3.098461776971817017e-03
3.607214428857715482e+00 9.375730156898498535e-02 2.451734617352485657e-02 1.068429350852966309e-01 9.385594725608825684e-02 8.740082383155822754e-02 8.033517003059387207e-02 1.022139191627502441e-01 8.849173784255981445e-02 9.092435240745544434e-02 9.933111071586608887e-02 9.849402308464050293e-02 1.008094549179077148e-01
3.627254509018035922e+00 2.255782634019851685e-01 3.752225264906883240e-02 2.228026688098907471e-01 2.085248678922653198e-01 2.339521795511245728e-01 2.271447479724884033e-01 2.329342663288116455e-01 2.377248108386993408e-01 2.261787056922912598e-01 2.262383848428726196e-01 1.966439783573150635e-01 2.256380319595336914e-01
3.647294589178356361e+00 2.523370385169982910e-01 1.830476894974708557e-02 2.571658492088317871e-01 2.449389547109603882e-01 2.576377689838409424e-01 2.510194480419158936e-01 2.569507360458374023e-01 2.619437575340270996e-01 2.508189976215362549e-01 2.557073533535003662e-01 2.431405037641525269e-01 2.563418149948120117e-01
3.667334669338677244e+00 -4.063515365123748779e-02 1.974824815988540649e-02 -4.202763736248016357e-02 -4.906068742275238037e-02 -3.463225066661834717e-02 -3.643353283405303955e-02 -3.469684720039367676e-02 -3.444251418113708496e-02 -4.029951989650726318e-02 -3.971152007579803467e-02 -5.439774692058563232e-02 -4.022189974784851074e-02
3.687374749498997684e+00 2.821696400642395020e-01 1.495823636651039124e-02 2.882328629493713379e-01 2.808697521686553955e-01 2.781145274639129639e-01 2.696327865123748779e-01 2.836546301841735840e-01 2.821057438850402832e-01 2.801649868488311768e-01 2.835597991943359375e-01 2.816848456859588623e-01 2.841016650199890137e-01
3.707414829659318567e+00 3.059532493352890015e-02 1.129728648811578751e-02 2.946937084197998047e-02 2.745286002755165100e-02 3.472038358449935913e-02 3.560348600149154663e-02 3.313668444752693176e-02 3.385780379176139832e-02 3.093346953392028809e-02 2.983480319380760193e-02 2.314037457108497620e-02 2.946726977825164795e-02
3.727454909819639006e+00 4.564793780446052551e-02 2.680575288832187653e-02 4.512842372059822083e-02 3.175010159611701965e-02 5.227806046605110168e-02 4.796494916081428528e-02 5.601467564702033997e-02 5.339952185750007629e-02 4.645486548542976379e-02 4.915424063801765442e-02 2.881510928273200989e-02 4.930796101689338684e-02
3.747494989979959890e+00 -2.018812485039234161e-02 3.126547113060951233e-02 -2.132797427475452423e-02 -3.285253047943115234e-02 -9.035931900143623352e-03 -1.189816184341907501e-02 -4.455761983990669250e-03 -9.546997025609016418e-03 -1.897974498569965363e-02 -1.663294620811939240e-02 -3.530628979206085205e-02 -1.557204313576221466e-02
3.767535070140280329e+00 3.697112202644348145e-01 2.454780228435993195e-02 3.722023963928222656e-01 3.582609593868255615e-01 3.707297444343566895e-01 3.610744178295135498e-01 3.809728324413299561e-01 3.743820488452911377e-01 3.695338070392608643e-01 3.751576244831085205e-01 3.567189276218414307e-01 3.763234019279479980e-01
3.787575150300601212e+00 2.004792690277099609e-01 2.429462224245071411e-02 1.978209167718887329e-01 1.899630427360534668e-01 2.056737691164016724e-01 1.998524069786071777e-01 2.084705829620361328e-01 2.078735679388046265e-01 2.007314562797546387e-01 2.011516839265823364e-01 1.824099421501159668e-01 2.013874500989913940e-01
3.807615230460921651e+00 2.144287340342998505e-02 6.689774338155984879e-03 2.181886695325374603e-02 2.348661981523036957e-02 2.439839206635951996e-02 2.368005178868770599e-02 2.013189159333705902e-02 2.576654963195323944e-02 2.053633891046047211e-02 2.127690427005290985e-02 2.351864986121654510e-02 2.034133486449718475e-02
3.827655310621242535e+00 1.459023952484130859e-01 1.031167246401309967e-02 1.444534808397293091e-01 1.419817805290222168e-01 1.479656100273132324e-01 1.445590704679489136e-01 1.516432464122772217e-01 1.491930484771728516e-01 1.459819972515106201e-01 1.464780569076538086e-01 1.396923661231994629e-01 1.464713960886001587e-01
3.847695390781562974e+00 6.136506050825119019e-02 1.195891294628381729e-02 6.530172377824783325e-02 5.784349888563156128e-02 6.105653196573257446e-02 5.893240123987197876e-02 7.010865956544876099e-02 5.953945964574813843e-02 6.156330555677413940e-02 6.308168917894363403e-02 5.731963366270065308e-02 6.456748396158218384e-02
3.867735470941883413e+00 -3.527129441499710083e-02 1.774093322455883026e-02 -4.420194774866104126e-02 -3.942260891199111938e-02 -3.033385425806045532e-02 -2.761492878198623657e-02 -3.138295561075210571e-02 -3.182143718004226685e-02 -3.372777253389358521e-02 -3.824792057275772095e-02 -4.407928138971328735e-02 -3.969160467386245728e-02
3.887775551102204297e+00 -3.696190565824508667e-02 2.381228469312191010e-02 -4.615431278944015503e-02 -3.542887419462203979e-02 -2.693723700940608978e-02 -2.449112199246883392e-02 -4.191105812788009644e-02 -2.469634078443050385e-02 -3.619413822889328003e-02 -3.978132456541061401e-02 -4.097133129835128784e-02 -4.203575104475021362e-02
3.907815631262524736e+00 1.140713691711425781e-01 8.486805483698844910e-03 1.188902705907821655e-01 1.182936504483222961e-01 1.123197302222251892e-01 1.111937314271926880e-01 1.153142154216766357e-01 1.119151264429092407e-01 1.129267513751983643e-01 1.136680692434310913e-01 1.175341382622718811e-01 1.144091188907623291e-01
3.927855711422845619e+00 1.771274656057357788e-01 1.515266206115484238e-02 1.725928187370300293e-01 1.717756241559982300e-01 1.817764192819595337e-01 1.812620908021926880e-01 1.784538924694061279e-01 1.831482499837875366e-01 1.782743036746978760e-01 1.754725277423858643e-01 1.672995984554290771e-01 1.752566695213317871e-01
3.947895791583166059e+00 -7.933807373046875000e-02 1.222633291035890579e-02 -8.310174942016601562e-02 -8.227235078811645508e-02 -7.511354982852935791e-02 -7.180726528167724609e-02 -7.816952466964721680e-02 -7.658505439758300781e-02 -7.842527329921722412e-02 -8.059720695018768311e-02 -8.557222783565521240e-02 -8.082802593708038330e-02
3.967935871743486942e+00 1.368467509746551514e-02 2.938844263553619385e-02 2.714987099170684814e-02 2.259004116058349609e-02 3.323584329336881638e-03 -2.075778320431709290e-05 1.181481778621673584e-02 4.341244231909513474e-03 1.121772825717926025e-02 1.530431210994720459e-02 2.783438563346862793e-02 1.682853698730468750e-02
3.987975951903807381e+00 1.337366104125976562e-01 1.468110084533691406e-02 1.392383575439453125e-01 1.325152218341827393e-01 1.304132938385009766e-01 1.238795891404151917e-01 1.394668221473693848e-01 1.326898634433746338e-01 1.322567164897918701e-01 1.374269425868988037e-01 1.360036432743072510e-01 1.383323967456817627e-01
4.008016032064127820e+00 3.659964352846145630e-02 1.506727281957864761e-02 4.214093834161758423e-02 4.280375689268112183e-02 3.395637869834899902e-02 3.561829775571823120e-02 3.305878490209579468e-02 3.405869752168655396e-02 3.502628952264785767e-02 3.607013076543807983e-02 4.793142527341842651e-02 3.618537634611129761e-02
4.028056112224448704e+00 1.516427285969257355e-02 1.648628525435924530e-02 1.118330843746662140e-02 8.150028064846992493e-03 2.064667828381061554e-02 1.716531999409198761e-02 2.090375311672687531e-02 2.176965959370136261e-02 1.566030271351337433e-02 1.505688019096851349e-02 5.366729106754064560e-03 1.452286727726459503e-02
4.048096192384769587e+00 5.059024319052696228e-02 5.354928784072399139e-03 4.927420243620872498e-02 4.883616790175437927e-02 5.007969960570335388e-02 4.793913289904594421e-02 5.135571584105491638e-02 5.054109916090965271e-02 5.029475316405296326e-02 5.131172761321067810e-02 4.670309647917747498e-02 5.116366967558860779e-02
4.068136272545089582e+00 1.629019156098365784e-02 2.701543457806110382e-02 2.663049474358558655e-02 2.715300396084785461e-02 8.518504910171031952e-03 7.941278629004955292e-03 9.427878074347972870e-03 9.845647029578685760e-03 1.412134151905775070e-02 1.675583794713020325e-02 3.306073322892189026e-02 1.750468090176582336e-02
4.088176352705410466e+00 -1.279655545949935913e-01 9.376554749906063080e-03 -1.283875554800033569e-01 -1.279459446668624878e-01 -1.243347451090812683e-01 -1.231694146990776062e-01 -1.320881694555282593e-01 -1.231874153017997742e-01 -1.284386366605758667e-01 -1.290409415960311890e-01 -1.305575817823410034e-01 -1.299165338277816772e-01
4.108216432865731349e+00 1.334319263696670532e-02 7.443495560437440872e-03 1.481265574693679810e-02 1.420304924249649048e-02 1.178193837404251099e-02 9.043104946613311768e-03 8.632250130176544189e-03 1.482013612985610962e-02 1.116853207349777222e-02 1.423447579145431519e-02 1.200533658266067505e-02 1.338768750429153442e-02
4.128256513026052232e+00 -5.186926573514938354e-02 2.833135426044464111e-02 -6.065415591001510620e-02 -6.128206104040145874e-02 -4.169418662786483765e-02 -4.235648363828659058e-02 -4.499890655279159546e-02 -4.186620563268661499e-02 -4.995288699865341187e-02 -5.370273441076278687e-02 -6.862457841634750366e-02 -5.494111031293869019e-02
4.148296593186372228e+00 2.320285141468048096e-02 1.559912040829658508e-02 3.245109319686889648e-02 2.743828296661376953e-02 1.880422234535217285e-02 1.711477339267730713e-02 2.382056415081024170e-02 1.927180588245391846e-02 2.088432013988494873e-02 2.497118711471557617e-02 3.046123683452606201e-02 2.583292126655578613e-02
4.168336673346693111e+00 -1.470344141125679016e-04 1.493380870670080185e-02 1.786897890269756317e-03 -6.765027530491352081e-03 8.490784093737602234e-04 2.523465082049369812e-04 9.862224571406841278e-03 -1.785178668797016144e-03 3.596050664782524109e-04 2.221624366939067841e-03 -7.383306510746479034e-03 3.551105968654155731e-03
4.188376753507013994e+00 2.073111981153488159e-01 2.505143545567989349e-02 2.078655362129211426e-01 1.952397078275680542e-01 2.119916528463363647e-01 2.058601975440979004e-01 2.140560746192932129e-01 2.147101163864135742e-01 2.072100639343261719e-01 2.091565281152725220e-01 1.886430829763412476e-01 2.098881006240844727e-01
4.208416833667334878e+00 1.458078622817993164e-01 2.113850414752960205e-02 1.609051823616027832e-01 1.476017236709594727e-01 1.406698524951934814e-01 1.369951665401458740e-01 1.471686363220214844e-01 1.419445574283599854e-01 1.440670788288116455e-01 1.496440768241882324e-01 1.516520977020263672e-01 1.524292826652526855e-01
4.228456913827654873e+00 1.791168153285980225e-01 1.105425041168928146e-02 1.852680742740631104e-01 1.804448813199996948e-01 1.762763559818267822e-01 1.725644469261169434e-01 1.784089207649230957e-01 1.785417199134826660e-01 1.777341067790985107e-01 1.808348596096038818e-01 1.836556792259216309e-01 1.814707815647125244e-01
4.248496993987975756e+00 8.591230958700180054e-03 1.991735585033893585e-02 -1.861434429883956909e-03 4.244182258844375610e-03 1.525138691067695618e-02 1.580151543021202087e-02 1.524623110890388489e-02 1.382114365696907043e-02 1.048291102051734924e-02 6.428886204957962036e-03 -4.826746881008148193e-04 5.310352891683578491e-03
4.268537074148296639e+00 7.857954502105712891e-02 1.378113683313131332e-02 7.425190508365631104e-02 7.444366067647933960e-02 8.325852453708648682e-02 7.967180013656616211e-02 7.936394214630126953e-02 8.656936883926391602e-02 7.877258211374282837e-02 7.836239784955978394e-02 7.057337462902069092e-02 7.692282646894454956e-02
4.288577154308616635e+00 -7.019391283392906189e-03 1.191369257867336273e-02 -8.881984278559684753e-03 -2.481577917933464050e-03 -4.765180870890617371e-03 -2.773461863398551941e-03 -1.510864309966564178e-02 -3.301275894045829773e-03 -7.413862273097038269e-03 -8.344715461134910583e-03 -4.207653924822807312e-03 -9.463114663958549500e-03
4.308617234468937518e+00 -1.763368397951126099e-02 1.058253739029169083e-02 -1.899603754281997681e-02 -2.272555977106094360e-02 -1.519668940454721451e-02 -1.654312759637832642e-02 -1.423750165849924088e-02 -1.455129031091928482e-02 -1.685697585344314575e-02 -1.730752736330032349e-02 -2.508331090211868286e-02 -1.738620549440383911e-02
4.328657314629258401e+00 1.314532309770584106e-01 6.904191337525844574e-03 1.295474916696548462e-01 1.310793906450271606e-01 1.325249671936035156e-01 1.296655684709548950e-01 1.304155290126800537e-01 1.360989063978195190e-01 1.302084177732467651e-01 1.316589713096618652e-01 1.275684088468551636e-01 1.309013515710830688e-01
4.348697394789579285e+00 5.040199682116508484e-02 3.751012310385704041e-02 6.489878147840499878e-02 5.604274198412895203e-02 3.467398509383201599e-02 3.002605959773063660e-02 5.193368718028068542e-02 3.423732146620750427e-02 4.804551228880882263e-02 5.443203076720237732e-02 6.369038671255111694e-02 5.698126181960105896e-02
4.368737474949899280e+00 -1.099900752305984497e-01 1.845468021929264069e-02 -1.035520061850547791e-01 -1.026056259870529175e-01 -1.151742413640022278e-01 -1.162777021527290344e-01 -1.131407395005226135e-01 -1.139533892273902893e-01 -1.118203252553939819e-01 -1.091069057583808899e-01 -9.783070534467697144e-02 -1.088700518012046814e-01
4.388777555110220163e+00 -3.831620514392852783e-02 8.934983052313327789e-03 -3.480744361877441406e-02 -4.039505124092102051e-02 -3.647729754447937012e-02 -3.865416347980499268e-02 -3.106014616787433624e-02 -3.715403378009796143e-02 -3.816935420036315918e-02 -3.703694045543670654e-02 -3.767962753772735596e-02 -3.636665642261505127e-02
4.408817635270541047e+00 1.765988171100616455e-01 2.497462742030620575e-02 1.895257830619812012e-01 1.853588223457336426e-01 1.715741455554962158e-01 1.695895195007324219e-01 1.704047024250030518e-01 1.744632571935653687e-01 1.735808551311492920e-01 1.803491562604904175e-01 1.910702735185623169e-01 1.821877658367156982e-01
4.428857715430861930e+00 -3.536426648497581482e-02 1.599867828190326691e-02 -4.110069200396537781e-02 -4.026676341891288757e-02 -2.936971001327037811e-02 -2.909724228084087372e-02 -3.469910845160484314e-02 -2.927005104720592499e-02 -3.479927405714988708e-02 -3.636939451098442078e-02 -4.437987133860588074e-02 -3.739569708704948425e-02
4.448897795591181925e+00 -8.341749198734760284e-03 2.357767708599567413e-02 -1.865522935986518860e-02 -1.277650985866785049e-02 2.002730034291744232e-03 5.073594860732555389e-03 -4.279282875359058380e-03 6.746081635355949402e-04 -5.969409830868244171e-03 -9.011630900204181671e-03 -1.444358844310045242e-02 -1.004431117326021194e-02
4.468937875751502808e+00 4.279929399490356445e-02 2.012518048286437988e-02 4.934957623481750488e-02 4.566365480422973633e-02 3.343671560287475586e-02 3.222782909870147705e-02 4.291687905788421631e-02 3.270751237869262695e-02 4.127728939056396484e-02 4.438994824886322021e-02 4.915668070316314697e-02 4.566095769405364990e-02
4.488977955911823692e+00 3.820212185382843018e-02 1.254026405513286591e-02 3.117303736507892609e-02 3.563077747821807861e-02 4.089288413524627686e-02 4.165491461753845215e-02 3.702646493911743164e-02 4.197964072227478027e-02 3.826457262039184570e-02 3.752557933330535889e-02 3.037040121853351593e-02 3.597900271415710449e-02
4.509018036072143687e+00 -6.613394618034362793e-02 1.028675213456153870e-02 -6.715378165245056152e-02 -6.805494427680969238e-02 -6.161703169345855713e-02 -6.414942443370819092e-02 -6.036564707756042480e-02 -6.046149134635925293e-02 -6.649264693260192871e-02 -6.587012112140655518e-02 -6.944766640663146973e-02 -6.670767068862915039e-02
4.529058116232464570e+00 3.173111379146575928e-02 1.247387658804655075e-02 2.609662525355815887e-02 3.175391256809234619e-02 3.580598533153533936e-02 3.882567584514617920e-02 3.119490854442119598e-02 3.482620418071746826e-02 3.316162526607513428e-02 2.812786214053630829e-02 2.829326502978801727e-02 2.720250003039836884e-02
4.549098196392785454e+00 -2.600068598985671997e-02 6.646982859820127487e-03 -2.641522139310836792e-02 -2.902668714523315430e-02 -2.460569143295288086e-02 -2.589732408523559570e-02 -2.211235463619232178e-02 -2.471707761287689209e-02 -2.552343904972076416e-02 -2.522416412830352783e-02 -2.987810224294662476e-02 -2.540585398674011230e-02
4.569138276553106337e+00 1.910107433795928955e-01 2.542910352349281311e-02 2.011542022228240967e-01 1.812196373939514160e-01 1.887083053588867188e-01 1.834046840667724609e-01 2.046984434127807617e-01 1.882939040660858154e-01 1.909796595573425293e-01 1.960928440093994141e-01 1.811042428016662598e-01 1.992158889770507812e-01
4.589178356713426332e+00 1.258184462785720825e-01 1.155317854136228561e-02 1.220723539590835571e-01 1.204808205366134644e-01 1.279487758874893188e-01 1.278018504381179810e-01 1.268126517534255981e-01 1.283380538225173950e-01 1.260735839605331421e-01 1.265658587217330933e-01 1.171817928552627563e-01 1.262604743242263794e-01
4.609218436873747216e+00 -1.172169521450996399e-01 1.684024557471275330e-02 -1.153417453169822693e-01 -1.082820221781730652e-01 -1.175218373537063599e-01 -1.160303801298141479e-01 -1.250139772891998291e-01 -1.156465038657188416e-01 -1.178667321801185608e-01 -1.200142130255699158e-01 -1.065101549029350281e-01 -1.208459511399269104e-01
4.629258517034068099e+00 -1.864177882671356201e-01 2.155616879463195801e-02 -1.957834213972091675e-01 -1.912517696619033813e-01 -1.797301322221755981e-01 -1.766281574964523315e-01 -1.843985617160797119e-01 -1.810041666030883789e-01 -1.850360184907913208e-01 -1.880385726690292358e-01 -1.991931200027465820e-01 -1.899990737438201904e-01
4.649298597194388982e+00 -1.402807235717773438e-01 2.642479352653026581e-02 -1.499735713005065918e-01 -1.425093263387680054e-01 -1.291570216417312622e-01 -1.249892488121986389e-01 -1.391673237085342407e-01 -1.297129839658737183e-01 -1.385576128959655762e-01 -1.442597806453704834e-01 -1.488276720046997070e-01 -1.464787870645523071e-01
4.669338677354708977e+00 1.862706094980239868e-01 1.895204186439514160e-02 1.786949187517166138e-01 1.808623522520065308e-01 1.919235140085220337e-01 1.892743259668350220e-01 1.835781484842300415e-01 1.962896436452865601e-01 1.865468770265579224e-01 1.860065013170242310e-01 1.752481609582901001e-01 1.845354288816452026e-01
4.689378757515029861e+00 -8.325122296810150146e-02 3.023016266524791718e-02 -1.001151949167251587e-01 -7.995559275150299072e-02 -7.446743547916412354e-02 -7.035918533802032471e-02 -9.253884851932525635e-02 -7.251130044460296631e-02 -8.197368681430816650e-02 -8.953325450420379639e-02 -8.798547089099884033e-02 -9.383256733417510986e-02
4.709418837675350744e+00 1.110185533761978149e-01 3.028515167534351349e-02 1.056075692176818848e-01 9.884802997112274170e-02 1.215240731835365295e-01 1.191080063581466675e-01 1.188442111015319824e-01 1.225720420479774475e-01 1.130679771304130554e-01 1.112694889307022095e-01 9.186605364084243774e-02 1.111506819725036621e-01
4.729458917835670739e+00 7.553879916667938232e-02 1.049985550343990326e-02 7.309530675411224365e-02 7.073445618152618408e-02 7.770510017871856689e-02 7.683576643466949463e-02 8.008237183094024658e-02 7.716338336467742920e-02 7.604007422924041748e-02 7.762168347835540771e-02 6.898276507854461670e-02 7.758475840091705322e-02
4.749498997995991623e+00 -1.201498657464981079e-01 1.929858326911926270e-02 -1.290908008813858032e-01 -1.243396550416946411e-01 -1.136872097849845886e-01 -1.116660088300704956e-01 -1.206098198890686035e-01 -1.137281805276870728e-01 -1.186483725905418396e-01 -1.223154217004776001e-01 -1.300669461488723755e-01 -1.240489780902862549e-01
4.769539078156312506e+00 7.584112137556076050e-02 5.039178766310214996e-03 7.722885161638259888e-02 7.601016014814376831e-02 7.819189876317977905e-02 7.896446436643600464e-02 7.533141225576400757e-02 7.856685668230056763e-02 7.625626772642135620e-02 7.595019787549972534e-02 7.605259865522384644e-02 7.637964934110641479e-02
4.789579158316633389e+00 1.476481650024652481e-02 1.334051415324211121e-02 1.188748050481081009e-02 8.370609022676944733e-03 1.733609288930892944e-02 1.420554053038358688e-02 2.064544335007667542e-02 1.811896264553070068e-02 1.566281169652938843e-02 1.574924215674400330e-02 6.183524616062641144e-03 1.576012372970581055e-02
4.809619238476953385e+00 7.127138972282409668e-02 2.444800548255443573e-02 6.686293333768844604e-02 6.166828051209449768e-02 8.007718622684478760e-02 8.193451911211013794e-02 7.773596048355102539e-02 7.937148958444595337e-02 7.317734509706497192e-02 7.120877504348754883e-02 5.767506733536720276e-02 7.159587740898132324e-02
4.829659318637274268e+00 5.316678062081336975e-02 1.496912632137537003e-02 5.703410878777503967e-02 5.415884032845497131e-02 4.739240184426307678e-02 4.328109696507453918e-02 5.179353430867195129e-02 4.974973574280738831e-02 5.113625898957252502e-02 5.749267712235450745e-02 5.737930908799171448e-02 5.800097063183784485e-02
4.849699398797595151e+00 -7.878433912992477417e-02 3.178971260786056519e-02 -9.310815483331680298e-02 -8.507242053747177124e-02 -6.609181314706802368e-02 -6.379700452089309692e-02 -7.604929059743881226e-02 -6.628444045782089233e-02 -7.568677514791488647e-02 -8.286362141370773315e-02 -9.111803025007247925e-02 -8.511645346879959106e-02
4.869739478957916035e+00 2.640589475631713867e-01 2.203740365803241730e-02 2.659938931465148926e-01 2.544991970062255859e-01 2.671236097812652588e-01 2.597746253013610840e-01 2.718510627746582031e-01 2.710073590278625488e-01 2.635845243930816650e-01 2.661074399948120117e-01 2.483966648578643799e-01 2.662981450557708740e-01
4.889779559118236030e+00 -8.750281482934951782e-02 1.403690036386251450e-02 -9.043107181787490845e-02 -9.234724193811416626e-02 -8.141390234231948853e-02 -8.131197839975357056e-02 -8.570367842912673950e-02 -8.103982359170913696e-02 -8.738452941179275513e-02 -8.732862025499343872e-02 -9.419611841440200806e-02 -8.786771446466445923e-02
4.909819639278556913e+00 1.876479387283325195e-02 1.948108337819576263e-02 1.644572615623474121e-02 1.009947899729013443e-02 2.606436610221862793e-02 2.434875816106796265e-02 2.822838723659515381e-02 2.536748349666595459e-02 2.066437155008316040e-02 2.052452415227890015e-02 1.029636058956384659e-02 2.070605009794235229e-02
4.929859719438877796e+00 -1.335722357034683228e-01 8.763751015067100525e-03 -1.405750662088394165e-01 -1.331834942102432251e-01 -1.329584866762161255e-01 -1.321080476045608521e-01 -1.338554769754409790e-01 -1.336981207132339478e-01 -1.327734142541885376e-01 -1.361031085252761841e-01 -1.347553282976150513e-01 -1.376596242189407349e-01
4.949899799599197792e+00 6.525556743144989014e-02 2.204554527997970581e-02 7.481597363948822021e-02 6.708747148513793945e-02 5.751321092247962952e-02 5.641229823231697083e-02 6.965681910514831543e-02 5.562410131096839905e-02 6.391154229640960693e-02 6.966713070869445801e-02 7.395797967910766602e-02 7.195921242237091064e-02
4.969939879759518675e+00 -5.987532809376716614e-02 2.414842136204242706e-02 -5.845000222325325012e-02 -5.045104399323463440e-02 -6.916359812021255493e-02 -6.728728860616683960e-02 -6.872961670160293579e-02 -6.928124278783798218e-02 -6.121540442109107971e-02 -6.068312004208564758e-02 -4.640905931591987610e-02 -6.113973632454872131e-02
4.989979959919839558e+00 5.061230063438415527e-02 1.291692443192005157e-02 5.243176221847534180e-02 4.564920067787170410e-02 5.490782856941223145e-02 5.280464887619018555e-02 5.708175897598266602e-02 5.561441183090209961e-02 5.046442151069641113e-02 5.219677090644836426e-02 4.421970248222351074e-02 5.300140380859375000e-02
5.010020040080160442e+00 -7.901782542467117310e-02 8.769108913838863373e-03 -7.952109724283218384e-02 -7.568336278200149536e-02 -7.683347910642623901e-02 -7.556844502687454224e-02 -7.646996527910232544e-02 -7.873629778623580933e-02 -7.824973016977310181e-02 -7.959622889757156372e-02 -7.261709123849868774e-02 -7.975611835718154907e-02
5.030060120240480437e+00 -3.869808465242385864e-02 1.164962630718946457e-02 -4.368551820516586304e-02 -3.574120253324508667e-02 -3.850915282964706421e-02 -3.699664026498794556e-02 -4.710366576910018921e-02 -3.700920939445495605e-02 -3.914143890142440796e-02 -4.111855477094650269e-02 -3.907506912946701050e-02 -4.314038902521133423e-02
5.050100200400801320e+00 1.280125826597213745e-01 3.495421260595321655e-02 1.414412111043930054e-01 1.381554156541824341e-01 1.164907217025756836e-01 1.115407943725585938e-01 1.174793392419815063e-01 1.210561245679855347e-01 1.233748048543930054e-01 1.312339603900909424e-01 1.461433470249176025e-01 1.321374922990798950e-01
5.070140280561122204e+00 2.326318621635437012e-02 1.174843776971101761e-02 1.936924457550048828e-02 1.921257376670837402e-02 2.738723158836364746e-02 2.842023968696594238e-02 2.486053109169006348e-02 2.756190299987792969e-02 2.418276667594909668e-02 2.224391698837280273e-02 1.705619692802429199e-02 2.196416258811950684e-02
5.090180360721443087e+00 -6.326211988925933838e-02 2.206479571759700775e-02 -5.858841165900230408e-02 -5.413686856627464294e-02 -7.007619738578796387e-02 -7.222616672515869141e-02 -6.794673204421997070e-02 -6.826847791671752930e-02 -6.522944569587707520e-02 -6.259043514728546143e-02 -4.896148666739463806e-02 -6.295798718929290771e-02
5.110220440881763082e+00 5.244968831539154053e-02 2.450140379369258881e-02 4.359932243824005127e-02 4.737985134124755859e-02 6.129707396030426025e-02 6.300607323646545410e-02 5.587105453014373779e-02 6.096832454204559326e-02 5.479560792446136475e-02 4.928107559680938721e-02 3.862430155277252197e-02 4.834865033626556396e-02
5.130260521042083965e+00 4.126368463039398193e-02 1.709334552288055420e-02 3.633450716733932495e-02 3.394640982151031494e-02 4.578384757041931152e-02 4.820562154054641724e-02 4.538539797067642212e-02 4.370797425508499146e-02 4.404260963201522827e-02 4.067590832710266113e-02 3.052709065377712250e-02 4.123388975858688354e-02
5.150300601202404849e+00 1.780066825449466705e-02 5.361938383430242538e-03 1.363534666597843170e-02 1.736021973192691803e-02 1.675085164606571198e-02 1.897872425615787506e-02 1.848358847200870514e-02 1.506231166422367096e-02 1.860795356333255768e-02 1.808685995638370514e-02 1.758716441690921783e-02 1.762748695909976959e-02
5.170340681362724844e+00 1.121411696076393127e-01 1.467834413051605225e-02 1.189055219292640686e-01 1.111138090491294861e-01 1.066297367215156555e-01 1.044348403811454773e-01 1.162630245089530945e-01 1.052622124552726746e-01 1.114578321576118469e-01 1.135968640446662903e-01 1.131064072251319885e-01 1.155297979712486267e-01
5.190380761523045727e+00 1.047902181744575500e-01 2.479818649590015411e-02 1.125964000821113586e-01 1.161337271332740784e-01 9.912886470556259155e-02 9.913829714059829712e-02 9.459813684225082397e-02 1.013211384415626526e-01 1.016473993659019470e-01 1.055553928017616272e-01 1.201258078217506409e-01 1.057998612523078918e-01
5.210420841683366611e+00 7.962945103645324707e-02 1.074329297989606857e-02 7.543531060218811035e-02 8.146002888679504395e-02 8.360108733177185059e-02 8.308300375938415527e-02 7.602491974830627441e-02 8.580997586250305176e-02 7.936736941337585449e-02 7.921001315116882324e-02 8.327433466911315918e-02 7.811763882637023926e-02
5.230460921843687494e+00 1.534181833267211914e-01 1.002159062772989273e-02 1.542398929595947266e-01 1.492375433444976807e-01 1.568894684314727783e-01 1.541226208209991455e-01 1.584539115428924561e-01 1.576009392738342285e-01 1.535715162754058838e-01 1.550290584564208984e-01 1.489357054233551025e-01 1.555085182189941406e-01
5.250501002004007489e+00 -6.001885980367660522e-02 1.903291791677474976e-02 -6.911122053861618042e-02 -6.434379518032073975e-02 -5.314534902572631836e-02 -5.105939507484436035e-02 -5.452985316514968872e-02 -5.563655495643615723e-02 -5.796407163143157959e-02 -6.265179067850112915e-02 -6.771291792392730713e-02 -6.381331384181976318e-02
5.270541082164328373e+00 -7.021692395210266113e-02 2.888406394049525261e-03 -7.225482165813446045e-02 -6.957469880580902100e-02 -7.021932303905487061e-02 -6.920100748538970947e-02 -6.945751607418060303e-02 -7.153956592082977295e-02 -7.005779445171356201e-02 -7.015684247016906738e-02 -6.959921121597290039e-02 -7.037647068500518799e-02
5.290581162324649256e+00 -4.341715201735496521e-02 1.731251738965511322e-02 -3.759812936186790466e-02 -3.766589984297752380e-02 -4.810851439833641052e-02 -4.962426051497459412e-02 -4.316722974181175232e-02 -4.798513278365135193e-02 -4.542201384902000427e-02 -4.074126109480857849e-02 -3.190964087843894958e-02 -4.053318127989768982e-02
5.310621242484970139e+00 2.462212741374969482e-02 1.100878696888685226e-02 2.994085848331451416e-02 2.572847902774810791e-02 1.969085633754730225e-02 1.879020035266876221e-02 2.507083117961883545e-02 1.952679455280303955e-02 2.390469610691070557e-02 2.532441914081573486e-02 2.614469826221466064e-02 2.664811909198760986e-02
5.330661322645290134e+00 -4.567116126418113708e-02 1.001405902206897736e-02 -4.588272795081138611e-02 -4.257213696837425232e-02 -4.951700195670127869e-02 -5.174499377608299255e-02 -4.719435796141624451e-02 -4.871239885687828064e-02 -4.675683006644248962e-02 -4.397046193480491638e-02 -4.111972078680992126e-02 -4.399910196661949158e-02
5.350701402805611018e+00 7.511390000581741333e-02 1.904910616576671600e-02 8.589919656515121460e-02 7.393824309110641479e-02 7.011433690786361694e-02 6.490910798311233521e-02 8.000781387090682983e-02 7.145638018846511841e-02 7.245495170354843140e-02 7.998631149530410767e-02 7.772194594144821167e-02 8.158052712678909302e-02
5.370741482965931901e+00 1.347216963768005371e-01 2.074069716036319733e-02 1.387344896793365479e-01 1.254131793975830078e-01 1.338992565870285034e-01 1.272830218076705933e-01 1.449743062257766724e-01 1.347657293081283569e-01 1.339763104915618896e-01 1.394339054822921753e-01 1.242160722613334656e-01 1.405552774667739868e-01
5.390781563126251896e+00 3.446372970938682556e-02 4.781717900186777115e-03 3.662213310599327087e-02 3.567286953330039978e-02 3.246679529547691345e-02 3.205339238047599792e-02 3.513295575976371765e-02 3.225116059184074402e-02 3.448339924216270447e-02 3.376301750540733337e-02 3.545435890555381775e-02 3.404374048113822937e-02
5.410821643286572780e+00 4.920391738414764404e-02 1.372966077178716660e-02 5.399285256862640381e-02 4.274819791316986084e-02 4.930247366428375244e-02 4.664056003093719482e-02 5.719913542270660400e-02 4.866044223308563232e-02 4.998131096363067627e-02 5.011911690235137939e-02 4.257307946681976318e-02 5.204324424266815186e-02
5.430861723446893663e+00 -1.205474138259887695e-01 2.404333837330341339e-02 -1.272617429494857788e-01 -1.090058535337448120e-01 -1.224368363618850708e-01 -1.155024319887161255e-01 -1.343441009521484375e-01 -1.231598407030105591e-01 -1.211486160755157471e-01 -1.246038824319839478e-01 -1.097924336791038513e-01 -1.270489245653152466e-01
5.450901803607214546e+00 -8.694971352815628052e-02 2.161981351673603058e-02 -9.041164070367813110e-02 -9.709525853395462036e-02 -8.044154196977615356e-02 -8.298490196466445923e-02 -7.788962870836257935e-02 -8.088045567274093628e-02 -8.565022796392440796e-02 -8.615859597921371460e-02 -1.001318693161010742e-01 -8.635375648736953735e-02
5.470941883767534542e+00 5.352893099188804626e-02 1.769602671265602112e-02 4.689919576048851013e-02 4.915985092520713806e-02 5.915301665663719177e-02 5.944369360804557800e-02 5.765966698527336121e-02 5.855634436011314392e-02 5.562929436564445496e-02 5.030218884348869324e-02 4.287993535399436951e-02 4.984688386321067810e-02
5.490981963927855425e+00 1.385174877941608429e-02 9.050735272467136383e-03 1.590490527451038361e-02 9.609626606106758118e-03 1.550652272999286652e-02 1.087178476154804230e-02 1.510010845959186554e-02 1.808402128517627716e-02 1.271918602287769318e-02 1.616625674068927765e-02 9.771229699254035950e-03 1.619474776089191437e-02
5.511022044088176308e+00 9.300339221954345703e-02 2.385914698243141174e-02 1.032582223415374756e-01 9.346406906843185425e-02 8.421751856803894043e-02 7.972230017185211182e-02 9.610735625028610229e-02 8.457878232002258301e-02 9.109532088041305542e-02 9.831044077873229980e-02 9.978596866130828857e-02 1.002855226397514343e-01
5.531062124248497192e+00 2.900209464132785797e-02 9.141813963651657104e-03 2.835888601839542389e-02 3.205912560224533081e-02 3.138101845979690552e-02 3.375034779310226440e-02 2.411901392042636871e-02 3.209469467401504517e-02 2.887172438204288483e-02 2.715666033327579498e-02 3.088530339300632477e-02 2.667870558798313141e-02
5.551102204408817187e+00 1.323795169591903687e-01 8.260767906904220581e-03 1.345249265432357788e-01 1.289156228303909302e-01 1.327330619096755981e-01 1.298903822898864746e-01 1.332647353410720825e-01 1.344354301691055298e-01 1.323482543230056763e-01 1.357199549674987793e-01 1.290183216333389282e-01 1.366206705570220947e-01
5.571142284569138070e+00 8.924411237239837646e-02 4.097948316484689713e-03 9.040050208568572998e-02 9.001721441745758057e-02 8.717881143093109131e-02 8.638224005699157715e-02 8.909639716148376465e-02 8.808508515357971191e-02 8.880013227462768555e-02 8.879950642585754395e-02 9.006619453430175781e-02 8.926285803318023682e-02
5.591182364729458953e+00 3.731003776192665100e-02 7.882848381996154785e-03 4.206578806042671204e-02 3.909308090806007385e-02 3.453446179628372192e-02 3.358420729637145996e-02 3.778852149844169617e-02 3.494730591773986816e-02 3.638650104403495789e-02 3.828476741909980774e-02 3.945075348019599915e-02 3.894853219389915466e-02
5.611222444889778949e+00 2.271393686532974243e-01 1.409208122640848160e-02 2.265847325325012207e-01 2.218000143766403198e-01 2.306331396102905273e-01 2.281050384044647217e-01 2.346248477697372437e-01 2.307868003845214844e-01 2.282084673643112183e-01 2.268329858779907227e-01 2.178525626659393311e-01 2.275994420051574707e-01
5.631262525050099832e+00 3.103579208254814148e-02 6.677179131656885147e-03 2.944655343890190125e-02 2.872772142291069031e-02 3.294719383120536804e-02 3.308195993304252625e-02 2.919871732592582703e-02 3.401524946093559265e-02 3.134752437472343445e-02 3.210408613085746765e-02 2.717651054263114929e-02 3.180808946490287781e-02
5.651302605210420715e+00 1.289639323949813843e-01 1.395817194133996964e-02 1.336228698492050171e-01 1.295116990804672241e-01 1.229406520724296570e-01 1.205373927950859070e-01 1.287022083997726440e-01 1.235863491892814636e-01 1.277939528226852417e-01 1.310979574918746948e-01 1.336973756551742554e-01 1.318988054990768433e-01
5.671342685370741599e+00 3.695075958967208862e-02 3.377991914749145508e-02 2.176541835069656372e-02 2.982791513204574585e-02 4.915640503168106079e-02 4.928760975599288940e-02 3.927578777074813843e-02 5.081903189420700073e-02 3.823278099298477173e-02 3.323344141244888306e-02 1.954454928636550903e-02 3.026557713747024536e-02
5.691382765531061594e+00 4.169363528490066528e-04 1.530228648334741592e-02 4.219831898808479309e-03 7.689185440540313721e-05 -5.400715395808219910e-03 -8.442221209406852722e-03 5.360426381230354309e-03 -5.836067721247673035e-03 1.317281275987625122e-04 3.194453194737434387e-03 5.084993317723274231e-03 4.237534478306770325e-03
5.711422845691382477e+00 1.484471745789051056e-02 2.067141979932785034e-02 1.943735219538211823e-02 2.396649308502674103e-02 8.356677368283271790e-03 1.069867797195911407e-02 9.259620681405067444e-03 7.145838811993598938e-03 1.338727958500385284e-02 1.458527334034442902e-02 2.795024402439594269e-02 1.525485701858997345e-02
5.731462925851703361e+00 3.665806725621223450e-03 8.899919688701629639e-03 4.445349797606468201e-03 3.001892939209938049e-03 2.716239541769027710e-04 -1.216949895024299622e-03 7.623596116900444031e-03 -9.001884609460830688e-04 4.291346296668052673e-03 4.738645628094673157e-03 3.522334620356559753e-03 5.875280126929283142e-03
5.751503006012024244e+00 -9.782485663890838623e-03 1.131239905953407288e-02 -5.845330655574798584e-03 -1.156692206859588623e-02 -1.156713813543319702e-02 -1.289735734462738037e-02 -1.611240208148956299e-03 -1.403088867664337158e-02 -9.176656603813171387e-03 -8.604109287261962891e-03 -8.304879069328308105e-03 -6.972342729568481445e-03
5.771543086172344239e+00 -5.972844734787940979e-02 1.530734263360500336e-02 -6.316398084163665771e-02 -5.319023504853248596e-02 -6.028615310788154602e-02 -5.602416768670082092e-02 -6.907685101032257080e-02 -5.987984314560890198e-02 -5.939340963959693909e-02 -6.246267631649971008e-02 -5.187757685780525208e-02 -6.282044947147369385e-02
5.791583166332665122e+00 -1.356917805969715118e-02 2.190074324607849121e-02 -8.361788466572761536e-03 -5.014600697904825211e-03 -2.100110240280628204e-02 -2.055970020592212677e-02 -2.353450842201709747e-02 -1.983946748077869415e-02 -1.528129167854785919e-02 -1.362270303070545197e-02 -1.969339791685342789e-03 -1.386967487633228302e-02
5.811623246492986006e+00 -4.725213348865509033e-02 8.740769699215888977e-03 -4.728925228118896484e-02 -4.570570588111877441e-02 -4.449070990085601807e-02 -4.214152693748474121e-02 -5.176771432161331177e-02 -4.403125494718551636e-02 -4.766404628753662109e-02 -4.857908934354782104e-02 -4.926106333732604980e-02 -4.917223006486892700e-02
5.831663326653306001e+00 8.742410689592361450e-02 7.669559214264154434e-03 9.329257160425186157e-02 8.813188225030899048e-02 8.687783032655715942e-02 8.505535870790481567e-02 9.061137586832046509e-02 8.697379380464553833e-02 8.716847747564315796e-02 8.772893995046615601e-02 8.986163884401321411e-02 8.870062977075576782e-02
5.851703406813626884e+00 6.966939568519592285e-02 1.465406641364097595e-02 7.171398401260375977e-02 7.770982384681701660e-02 7.154515385627746582e-02 7.268646359443664551e-02 6.413272023200988770e-02 7.274383306503295898e-02 6.824034452438354492e-02 6.860086321830749512e-02 7.900643348693847656e-02 6.786638498306274414e-02
5.871743486973947768e+00 -1.214057803153991699e-01 1.046771742403507233e-02 -1.178254038095474243e-01 -1.192767769098281860e-01 -1.207293123006820679e-01 -1.196844130754470825e-01 -1.174051314592361450e-01 -1.227366775274276733e-01 -1.207234412431716919e-01 -1.199037879705429077e-01 -1.135495603084564209e-01 -1.187977194786071777e-01
5.891783567134268651e+00 -3.949693590402603149e-02 2.304711565375328064e-02 -4.915409535169601440e-02 -4.633673280477523804e-02 -3.141998499631881714e-02 -3.021760843694210052e-02 -3.551369160413742065e-02 -3.227204829454421997e-02 -3.773366659879684448e-02 -4.223264008760452271e-02 -5.150017887353897095e-02 -4.375264793634414673e-02
5.911823647294588646e+00 -1.309822127223014832e-02 2.067115530371665955e-02 -2.515501901507377625e-02 -1.084990426898002625e-02 -1.098213717341423035e-02 -7.985185831785202026e-03 -2.392445132136344910e-02 -8.985947817564010620e-03 -1.292784139513969421e-02 -1.743070408701896667e-02 -1.924822852015495300e-02 -2.060626074671745300e-02
5.931863727454909530e+00 3.330831974744796753e-02 2.604788728058338165e-02 2.629894763231277466e-02 2.844619005918502808e-02 4.573545604944229126e-02 4.738620668649673462e-02 3.755342215299606323e-02 4.585941880941390991e-02 3.482794016599655151e-02 3.155393153429031372e-02 2.525367587804794312e-02 3.036815673112869263e-02
5.951903807615230413e+00 -3.381713479757308960e-02 4.243493080139160156e-02 -1.437177415937185287e-02 -2.873219363391399384e-02 -4.944586753845214844e-02 -5.625087767839431763e-02 -3.049878589808940887e-02 -4.958534985780715942e-02 -3.655949980020523071e-02 -2.747653983533382416e-02 -1.771997474133968353e-02 -2.452556602656841278e-02
5.971943887775551296e+00 1.322518289089202881e-02 1.097255665808916092e-02 9.264275431632995605e-03 9.472265839576721191e-03 1.669608056545257568e-02 1.620648801326751709e-02 1.645044982433319092e-02 1.659138500690460205e-02 1.341958343982696533e-02 1.253719627857208252e-02 6.531909108161926270e-03 1.152662932872772217e-02
5.991983967935871291e+00 6.583074480295181274e-02 8.124570362269878387e-03 6.529713422060012817e-02 6.232680380344390869e-02 6.350705772638320923e-02 6.181669980287551880e-02 6.895655393600463867e-02 6.317362934350967407e-02 6.663863360881805420e-02 6.688468903303146362e-02 6.263937056064605713e-02 6.764380633831024170e-02
6.012024048096192175e+00 -4.270401597023010254e-02 1.464342419058084488e-02 -5.043371021747589111e-02 -4.329548776149749756e-02 -3.914898633956909180e-02 -3.531733155250549316e-02 -4.705953598022460938e-02 -3.968235850334167480e-02 -4.140397906303405762e-02 -4.590734839439392090e-02 -4.806205630302429199e-02 -4.703982174396514893e-02
6.032064128256513058e+00 -4.664944484829902649e-03 1.775088720023632050e-02 -6.195904687047004700e-03 -1.354479975998401642e-02 7.832925766706466675e-04 1.535786315798759460e-03 4.616690799593925476e-03 -1.848297193646430969e-03 -2.376692369580268860e-03 -2.970533445477485657e-03 -1.212392933666706085e-02 -1.737223938107490540e-03
6.052104208416833053e+00 3.850989416241645813e-02 7.393672596663236618e-03 3.666516765952110291e-02 4.053036496043205261e-02 3.766176477074623108e-02 3.588715568184852600e-02 3.308496996760368347e-02 4.063020274043083191e-02 3.702228888869285583e-02 3.821293637156486511e-02 3.802433237433433533e-02 3.671264275908470154e-02
6.072144288577153937e+00 -2.836707979440689087e-02 1.310428511351346970e-02 -3.178704530000686646e-02 -3.394744545221328735e-02 -2.428910881280899048e-02 -2.412188798189163208e-02 -2.199900895357131958e-02 -2.601779252290725708e-02 -2.700523287057876587e-02 -2.878466993570327759e-02 -3.518048673868179321e-02 -2.860219031572341919e-02
6.092184368737474820e+00 1.190486475825309753e-01 7.583303377032279968e-03 1.157580986618995667e-01 1.184297278523445129e-01 1.218395307660102844e-01 1.239964589476585388e-01 1.189380213618278503e-01 1.217221692204475403e-01 1.202616319060325623e-01 1.178667172789573669e-01 1.175104603171348572e-01 1.177269741892814636e-01
6.112224448897795703e+00 -9.609546512365341187e-03 1.198515202850103378e-02 -5.364802200347185135e-03 -6.154265720397233963e-03 -1.391079649329185486e-02 -1.663350686430931091e-02 -1.267513260245323181e-02 -1.229023560881614685e-02 -1.139679178595542908e-02 -8.342649787664413452e-03 -4.842933733016252518e-03 -8.183237165212631226e-03
6.132264529058115698e+00 -1.291479170322418213e-02 6.001269910484552383e-03 -1.593258976936340332e-02 -1.500345766544342041e-02 -1.194256544113159180e-02 -1.056656241416931152e-02 -1.519129425287246704e-02 -1.172441244125366211e-02 -1.250647753477096558e-02 -1.336640119552612305e-02 -1.583495736122131348e-02 -1.372773200273513794e-02
6.152304609218436582e+00 -6.608872860670089722e-02 1.536308135837316513e-02 -6.128469854593276978e-02 -6.294638663530349731e-02 -7.266493141651153564e-02 -7.355637103319168091e-02 -6.370258331298828125e-02 -7.379874587059020996e-02 -6.602104753255844116e-02 -6.646376848220825195e-02 -5.984181165695190430e-02 -6.561455130577087402e-02
6.172344689378757465e+00 -1.838807389140129089e-02 4.780747462064027786e-03 -1.788971200585365295e-02 -1.638874784111976624e-02 -1.875822618603706360e-02 -2.042958512902259827e-02 -2.065945789217948914e-02 -1.658598706126213074e-02 -1.882580295205116272e-02 -1.953886821866035461e-02 -1.767282560467720032e-02 -2.036713436245918274e-02
6.192384769539078349e+00 -5.359285324811935425e-02 1.051764655858278275e-02 -5.747650563716888428e-02 -4.983474314212799072e-02 -5.201416462659835815e-02 -4.921848326921463013e-02 -5.883243680000305176e-02 -5.171437561511993408e-02 -5.326828360557556152e-02 -5.478073656558990479e-02 -4.868614301085472107e-02 -5.544620752334594727e-02
6.212424849699398344e+00 -1.722490228712558746e-02 2.488925866782665253e-02 -2.530034817755222321e-02 -1.779302395880222321e-02 -8.016580715775489807e-03 7.646735757589340210e-04 -1.964023150503635406e-02 -1.083498634397983551e-02 -1.481073535978794098e-02 -2.218067087233066559e-02 -2.296238578855991364e-02 -2.329050935804843903e-02
6.232464929859719227e+00 -1.595250815153121948e-01 5.557493306696414948e-03 -1.623723059892654419e-01 -1.605972498655319214e-01 -1.575738340616226196e-01 -1.557270437479019165e-01 -1.591937988996505737e-01 -1.585840433835983276e-01 -1.584348231554031372e-01 -1.587776988744735718e-01 -1.587291806936264038e-01 -1.592371016740798950e-01
6.252505010020040110e+00 1.082778200507164001e-01 2.301154471933841705e-02 1.181442067027091980e-01 1.094073727726936340e-01 9.893461316823959351e-02 9.536311775445938110e-02 1.107151582837104797e-01 9.868704527616500854e-02 1.070706918835639954e-01 1.117945536971092224e-01 1.142382398247718811e-01 1.138105466961860657e-01
6.272545090180360106e+00 1.433378905057907104e-01 1.055531390011310577e-02 1.511573046445846558e-01 1.429224759340286255e-01 1.422063857316970825e-01 1.389884799718856812e-01 1.475502997636795044e-01 1.429009288549423218e-01 1.424822658300399780e-01 1.448954194784164429e-01 1.441272944211959839e-01 1.462375372648239136e-01
6.292585170340680989e+00 1.501230150461196899e-01 1.375788729637861252e-02 1.462169438600540161e-01 1.528640538454055786e-01 1.517521888017654419e-01 1.526376754045486450e-01 1.406842917203903198e-01 1.544792801141738892e-01 1.496285945177078247e-01 1.462429910898208618e-01 1.481588333845138550e-01 1.445834487676620483e-01
6.312625250501001872e+00 4.922331497073173523e-02 1.013460569083690643e-02 5.627178773283958435e-02 5.045157298445701599e-02 4.817117378115653992e-02 4.883350059390068054e-02 5.201898142695426941e-02 4.681981727480888367e-02 4.866267368197441101e-02 5.004454776644706726e-02 5.495717748999595642e-02 5.095797404646873474e-02
6.332665330661322756e+00 1.495220065116882324e-01 1.103869639337062836e-02 1.549582779407501221e-01 1.467649489641189575e-01 1.464300453662872314e-01 1.433801054954528809e-01 1.515633165836334229e-01 1.473385840654373169e-01 1.491190195083618164e-01 1.523856371641159058e-01 1.501883268356323242e-01 1.539850085973739624e-01
6.352705410821642751e+00 7.642506062984466553e-02 1.248246710747480392e-02 8.317914605140686035e-02 7.336562871932983398e-02 7.541421055793762207e-02 7.310494780540466309e-02 8.368143439292907715e-02 7.437956333160400391e-02 7.669918239116668701e-02 7.858227193355560303e-02 7.356381416320800781e-02 8.082358539104461670e-02
6.372745490981963634e+00 4.303050413727760315e-02 2.347972802817821503e-02 5.492763593792915344e-02 4.307066276669502258e-02 3.484793379902839661e-02 3.041038289666175842e-02 4.841369763016700745e-02 3.497520461678504944e-02 4.082329943776130676e-02 4.796286299824714661e-02 4.610275104641914368e-02 5.025074258446693420e-02
6.392785571142284518e+00 -5.899162590503692627e-02 2.043332532048225403e-02 -5.345007777214050293e-02 -5.348141491413116455e-02 -6.642377376556396484e-02 -6.383717060089111328e-02 -6.337173283100128174e-02 -6.863017380237579346e-02 -5.946671962738037109e-02 -5.818457901477813721e-02 -4.623772203922271729e-02 -5.727575719356536865e-02
6.412825651302604513e+00 5.726112052798271179e-02 1.276327203959226608e-02 6.500451266765594482e-02 5.814186856150627136e-02 5.492208525538444519e-02 5.173505470156669617e-02 5.869224295020103455e-02 5.643295869231224060e-02 5.550969764590263367e-02 6.088181957602500916e-02 6.235435232520103455e-02 6.191207095980644226e-02
6.432865731462925396e+00 -3.679060563445091248e-02 3.724877955392003059e-03 -3.808711841702461243e-02 -3.803231194615364075e-02 -3.662006929516792297e-02 -3.715082630515098572e-02 -3.574447706341743469e-02 -3.590409830212593079e-02 -3.693089261651039124e-02 -3.487635031342506409e-02 -3.740027919411659241e-02 -3.464937582612037659e-02
6.452905811623246279e+00 7.277781516313552856e-02 2.791310474276542664e-02 8.718653768301010132e-02 7.889045029878616333e-02 6.267606467008590698e-02 5.791210755705833435e-02 7.188571244478225708e-02 6.467989832162857056e-02 6.959842890501022339e-02 7.518682628870010376e-02 8.347157388925552368e-02 7.678432017564773560e-02
6.472945891783567163e+00 1.962638273835182190e-02 2.158560790121555328e-02 2.238892391324043274e-02 3.004327788949012756e-02 1.219889894127845764e-02 1.280312612652778625e-02 9.859997779130935669e-03 1.342815533280372620e-02 1.837483420968055725e-02 1.807387545704841614e-02 3.000557795166969299e-02 1.775558665394783020e-02
6.492985971943887158e+00 -2.606117352843284607e-02 7.163600064814090729e-03 -2.922966703772544861e-02 -2.750102803111076355e-02 -2.510040625929832458e-02 -2.238449081778526306e-02 -2.553593739867210388e-02 -2.646214887499809265e-02 -2.499834820628166199e-02 -2.814727649092674255e-02 -2.983751520514488220e-02 -2.822625264525413513e-02
6.513026052104208041e+00 7.570812851190567017e-02 2.387869730591773987e-02 8.616942912340164185e-02 7.653503119945526123e-02 6.741864979267120361e-02 6.212509423494338989e-02 8.323228359222412109e-02 6.728021800518035889e-02 7.427648454904556274e-02 7.919351011514663696e-02 8.117683231830596924e-02 8.172902464866638184e-02
6.533066132264528925e+00 -7.556919753551483154e-02 1.040920894593000412e-02 -7.564876973628997803e-02 -7.700644433498382568e-02 -7.929466664791107178e-02 -8.109594881534576416e-02 -6.991584599018096924e-02 -8.084447681903839111e-02 -7.615493237972259521e-02 -7.480917870998382568e-02 -7.672147452831268311e-02 -7.538147270679473877e-02
6.553106212424849808e+00 9.117596596479415894e-02 3.429458476603031158e-03 9.052600711584091187e-02 9.107857197523117065e-02 9.133952111005783081e-02 9.064882248640060425e-02 9.304846078157424927e-02 9.122750908136367798e-02 9.044820815324783325e-02 9.098922461271286011e-02 8.856210857629776001e-02 9.079841524362564087e-02
6.573146292585169803e+00 1.829425543546676636e-01 1.897030882537364960e-02 1.875726729631423950e-01 1.745097637176513672e-01 1.819496601819992065e-01 1.772990971803665161e-01 1.928714960813522339e-01 1.818777173757553101e-01 1.824735254049301147e-01 1.862782537937164307e-01 1.730134636163711548e-01 1.879980415105819702e-01
6.593186372745490686e+00 2.105791717767715454e-01 1.068419963121414185e-02 2.127486914396286011e-01 2.062251418828964233e-01 2.105252295732498169e-01 2.051618248224258423e-01 2.130482643842697144e-01 2.133705168962478638e-01 2.093599885702133179e-01 2.135397642850875854e-01 2.055694609880447388e-01 2.140618711709976196e-01
6.613226452905811570e+00 2.054471671581268311e-01 1.115018781274557114e-02 2.040867954492568970e-01 2.015820145606994629e-01 2.101184427738189697e-01 2.084406465291976929e-01 2.061317712068557739e-01 2.117631882429122925e-01 2.053613215684890747e-01 2.058397084474563599e-01 1.994079798460006714e-01 2.055473476648330688e-01
6.633266533066131565e+00 -9.723702445626258850e-03 4.368009045720100403e-03 -9.876767173409461975e-03 -1.022795774042606354e-02 -1.187441684305667877e-02 -1.093927957117557526e-02 -9.546676650643348694e-03 -1.290778256952762604e-02 -9.238282218575477600e-03 -8.899906650185585022e-03 -8.911648765206336975e-03 -8.726993575692176819e-03
6.653306613226452448e+00 -8.100083470344543457e-02 6.660635117441415787e-03 -8.303193747997283936e-02 -8.431711792945861816e-02 -7.980708777904510498e-02 -7.977122068405151367e-02 -7.679173350334167480e-02 -8.065292984247207642e-02 -8.047366142272949219e-02 -8.006012439727783203e-02 -8.355852961540222168e-02 -8.007852733135223389e-02
6.673346693386773332e+00 1.086713820695877075e-01 3.029451519250869751e-02 1.033773571252822876e-01 9.373596310615539551e-02 1.159199178218841553e-01 1.128976494073867798e-01 1.231366246938705444e-01 1.148407459259033203e-01 1.107346862554550171e-01 1.094897389411926270e-01 9.010598063468933105e-02 1.097647249698638916e-01
6.693386773547094215e+00 -1.542904824018478394e-01 8.132847957313060760e-03 -1.554621309041976929e-01 -1.542975157499313354e-01 -1.503426283597946167e-01 -1.503859907388687134e-01 -1.550902277231216431e-01 -1.491921693086624146e-01 -1.548838168382644653e-01 -1.552813649177551270e-01 -1.557366400957107544e-01 -1.562941521406173706e-01
6.713426853707414210e+00 -8.912343531847000122e-02 1.588192582130432129e-02 -8.080215752124786377e-02 -8.736301958560943604e-02 -9.455811977386474609e-02 -9.558492898941040039e-02 -8.842875063419342041e-02 -9.452748298645019531e-02 -9.081045538187026978e-02 -8.562704920768737793e-02 -8.299708366394042969e-02 -8.394440263509750366e-02
6.733466933867735094e+00 2.338813617825508118e-02 1.886872760951519012e-02 2.348776534199714661e-02 1.405232027173042297e-02 2.554057911038398743e-02 2.051942422986030579e-02 3.134854510426521301e-02 2.626927569508552551e-02 2.376281097531318665e-02 2.500124648213386536e-02 1.005785539746284485e-02 2.553393319249153137e-02
6.753507014028055977e+00 3.317275643348693848e-02 1.378997694700956345e-02 2.856829762458801270e-02 3.688770532608032227e-02 3.414088487625122070e-02 3.703331202268600464e-02 2.316901832818984985e-02 3.550533205270767212e-02 3.297509253025054932e-02 2.985718846321105957e-02 3.266396373510360718e-02 2.838789671659469604e-02
6.773547094188376860e+00 -8.328790962696075439e-02 2.149727381765842438e-02 -8.083273470401763916e-02 -7.157887518405914307e-02 -8.588095009326934814e-02 -8.187170326709747314e-02 -9.321363270282745361e-02 -8.593358099460601807e-02 -8.422626554965972900e-02 -8.696378767490386963e-02 -7.008428871631622314e-02 -8.740521967411041260e-02
6.793587174348696855e+00 1.975377649068832397e-02 5.146734416484832764e-03 1.738094538450241089e-02 1.687770336866378784e-02 1.895885914564132690e-02 1.754107326269149780e-02 2.069430798292160034e-02 1.881685107946395874e-02 1.985114067792892456e-02 2.114876359701156616e-02 1.829084008932113647e-02 2.087350934743881226e-02
6.813627254509017739e+00 -2.497610263526439667e-02 1.445128861814737320e-02 -2.448699437081813812e-02 -1.824705861508846283e-02 -2.629259042441844940e-02 -2.632751129567623138e-02 -3.415475413203239441e-02 -2.379201166331768036e-02 -2.727975510060787201e-02 -2.542471699416637421e-02 -1.696737669408321381e-02 -2.718563936650753021e-02
6.833667334669338622e+00 -9.354366362094879150e-02 2.939109876751899719e-02 -9.058950841426849365e-02 -8.100871741771697998e-02 -1.032030433416366577e-01 -1.029851287603378296e-01 -1.001579314470291138e-01 -1.035612672567367554e-01 -9.484486281871795654e-02 -9.468244016170501709e-02 -7.435847818851470947e-02 -9.499584138393402100e-02
6.853707414829658617e+00 9.748628735542297363e-02 1.063064299523830414e-02 9.609118103981018066e-02 1.012122929096221924e-01 9.923934936523437500e-02 9.972862899303436279e-02 9.038424491882324219e-02 1.012436896562576294e-01 9.639275074005126953e-02 9.505434334278106689e-02 9.929510951042175293e-02 9.369587898254394531e-02
6.873747494989979501e+00 2.296134829521179199e-02 1.117577683180570602e-02 2.077000588178634644e-02 2.265891432762145996e-02 2.702175825834274292e-02 3.083439171314239502e-02 2.133016288280487061e-02 2.607326209545135498e-02 2.443096041679382324e-02 1.932788640260696411e-02 2.196887135505676270e-02 1.934313029050827026e-02
6.893787575150300384e+00 6.692162156105041504e-02 1.156865712255239487e-02 7.339704036712646484e-02 6.885412335395812988e-02 6.322884559631347656e-02 6.086656078696250916e-02 6.638970971107482910e-02 6.427967548370361328e-02 6.572225689888000488e-02 6.855174899101257324e-02 7.140329480171203613e-02 6.950852274894714355e-02
6.913827655310621267e+00 -5.657647177577018738e-02 6.078288424760103226e-03 -5.818764492869377136e-02 -5.708102509379386902e-02 -5.756558105349540710e-02 -5.802754685282707214e-02 -5.296481773257255554e-02 -5.898265168070793152e-02 -5.508763715624809265e-02 -5.593673512339591980e-02 -5.361167713999748230e-02 -5.566237494349479675e-02
6.933867735470941263e+00 -1.158187687397003174e-01 9.690238162875175476e-03 -1.190625652670860291e-01 -1.155963316559791565e-01 -1.126266270875930786e-01 -1.123609319329261780e-01 -1.171974092721939087e-01 -1.116172894835472107e-01 -1.157096847891807556e-01 -1.168214455246925354e-01 -1.218671277165412903e-01 -1.178724989295005798e-01
6.953907815631262146e+00 3.901714086532592773e-02 1.624596677720546722e-02 2.923572249710559845e-02 3.934933245182037354e-02 4.398900270462036133e-02 4.588818550109863281e-02 3.466361761093139648e-02 4.518696665763854980e-02 3.991383314132690430e-02 3.658558428287506104e-02 3.524067997932434082e-02 3.468757867813110352e-02
6.973947895791583029e+00 8.444152772426605225e-03 1.652551814913749695e-02 9.953506290912628174e-03 1.623766869306564331e-02 7.518709171563386917e-03 1.075178384780883789e-02 -2.529896330088376999e-03 9.302020072937011719e-03 7.040620315819978714e-03 7.793955970555543900e-03 1.721946895122528076e-02 6.475188303738832474e-03
6.993987975951903913e+00 2.011210024356842041e-01 1.522322744131088257e-02 1.991440504789352417e-01 1.955165117979049683e-01 2.044702619314193726e-01 2.012215852737426758e-01 2.089237570762634277e-01 2.050391435623168945e-01 2.017830461263656616e-01 2.005287855863571167e-01 1.906979084014892578e-01 2.011174857616424561e-01
7.014028056112223908e+00 -8.240623027086257935e-02 1.088879071176052094e-02 -8.860271424055099487e-02 -8.135996013879776001e-02 -8.023265749216079712e-02 -7.693349570035934448e-02 -8.691320568323135376e-02 -8.071476966142654419e-02 -8.126094192266464233e-02 -8.448851853609085083e-02 -8.507116883993148804e-02 -8.535812050104141235e-02
7.034068136272544791e+00 -1.879441179335117340e-02 1.414278708398342133e-02 -1.612984575331211090e-02 -2.616923488676548004e-02 -1.724948920309543610e-02 -2.073627151548862457e-02 -1.147409714758396149e-02 -1.643266715109348297e-02 -1.862805522978305817e-02 -1.612150110304355621e-02 -2.624965645372867584e-02 -1.549955643713474274e-02
7.054108216432865675e+00 6.359064579010009766e-02 1.095221843570470810e-02 5.916902795433998108e-02 6.331869959831237793e-02 6.724625825881958008e-02 6.889113783836364746e-02 6.222078576683998108e-02 6.760537624359130859e-02 6.390810012817382812e-02 6.130102649331092834e-02 5.847028270363807678e-02 6.049996986985206604e-02
7.074148296593185670e+00 -1.624345034360885620e-01 4.089596867561340332e-02 -1.855007559061050415e-01 -1.645578294992446899e-01 -1.484898179769515991e-01 -1.422338038682937622e-01 -1.659354120492935181e-01 -1.495396643877029419e-01 -1.588913947343826294e-01 -1.703657358884811401e-01 -1.740480810403823853e-01 -1.745951920747756958e-01
7.094188376753506553e+00 -5.049458518624305725e-02 8.358786813914775848e-03 -5.085419490933418274e-02 -4.700911417603492737e-02 -4.938455298542976379e-02 -4.705314710736274719e-02 -5.154209211468696594e-02 -5.024956539273262024e-02 -5.124538019299507141e-02 -5.012777820229530334e-02 -4.395446553826332092e-02 -5.065928772091865540e-02
7.114228456913827436e+00 -1.129103526473045349e-01 6.446610670536756516e-03 -1.147898361086845398e-01 -1.133987978100776672e-01 -1.108333244919776917e-01 -1.089643314480781555e-01 -1.091780886054039001e-01 -1.127453371882438660e-01 -1.126370355486869812e-01 -1.134394034743309021e-01 -1.146353706717491150e-01 -1.137461736798286438e-01
7.134268537074148320e+00 4.033414274454116821e-02 2.044464834034442902e-02 5.015134066343307495e-02 4.519287496805191040e-02 3.258252888917922974e-02 3.117370046675205231e-02 4.044341295957565308e-02 3.213500231504440308e-02 3.893262892961502075e-02 4.166794568300247192e-02 4.900752753019332886e-02 4.327126592397689819e-02
7.154308617234468315e+00 2.362582646310329437e-02 9.696572087705135345e-03 2.397265098989009857e-02 1.986806653439998627e-02 2.729411981999874115e-02 2.638650499284267426e-02 2.926953695714473724e-02 2.710629068315029144e-02 2.426681481301784515e-02 2.560031972825527191e-02 2.176359854638576508e-02 2.629989944398403168e-02
7.174348697394789198e+00 7.707168161869049072e-02 2.641634317114949226e-03 7.649363577365875244e-02 7.745434343814849854e-02 7.689471542835235596e-02 7.795859873294830322e-02 7.476194202899932861e-02 7.695771753787994385e-02 7.755680382251739502e-02 7.702900469303131104e-02 7.736863195896148682e-02 7.692857086658477783e-02
7.194388777555110082e+00 -8.294753730297088623e-02 2.813725546002388000e-02 -9.050935506820678711e-02 -9.231765568256378174e-02 -7.182948291301727295e-02 -7.072404026985168457e-02 -7.356606423854827881e-02 -7.325279712677001953e-02 -8.047024905681610107e-02 -8.440858125686645508e-02 -9.634906053543090820e-02 -8.527435362339019775e-02
7.214428857715430965e+00 2.770487777888774872e-02 1.054031681269407272e-02 3.175158798694610596e-02 2.493284456431865692e-02 2.521949820220470428e-02 2.218634448945522308e-02 3.230475634336471558e-02 2.495337091386318207e-02 2.643375657498836517e-02 3.042613528668880463e-02 2.631732635200023651e-02 3.101450018584728241e-02
7.234468937875750960e+00 7.194131612777709961e-02 7.533370517194271088e-03 7.226631045341491699e-02 7.451751828193664551e-02 6.971544027328491211e-02 7.241734862327575684e-02 6.715843081474304199e-02 6.880089640617370605e-02 7.235759496688842773e-02 7.068923115730285645e-02 7.498076558113098145e-02 7.083481550216674805e-02
7.254509018036071843e+00 -5.192264541983604431e-02 2.277515269815921783e-02 -4.721536859869956970e-02 -4.123498126864433289e-02 -5.899072811007499695e-02 -5.864487215876579285e-02 -5.803550407290458679e-02 -5.875835940241813660e-02 -5.390095338225364685e-02 -5.346200987696647644e-02 -3.797070309519767761e-02 -5.370653793215751648e-02
7.274549098196392727e+00 -2.065334618091583252e-01 1.029626838862895966e-02 -2.078603506088256836e-01 -2.035878896713256836e-01 -2.077069282531738281e-01 -2.034740746021270752e-01 -2.037090063095092773e-01 -2.121620774269104004e-01 -2.051117718219757080e-01 -2.077863812446594238e-01 -2.000932991504669189e-01 -2.071045339107513428e-01
7.294589178356712722e+00 -1.606469750404357910e-01 1.004927232861518860e-02 -1.672215014696121216e-01 -1.604417413473129272e-01 -1.590760201215744019e-01 -1.569062024354934692e-01 -1.640965342521667480e-01 -1.589408516883850098e-01 -1.608487963676452637e-01 -1.619787663221359253e-01 -1.646433323621749878e-01 -1.636247038841247559e-01
7.314629258517033605e+00 4.612178355455398560e-02 1.197329908609390259e-02 5.120135098695755005e-02 4.574269801378250122e-02 4.209239035844802856e-02 3.806851059198379517e-02 4.712406545877456665e-02 4.406262189149856567e-02 4.504004865884780884e-02 4.901842027902603149e-02 4.901314526796340942e-02 4.978851228952407837e-02
7.334669338677354489e+00 8.063738048076629639e-02 3.548858920112252235e-03 8.215667307376861572e-02 8.089648187160491943e-02 7.886064052581787109e-02 7.888041436672210693e-02 7.923795282840728760e-02 7.958622276782989502e-02 8.100584149360656738e-02 8.032411336898803711e-02 8.140525221824645996e-02 8.097451925277709961e-02
7.354709418837675372e+00 6.861522793769836426e-02 1.052480749785900116e-02 6.913410127162933350e-02 6.497877836227416992e-02 7.270962744951248169e-02 7.401968538761138916e-02 7.341051101684570312e-02 7.109294831752777100e-02 6.930562108755111694e-02 6.878500431776046753e-02 6.395918130874633789e-02 6.907372176647186279e-02
7.374749498997995367e+00 1.117202043533325195e-01 5.136373452842235565e-03 1.124766767024993896e-01 1.111374944448471069e-01 1.116464436054229736e-01 1.110832393169403076e-01 1.083344668149948120e-01 1.133375167846679688e-01 1.111859083175659180e-01 1.116873174905776978e-01 1.084475368261337280e-01 1.115293949842453003e-01
7.394789579158316251e+00 3.166480734944343567e-02 1.575514115393161774e-02 2.765708044171333313e-02 3.037843480706214905e-02 3.913596644997596741e-02 3.847350552678108215e-02 3.208150342106819153e-02 4.083307459950447083e-02 3.211431577801704407e-02 2.938349917531013489e-02 2.638273313641548157e-02 2.830456569790840149e-02
7.414829659318637134e+00 1.117537021636962891e-01 1.359628234058618546e-02 1.122194528579711914e-01 1.186649501323699951e-01 1.130547523498535156e-01 1.146781742572784424e-01 1.072240471839904785e-01 1.137432157993316650e-01 1.117699742317199707e-01 1.107880771160125732e-01 1.218077838420867920e-01 1.110405325889587402e-01
7.434869739478958017e+00 -1.536241173744201660e-01 1.615896075963973999e-02 -1.520453393459320068e-01 -1.450215578079223633e-01 -1.528334915637969971e-01 -1.506664156913757324e-01 -1.602993607521057129e-01 -1.520918458700180054e-01 -1.546772718429565430e-01 -1.551682054996490479e-01 -1.426722109317779541e-01 -1.559524834156036377e-01
7.454909819639278012e+00 -4.557055979967117310e-02 7.069994695484638214e-03 -4.508946090936660767e-02 -4.354343563318252563e-02 -4.652038961648941040e-02 -4.337359219789505005e-02 -4.542345553636550903e-02 -4.868675023317337036e-02 -4.484201222658157349e-02 -4.583213478326797485e-02 -4.012761265039443970e-02 -4.532910138368606567e-02
7.474949899799598896e+00 1.262781322002410889e-01 2.400741726160049438e-02 1.343979537487030029e-01 1.297609508037567139e-01 1.165819764137268066e-01 1.141741424798965454e-01 1.259247213602066040e-01 1.166238188743591309e-01 1.251615136861801147e-01 1.292836964130401611e-01 1.377632468938827515e-01 1.311163902282714844e-01
7.494989979959919779e+00 -9.232190996408462524e-02 9.302715770900249481e-03 -9.483214467763900757e-02 -8.786035329103469849e-02 -9.538219124078750610e-02 -9.423241764307022095e-02 -9.438369423151016235e-02 -9.619394689798355103e-02 -9.210462123155593872e-02 -9.466174989938735962e-02 -8.877126127481460571e-02 -9.550295025110244751e-02
7.515030060120239774e+00 1.164806857705116272e-01 1.015673298388719559e-02 1.185674741864204407e-01 1.133236214518547058e-01 1.135800555348396301e-01 1.110999360680580139e-01 1.214188113808631897e-01 1.127138361334800720e-01 1.165947839617729187e-01 1.173525974154472351e-01 1.134633496403694153e-01 1.182768717408180237e-01
7.535070140280560658e+00 1.252428889274597168e-01 2.071743644773960114e-02 1.193931698799133301e-01 1.173354089260101318e-01 1.331291198730468750e-01 1.313423514366149902e-01 1.315183341503143311e-01 1.336520612239837646e-01 1.265218853950500488e-01 1.246390044689178467e-01 1.142557561397552490e-01 1.241865754127502441e-01
7.555110220440881541e+00 -3.177852928638458252e-02 2.422816492617130280e-02 -4.204900562763214111e-02 -3.820677101612091064e-02 -2.343167364597320557e-02 -1.934988796710968018e-02 -2.938117086887359619e-02 -2.506871521472930908e-02 -2.916605770587921143e-02 -3.430737555027008057e-02 -4.362280666828155518e-02 -3.537829220294952393e-02
7.575150300601202424e+00 1.208997443318367004e-01 6.621434353291988373e-03 1.235966160893440247e-01 1.210121586918830872e-01 1.184545829892158508e-01 1.160690262913703918e-01 1.200967505574226379e-01 1.195651367306709290e-01 1.201982572674751282e-01 1.219930127263069153e-01 1.213511899113655090e-01 1.226357594132423401e-01
7.595190380761522420e+00 2.182386256754398346e-02 1.523676514625549316e-02 2.263546921312808990e-02 2.706053294241428375e-02 1.535024680197238922e-02 1.544095017015933990e-02 1.814124919474124908e-02 1.504814065992832184e-02 2.113148011267185211e-02 2.170177735388278961e-02 2.969210781157016754e-02 2.168996073305606842e-02
7.615230460921843303e+00 -8.887485414743423462e-02 2.234418876469135284e-02 -9.748966246843338013e-02 -9.134060889482498169e-02 -7.980728894472122192e-02 -7.564453035593032837e-02 -8.665854483842849731e-02 -8.114454895257949829e-02 -8.702049404382705688e-02 -9.227926284074783325e-02 -9.673372656106948853e-02 -9.348420053720474243e-02
7.635270541082164186e+00 2.488821372389793396e-02 2.056794054806232452e-02 1.552986633032560349e-02 1.762076839804649353e-02 3.034332022070884705e-02 3.223862871527671814e-02 2.601024135947227478e-02 2.983188256621360779e-02 2.657824382185935974e-02 2.273079380393028259e-02 1.249569188803434372e-02 2.129339799284934998e-02
7.655310621242485070e+00 4.767725244164466858e-02 4.897308070212602615e-03 4.728930070996284485e-02 4.799269512295722961e-02 4.841710999608039856e-02 4.735065624117851257e-02 4.440048709511756897e-02 5.068443343043327332e-02 4.726529493927955627e-02 4.696544632315635681e-02 4.675777629017829895e-02 4.632614925503730774e-02
7.675350701402805065e+00 9.767264872789382935e-02 8.616246283054351807e-03 9.550584107637405396e-02 1.000706925988197327e-01 9.596637636423110962e-02 9.757272154092788696e-02 9.036553651094436646e-02 9.723199158906936646e-02 9.603495150804519653e-02 9.674251824617385864e-02 9.748346358537673950e-02 9.571040421724319458e-02
7.695390781563125948e+00 -2.101329118013381958e-01 3.644559904932975769e-02 -2.253545671701431274e-01 -2.223187834024429321e-01 -1.978777199983596802e-01 -1.936566382646560669e-01 -2.020527273416519165e-01 -2.006471902132034302e-01 -2.056157141923904419e-01 -2.123768776655197144e-01 -2.284452468156814575e-01 -2.137442380189895630e-01
7.715430861723446831e+00 -3.903260454535484314e-03 9.380168281495571136e-03 -7.955064997076988220e-03 -7.550170645117759705e-03 -2.108266577124595642e-03 -3.296783193945884705e-03 6.333086639642715454e-04 -2.571811899542808533e-03 -2.450278028845787048e-03 -4.584064707159996033e-03 -9.303739294409751892e-03 -4.777302965521812439e-03
7.735470941883766827e+00 -1.590143293142318726e-01 2.202499285340309143e-02 -1.611763238906860352e-01 -1.479555219411849976e-01 -1.594180613756179810e-01 -1.519014984369277954e-01 -1.686215400695800781e-01 -1.618247628211975098e-01 -1.586978882551193237e-01 -1.643228381872177124e-01 -1.470911502838134766e-01 -1.651548445224761963e-01
7.755511022044087710e+00 7.401902973651885986e-02 5.348929204046726227e-03 7.504345476627349854e-02 7.499153912067413330e-02 7.288254797458648682e-02 6.973297894001007080e-02 7.630075514316558838e-02 7.392580807209014893e-02 7.398726046085357666e-02 7.313759624958038330e-02 7.339848577976226807e-02 7.322318851947784424e-02
7.775551102204408593e+00 1.982956975698471069e-01 1.675046421587467194e-02 2.015708237886428833e-01 2.064943760633468628e-01 1.943022608757019043e-01 1.910932809114456177e-01 1.895169764757156372e-01 1.978588104248046875e-01 1.955884546041488647e-01 1.980326771736145020e-01 2.053100764751434326e-01 1.970642060041427612e-01
7.795591182364729477e+00 5.494896322488784790e-02 1.721263118088245392e-02 5.022860318422317505e-02 4.962063580751419067e-02 6.056242436170578003e-02 6.156311184167861938e-02 5.763132125139236450e-02 6.055498868227005005e-02 5.625162273645401001e-02 5.220200866460800171e-02 4.445496946573257446e-02 5.135057121515274048e-02
7.815631262525049472e+00 -1.377757191658020020e-01 9.465762414038181305e-03 -1.369053125381469727e-01 -1.406788676977157593e-01 -1.389549374580383301e-01 -1.424264758825302124e-01 -1.329213678836822510e-01 -1.387580931186676025e-01 -1.376609653234481812e-01 -1.353766322135925293e-01 -1.421613693237304688e-01 -1.349399238824844360e-01
7.835671342685370355e+00 -3.060141578316688538e-03 8.548054844141006470e-03 -2.797879278659820557e-05 -4.372540861368179321e-04 -5.172202363610267639e-03 -4.471855238080024719e-03 -6.789574399590492249e-03 -4.579389467835426331e-03 -3.383131697773933411e-03 -3.046432510018348694e-03 2.748442813754081726e-03 -2.268033102154731750e-03
7.855711422845691239e+00 3.848632797598838806e-02 1.688927039504051208e-02 4.581454023718833923e-02 4.327907785773277283e-02 3.367167338728904724e-02 3.344541415572166443e-02 3.331979736685752869e-02 3.461709246039390564e-02 3.750463947653770447e-02 4.008724913001060486e-02 4.884180054068565369e-02 4.133724793791770935e-02
7.875751503006012122e+00 -8.980830013751983643e-02 4.078558087348937988e-02 -1.078294217586517334e-01 -9.122775495052337646e-02 -7.598923146724700928e-02 -6.816995143890380859e-02 -1.015005260705947876e-01 -7.532694935798645020e-02 -8.703938126564025879e-02 -9.742270410060882568e-02 -1.018554866313934326e-01 -1.009275764226913452e-01
7.895791583166332117e+00 2.086255699396133423e-04 1.426593028008937836e-02 8.011857047677040100e-03 4.536012187600135803e-03 -4.832020029425621033e-03 -4.295116290450096130e-03 2.505425363779067993e-04 -6.389355286955833435e-03 -9.547974914312362671e-04 -5.021300166845321655e-04 5.967969074845314026e-03 -1.989863812923431396e-05
7.915831663326653000e+00 -1.334466636180877686e-01 5.339816212654113770e-03 -1.340902000665664673e-01 -1.357973366975784302e-01 -1.334462314844131470e-01 -1.344736963510513306e-01 -1.292948573827743530e-01 -1.339147388935089111e-01 -1.335855126380920410e-01 -1.320008188486099243e-01 -1.344911605119705200e-01 -1.324880868196487427e-01
7.935871743486973884e+00 1.030262932181358337e-01 1.630177348852157593e-02 1.025467216968536377e-01 9.555830806493759155e-02 1.067198738455772400e-01 1.034040823578834534e-01 1.110329255461692810e-01 1.070224121212959290e-01 1.034379228949546814e-01 1.049335226416587830e-01 9.278352558612823486e-02 1.058008074760437012e-01
7.955911823647293879e+00 -5.603894591331481934e-02 1.197273842990398407e-02 -6.335887312889099121e-02 -5.675196647644042969e-02 -5.223669111728668213e-02 -5.017456412315368652e-02 -5.746811628341674805e-02 -5.179671943187713623e-02 -5.475789308547973633e-02 -5.719918012619018555e-02 -5.969201028347015381e-02 -5.811855196952819824e-02
7.975951903807614762e+00 6.154601275920867920e-02 9.135465137660503387e-03 6.518165767192840576e-02 6.607970595359802246e-02 6.027692556381225586e-02 6.250041723251342773e-02 5.905857682228088379e-02 5.960424244403839111e-02 6.069566309452056885e-02 5.994360148906707764e-02 6.709867715835571289e-02 5.974337458610534668e-02
7.995991983967935646e+00 -1.235488057136535645e-01 1.345635484904050827e-02 -1.308941245079040527e-01 -1.208103299140930176e-01 -1.205924153327941895e-01 -1.172662377357482910e-01 -1.291733384132385254e-01 -1.199467778205871582e-01 -1.233106851577758789e-01 -1.261795163154602051e-01 -1.234492063522338867e-01 -1.280404925346374512e-01
8.016032064128255641e+00 5.469030234962701797e-03 1.105837058275938034e-02 4.657691810280084610e-03 9.277408942580223083e-03 6.360805127769708633e-03 7.554715964943170547e-03 -2.640509512275457382e-03 8.723741397261619568e-03 5.248254630714654922e-03 2.875691745430231094e-03 8.035456761717796326e-03 1.932537648826837540e-03
8.036072144288576524e+00 1.872532665729522705e-01 1.170028001070022583e-02 1.925933063030242920e-01 1.843703687191009521e-01 1.848771870136260986e-01 1.793888509273529053e-01 1.886238902807235718e-01 1.878554522991180420e-01 1.851539760828018188e-01 1.904325783252716064e-01 1.850570887327194214e-01 1.906102746725082397e-01
8.056112224448897408e+00 1.213767975568771362e-01 1.704057678580284119e-02 1.212285459041595459e-01 1.122165471315383911e-01 1.229210495948791504e-01 1.210318654775619507e-01 1.308575719594955444e-01 1.216871142387390137e-01 1.231373101472854614e-01 1.233927160501480103e-01 1.115543544292449951e-01 1.246786564588546753e-01
8.076152304609218291e+00 4.785943776369094849e-02 8.132204413414001465e-03 4.912365227937698364e-02 5.120364576578140259e-02 4.587996751070022583e-02 4.678831249475479126e-02 4.511521011590957642e-02 4.542434960603713989e-02 4.736984521150588989e-02 4.802013188600540161e-02 5.373088270425796509e-02 4.832620173692703247e-02
8.096192384769539174e+00 3.979714587330818176e-02 2.552740834653377533e-02 3.534105792641639709e-02 2.894974313676357269e-02 4.878767207264900208e-02 4.861550405621528625e-02 4.806161299347877502e-02 4.835339263081550598e-02 4.243109002709388733e-02 3.912687674164772034e-02 2.537930570542812347e-02 3.953874483704566956e-02
8.116232464929860058e+00 2.999474480748176575e-02 2.972626499831676483e-02 1.756933704018592834e-02 2.285105362534523010e-02 3.973865881562232971e-02 4.310566559433937073e-02 2.899670973420143127e-02 3.988275304436683655e-02 3.288823738694190979e-02 2.706462517380714417e-02 1.331890095025300980e-02 2.559611573815345764e-02
8.136272545090179165e+00 -9.647095203399658203e-02 1.096721272915601730e-02 -1.009586453437805176e-01 -9.092336893081665039e-02 -9.720432758331298828e-02 -9.342227876186370850e-02 -1.001605838537216187e-01 -9.886756539344787598e-02 -9.569901227951049805e-02 -9.890572726726531982e-02 -9.178796410560607910e-02 -9.992955625057220459e-02
8.156312625250500048e+00 -9.869931265711784363e-03 1.808325387537479401e-02 -1.457041315734386444e-02 -2.147404942661523819e-03 -7.266698870807886124e-03 -3.473369870334863663e-03 -1.845836453139781952e-02 -7.488070521503686905e-03 -9.721307083964347839e-03 -1.300504617393016815e-02 -6.243572570383548737e-04 -1.471435837447643280e-02
8.176352705410820931e+00 1.462815236300230026e-02 3.696768544614315033e-03 1.453582476824522018e-02 1.467023324221372604e-02 1.521633099764585495e-02 1.332176756113767624e-02 1.412020158022642136e-02 1.676983758807182312e-02 1.323399972170591354e-02 1.550928782671689987e-02 1.267964672297239304e-02 1.514683198183774948e-02
8.196392785571141815e+00 -1.187422722578048706e-01 2.942725084722042084e-02 -1.281982362270355225e-01 -1.281744688749313354e-01 -1.081265360116958618e-01 -1.060747504234313965e-01 -1.093770116567611694e-01 -1.106049120426177979e-01 -1.156665533781051636e-01 -1.193936020135879517e-01 -1.345503628253936768e-01 -1.203082203865051270e-01
8.216432865731462698e+00 7.103415578603744507e-02 1.694032922387123108e-02 7.240781188011169434e-02 7.860349118709564209e-02 6.962215155363082886e-02 7.213484495878219604e-02 6.141836196184158325e-02 7.098981738090515137e-02 7.002271711826324463e-02 6.949410587549209595e-02 8.231109380722045898e-02 6.957359611988067627e-02
8.236472945891783581e+00 -7.741091400384902954e-02 1.829906180500984192e-02 -8.151895552873611450e-02 -8.545092493295669556e-02 -7.509201020002365112e-02 -7.682676613330841064e-02 -7.120525091886520386e-02 -7.596789300441741943e-02 -7.602993398904800415e-02 -7.878646254539489746e-02 -9.163421392440795898e-02 -7.867439091205596924e-02
8.256513026052104465e+00 -1.205657646059989929e-01 6.619045510888099670e-03 -1.243443936109542847e-01 -1.222549825906753540e-01 -1.186269968748092651e-01 -1.205457299947738647e-01 -1.195201128721237183e-01 -1.175777763128280640e-01 -1.205146834254264832e-01 -1.201965138316154480e-01 -1.239041909575462341e-01 -1.218708828091621399e-01
8.276553106212425348e+00 -1.775129288434982300e-01 1.647954061627388000e-02 -1.791715770959854126e-01 -1.690078228712081909e-01 -1.793257147073745728e-01 -1.768469363451004028e-01 -1.851094216108322144e-01 -1.797270476818084717e-01 -1.771088391542434692e-01 -1.791761070489883423e-01 -1.664170771837234497e-01 -1.796682476997375488e-01
8.296593186372744455e+00 -3.529516234993934631e-02 2.510802587494254112e-03 -3.347570076584815979e-02 -3.535670414566993713e-02 -3.448804095387458801e-02 -3.567573800683021545e-02 -3.521342948079109192e-02 -3.403927758336067200e-02 -3.583483770489692688e-02 -3.550804033875465393e-02 -3.582868352532386780e-02 -3.532854095101356506e-02
8.316633266533065338e+00 -1.743104159832000732e-01 8.860654197633266449e-03 -1.769701838493347168e-01 -1.766172051429748535e-01 -1.721059232950210571e-01 -1.679119169712066650e-01 -1.705112904310226440e-01 -1.755146384239196777e-01 -1.723408550024032593e-01 -1.743685752153396606e-01 -1.750608384609222412e-01 -1.739321053028106689e-01
8.336673346693386222e+00 2.137324027717113495e-02 6.257587112486362457e-03 2.245375327765941620e-02 2.228238992393016815e-02 2.247851900756359100e-02 2.209231071174144745e-02 1.692879013717174530e-02 2.462445013225078583e-02 2.077904157340526581e-02 2.030816487967967987e-02 2.017602138221263885e-02 1.987030915915966034e-02
8.356713426853707105e+00 7.919220626354217529e-02 2.851932495832443237e-02 8.979696035385131836e-02 9.065216779708862305e-02 6.998018920421600342e-02 7.003735005855560303e-02 7.022526860237121582e-02 7.105869054794311523e-02 7.692857086658477783e-02 7.842464745044708252e-02 9.500843286514282227e-02 7.949467003345489502e-02
8.376753507014027988e+00 -1.266093831509351730e-02 1.839567907154560089e-02 -3.382789902389049530e-03 -1.074426155537366867e-02 -1.836811378598213196e-02 -1.987479999661445618e-02 -8.926141075789928436e-03 -1.964711025357246399e-02 -1.304526906460523605e-02 -1.007785182446241379e-02 -4.017400555312633514e-03 -8.141684345901012421e-03
8.396793587174348872e+00 -7.138888537883758545e-02 1.590006984770298004e-02 -6.575011461973190308e-02 -7.158876210451126099e-02 -7.738278061151504517e-02 -7.786535471677780151e-02 -6.446139514446258545e-02 -8.025177568197250366e-02 -7.138784229755401611e-02 -6.983837485313415527e-02 -6.924856454133987427e-02 -6.821308284997940063e-02
8.416833667334669755e+00 -1.192314326763153076e-01 1.739141717553138733e-02 -1.183618903160095215e-01 -1.232903599739074707e-01 -1.111924052238464355e-01 -1.094025075435638428e-01 -1.126812696456909180e-01 -1.128979027271270752e-01 -1.179414093494415283e-01 -1.196981668472290039e-01 -1.255322545766830444e-01 -1.192782074213027954e-01
8.436873747494988862e+00 7.058317214250564575e-02 6.127659697085618973e-03 7.161284238100051880e-02 6.936077028512954712e-02 7.254525274038314819e-02 7.035402208566665649e-02 7.365729659795761108e-02 7.346753031015396118e-02 7.043448835611343384e-02 7.292995601892471313e-02 7.043682783842086792e-02 7.338424772024154663e-02
8.456913827655309746e+00 7.521008700132369995e-02 1.487839687615633011e-02 8.336990326642990112e-02 7.599001377820968628e-02 7.079976052045822144e-02 6.736200302839279175e-02 7.867532223463058472e-02 7.099955528974533081e-02 7.361500710248947144e-02 7.767515629529953003e-02 7.969894260168075562e-02 7.909195870161056519e-02
8.476953907815630629e+00 1.659840643405914307e-01 1.682083122432231903e-02 1.755129992961883545e-01 1.619697511196136475e-01 1.631056964397430420e-01 1.569229066371917725e-01 1.700418889522552490e-01 1.655513942241668701e-01 1.644323766231536865e-01 1.706579029560089111e-01 1.645381748676300049e-01 1.725572049617767334e-01
8.496993987975951512e+00 8.759470283985137939e-02 1.274098362773656845e-02 9.327143430709838867e-02 8.211354911327362061e-02 8.588490635156631470e-02 8.254119008779525757e-02 9.183750301599502563e-02 8.637207746505737305e-02 8.678834140300750732e-02 9.066413342952728271e-02 8.292470872402191162e-02 9.212809056043624878e-02
8.517034068136272396e+00 -1.866652630269527435e-02 3.914325498044490814e-03 -2.000992558896541595e-02 -1.817258261144161224e-02 -1.852255873382091522e-02 -1.949333958327770233e-02 -2.141029946506023407e-02 -1.714282296597957611e-02 -1.852025650441646576e-02 -1.883981935679912567e-02 -1.706310920417308807e-02 -1.902326755225658417e-02
8.537074148296593279e+00 1.300554722547531128e-01 1.789722219109535217e-02 1.300638020038604736e-01 1.221681684255599976e-01 1.360214352607727051e-01 1.330025196075439453e-01 1.386320441961288452e-01 1.367488950490951538e-01 1.308635771274566650e-01 1.320353001356124878e-01 1.210210472345352173e-01 1.332037895917892456e-01
8.557114228456914162e+00 -1.644935160875320435e-01 1.863257214426994324e-02 -1.637033671140670776e-01 -1.564195007085800171e-01 -1.679690033197402954e-01 -1.633637696504592896e-01 -1.668861061334609985e-01 -1.711677163839340210e-01 -1.639688163995742798e-01 -1.657750159502029419e-01 -1.498448401689529419e-01 -1.658821851015090942e-01
8.577154308617233269e+00 -9.577649086713790894e-02 1.905090361833572388e-02 -1.021547913551330566e-01 -1.024386733770370483e-01 -9.016364812850952148e-02 -8.874788880348205566e-02 -8.848290145397186279e-02 -9.190531820058822632e-02 -9.441173076629638672e-02 -9.671730548143386841e-02 -1.068383306264877319e-01 -9.787341952323913574e-02
8.597194388777554153e+00 1.234647259116172791e-01 2.612231671810150146e-02 1.170302927494049072e-01 1.114166006445884705e-01 1.282399445772171021e-01 1.235907822847366333e-01 1.314529031515121460e-01 1.297070980072021484e-01 1.252228319644927979e-01 1.231090649962425232e-01 1.042843908071517944e-01 1.227688714861869812e-01
8.617234468937875036e+00 8.868033438920974731e-02 1.277913153171539307e-02 8.587696403264999390e-02 9.556876868009567261e-02 8.810988813638687134e-02 8.697793632745742798e-02 8.373748511075973511e-02 9.011543542146682739e-02 8.813378959894180298e-02 8.571483939886093140e-02 9.565184265375137329e-02 8.410710841417312622e-02
8.637274549098195919e+00 -3.849285840988159180e-02 4.217731300741434097e-03 -3.977619856595993042e-02 -4.074063152074813843e-02 -3.752315044403076172e-02 -3.883231431245803833e-02 -3.649738430976867676e-02 -3.710106015205383301e-02 -3.833382576704025269e-02 -3.722528368234634399e-02 -3.905763477087020874e-02 -3.700966387987136841e-02
8.657314629258516803e+00 1.793534308671951294e-02 1.127639785408973694e-02 2.106774598360061646e-02 1.333429664373397827e-02 1.749785989522933960e-02 1.757619529962539673e-02 2.649069577455520630e-02 1.494974642992019653e-02 1.894482225179672241e-02 1.845439523458480835e-02 1.501702517271041870e-02 1.998402923345565796e-02
8.677354709418837686e+00 -2.614311501383781433e-02 7.117329165339469910e-03 -2.488934621214866638e-02 -2.935035154223442078e-02 -2.436485514044761658e-02 -2.622036263346672058e-02 -2.132849022746086121e-02 -2.387608215212821960e-02 -2.630518004298210144e-02 -2.485625073313713074e-02 -2.781428024172782898e-02 -2.442955598235130310e-02
8.697394789579158569e+00 -9.128327667713165283e-02 6.206350401043891907e-03 -9.431888163089752197e-02 -9.185717999935150146e-02 -9.090422093868255615e-02 -8.908134698867797852e-02 -9.265054762363433838e-02 -9.154905378818511963e-02 -9.004214406013488770e-02 -9.395526349544525146e-02 -9.337823092937469482e-02 -9.429171681404113770e-02
8.717434869739479453e+00 -5.572621524333953857e-02 7.887619547545909882e-03 -6.021579355001449585e-02 -5.908877402544021606e-02 -5.617512762546539307e-02 -5.386754125356674194e-02 -5.396188050508499146e-02 -5.788173526525497437e-02 -5.493138730525970459e-02 -5.592836439609527588e-02 -6.000021845102310181e-02 -5.644804984331130981e-02
8.737474949899798560e+00 1.216937154531478882e-01 3.320627380162477493e-03 1.237445622682571411e-01 1.202786564826965332e-01 1.214234083890914917e-01 1.212339252233505249e-01 1.234172135591506958e-01 1.208935081958770752e-01 1.212502717971801758e-01 1.216882765293121338e-01 1.225331127643585205e-01 1.219029724597930908e-01
8.757515030060119443e+00 3.993610851466655731e-03 6.628218106925487518e-03 4.160325042903423309e-03 6.823344156146049500e-04 5.050520412623882294e-03 2.751479856669902802e-03 7.309476844966411591e-03 5.544553510844707489e-03 3.972123377025127411e-03 4.644106142222881317e-03 6.134342402219772339e-05 5.033950321376323700e-03
8.777555110220440326e+00 -8.043888211250305176e-02 2.274611219763755798e-02 -9.339307248592376709e-02 -7.676357030868530273e-02 -7.406659424304962158e-02 -7.007381319999694824e-02 -8.792911469936370850e-02 -7.303272187709808350e-02 -7.900226116180419922e-02 -8.496341109275817871e-02 -8.104574680328369141e-02 -8.786885440349578857e-02
8.797595190380761210e+00 1.264228373765945435e-01 3.931589424610137939e-03 1.276246458292007446e-01 1.251450330018997192e-01 1.262483149766921997e-01 1.261980384588241577e-01 1.237797662615776062e-01 1.280140131711959839e-01 1.255609542131423950e-01 1.271528154611587524e-01 1.253199726343154907e-01 1.269890218973159790e-01
8.817635270541082093e+00 5.100241303443908691e-02 1.839104294776916504e-02 6.159728765487670898e-02 5.454581975936889648e-02 4.471528530120849609e-02 4.340946674346923828e-02 4.756587743759155273e-02 4.518327116966247559e-02 4.934960603713989258e-02 5.251216888427734375e-02 5.853992700576782227e-02 5.407208204269409180e-02
8.837675350701402976e+00 3.832621872425079346e-02 8.626457303762435913e-03 4.162549227476119995e-02 4.274315387010574341e-02 3.551761060953140259e-02 3.567841649055480957e-02 3.596632927656173706e-02 3.569654375314712524e-02 3.804054856300354004e-02 3.630431741476058960e-02 4.158559441566467285e-02 3.691422194242477417e-02
8.857715430861723860e+00 -3.710043430328369141e-02 7.177997846156358719e-03 -3.161227703094482422e-02 -3.748333454132080078e-02 -3.611180186271667480e-02 -3.857728838920593262e-02 -3.555113077163696289e-02 -3.530493378639221191e-02 -3.858742117881774902e-02 -3.572577238082885742e-02 -3.479218482971191406e-02 -3.532591462135314941e-02
8.877755511022042967e+00 -1.250828504562377930e-01 1.183022465556859970e-02 -1.252829730510711670e-01 -1.231417283415794373e-01 -1.297430396080017090e-01 -1.301339268684387207e-01 -1.232487186789512634e-01 -1.311962902545928955e-01 -1.250253915786743164e-01 -1.238205358386039734e-01 -1.184038743376731873e-01 -1.235820874571800232e-01
8.897795591182363850e+00 -1.339632123708724976e-01 1.127575617283582687e-02 -1.398007422685623169e-01 -1.371913701295852661e-01 -1.301600188016891479e-01 -1.285364776849746704e-01 -1.322077959775924683e-01 -1.304007917642593384e-01 -1.334908157587051392e-01 -1.346160620450973511e-01 -1.383252590894699097e-01 -1.358438581228256226e-01
8.917835671342684734e+00 -5.417548865079879761e-02 3.440961986780166626e-02 -4.599171131849288940e-02 -3.944603353738784790e-02 -6.391044706106185913e-02 -6.238646060228347778e-02 -6.371306627988815308e-02 -6.410763412714004517e-02 -5.660726875066757202e-02 -5.470103770494461060e-02 -3.084238804876804352e-02 -5.398062616586685181e-02
8.937875751503005617e+00 7.265856862068176270e-02 2.423730678856372833e-02 6.521780788898468018e-02 6.640820205211639404e-02 8.190852403640747070e-02 8.427731692790985107e-02 7.244934141635894775e-02 8.210082352161407471e-02 7.495747506618499756e-02 6.981353461742401123e-02 6.000317633152008057e-02 6.935748457908630371e-02
8.957915831663326500e+00 1.222252994775772095e-01 6.842077709734439850e-03 1.241769492626190186e-01 1.205558255314826965e-01 1.224578246474266052e-01 1.193797364830970764e-01 1.213705167174339294e-01 1.249635666608810425e-01 1.211295351386070251e-01 1.244386360049247742e-01 1.186099797487258911e-01 1.244074106216430664e-01
8.977955911823647384e+00 -7.196263968944549561e-02 1.190527621656656265e-02 -7.528157532215118408e-02 -7.580094039440155029e-02 -6.806303560733795166e-02 -6.682874262332916260e-02 -7.354940474033355713e-02 -6.766928732395172119e-02 -7.181040942668914795e-02 -7.255689799785614014e-02 -7.914049923419952393e-02 -7.332618534564971924e-02
8.997995991983968267e+00 8.831244707107543945e-02 1.573216728866100311e-02 9.437189996242523193e-02 9.239734709262847900e-02 8.164067566394805908e-02 8.056731522083282471e-02 8.514969050884246826e-02 8.225882053375244141e-02 8.745215833187103271e-02 8.910934627056121826e-02 9.468480944633483887e-02 8.952179551124572754e-02
9.018036072144287374e+00 4.382692277431488037e-02 1.529326569288969040e-02 5.233575403690338135e-02 4.669182002544403076e-02 3.919368982315063477e-02 3.792408108711242676e-02 4.343292117118835449e-02 3.933034837245941162e-02 4.310140013694763184e-02 4.482765495777130127e-02 5.207747220993041992e-02 4.655833542346954346e-02
9.038076152304608257e+00 4.667853564023971558e-02 7.981101982295513153e-03 4.708177596330642700e-02 4.749955981969833374e-02 5.034958571195602417e-02 5.169648677110671997e-02 4.711646586656570435e-02 4.986319690942764282e-02 4.756150394678115845e-02 4.397582262754440308e-02 4.689121991395950317e-02 4.425590485334396362e-02
9.058116232464929141e+00 4.365874081850051880e-02 7.588170468807220459e-03 4.629272222518920898e-02 4.099241644144058228e-02 4.628358036279678345e-02 4.558701813220977783e-02 4.766777157783508301e-02 4.647094756364822388e-02 4.429963976144790649e-02 4.488962143659591675e-02 4.262694716453552246e-02 4.612233489751815796e-02
9.078156312625250024e+00 -4.479966312646865845e-02 1.344582904130220413e-02 -4.188609868288040161e-02 -4.064101725816726685e-02 -4.920712858438491821e-02 -4.931975156068801880e-02 -5.001894384622573853e-02 -4.864255338907241821e-02 -4.578635841608047485e-02 -4.292119294404983521e-02 -3.677476197481155396e-02 -4.265431314706802368e-02
9.098196392785570907e+00 1.420043110847473145e-01 2.084898576140403748e-02 1.535638272762298584e-01 1.387827545404434204e-01 1.366933286190032959e-01 1.328167617321014404e-01 1.511210501194000244e-01 1.356801241636276245e-01 1.413521617650985718e-01 1.453902870416641235e-01 1.437969505786895752e-01 1.483854502439498901e-01
9.118236472945891791e+00 2.726326882839202881e-02 1.368795149028301239e-02 2.729056775569915771e-02 1.985876262187957764e-02 3.055493533611297607e-02 2.889464795589447021e-02 3.419630229473114014e-02 3.014059364795684814e-02 2.847938239574432373e-02 2.814166247844696045e-02 1.968835294246673584e-02 2.911685407161712646e-02
9.138276553106212674e+00 1.870265156030654907e-01 7.930049672722816467e-03 1.897926181554794312e-01 1.846406012773513794e-01 1.878360956907272339e-01 1.877254843711853027e-01 1.878197342157363892e-01 1.878015846014022827e-01 1.872271150350570679e-01 1.869156807661056519e-01 1.802637130022048950e-01 1.882536560297012329e-01
9.158316633266533557e+00 1.988445520401000977e-01 1.735567674040794373e-02 2.047352045774459839e-01 1.910902261734008789e-01 1.948911994695663452e-01 1.906497925519943237e-01 2.018554657697677612e-01 1.961203664541244507e-01 1.979315429925918579e-01 2.032613903284072876e-01 1.916568428277969360e-01 2.048210650682449341e-01
9.178356713426852664e+00 6.862718611955642700e-02 7.075001485645771027e-03 6.799418479204177856e-02 6.480101495981216431e-02 6.968519836664199829e-02 6.822795420885086060e-02 7.171595841646194458e-02 6.998638063669204712e-02 6.938598304986953735e-02 7.043624669313430786e-02 6.488836556673049927e-02 7.077700644731521606e-02
9.198396793587173548e+00 -4.537200927734375000e-02 2.436373755335807800e-02 -5.737841874361038208e-02 -4.885382950305938721e-02 -3.561615943908691406e-02 -3.420089185237884521e-02 -4.432334005832672119e-02 -3.483442217111587524e-02 -4.351540654897689819e-02 -4.828064143657684326e-02 -5.352463573217391968e-02 -5.066549032926559448e-02
9.218436873747494431e+00 1.406632959842681885e-01 1.080764736980199814e-02 1.366429179906845093e-01 1.423491388559341431e-01 1.439963728189468384e-01 1.427204906940460205e-01 1.349692493677139282e-01 1.470027267932891846e-01 1.407289803028106689e-01 1.390268951654434204e-01 1.407004296779632568e-01 1.379433125257492065e-01
9.238476953907815314e+00 1.273677498102188110e-02 1.374534331262111664e-02 1.937169581651687622e-02 1.068375259637832642e-02 8.519031107425689697e-03 6.133474409580230713e-03 1.751235872507095337e-02 7.810153067111968994e-03 1.085142046213150024e-02 1.600635796785354614e-02 1.359070092439651489e-02 1.693574339151382446e-02
9.258517034068136198e+00 -8.243714272975921631e-02 2.501594647765159607e-02 -9.653876721858978271e-02 -8.884562551975250244e-02 -7.596947252750396729e-02 -7.345218956470489502e-02 -8.140553534030914307e-02 -7.657529413700103760e-02 -8.030717074871063232e-02 -8.481533825397491455e-02 -9.638805687427520752e-02 -8.736877143383026123e-02
9.278557114228457081e+00 -2.176605165004730225e-01 1.363371592015028000e-02 -2.225973904132843018e-01 -2.129087001085281372e-01 -2.154548615217208862e-01 -2.111066579818725586e-01 -2.226218283176422119e-01 -2.165424376726150513e-01 -2.174446582794189453e-01 -2.198679298162460327e-01 -2.107877135276794434e-01 -2.213294208049774170e-01
9.298597194388777964e+00 4.271318763494491577e-02 1.182791497558355331e-02 4.604951292276382446e-02 4.106146842241287231e-02 3.901352733373641968e-02 3.578475862741470337e-02 4.619104415178298950e-02 3.880656510591506958e-02 4.233049601316452026e-02 4.640934616327285767e-02 4.441682249307632446e-02 4.724777489900588989e-02
9.318637274549097071e+00 1.929509937763214111e-01 3.449737280607223511e-02 1.867715120315551758e-01 1.788534820079803467e-01 2.035548090934753418e-01 2.026273608207702637e-01 2.034640908241271973e-01 2.031956911087036133e-01 1.948468089103698730e-01 1.931203007698059082e-01 1.699244081974029541e-01 1.933105885982513428e-01
9.338677354709417955e+00 -7.193472236394882202e-02 1.493089646100997925e-02 -7.090658694505691528e-02 -7.746122032403945923e-02 -6.840182095766067505e-02 -6.914407759904861450e-02 -6.292628496885299683e-02 -7.036384195089340210e-02 -7.140948623418807983e-02 -7.263989001512527466e-02 -8.126700669527053833e-02 -7.209534198045730591e-02
9.358717434869738838e+00 2.340869419276714325e-02 1.528852805495262146e-02 1.744318567216396332e-02 2.835230343043804169e-02 2.553997002542018890e-02 2.909168787300586700e-02 1.482181809842586517e-02 2.559159509837627411e-02 2.351461164653301239e-02 1.966143958270549774e-02 2.743015252053737640e-02 1.805916987359523773e-02
9.378757515030059722e+00 -1.675125658512115479e-01 2.295575477182865143e-02 -1.635529845952987671e-01 -1.559599488973617554e-01 -1.710660606622695923e-01 -1.678750514984130859e-01 -1.751318573951721191e-01 -1.717446446418762207e-01 -1.690545827150344849e-01 -1.686727106571197510e-01 -1.506586670875549316e-01 -1.690555959939956665e-01
9.398797595190380605e+00 -5.706158280372619629e-02 1.006834022700786591e-02 -5.712041258811950684e-02 -5.184856057167053223e-02 -5.731037259101867676e-02 -5.704960227012634277e-02 -6.317093968391418457e-02 -5.582293868064880371e-02 -5.807653069496154785e-02 -5.800250172615051270e-02 -5.154314637184143066e-02 -5.882409214973449707e-02
9.418837675350701488e+00 4.626297391951084137e-03 1.003721263259649277e-02 4.254990257322788239e-03 7.922143675386905670e-03 8.430116809904575348e-03 1.104942802339792252e-02 2.443903125822544098e-03 7.744678296148777008e-03 4.408472217619419098e-03 2.457835711538791656e-03 7.286437787115573883e-03 1.814135350286960602e-03
9.438877755511022372e+00 -2.495753392577171326e-02 1.349950674921274185e-02 -3.026727959513664246e-02 -2.150894328951835632e-02 -2.137779816985130310e-02 -1.636048033833503723e-02 -2.952617034316062927e-02 -2.266651019454002380e-02 -2.378491684794425964e-02 -2.774437889456748962e-02 -2.221460267901420593e-02 -2.856383845210075378e-02
9.458917835671341479e+00 -4.914604872465133667e-02 1.286747027188539505e-02 -4.236305505037307739e-02 -4.941286891698837280e-02 -5.310099571943283081e-02 -5.727108567953109741e-02 -4.537551850080490112e-02 -5.263788253068923950e-02 -5.058708041906356812e-02 -4.752133041620254517e-02 -4.785529524087905884e-02 -4.682797938585281372e-02
9.478957915831662362e+00 5.409353971481323242e-02 1.006176602095365524e-02 5.238199234008789062e-02 4.921984672546386719e-02 5.650085210800170898e-02 5.559700727462768555e-02 5.505287647247314453e-02 5.763989686965942383e-02 5.464935302734375000e-02 5.463522672653198242e-02 4.687362909317016602e-02 5.478471517562866211e-02
9.498997995991983245e+00 8.599426597356796265e-02 2.434705756604671478e-02 9.497838467359542847e-02 9.039989858865737915e-02 7.629568129777908325e-02 7.138664275407791138e-02 8.432174474000930786e-02 7.823150604963302612e-02 8.348063379526138306e-02 8.896336704492568970e-02 9.561961144208908081e-02 8.993875235319137573e-02
9.519038076152304129e+00 -3.914710506796836853e-02 1.012017857283353806e-02 -4.391112551093101501e-02 -3.752437606453895569e-02 -3.556829318404197693e-02 -3.297297284007072449e-02 -4.056757315993309021e-02 -3.657233342528343201e-02 -3.826894983649253845e-02 -4.155468568205833435e-02 -3.894844278693199158e-02 -4.248058423399925232e-02
9.539078156312625012e+00 -4.349960014224052429e-02 2.394640073180198669e-02 -5.243832245469093323e-02 -4.995645955204963684e-02 -3.446742519736289978e-02 -3.231761977076530457e-02 -4.432350024580955505e-02 -3.431021049618721008e-02 -4.154142364859580994e-02 -4.609286412596702576e-02 -5.509017780423164368e-02 -4.754260554909706116e-02
9.559118236472945895e+00 -6.556504964828491211e-02 1.315250433981418610e-02 -6.617476046085357666e-02 -7.125306129455566406e-02 -6.770788133144378662e-02 -6.986249983310699463e-02 -5.860685184597969055e-02 -6.879803538322448730e-02 -6.547065079212188721e-02 -6.362542510032653809e-02 -7.251970469951629639e-02 -6.300711631774902344e-02
9.579158316633266779e+00 1.644252836704254150e-01 3.637577220797538757e-02 1.784830689430236816e-01 1.726179420948028564e-01 1.499732732772827148e-01 1.444502472877502441e-01 1.581970751285552979e-01 1.524913311004638672e-01 1.612083613872528076e-01 1.677669882774353027e-01 1.794391274452209473e-01 1.694356799125671387e-01
9.599198396793587662e+00 -1.024262309074401855e-01 1.114938594400882721e-02 -1.048910021781921387e-01 -1.074900031089782715e-01 -1.009149849414825439e-01 -1.018016934394836426e-01 -9.484231472015380859e-02 -1.025287210941314697e-01 -1.013064086437225342e-01 -1.006133556365966797e-01 -1.071885824203491211e-01 -1.000980734825134277e-01
9.619238476953906769e+00 -3.393462672829627991e-02 1.825424470007419586e-02 -2.634786441922187805e-02 -3.839289024472236633e-02 -3.607864305377006531e-02 -4.208382591605186462e-02 -2.406071498990058899e-02 -3.619736805558204651e-02 -3.487158939242362976e-02 -2.879372611641883850e-02 -3.442132845520973206e-02 -2.649916335940361023e-02
9.639278557114227652e+00 -7.481819018721580505e-03 2.351051382720470428e-02 -1.826088689267635345e-02 -1.227136515080928802e-02 1.085067051462829113e-03 4.896933212876319885e-03 -8.262207731604576111e-03 7.358881412073969841e-04 -5.187353119254112244e-03 -9.100517258048057556e-03 -1.752831600606441498e-02 -1.081982813775539398e-02
9.659318637274548536e+00 5.609835311770439148e-02 6.982701830565929413e-03 5.671260878443717957e-02 5.381784960627555847e-02 5.399901792407035828e-02 5.366693064570426941e-02 5.707363411784172058e-02 5.431754514575004578e-02 5.555413290858268738e-02 5.751488730311393738e-02 5.124331638216972351e-02 5.781946703791618347e-02
9.679358717434869419e+00 -1.762640178203582764e-01 2.116555348038673401e-02 -1.849748790264129639e-01 -1.723323762416839600e-01 -1.686798632144927979e-01 -1.625587046146392822e-01 -1.768882572650909424e-01 -1.710648238658905029e-01 -1.742596924304962158e-01 -1.813608705997467041e-01 -1.746535003185272217e-01 -1.834873259067535400e-01
9.699398797595190302e+00 1.177612692117691040e-02 6.921709515154361725e-03 9.923420846462249756e-03 1.023790240287780762e-02 9.206436574459075928e-03 7.041439414024353027e-03 1.404485851526260376e-02 9.094461798667907715e-03 1.184709370136260986e-02 1.198144257068634033e-02 1.088819652795791626e-02 1.188912987709045410e-02
9.719438877755511186e+00 7.640082389116287231e-02 2.696045860648155212e-02 7.232392579317092896e-02 6.451348215341567993e-02 8.561576157808303833e-02 8.346701413393020630e-02 8.474526554346084595e-02 8.584750443696975708e-02 7.834772020578384399e-02 7.829458266496658325e-02 6.015414744615554810e-02 7.871300727128982544e-02
9.739478957915832069e+00 5.096889659762382507e-02 1.377491187304258347e-02 4.456682130694389343e-02 5.478115007281303406e-02 4.897777363657951355e-02 4.917670413851737976e-02 4.075647518038749695e-02 5.147139355540275574e-02 5.008650943636894226e-02 4.922254011034965515e-02 5.265622958540916443e-02 4.694266244769096375e-02
9.759519038076151176e+00 2.034375257790088654e-02 7.056067232042551041e-03 1.842230744659900665e-02 1.812832243740558624e-02 2.077177353203296661e-02 2.490613795816898346e-02 2.252370305359363556e-02 1.800827868282794952e-02 2.142791636288166046e-02 1.998282410204410553e-02 1.738571561872959137e-02 2.050785906612873077e-02
9.779559118236472059e+00 -3.677418828010559082e-02 1.849792338907718658e-02 -4.375755041837692261e-02 -4.099114239215850830e-02 -2.956296876072883606e-02 -2.705810591578483582e-02 -3.192997723817825317e-02 -3.128345683217048645e-02 -3.468701988458633423e-02 -3.938911855220794678e-02 -4.430850595235824585e-02 -3.966042399406433105e-02
9.799599198396792943e+00 1.783460378646850586e-01 2.015672437846660614e-02 1.863376349210739136e-01 1.844382733106613159e-01 1.715151071548461914e-01 1.699391156435012817e-01 1.729861497879028320e-01 1.724300831556320190e-01 1.761747002601623535e-01 1.796425879001617432e-01 1.889919340610504150e-01 1.806549429893493652e-01
9.819639278557113826e+00 2.265128679573535919e-02 6.968099158257246017e-03 2.071607299149036407e-02 2.325654216110706329e-02 2.443608827888965607e-02 2.852681465446949005e-02 2.149391360580921173e-02 2.266529388725757599e-02 2.368262596428394318e-02 2.114245481789112091e-02 2.301773615181446075e-02 2.123046107590198517e-02
9.839679358717434710e+00 -2.408692389726638794e-01 1.028865575790405273e-02 -2.422830611467361450e-01 -2.368841767311096191e-01 -2.451900988817214966e-01 -2.435344904661178589e-01 -2.428324967622756958e-01 -2.467424422502517700e-01 -2.401665747165679932e-01 -2.421505898237228394e-01 -2.366755455732345581e-01 -2.429534643888473511e-01
9.859719438877755593e+00 2.853621914982795715e-02 1.996530406177043915e-02 3.155051544308662415e-02 2.018924430012702942e-02 2.763931825757026672e-02 2.238922193646430969e-02 4.130690172314643860e-02 2.721481397747993469e-02 2.862878516316413879e-02 3.158842399716377258e-02 1.899068430066108704e-02 3.263329342007637024e-02
9.879759519038076476e+00 1.030678525567054749e-01 1.699386537075042725e-02 9.552798420190811157e-02 9.946007281541824341e-02 1.080494895577430725e-01 1.075978428125381470e-01 9.883612394332885742e-02 1.108800992369651794e-01 1.030999422073364258e-01 1.031151115894317627e-01 9.345465153455734253e-02 1.013911366462707520e-01
9.899799599198395583e+00 1.118310093879699707e-01 4.105997271835803986e-03 1.098025292158126831e-01 1.104676872491836548e-01 1.127080768346786499e-01 1.136688739061355591e-01 1.141529828310012817e-01 1.118462234735488892e-01 1.127395927906036377e-01 1.123663932085037231e-01 1.116268783807754517e-01 1.123074591159820557e-01
9.919839679358716467e+00 -3.635920584201812744e-02 1.265295688062906265e-02 -3.670257329940795898e-02 -3.093023598194122314e-02 -3.516992926597595215e-02 -3.358548879623413086e-02 -4.456864297389984131e-02 -3.342558443546295166e-02 -3.746157884597778320e-02 -3.938750922679901123e-02 -3.257097303867340088e-02 -4.093971848487854004e-02
9.939879759519037350e+00 -1.175351347774267197e-02 1.811765506863594055e-02 -2.173040807247161865e-02 -1.358388271182775497e-02 -5.906178615987300873e-03 -4.210612969473004341e-04 -1.238520350307226181e-02 -8.228286169469356537e-03 -8.520930074155330658e-03 -1.564437150955200195e-02 -1.333184447139501572e-02 -1.649661362171173096e-02
9.959919839679358233e+00 8.571224659681320190e-02 1.948090270161628723e-02 9.281932562589645386e-02 7.669465988874435425e-02 8.553936332464218140e-02 8.096905797719955444e-02 9.362309426069259644e-02 8.620663732290267944e-02 8.504616469144821167e-02 9.042506664991378784e-02 7.591896504163742065e-02 9.238474816083908081e-02
9.979959919839679117e+00 -8.224714547395706177e-02 4.589921794831752777e-03 -8.312269300222396851e-02 -8.243609219789505005e-02 -8.319241553544998169e-02 -8.100517839193344116e-02 -8.030250668525695801e-02 -8.486967533826828003e-02 -8.068460971117019653e-02 -8.287046849727630615e-02 -8.017864078283309937e-02 -8.256848156452178955e-02
1.000000000000000000e+01 7.532599568367004395e-02 8.710714057087898254e-03 7.123158872127532959e-02 7.116621732711791992e-02 7.594834268093109131e-02 7.453116774559020996e-02 7.647575438022613525e-02 7.659718394279479980e-02 7.543087005615234375e-02 7.591965794563293457e-02 6.919588148593902588e-02 7.507701218128204346e-02
