# Omega Rho_mean Rho_error Rho_sample_0 Rho_sample_1 Rho_sample_2 Rho_sample_3 Rho_sample_4 Rho_sample_5 Rho_sample_6 Rho_sample_7 Rho_sample_8 Rho_sample_9
0.000000000000000000e+00 -2.877091802656650543e-02 8.014662307687103748e-04 -2.855315245687961578e-02 -2.855396829545497894e-02 -2.908180840313434601e-02 -2.917869202792644501e-02 -2.897362969815731049e-02 -2.906151674687862396e-02 -2.883286215364933014e-02 -2.871630527079105377e-02 -2.838729135692119598e-02 -2.868915535509586334e-02
4.008016032064127925e-03 3.187130093574523926e-01 1.963309710845351219e-03 3.183959126472473145e-01 3.177599012851715088e-01 3.191458582878112793e-01 3.191408514976501465e-01 3.196404576301574707e-01 3.189795315265655518e-01 3.189108669757843018e-01 3.187726140022277832e-01 3.174932003021240234e-01 3.188582956790924072e-01
8.016032064128255849e-03 4.076890349388122559e-01 3.841825760900974274e-03 4.070264697074890137e-01 4.057804346084594727e-01 4.086132049560546875e-01 4.082024097442626953e-01 4.090957045555114746e-01 4.086533486843109131e-01 4.079235196113586426e-01 4.080130755901336670e-01 4.051657319068908691e-01 4.080816507339477539e-01
1.202404809619238291e-02 5.394964218139648438e-01 3.523172810673713684e-03 5.383899807929992676e-01 5.386238098144531250e-01 5.408205389976501465e-01 5.410514473915100098e-01 5.396500229835510254e-01 5.409931540489196777e-01 5.397014021873474121e-01 5.391387343406677246e-01 5.376021862030029297e-01 5.389878153800964355e-01
1.603206412825651170e-02 9.005304574966430664e-01 6.963465712033212185e-04 9.009560942649841309e-01 9.007630944252014160e-01 9.003168940544128418e-01 9.003915190696716309e-01 9.002580046653747559e-01 9.004085659980773926e-01 9.005257487297058105e-01 9.004013538360595703e-01 9.008081555366516113e-01 9.005831480026245117e-01
2.004008016032064049e-02 8.698734045028686523e-01 1.782084116712212563e-03 8.693504333496093750e-01 8.692536950111389160e-01 8.704511523246765137e-01 8.706936240196228027e-01 8.700709939002990723e-01 8.704649209976196289e-01 8.701056838035583496e-01 8.696796298027038574e-01 8.688602447509765625e-01 8.697677254676818848e-01
2.404809619238476581e-02 9.893513917922973633e-01 2.707468578591942787e-03 9.887608289718627930e-01 9.884590506553649902e-01 9.902763366699218750e-01 9.904007315635681152e-01 9.897801876068115234e-01 9.903801679611206055e-01 9.895505309104919434e-01 9.890634417533874512e-01 9.876731634140014648e-01 9.891021251678466797e-01
2.805611222444889460e-02 1.323019742965698242e+00 1.937262131832540035e-03 1.322757005691528320e+00 1.322504281997680664e+00 1.323716044425964355e+00 1.323843359947204590e+00 1.322938919067382812e+00 1.323964595794677734e+00 1.323153972625732422e+00 1.322745084762573242e+00 1.321905612945556641e+00 1.322850704193115234e+00
3.206412825651302340e-02 1.366698026657104492e+00 9.456915431655943394e-04 1.366676807403564453e+00 1.366628885269165039e+00 1.366938114166259766e+00 1.367332935333251953e+00 1.366449713706970215e+00 1.366984009742736816e+00 1.366871118545532227e+00 1.366324186325073242e+00 1.366394042968750000e+00 1.366541266441345215e+00
3.607214428857714872e-02 1.609557628631591797e+00 1.587984617799520493e-03 1.610345244407653809e+00 1.609616518020629883e+00 1.608904600143432617e+00 1.609209179878234863e+00 1.609880685806274414e+00 1.608634948730468750e+00 1.609740018844604492e+00 1.609411478042602539e+00 1.610027551651000977e+00 1.609909653663635254e+00
4.008016032064128098e-02 1.546237707138061523e+00 1.669214805588126183e-03 1.546460986137390137e+00 1.546935915946960449e+00 1.545914888381958008e+00 1.546599864959716797e+00 1.545354604721069336e+00 1.545813441276550293e+00 1.546410322189331055e+00 1.545707345008850098e+00 1.547064542770385742e+00 1.545983672142028809e+00
4.408817635270540630e-02 1.754942655563354492e+00 2.526938449591398239e-03 1.754479527473449707e+00 1.755524635314941406e+00 1.755509495735168457e+00 1.756427526473999023e+00 1.753780961036682129e+00 1.755644321441650391e+00 1.755150079727172852e+00 1.754060268402099609e+00 1.754940629005432129e+00 1.754133105278015137e+00
4.809619238476953162e-02 2.243738174438476562e+00 1.106690033338963985e-03 2.244099140167236328e+00 2.243506908416748047e+00 2.243921756744384766e+00 2.244150400161743164e+00 2.243561029434204102e+00 2.244101047515869141e+00 2.243893623352050781e+00 2.243292331695556641e+00 2.243068695068359375e+00 2.243663311004638672e+00
5.210420841683366389e-02 2.318697214126586914e+00 2.338880673050880432e-03 2.318803310394287109e+00 2.317543983459472656e+00 2.319191932678222656e+00 2.319240808486938477e+00 2.319276094436645508e+00 2.319295883178710938e+00 2.318984270095825195e+00 2.318491697311401367e+00 2.317048072814941406e+00 2.318946361541748047e+00
5.611222444889778921e-02 2.340690135955810547e+00 1.965962117537856102e-03 2.340535163879394531e+00 2.340274095535278320e+00 2.341287612915039062e+00 2.341678142547607422e+00 2.340241193771362305e+00 2.341546058654785156e+00 2.340933561325073242e+00 2.340183019638061523e+00 2.339666604995727539e+00 2.340479612350463867e+00
6.012024048096192147e-02 2.290420055389404297e+00 2.784246345981955528e-03 2.289891481399536133e+00 2.290872812271118164e+00 2.291047096252441406e+00 2.292239427566528320e+00 2.289389371871948242e+00 2.290982246398925781e+00 2.290777206420898438e+00 2.289316892623901367e+00 2.290201425552368164e+00 2.289520502090454102e+00
6.412825651302604679e-02 2.651310920715332031e+00 3.153618425130844116e-03 2.651552677154541016e+00 2.652745485305786133e+00 2.651271343231201172e+00 2.652373075485229492e+00 2.649445295333862305e+00 2.651497602462768555e+00 2.651433229446411133e+00 2.650176048278808594e+00 2.652360200881958008e+00 2.650416612625122070e+00
6.813627254509017905e-02 2.839227914810180664e+00 2.230220008641481400e-03 2.838934898376464844e+00 2.839297533035278320e+00 2.839709758758544922e+00 2.840700864791870117e+00 2.838436603546142578e+00 2.839695215225219727e+00 2.839622735977172852e+00 2.838278293609619141e+00 2.838729381561279297e+00 2.838644266128540039e+00
7.214428857715429744e-02 2.600178480148315430e+00 2.710161264985799789e-03 2.599740028381347656e+00 2.600547313690185547e+00 2.600780963897705078e+00 2.601911544799804688e+00 2.599356412887573242e+00 2.600740909576416016e+00 2.600526332855224609e+00 2.599004745483398438e+00 2.599654436111450195e+00 2.599230051040649414e+00
7.615230460921842970e-02 2.698610067367553711e+00 3.789736656472086906e-03 2.697508811950683594e+00 2.698008537292480469e+00 2.699795007705688477e+00 2.700983762741088867e+00 2.698381423950195312e+00 2.699632644653320312e+00 2.699198007583618164e+00 2.697580814361572266e+00 2.696976184844970703e+00 2.697832107543945312e+00
8.016032064128256196e-02 2.836024761199951172e+00 2.587867435067892075e-03 2.835550308227539062e+00 2.835759162902832031e+00 2.836639881134033203e+00 2.837850332260131836e+00 2.835798978805541992e+00 2.836350679397583008e+00 2.836569547653198242e+00 2.835000276565551758e+00 2.835096597671508789e+00 2.835442781448364258e+00
8.416833667334668034e-02 2.491477727890014648e+00 4.272144287824630737e-03 2.490553855895996094e+00 2.492592096328735352e+00 2.491956949234008789e+00 2.494414091110229492e+00 2.490619897842407227e+00 2.491005420684814453e+00 2.492181539535522461e+00 2.489680767059326172e+00 2.492048025131225586e+00 2.489950656890869141e+00
8.817635270541081260e-02 2.614716053009033203e+00 3.149918979033827782e-03 2.615043401718139648e+00 2.616219282150268555e+00 2.614525079727172852e+00 2.615813255310058594e+00 2.613181352615356445e+00 2.614469766616821289e+00 2.614903688430786133e+00 2.613439321517944336e+00 2.615853071212768555e+00 2.613735914230346680e+00
9.218436873747494487e-02 2.497688531875610352e+00 5.734095815569162369e-03 2.497250556945800781e+00 2.500333309173583984e+00 2.497594356536865234e+00 2.500187397003173828e+00 2.495311260223388672e+00 2.496981859207153320e+00 2.498121738433837891e+00 2.495654821395874023e+00 2.500041723251342773e+00 2.495819330215454102e+00
9.619238476953906325e-02 2.647700786590576172e+00 4.875886719673871994e-03 2.648656129837036133e+00 2.650092363357543945e+00 2.646643638610839844e+00 2.648391723632812500e+00 2.645961761474609375e+00 2.646183490753173828e+00 2.647910594940185547e+00 2.646291494369506836e+00 2.650420665740966797e+00 2.646784067153930664e+00
1.002004008016031955e-01 2.255505084991455078e+00 6.993763614445924759e-03 2.254789113998413086e+00 2.258733272552490234e+00 2.255235195159912109e+00 2.258305549621582031e+00 2.252493381500244141e+00 2.254413366317749023e+00 2.256008148193359375e+00 2.253201007843017578e+00 2.258573770523071289e+00 2.253286838531494141e+00
1.042084168336673278e-01 2.454379081726074219e+00 6.245253141969442368e-03 2.455236434936523438e+00 2.457455873489379883e+00 2.452996253967285156e+00 2.455243825912475586e+00 2.452528476715087891e+00 2.452059745788574219e+00 2.454667806625366211e+00 2.452580928802490234e+00 2.457871437072753906e+00 2.452999830245971680e+00
1.082164328657314600e-01 2.549038171768188477e+00 5.787176545709371567e-03 2.550809144973754883e+00 2.551975011825561523e+00 2.547582387924194336e+00 2.549084663391113281e+00 2.547551870346069336e+00 2.547021865844726562e+00 2.549005270004272461e+00 2.547402143478393555e+00 2.552087306976318359e+00 2.547843933105468750e+00
1.122244488977955784e-01 2.464429378509521484e+00 9.077103808522224426e-03 2.467416524887084961e+00 2.468535423278808594e+00 2.461541891098022461e+00 2.462768316268920898e+00 2.462226867675781250e+00 2.461048364639282227e+00 2.464140415191650391e+00 2.463104486465454102e+00 2.469625473022460938e+00 2.463681697845458984e+00
1.162324649298597107e-01 2.699477195739746094e+00 8.386413566768169403e-03 2.702886343002319336e+00 2.702842235565185547e+00 2.696604728698730469e+00 2.697117328643798828e+00 2.697681903839111328e+00 2.696434497833251953e+00 2.699076652526855469e+00 2.698659181594848633e+00 2.703991889953613281e+00 2.699359178543090820e+00
1.202404809619238429e-01 2.656550168991088867e+00 8.780797943472862244e-03 2.660081386566162109e+00 2.659927845001220703e+00 2.653445005416870117e+00 2.653707742691040039e+00 2.654691696166992188e+00 2.653397560119628906e+00 2.656095266342163086e+00 2.655932426452636719e+00 2.661205053329467773e+00 2.656639337539672852e+00
1.242484969939879613e-01 2.927155971527099609e+00 3.886783262714743614e-03 2.929566383361816406e+00 2.927793264389038086e+00 2.925665140151977539e+00 2.925284862518310547e+00 2.927381515502929688e+00 2.925760746002197266e+00 2.926986455917358398e+00 2.927028894424438477e+00 2.928084373474121094e+00 2.927697420120239258e+00
1.282565130260520936e-01 2.805698871612548828e+00 8.276342414319515228e-03 2.809694290161132812e+00 2.807165861129760742e+00 2.802482843399047852e+00 2.801425218582153320e+00 2.805360794067382812e+00 2.802743673324584961e+00 2.805234670639038086e+00 2.806309461593627930e+00 2.808864831924438477e+00 2.807265281677246094e+00
1.322645290581162258e-01 2.612393617630004883e+00 5.133103113621473312e-03 2.615093469619750977e+00 2.613084554672241211e+00 2.610471725463867188e+00 2.609615087509155273e+00 2.611917972564697266e+00 2.610934257507324219e+00 2.612099885940551758e+00 2.612899780273437500e+00 2.614140510559082031e+00 2.613606452941894531e+00
1.362725450901803581e-01 2.446957588195800781e+00 1.738537335768342018e-03 2.447811365127563477e+00 2.446448802947998047e+00 2.446431636810302734e+00 2.446096658706665039e+00 2.447038173675537109e+00 2.446681022644042969e+00 2.447105884552001953e+00 2.447359800338745117e+00 2.446926355361938477e+00 2.447826623916625977e+00
1.402805611222444904e-01 2.016174554824829102e+00 4.476617556065320969e-03 2.015983343124389648e+00 2.013540029525756836e+00 2.016535758972167969e+00 2.015974283218383789e+00 2.018124103546142578e+00 2.016500711441040039e+00 2.016691923141479492e+00 2.017101049423217773e+00 2.013761520385742188e+00 2.017615556716918945e+00
1.442885771543085949e-01 1.892775654792785645e+00 3.494910197332501411e-03 1.893699049949645996e+00 1.891553997993469238e+00 1.891769766807556152e+00 1.890885710716247559e+00 1.893250823020935059e+00 1.892028212547302246e+00 1.892954111099243164e+00 1.893930315971374512e+00 1.892739057540893555e+00 1.894553065299987793e+00
1.482965931863727271e-01 1.733439564704895020e+00 2.036219695582985878e-03 1.733295440673828125e+00 1.732177257537841797e+00 1.733153343200683594e+00 1.733039379119873047e+00 1.733581423759460449e+00 1.733135461807250977e+00 1.733869671821594238e+00 1.734128236770629883e+00 1.732998847961425781e+00 1.734593749046325684e+00
1.523046092184368594e-01 1.098966240882873535e+00 3.379566129297018051e-03 1.097931623458862305e+00 1.096854209899902344e+00 1.099267482757568359e+00 1.099379420280456543e+00 1.100078701972961426e+00 1.098920822143554688e+00 1.099638342857360840e+00 1.099751472473144531e+00 1.097551107406616211e+00 1.100124359130859375e+00
1.563126252505009917e-01 1.141425609588623047e+00 3.586922772228717804e-03 1.139953732490539551e+00 1.139349341392517090e+00 1.142086505889892578e+00 1.142444968223571777e+00 1.142145752906799316e+00 1.141807913780212402e+00 1.142149567604064941e+00 1.142050266265869141e+00 1.139844179153442383e+00 1.142352223396301270e+00
1.603206412825651239e-01 1.065095186233520508e+00 4.288679454475641251e-03 1.063081741333007812e+00 1.062951803207397461e+00 1.066216230392456055e+00 1.066719651222229004e+00 1.065123558044433594e+00 1.066181540489196777e+00 1.065875768661499023e+00 1.065686225891113281e+00 1.063351273536682129e+00 1.065934896469116211e+00
1.643286573146292562e-01 7.568917274475097656e-01 5.117170047014951706e-03 7.538006901741027832e-01 7.559936046600341797e-01 7.582569718360900879e-01 7.601397633552551270e-01 7.559691667556762695e-01 7.576968073844909668e-01 7.579098939895629883e-01 7.564786672592163086e-01 7.561226487159729004e-01 7.564854025840759277e-01
1.683366733466933607e-01 3.811281323432922363e-01 9.378314018249511719e-03 3.757987916469573975e-01 3.792734444141387939e-01 3.839605450630187988e-01 3.871153593063354492e-01 3.807289004325866699e-01 3.826420307159423828e-01 3.827992081642150879e-01 3.802312016487121582e-01 3.788550496101379395e-01 3.800314664840698242e-01
1.723446893787574929e-01 4.932285547256469727e-01 1.157281547784805298e-02 4.867540001869201660e-01 4.909356534481048584e-01 4.968171715736389160e-01 5.004427433013916016e-01 4.926460385322570801e-01 4.954492449760437012e-01 4.951711595058441162e-01 4.920748770236968994e-01 4.901204705238342285e-01 4.917922914028167725e-01
1.763527054108216252e-01 2.209398001432418823e-01 1.342142000794410706e-02 2.134819328784942627e-01 2.192904949188232422e-01 2.250707894563674927e-01 2.296764403581619263e-01 2.194915860891342163e-01 2.234746068716049194e-01 2.230852246284484863e-01 2.191576212644577026e-01 2.182257026433944702e-01 2.186828851699829102e-01
1.803607214428857575e-01 3.230757415294647217e-01 1.289969775825738907e-02 3.160043358802795410e-01 3.206308186054229736e-01 3.270108401775360107e-01 3.313696086406707764e-01 3.231863081455230713e-01 3.250061869621276855e-01 3.253076374530792236e-01 3.215216100215911865e-01 3.196049630641937256e-01 3.212596476078033447e-01
1.843687374749498897e-01 -2.947392873466014862e-03 1.129118911921977997e-02 -9.298789314925670624e-03 -2.075928263366222382e-03 -8.095828816294670105e-04 4.731086082756519318e-03 -5.438181571662425995e-03 -3.189030103385448456e-03 -8.617518469691276550e-04 -5.181985907256603241e-03 -1.798230223357677460e-03 -5.435603670775890350e-03
1.883767535070140220e-01 -5.104431509971618652e-02 1.365105435252189636e-02 -5.802983045578002930e-02 -4.892468452453613281e-02 -4.849024116992950439e-02 -4.204088076949119568e-02 -5.483298003673553467e-02 -5.090656131505966187e-02 -4.894238337874412537e-02 -5.421210452914237976e-02 -4.919671267271041870e-02 -5.473345518112182617e-02
1.923847695390781265e-01 3.776711523532867432e-01 1.145140267908573151e-02 3.751575648784637451e-01 3.823269605636596680e-01 3.764564394950866699e-01 3.812389671802520752e-01 3.724902570247650146e-01 3.747589588165283203e-01 3.787431418895721436e-01 3.754960000514984131e-01 3.843004107475280762e-01 3.756592273712158203e-01
1.963927855711422588e-01 2.212840914726257324e-01 1.017722673714160919e-02 2.184733301401138306e-01 2.252401113510131836e-01 2.204422056674957275e-01 2.249681800603866577e-01 2.169208824634552002e-01 2.187242656946182251e-01 2.224044650793075562e-01 2.192631214857101440e-01 2.268705517053604126e-01 2.193313091993331909e-01
2.004008016032063910e-01 5.744522809982299805e-01 9.570782072842121124e-03 5.732139945030212402e-01 5.785477757453918457e-01 5.727162361145019531e-01 5.763216018676757812e-01 5.703958868980407715e-01 5.713729858398437500e-01 5.752060413360595703e-01 5.728409886360168457e-01 5.804686546325683594e-01 5.731595158576965332e-01
2.044088176352705233e-01 3.717871010303497314e-01 8.308958262205123901e-03 3.712835907936096191e-01 3.754147589206695557e-01 3.698137104511260986e-01 3.726395666599273682e-01 3.687060773372650146e-01 3.686659634113311768e-01 3.723278939723968506e-01 3.705963194370269775e-01 3.772197365760803223e-01 3.709596991539001465e-01
2.084168336673346555e-01 5.228389501571655273e-01 8.630555123090744019e-03 5.240898132324218750e-01 5.267032980918884277e-01 5.202331542968750000e-01 5.219419002532958984e-01 5.200939774513244629e-01 5.195691585540771484e-01 5.228381752967834473e-01 5.219213366508483887e-01 5.284311771392822266e-01 5.223899483680725098e-01
2.124248496993987878e-01 6.408227086067199707e-01 8.524153381586074829e-03 6.429182887077331543e-01 6.442117691040039062e-01 6.378377079963684082e-01 6.388225555419921875e-01 6.387857198715209961e-01 6.374248266220092773e-01 6.406322121620178223e-01 6.404556632041931152e-01 6.461222767829895020e-01 6.410823464393615723e-01
2.164328657314629201e-01 7.810047268867492676e-01 1.968845725059509277e-03 7.812847495079040527e-01 7.802079916000366211e-01 7.810158729553222656e-01 7.808385491371154785e-01 7.822272181510925293e-01 7.810849547386169434e-01 7.810900807380676270e-01 7.811263203620910645e-01 7.798140645027160645e-01 7.814547419548034668e-01
2.204408817635270246e-01 1.036727547645568848e+00 9.846517816185951233e-03 1.035676717758178711e+00 1.032251358032226562e+00 1.038920044898986816e+00 1.037790656089782715e+00 1.041098833084106445e+00 1.039147496223449707e+00 1.037119269371032715e+00 1.037372231483459473e+00 1.030110478401184082e+00 1.037594437599182129e+00
2.244488977955911568e-01 7.491602897644042969e-01 1.193801965564489365e-02 7.456920742988586426e-01 7.454426288604736328e-01 7.533437609672546387e-01 7.534134387969970703e-01 7.513060569763183594e-01 7.540286183357238770e-01 7.496894598007202148e-01 7.487440705299377441e-01 7.419672608375549316e-01 7.482308745384216309e-01
2.284569138276552891e-01 1.189279198646545410e+00 1.780729927122592926e-02 1.185237407684326172e+00 1.182751059532165527e+00 1.195095896720886230e+00 1.194171428680419922e+00 1.193983912467956543e+00 1.196068882942199707e+00 1.189913272857666016e+00 1.189221620559692383e+00 1.177791357040405273e+00 1.188642978668212891e+00
2.324649298597194214e-01 1.054878234863281250e+00 2.335477992892265320e-02 1.049635171890258789e+00 1.045984268188476562e+00 1.062247872352600098e+00 1.061321973800659180e+00 1.062339305877685547e+00 1.062664031982421875e+00 1.055913805961608887e+00 1.054874539375305176e+00 1.039837002754211426e+00 1.054159998893737793e+00
2.364729458917835536e-01 1.352011561393737793e+00 2.976259030401706696e-02 1.345065951347351074e+00 1.340628743171691895e+00 1.361511826515197754e+00 1.360378623008728027e+00 1.361164331436157227e+00 1.361982464790344238e+00 1.353413224220275879e+00 1.351984858512878418e+00 1.332948565483093262e+00 1.351032376289367676e+00
2.404809619238476859e-01 1.691094756126403809e+00 3.443586826324462891e-02 1.683040499687194824e+00 1.677845001220703125e+00 1.702043890953063965e+00 1.700854659080505371e+00 1.701877593994140625e+00 1.702379107475280762e+00 1.692795157432556152e+00 1.691055297851562500e+00 1.669073939323425293e+00 1.689988613128662109e+00
2.444889779559117904e-01 1.402516007423400879e+00 2.885193936526775360e-02 1.396332740783691406e+00 1.391440391540527344e+00 1.411585569381713867e+00 1.410417318344116211e+00 1.412343025207519531e+00 1.411787629127502441e+00 1.403821706771850586e+00 1.402473092079162598e+00 1.383984327316284180e+00 1.401594161987304688e+00
2.484969939879759226e-01 1.095112442970275879e+00 3.030757419764995575e-02 1.088772535324096680e+00 1.083454132080078125e+00 1.104376435279846191e+00 1.103416442871093750e+00 1.106386184692382812e+00 1.103848576545715332e+00 1.096589326858520508e+00 1.094813108444213867e+00 1.075558662414550781e+00 1.093902945518493652e+00
2.525050100200400549e-01 1.535343289375305176e+00 3.129235655069351196e-02 1.529699325561523438e+00 1.522894859313964844e+00 1.544554233551025391e+00 1.542929172515869141e+00 1.547864675521850586e+00 1.544118046760559082e+00 1.536736130714416504e+00 1.535424470901489258e+00 1.514952182769775391e+00 1.534677147865295410e+00
2.565130260521041872e-01 1.542962193489074707e+00 2.561105228960514069e-02 1.540517091751098633e+00 1.532067894935607910e+00 1.549570322036743164e+00 1.546392321586608887e+00 1.554410576820373535e+00 1.549804806709289551e+00 1.543542027473449707e+00 1.543985843658447266e+00 1.525715351104736328e+00 1.543609142303466797e+00
2.605210420841683194e-01 1.682526826858520508e+00 2.314111404120922089e-02 1.682082295417785645e+00 1.672402262687683105e+00 1.687386035919189453e+00 1.683934330940246582e+00 1.694809079170227051e+00 1.687061429023742676e+00 1.682933211326599121e+00 1.683810591697692871e+00 1.667255878448486328e+00 1.683889031410217285e+00
2.645290581162324517e-01 1.585964679718017578e+00 1.955437846481800079e-02 1.587986111640930176e+00 1.577611327171325684e+00 1.588990688323974609e+00 1.584259510040283203e+00 1.596803307533264160e+00 1.589565038681030273e+00 1.585551261901855469e+00 1.587789416313171387e+00 1.573345303535461426e+00 1.587970495223999023e+00
2.685370741482965840e-01 1.871061205863952637e+00 1.644770987331867218e-02 1.876988172531127930e+00 1.865366697311401367e+00 1.870493531227111816e+00 1.864838361740112305e+00 1.880508661270141602e+00 1.871210217475891113e+00 1.869912505149841309e+00 1.873517394065856934e+00 1.863522648811340332e+00 1.874379038810729980e+00
2.725450901803607162e-01 1.762155294418334961e+00 1.797462999820709229e-02 1.768796563148498535e+00 1.755998253822326660e+00 1.761150360107421875e+00 1.754886388778686523e+00 1.772385358810424805e+00 1.761873841285705566e+00 1.760907769203186035e+00 1.765155792236328125e+00 1.754654765129089355e+00 1.766195297241210938e+00
2.765531062124248485e-01 1.580353140830993652e+00 2.042362466454505920e-02 1.590164542198181152e+00 1.576158881187438965e+00 1.576215028762817383e+00 1.568760752677917480e+00 1.589435696601867676e+00 1.577236890792846680e+00 1.578413128852844238e+00 1.584257006645202637e+00 1.576893210411071777e+00 1.585777044296264648e+00
2.805611222444889807e-01 1.801549792289733887e+00 2.291929908096790314e-02 1.813267827033996582e+00 1.798346877098083496e+00 1.795931100845336914e+00 1.787773370742797852e+00 1.810153722763061523e+00 1.797276020050048828e+00 1.799196720123291016e+00 1.805914402008056641e+00 1.800068736076354980e+00 1.807741999626159668e+00
2.845691382765530575e-01 2.066293001174926758e+00 2.610984444618225098e-02 2.080240726470947266e+00 2.065345048904418945e+00 2.058578968048095703e+00 2.049810886383056641e+00 2.072831392288208008e+00 2.060506820678710938e+00 2.063333988189697266e+00 2.070946455001831055e+00 2.068479776382446289e+00 2.073005914688110352e+00
2.885771543086171897e-01 1.841592907905578613e+00 2.464944310486316681e-02 1.854470014572143555e+00 1.839475989341735840e+00 1.834864735603332520e+00 1.825739145278930664e+00 1.848184108734130859e+00 1.837165594100952148e+00 1.838734626770019531e+00 1.846520662307739258e+00 1.842025756835937500e+00 1.848391175270080566e+00
2.925851703406813220e-01 1.655733942985534668e+00 2.770570665597915649e-02 1.670221090316772461e+00 1.656218647956848145e+00 1.646820068359375000e+00 1.638349413871765137e+00 1.660953521728515625e+00 1.648537755012512207e+00 1.652692914009094238e+00 1.660378694534301758e+00 1.660351991653442383e+00 1.662529230117797852e+00
2.965931863727454543e-01 2.371803283691406250e+00 3.189358487725257874e-02 2.388698101043701172e+00 2.372005701065063477e+00 2.361701250076293945e+00 2.351689100265502930e+00 2.377802848815917969e+00 2.364042520523071289e+00 2.368252992630004883e+00 2.377235889434814453e+00 2.376665592193603516e+00 2.379874706268310547e+00
3.006012024048095865e-01 1.621365904808044434e+00 2.343424223363399506e-02 1.633771181106567383e+00 1.620147466659545898e+00 1.614628314971923828e+00 1.606337070465087891e+00 1.626947164535522461e+00 1.616622924804687500e+00 1.618659973144531250e+00 1.625858664512634277e+00 1.623027920722961426e+00 1.627667665481567383e+00
3.046092184368737188e-01 1.846211433410644531e+00 2.923464961349964142e-02 1.861108422279357910e+00 1.848203539848327637e+00 1.836346268653869629e+00 1.827924966812133789e+00 1.849192976951599121e+00 1.838617086410522461e+00 1.842976689338684082e+00 1.850983619689941406e+00 1.853287935256958008e+00 1.853203892707824707e+00
3.086172344689378511e-01 1.645141243934631348e+00 2.585509233176708221e-02 1.658591151237487793e+00 1.646240592002868652e+00 1.636797428131103516e+00 1.628498077392578125e+00 1.648050189018249512e+00 1.639323830604553223e+00 1.642063617706298828e+00 1.649694442749023438e+00 1.650348424911499023e+00 1.651581764221191406e+00
3.126252505010019833e-01 1.392669081687927246e+00 2.384551987051963806e-02 1.404881954193115234e+00 1.394149065017700195e+00 1.384810090065002441e+00 1.377430915832519531e+00 1.394916057586669922e+00 1.387107849121093750e+00 1.389856696128845215e+00 1.396795749664306641e+00 1.398130297660827637e+00 1.398474097251892090e+00
3.166332665330661156e-01 1.569859147071838379e+00 1.847585849463939667e-02 1.579734325408935547e+00 1.570640206336975098e+00 1.564056038856506348e+00 1.557908654212951660e+00 1.571746826171875000e+00 1.566134095191955566e+00 1.567559003829956055e+00 1.573109030723571777e+00 1.573440909385681152e+00 1.574474453926086426e+00
3.206412825651302478e-01 1.187058210372924805e+00 1.553836837410926819e-02 1.195202589035034180e+00 1.187189340591430664e+00 1.182250738143920898e+00 1.176979184150695801e+00 1.189310789108276367e+00 1.183925986289978027e+00 1.185205578804016113e+00 1.190052390098571777e+00 1.189560413360595703e+00 1.191221714019775391e+00
3.246492985971943801e-01 1.413908481597900391e+00 1.769492216408252716e-02 1.422855615615844727e+00 1.413595795631408691e+00 1.408525586128234863e+00 1.402205944061279297e+00 1.415926933288574219e+00 1.410783648490905762e+00 1.411838889122009277e+00 1.417788743972778320e+00 1.416598081588745117e+00 1.419128775596618652e+00
3.286573146292585124e-01 1.259397506713867188e+00 1.723473891615867615e-02 1.267899870872497559e+00 1.260466814041137695e+00 1.253609299659729004e+00 1.248457312583923340e+00 1.260360956192016602e+00 1.255347728729248047e+00 1.257518410682678223e+00 1.262615799903869629e+00 1.263816833496093750e+00 1.263898491859436035e+00
3.326653306613226446e-01 9.222850203514099121e-01 1.417114492505788803e-02 9.293456077575683594e-01 9.220703840255737305e-01 9.179774522781372070e-01 9.128535389900207520e-01 9.237865209579467773e-01 9.198147058486938477e-01 9.206198453903198242e-01 9.254611730575561523e-01 9.245507717132568359e-01 9.264643192291259766e-01
3.366733466933867214e-01 7.290904521942138672e-01 9.593050926923751831e-03 7.335955500602722168e-01 7.279587984085083008e-01 7.265293002128601074e-01 7.226370573043823242e-01 7.309228181838989258e-01 7.278468608856201172e-01 7.280433773994445801e-01 7.315918803215026855e-01 7.294684648513793945e-01 7.322571873664855957e-01
3.406813627254508536e-01 9.155299663543701172e-01 7.550515700131654739e-03 9.194300770759582520e-01 9.149436354637145996e-01 9.136194586753845215e-01 9.103604555130004883e-01 9.166126847267150879e-01 9.149871468544006348e-01 9.145192503929138184e-01 9.173623323440551758e-01 9.158402085304260254e-01 9.178220629692077637e-01
3.446893787575149859e-01 7.061347961425781250e-01 8.232245221734046936e-03 7.097536921501159668e-01 7.053484916687011719e-01 7.036647200584411621e-01 7.008118629455566406e-01 7.075906991958618164e-01 7.044522166252136230e-01 7.054492235183715820e-01 7.083598375320434570e-01 7.072119116783142090e-01 7.090026140213012695e-01
3.486973947895791182e-01 7.074332237243652344e-01 1.103414688259363174e-02 7.120611071586608887e-01 7.090891003608703613e-01 7.034603357315063477e-01 7.010214328765869141e-01 7.066827416419982910e-01 7.043554782867431641e-01 7.064568996429443359e-01 7.093025445938110352e-01 7.118915319442749023e-01 7.099988460540771484e-01
3.527054108216432504e-01 6.025140285491943359e-01 9.622982703149318695e-03 6.062073111534118652e-01 6.020928025245666504e-01 5.991734862327575684e-01 5.968173742294311523e-01 6.036977767944335938e-01 5.993992686271667480e-01 6.020634174346923828e-01 6.049731969833374023e-01 6.051546335220336914e-01 6.058354973793029785e-01
3.567134268537073827e-01 5.222177505493164062e-01 5.949611775577068329e-03 5.234881639480590820e-01 5.231555700302124023e-01 5.200394988059997559e-01 5.194670557975769043e-01 5.207321643829345703e-01 5.203200578689575195e-01 5.221277475357055664e-01 5.234116911888122559e-01 5.255237221717834473e-01 5.237966775894165039e-01
3.607214428857715149e-01 3.571736812591552734e-01 9.287695400416851044e-03 3.590720891952514648e-01 3.605034649372100830e-01 3.541783988475799561e-01 3.544472157955169678e-01 3.540113270282745361e-01 3.541950285434722900e-01 3.568578064441680908e-01 3.575017154216766357e-01 3.631655871868133545e-01 3.577688634395599365e-01
3.647294589178356472e-01 3.811954855918884277e-01 8.317125029861927032e-03 3.833167552947998047e-01 3.825735151767730713e-01 3.779783248901367188e-01 3.777482211589813232e-01 3.804874420166015625e-01 3.774662017822265625e-01 3.811853528022766113e-01 3.823975324630737305e-01 3.858047127723693848e-01 3.830880522727966309e-01
3.687374749498997795e-01 -8.806286752223968506e-02 1.130468491464853287e-02 -8.587147295475006104e-02 -8.468607068061828613e-02 -9.204557538032531738e-02 -9.171612560749053955e-02 -9.087924659252166748e-02 -9.245453774929046631e-02 -8.824636042118072510e-02 -8.711577951908111572e-02 -8.081842958927154541e-02 -8.664600551128387451e-02
3.727454909819639117e-01 -1.821101605892181396e-01 1.057193800806999207e-02 -1.805518269538879395e-01 -1.791532486677169800e-01 -1.858941316604614258e-01 -1.853558421134948730e-01 -1.848430037498474121e-01 -1.864126026630401611e-01 -1.820942461490631104e-01 -1.811120063066482544e-01 -1.752709448337554932e-01 -1.806220859289169312e-01
3.767535070140280440e-01 -4.347563907504081726e-02 1.001249533146619797e-02 -4.203438386321067810e-02 -4.092006012797355652e-02 -4.711460694670677185e-02 -4.636533185839653015e-02 -4.562194272875785828e-02 -4.793257638812065125e-02 -4.328070208430290222e-02 -4.248706623911857605e-02 -3.697478398680686951e-02 -4.189353808760643005e-02
3.807615230460921762e-01 -4.539175629615783691e-01 6.943074520677328110e-03 -4.546900391578674316e-01 -4.522215723991394043e-01 -4.560518562793731689e-01 -4.543304443359375000e-01 -4.558410048484802246e-01 -4.573002755641937256e-01 -4.532191455364227295e-01 -4.534194469451904297e-01 -4.490592181682586670e-01 -4.531286954879760742e-01
3.847695390781562530e-01 -4.870136976242065430e-01 1.200385112315416336e-02 -4.864759743213653564e-01 -4.825747907161712646e-01 -4.906185567378997803e-01 -4.884186089038848877e-01 -4.910258054733276367e-01 -4.917953610420227051e-01 -4.867006242275238037e-01 -4.870314896106719971e-01 -4.786305725574493408e-01 -4.867257177829742432e-01
3.887775551102203853e-01 -6.426705121994018555e-01 1.021374389529228210e-02 -6.440238952636718750e-01 -6.388176083564758301e-01 -6.449716091156005859e-01 -6.418229341506958008e-01 -6.466825008392333984e-01 -6.465029120445251465e-01 -6.419084072113037109e-01 -6.432352066040039062e-01 -6.356056928634643555e-01 -6.431654691696166992e-01
3.927855711422845175e-01 -5.360236167907714844e-01 1.027341745793819427e-02 -5.369001626968383789e-01 -5.322595238685607910e-01 -5.386753082275390625e-01 -5.360631346702575684e-01 -5.400943756103515625e-01 -5.398362278938293457e-01 -5.354202389717102051e-01 -5.361863374710083008e-01 -5.287926793098449707e-01 -5.360514521598815918e-01
3.967935871743486498e-01 -8.360421061515808105e-01 1.303019374608993530e-02 -8.367460370063781738e-01 -8.308538198471069336e-01 -8.393608927726745605e-01 -8.359311819076538086e-01 -8.409085869789123535e-01 -8.409841656684875488e-01 -8.354128003120422363e-01 -8.367162346839904785e-01 -8.269626498222351074e-01 -8.365826010704040527e-01
4.008016032064127820e-01 -4.786388874053955078e-01 1.525840628892183304e-02 -4.779197871685028076e-01 -4.727313220500946045e-01 -4.830412268638610840e-01 -4.802329242229461670e-01 -4.844289124011993408e-01 -4.841512143611907959e-01 -4.783638715744018555e-01 -4.788954257965087891e-01 -4.680618047714233398e-01 -4.784929752349853516e-01
4.048096192384769143e-01 -5.747290849685668945e-01 1.113638281822204590e-02 -5.758099555969238281e-01 -5.703504085540771484e-01 -5.772301554679870605e-01 -5.741379857063293457e-01 -5.796507000923156738e-01 -5.783061981201171875e-01 -5.741390585899353027e-01 -5.752521753311157227e-01 -5.670151114463806152e-01 -5.751492381095886230e-01
4.088176352705410466e-01 -3.459870517253875732e-01 1.786168292164802551e-02 -3.460427224636077881e-01 -3.384278416633605957e-01 -3.502283096313476562e-01 -3.463551700115203857e-01 -3.542083203792572021e-01 -3.511499762535095215e-01 -3.456828594207763672e-01 -3.470338582992553711e-01 -3.338100910186767578e-01 -3.468230068683624268e-01
4.128256513026051788e-01 -5.392515063285827637e-01 1.652954146265983582e-02 -5.403843522071838379e-01 -5.320609807968139648e-01 -5.424386262893676758e-01 -5.382958650588989258e-01 -5.475016832351684570e-01 -5.432690382003784180e-01 -5.388355851173400879e-01 -5.406100153923034668e-01 -5.282329320907592773e-01 -5.406943559646606445e-01
4.168336673346693111e-01 -6.263512969017028809e-01 1.757606305181980133e-02 -6.274924874305725098e-01 -6.186485290527343750e-01 -6.299047470092773438e-01 -6.254842877388000488e-01 -6.349147558212280273e-01 -6.308692693710327148e-01 -6.259158253669738770e-01 -6.278718709945678711e-01 -6.146568655967712402e-01 -6.279377937316894531e-01
4.208416833667334433e-01 -6.985768675804138184e-01 1.688726805150508881e-02 -7.003337740898132324e-01 -6.911556124687194824e-01 -7.014072537422180176e-01 -6.968160271644592285e-01 -7.073014378547668457e-01 -7.022472023963928223e-01 -6.980713605880737305e-01 -7.002751231193542480e-01 -6.876156926155090332e-01 -7.004746198654174805e-01
4.248496993987975756e-01 -8.040210604667663574e-01 1.821723394095897675e-02 -8.065730929374694824e-01 -7.957766652107238770e-01 -8.063218593597412109e-01 -8.010188937187194824e-01 -8.136742115020751953e-01 -8.071445822715759277e-01 -8.034942746162414551e-01 -8.064521551132202148e-01 -7.927847504615783691e-01 -8.069126009941101074e-01
4.288577154308617079e-01 -5.830199718475341797e-01 2.045978419482707977e-02 -5.829772353172302246e-01 -5.738520026206970215e-01 -5.876070857048034668e-01 -5.831959247589111328e-01 -5.927326679229736328e-01 -5.883243680000305176e-01 -5.829150676727294922e-01 -5.847338438034057617e-01 -5.693718194961547852e-01 -5.846392512321472168e-01
4.328657314629258401e-01 -4.216987192630767822e-01 2.248322591185569763e-02 -4.222920536994934082e-01 -4.116422832012176514e-01 -4.263238310813903809e-01 -4.210866391658782959e-01 -4.328407049179077148e-01 -4.271830618381500244e-01 -4.214241802692413330e-01 -4.237938821315765381e-01 -4.068556725978851318e-01 -4.237615168094635010e-01
4.368737474949899169e-01 -5.527191162109375000e-01 2.606736123561859131e-02 -5.513338446617126465e-01 -5.410254597663879395e-01 -5.591646432876586914e-01 -5.540513396263122559e-01 -5.640296936035156250e-01 -5.602962970733642578e-01 -5.527995824813842773e-01 -5.547631382942199707e-01 -5.352166891098022461e-01 -5.544587969779968262e-01
4.408817635270540491e-01 -6.047835350036621094e-01 2.587792836129665375e-02 -6.054312586784362793e-01 -5.930050015449523926e-01 -6.100050210952758789e-01 -6.038054227828979492e-01 -6.173256039619445801e-01 -6.111347079277038574e-01 -6.044750809669494629e-01 -6.074056029319763184e-01 -5.876932144165039062e-01 -6.074188351631164551e-01
4.448897795591181814e-01 -5.755399465560913086e-01 2.572351507842540741e-02 -5.759440064430236816e-01 -5.635603666305541992e-01 -5.806046128273010254e-01 -5.744082927703857422e-01 -5.878700017929077148e-01 -5.817285180091857910e-01 -5.753519535064697266e-01 -5.784206390380859375e-01 -5.586599111557006836e-01 -5.785101652145385742e-01
4.488977955911823137e-01 -6.554097533226013184e-01 2.609115466475486755e-02 -6.567598581314086914e-01 -6.433092355728149414e-01 -6.600696444511413574e-01 -6.530199646949768066e-01 -6.680065989494323730e-01 -6.616454124450683594e-01 -6.549215912818908691e-01 -6.587868332862854004e-01 -6.385398507118225098e-01 -6.589651703834533691e-01
4.529058116232464459e-01 -9.820770621299743652e-01 2.703759819269180298e-02 -9.843745827674865723e-01 -9.694164395332336426e-01 -9.861993193626403809e-01 -9.787009358406066895e-01 -9.957740902900695801e-01 -9.875403046607971191e-01 -9.815858006477355957e-01 -9.858463406562805176e-01 -9.650875329971313477e-01 -9.863181710243225098e-01
4.569138276553105782e-01 -6.620239019393920898e-01 2.577359415590763092e-02 -6.621232628822326660e-01 -6.500867605209350586e-01 -6.673666834831237793e-01 -6.612088680267333984e-01 -6.740288734436035156e-01 -6.686611175537109375e-01 -6.618484854698181152e-01 -6.648921966552734375e-01 -6.450092792510986328e-01 -6.648465394973754883e-01
4.609218436873747105e-01 -7.085598111152648926e-01 2.904365584254264832e-02 -7.083714008331298828e-01 -6.948038339614868164e-01 -7.144370675086975098e-01 -7.079299688339233398e-01 -7.225319147109985352e-01 -7.153950333595275879e-01 -7.086521983146667480e-01 -7.119134664535522461e-01 -6.897023916244506836e-01 -7.120562791824340820e-01
4.649298597194388427e-01 -6.142660379409790039e-01 2.731992304325103760e-02 -6.146277785301208496e-01 -6.016248464584350586e-01 -6.198229789733886719e-01 -6.132282614707946777e-01 -6.272511482238769531e-01 -6.211032867431640625e-01 -6.140354871749877930e-01 -6.173185110092163086e-01 -5.963208675384521484e-01 -6.173034310340881348e-01
4.689378757515029750e-01 -7.945434451103210449e-01 2.860611490905284882e-02 -7.947411537170410156e-01 -7.810555100440979004e-01 -8.001863956451416016e-01 -7.934576869010925293e-01 -8.083322048187255859e-01 -8.013697862625122070e-01 -7.945019006729125977e-01 -7.979584336280822754e-01 -7.760008573532104492e-01 -7.981133460998535156e-01
4.729458917835671072e-01 -1.197924017906188965e+00 2.740098722279071808e-02 -1.199241518974304199e+00 -1.184763789176940918e+00 -1.202302694320678711e+00 -1.195455431938171387e+00 -1.211925506591796875e+00 -1.203142166137695312e+00 -1.197862625122070312e+00 -1.201592922210693359e+00 -1.180675506591796875e+00 -1.202152252197265625e+00
4.769539078156312395e-01 -6.800196170806884766e-01 2.672004513442516327e-02 -6.798347234725952148e-01 -6.672826409339904785e-01 -6.851371526718139648e-01 -6.793330311775207520e-01 -6.933433413505554199e-01 -6.856762170791625977e-01 -6.802484989166259766e-01 -6.831626892089843750e-01 -6.628183722496032715e-01 -6.833562850952148438e-01
4.809619238476953718e-01 -9.134586453437805176e-01 2.817098610103130341e-02 -9.134783148765563965e-01 -8.998411893844604492e-01 -9.187743663787841797e-01 -9.125227928161621094e-01 -9.273500442504882812e-01 -9.194710850715637207e-01 -9.136952757835388184e-01 -9.169558286666870117e-01 -8.954541683197021484e-01 -9.173392057418823242e-01
4.849699398797595040e-01 -9.993887543678283691e-01 2.823584154248237610e-02 -9.991878867149353027e-01 -9.857429265975952148e-01 -1.004785537719726562e+00 -9.985411763191223145e-01 -1.013030886650085449e+00 -1.005597591400146484e+00 -9.996345639228820801e-01 -1.002853989601135254e+00 -9.811758995056152344e-01 -1.003174781799316406e+00
4.889779559118235808e-01 -6.733189821243286133e-01 2.883910946547985077e-02 -6.711204051971435547e-01 -6.594502925872802734e-01 -6.797357201576232910e-01 -6.747556924819946289e-01 -6.867536902427673340e-01 -6.799647808074951172e-01 -6.740992069244384766e-01 -6.762918233871459961e-01 -6.546187400817871094e-01 -6.763429641723632812e-01
4.929859719438877130e-01 -7.766805887222290039e-01 2.236143872141838074e-02 -7.757933139801025391e-01 -7.660371661186218262e-01 -7.814942598342895508e-01 -7.773211002349853516e-01 -7.874804735183715820e-01 -7.817173600196838379e-01 -7.771077156066894531e-01 -7.788922786712646484e-01 -7.621636986732482910e-01 -7.790393829345703125e-01
4.969939879759518453e-01 -7.029573917388916016e-01 2.336414158344268799e-02 -7.005015611648559570e-01 -6.916615366935729980e-01 -7.085078954696655273e-01 -7.048316597938537598e-01 -7.131654024124145508e-01 -7.086701989173889160e-01 -7.037639617919921875e-01 -7.052103281021118164e-01 -6.877474784851074219e-01 -7.052204012870788574e-01
5.010020040080159776e-01 -6.067106723785400391e-01 1.658382825553417206e-02 -6.060885787010192871e-01 -5.984988212585449219e-01 -6.098489165306091309e-01 -6.067110300064086914e-01 -6.149988770484924316e-01 -6.097237467765808105e-01 -6.071795821189880371e-01 -6.086796522140502930e-01 -5.961658954620361328e-01 -6.089112162590026855e-01
5.050100200400801098e-01 -6.257512569427490234e-01 1.905944198369979858e-02 -6.243330240249633789e-01 -6.163718104362487793e-01 -6.297889351844787598e-01 -6.267657876014709473e-01 -6.350241303443908691e-01 -6.295033693313598633e-01 -6.264757513999938965e-01 -6.277616620063781738e-01 -6.136268377304077148e-01 -6.279962658882141113e-01
5.090180360721442421e-01 -7.637333869934082031e-01 1.800527423620223999e-02 -7.632202506065368652e-01 -7.545380592346191406e-01 -7.668515443801879883e-01 -7.632091641426086426e-01 -7.726224660873413086e-01 -7.668517231941223145e-01 -7.642568945884704590e-01 -7.662570476531982422e-01 -7.525161504745483398e-01 -7.667024731636047363e-01
5.130260521042083743e-01 -3.849385678768157959e-01 1.532192714512348175e-02 -3.846912980079650879e-01 -3.773153126239776611e-01 -3.876899778842926025e-01 -3.845693469047546387e-01 -3.927745223045349121e-01 -3.876311779022216797e-01 -3.852976560592651367e-01 -3.869470655918121338e-01 -3.753854036331176758e-01 -3.872346282005310059e-01
5.170340681362725066e-01 3.065301105380058289e-02 1.305064093321561813e-02 3.212849423289299011e-02 3.721497580409049988e-02 2.798464521765708923e-02 2.979474142193794250e-02 2.414809539914131165e-02 2.851054444909095764e-02 2.997082844376564026e-02 2.916688844561576843e-02 3.873521462082862854e-02 2.901982888579368591e-02
5.210420841683366389e-01 -2.288368158042430878e-02 8.782389573752880096e-03 -2.233315072953701019e-02 -1.815095357596874237e-02 -2.417844347655773163e-02 -2.257522009313106537e-02 -2.738120220601558685e-02 -2.381916157901287079e-02 -2.334930561482906342e-02 -2.436200343072414398e-02 -1.776444725692272186e-02 -2.464435063302516937e-02
5.250501002004007711e-01 2.968881744891405106e-03 4.452453926205635071e-03 4.010979551821947098e-03 5.362350959330797195e-03 2.166670281440019608e-03 2.068881411105394363e-03 6.418195553123950958e-04 2.988879103213548660e-03 2.354514319449663162e-03 2.442639786750078201e-03 5.211268085986375809e-03 2.263490576297044754e-03
5.290581162324649034e-01 4.924568533897399902e-02 3.976737614721059799e-03 4.895779490470886230e-02 5.096301436424255371e-02 4.988883435726165771e-02 5.009461194276809692e-02 4.683071374893188477e-02 5.087301135063171387e-02 4.879211634397506714e-02 4.836497455835342407e-02 4.979293048381805420e-02 4.786055535078048706e-02
5.330661322645290356e-01 2.556498348712921143e-02 5.360736977308988571e-03 2.465522661805152893e-02 2.430500462651252747e-02 2.755162119865417480e-02 2.694033458828926086e-02 2.637231722474098206e-02 2.835209667682647705e-02 2.538566663861274719e-02 2.527228742837905884e-02 2.218050509691238403e-02 2.482386305928230286e-02
5.370741482965931679e-01 3.467501401901245117e-01 3.935407381504774094e-03 3.472256660461425781e-01 3.459462225437164307e-01 3.478362560272216797e-01 3.462303876876831055e-01 3.471200764179229736e-01 3.492746353149414062e-01 3.461285233497619629e-01 3.470037281513214111e-01 3.442547321319580078e-01 3.466576039791107178e-01
5.410821643286573002e-01 4.120942354202270508e-01 6.413586903363466263e-03 4.118095338344573975e-01 4.101676940917968750e-01 4.142279028892517090e-01 4.128187894821166992e-01 4.135071933269500732e-01 4.154035449028015137e-01 4.117221832275390625e-01 4.120762050151824951e-01 4.077239632606506348e-01 4.116937518119812012e-01
5.450901803607214324e-01 7.028656601905822754e-01 1.747831702232360840e-02 7.016931176185607910e-01 6.954091191291809082e-01 7.076270580291748047e-01 7.040432095527648926e-01 7.092180848121643066e-01 7.091886997222900391e-01 7.027061581611633301e-01 7.041215896606445312e-01 6.909336447715759277e-01 7.037382721900939941e-01
5.490981963927855647e-01 6.092843413352966309e-01 1.287917885929346085e-02 6.079558134078979492e-01 6.045435070991516113e-01 6.134235262870788574e-01 6.110764741897583008e-01 6.127890348434448242e-01 6.149944663047790527e-01 6.090365052223205566e-01 6.096459031105041504e-01 6.005383729934692383e-01 6.090651750564575195e-01
5.531062124248496970e-01 8.237858414649963379e-01 1.834514178335666656e-02 8.221004009246826172e-01 8.165885806083679199e-01 8.294234275817871094e-01 8.257657885551452637e-01 8.291119933128356934e-01 8.316548466682434082e-01 8.234546184539794922e-01 8.247234225273132324e-01 8.113142251968383789e-01 8.240218758583068848e-01
5.571142284569138292e-01 8.581258654594421387e-01 1.905529014766216278e-02 8.561056256294250488e-01 8.502482771873474121e-01 8.637487292289733887e-01 8.602616786956787109e-01 8.642072677612304688e-01 8.655222058296203613e-01 8.580645918846130371e-01 8.591600060462951660e-01 8.451437354087829590e-01 8.585921525955200195e-01
5.611222444889779615e-01 8.068948388099670410e-01 2.079564705491065979e-02 8.052319884300231934e-01 7.981336712837219238e-01 8.127036094665527344e-01 8.086413145065307617e-01 8.144421577453613281e-01 8.144108057022094727e-01 8.067763447761535645e-01 8.081929683685302734e-01 7.927072644233703613e-01 8.076512813568115234e-01
5.651302605210419827e-01 1.123660922050476074e+00 2.448147349059581757e-02 1.122060418128967285e+00 1.112749099731445312e+00 1.130067348480224609e+00 1.125037074089050293e+00 1.132976770401000977e+00 1.132001161575317383e+00 1.123627424240112305e+00 1.125800490379333496e+00 1.107176184654235840e+00 1.125479698181152344e+00
5.691382765531061150e-01 9.271491169929504395e-01 2.586660347878932953e-02 9.254191517829895020e-01 9.157689809799194336e-01 9.339339137077331543e-01 9.286324381828308105e-01 9.370546340942382812e-01 9.358607530593872070e-01 9.270688295364379883e-01 9.291943907737731934e-01 9.095713496208190918e-01 9.287329912185668945e-01
5.731462925851702472e-01 1.174260020256042480e+00 2.803849242627620697e-02 1.171280503273010254e+00 1.162357568740844727e+00 1.182344436645507812e+00 1.177460670471191406e+00 1.184016704559326172e+00 1.184469580650329590e+00 1.174374341964721680e+00 1.175904870033264160e+00 1.155326843261718750e+00 1.175246357917785645e+00
5.771543086172343795e-01 9.078657627105712891e-01 2.963508851826190948e-02 9.036859869956970215e-01 8.957560062408447266e-01 9.169503450393676758e-01 9.125175476074218750e-01 9.174132347106933594e-01 9.190589189529418945e-01 9.081367254257202148e-01 9.091664552688598633e-01 8.880313038825988770e-01 9.081836938858032227e-01
5.811623246492985118e-01 7.772604823112487793e-01 2.619243599474430084e-02 7.748748064041137695e-01 7.656812667846679688e-01 7.842715382575988770e-01 7.794625759124755859e-01 7.874880433082580566e-01 7.858274579048156738e-01 7.774416804313659668e-01 7.792726159095764160e-01 7.596759796142578125e-01 7.787942290306091309e-01
5.851703406813626440e-01 9.133562445640563965e-01 3.456609696149826050e-02 9.094029664993286133e-01 8.982777595520019531e-01 9.229591488838195801e-01 9.174689054489135742e-01 9.264835715293884277e-01 9.246561527252197266e-01 9.138460159301757812e-01 9.155396819114685059e-01 8.901660442352294922e-01 9.148672819137573242e-01
5.891783567134267763e-01 1.126525282859802246e+00 2.944492176175117493e-02 1.123761057853698730e+00 1.113506078720092773e+00 1.134404420852661133e+00 1.129191279411315918e+00 1.137960076332092285e+00 1.136073708534240723e+00 1.126802325248718262e+00 1.128617048263549805e+00 1.106690287590026855e+00 1.128139495849609375e+00
5.931863727454909085e-01 8.932184576988220215e-01 3.014117665588855743e-02 8.894422650337219238e-01 8.798782825469970703e-01 9.015201926231384277e-01 8.969832062721252441e-01 9.047476649284362793e-01 9.027212262153625488e-01 8.938544988632202148e-01 8.951613306999206543e-01 8.730787038803100586e-01 8.946273326873779297e-01
5.971943887775550408e-01 8.514143228530883789e-01 3.066119179129600525e-02 8.475238680839538574e-01 8.377811908721923828e-01 8.598946332931518555e-01 8.551675081253051758e-01 8.629055619239807129e-01 8.612847328186035156e-01 8.520345687866210938e-01 8.534961342811584473e-01 8.309601545333862305e-01 8.529723286628723145e-01
6.012024048096191731e-01 1.227158308029174805e+00 2.545329183340072632e-02 1.224566817283630371e+00 1.216017007827758789e+00 1.234236717224121094e+00 1.229748606681823730e+00 1.236249446868896484e+00 1.235983133316040039e+00 1.227376461029052734e+00 1.228863000869750977e+00 1.209939837455749512e+00 1.228405237197875977e+00
6.052104208416833053e-01 8.980001211166381836e-01 2.449201233685016632e-02 8.947377204895019531e-01 8.876859545707702637e-01 9.052832722663879395e-01 9.013602733612060547e-01 9.060172438621520996e-01 9.070075154304504395e-01 8.982391953468322754e-01 8.993113636970520020e-01 8.815020322799682617e-01 8.985742330551147461e-01
6.092184368737474376e-01 6.233037114143371582e-01 2.130292169749736786e-02 6.208369135856628418e-01 6.138998866081237793e-01 6.292057633399963379e-01 6.255952715873718262e-01 6.310922503471374512e-01 6.304884552955627441e-01 6.235723495483398438e-01 6.248793005943298340e-01 6.090211272239685059e-01 6.244406700134277344e-01
6.132264529058115698e-01 6.366338729858398438e-01 1.709602959454059601e-02 6.356982588768005371e-01 6.291605830192565918e-01 6.411136388778686523e-01 6.373727321624755859e-01 6.431246995925903320e-01 6.426221728324890137e-01 6.364812254905700684e-01 6.381058096885681152e-01 6.250568628311157227e-01 6.377795934677124023e-01
6.172344689378757021e-01 6.407812833786010742e-01 1.982966810464859009e-02 6.383832097053527832e-01 6.320955753326416016e-01 6.462686657905578613e-01 6.430330872535705566e-01 6.481325626373291016e-01 6.473726034164428711e-01 6.410655379295349121e-01 6.421145796775817871e-01 6.274594664573669434e-01 6.416831612586975098e-01
6.212424849699398344e-01 5.490266084671020508e-01 1.518331468105316162e-02 5.480678677558898926e-01 5.422065854072570801e-01 5.527732968330383301e-01 5.496925115585327148e-01 5.553388595581054688e-01 5.537022352218627930e-01 5.490733385086059570e-01 5.503749251365661621e-01 5.388171076774597168e-01 5.501763820648193359e-01
6.252505010020039666e-01 4.155690371990203857e-01 1.723739318549633026e-02 4.138253629207611084e-01 4.078539013862609863e-01 4.200936555862426758e-01 4.171518385410308838e-01 4.225131869316101074e-01 4.208745062351226807e-01 4.158186018466949463e-01 4.168708622455596924e-01 4.040381610393524170e-01 4.166152775287628174e-01
6.292585170340680989e-01 4.411022663116455078e-01 1.370204798877239227e-02 4.393160641193389893e-01 4.353076815605163574e-01 4.451626539230346680e-01 4.430787861347198486e-01 4.458094537258148193e-01 4.460303187370300293e-01 4.412752389907836914e-01 4.418072104454040527e-01 4.319449365139007568e-01 4.414688348770141602e-01
6.332665330661322312e-01 6.580495834350585938e-01 1.015506125986576080e-02 6.578779220581054688e-01 6.535320281982421875e-01 6.605729460716247559e-01 6.581583023071289062e-01 6.619122624397277832e-01 6.615310311317443848e-01 6.578915715217590332e-01 6.589660048484802246e-01 6.511273980140686035e-01 6.588819026947021484e-01
6.372745490981963634e-01 5.332630872726440430e-01 1.223930343985557556e-02 5.316129922866821289e-01 5.279372930526733398e-01 5.367852449417114258e-01 5.348245501518249512e-01 5.374701619148254395e-01 5.375562906265258789e-01 5.334571003913879395e-01 5.340413451194763184e-01 5.250687003135681152e-01 5.337607860565185547e-01
6.412825651302604957e-01 5.679671764373779297e-01 8.840307593345642090e-03 5.673477649688720703e-01 5.644146203994750977e-01 5.705831646919250488e-01 5.688989758491516113e-01 5.710004568099975586e-01 5.713309645652770996e-01 5.678743124008178711e-01 5.682820677757263184e-01 5.618872642517089844e-01 5.680192112922668457e-01
6.452905811623246279e-01 2.621457278728485107e-01 8.615475147962570190e-03 2.607125639915466309e-01 2.587615549564361572e-01 2.648803889751434326e-01 2.636149525642395020e-01 2.645067572593688965e-01 2.655914425849914551e-01 2.622175514698028564e-01 2.624145746231079102e-01 2.563412189483642578e-01 2.620257139205932617e-01
6.492985971943887602e-01 4.733738005161285400e-01 9.389547631144523621e-03 4.727634489536285400e-01 4.692170917987823486e-01 4.758401513099670410e-01 4.738088846206665039e-01 4.768019914627075195e-01 4.767131507396697998e-01 4.733333885669708252e-01 4.742290973663330078e-01 4.670265018939971924e-01 4.740753769874572754e-01
6.533066132264528925e-01 4.106037318706512451e-01 4.753591027110815048e-03 4.106276035308837891e-01 4.085794985294342041e-01 4.118024706840515137e-01 4.105191528797149658e-01 4.122709929943084717e-01 4.124649763107299805e-01 4.104410111904144287e-01 4.110717475414276123e-01 4.073700904846191406e-01 4.109958410263061523e-01
6.573146292585170247e-01 3.159004449844360352e-01 9.052409790456295013e-03 3.147008419036865234e-01 3.119546771049499512e-01 3.185193538665771484e-01 3.169863224029541016e-01 3.188676238059997559e-01 3.192594945430755615e-01 3.160006999969482422e-01 3.165854811668395996e-01 3.098785877227783203e-01 3.163851499557495117e-01
6.613226452905811570e-01 4.779852032661437988e-01 7.183151319622993469e-03 4.773202538490295410e-01 4.747396111488342285e-01 4.798734486103057861e-01 4.786577522754669189e-01 4.807284176349639893e-01 4.802928864955902100e-01 4.780965149402618408e-01 4.785594642162322998e-01 4.731641709804534912e-01 4.785068333148956299e-01
6.653306613226452892e-01 2.560652494430541992e-01 5.237801000475883484e-03 2.562699317932128906e-01 2.538414299488067627e-01 2.573015987873077393e-01 2.557569146156311035e-01 2.580060958862304688e-01 2.580523490905761719e-01 2.558264434337615967e-01 2.566762864589691162e-01 2.525329887866973877e-01 2.565711438655853271e-01
6.693386773547093105e-01 2.701389491558074951e-01 5.686000920832157135e-03 2.700155675411224365e-01 2.677057385444641113e-01 2.715876400470733643e-01 2.703367471694946289e-01 2.724812924861907959e-01 2.720102369785308838e-01 2.700622677803039551e-01 2.705057263374328613e-01 2.662518620491027832e-01 2.704282402992248535e-01
6.733466933867734427e-01 3.427233099937438965e-01 4.086415283381938934e-03 3.422420620918273926e-01 3.412545323371887207e-01 3.440582156181335449e-01 3.433196544647216797e-01 3.436754047870635986e-01 3.445659279823303223e-01 3.426529765129089355e-01 3.427837491035461426e-01 3.399181962013244629e-01 3.425597250461578369e-01
6.773547094188375750e-01 1.281799674034118652e-01 2.922570100054144859e-03 1.284698098897933960e-01 1.268819570541381836e-01 1.287074387073516846e-01 1.277306675910949707e-01 1.294006854295730591e-01 1.291161179542541504e-01 1.280312091112136841e-01 1.286597400903701782e-01 1.263182163238525391e-01 1.286539286375045776e-01
6.813627254509017073e-01 3.485727310180664062e-01 5.579720251262187958e-03 3.476535081863403320e-01 3.461383879184722900e-01 3.501673340797424316e-01 3.495214581489562988e-01 3.505432307720184326e-01 3.503808975219726562e-01 3.487631976604461670e-01 3.488354086875915527e-01 3.448720574378967285e-01 3.487437069416046143e-01
6.853707414829658395e-01 8.966227620840072632e-02 1.832902431488037109e-03 8.990835398435592651e-02 8.886245638132095337e-02 8.984448760747909546e-02 8.921588212251663208e-02 9.060724824666976929e-02 9.003217518329620361e-02 8.957736194133758545e-02 9.000767022371292114e-02 8.859024941921234131e-02 9.002002328634262085e-02
6.893787575150299718e-01 -1.070610526949167252e-02 7.108245510607957840e-03 -1.229497883468866348e-02 -1.372524444013834000e-02 -8.520529605448246002e-03 -8.950949646532535553e-03 -8.228753693401813507e-03 -8.564230985939502716e-03 -1.033273059874773026e-02 -1.045703608542680740e-02 -1.520053390413522720e-02 -1.063433755189180374e-02
6.933867735470941041e-01 3.021353483200073242e-01 1.406334689818322659e-03 3.025489449501037598e-01 3.016387820243835449e-01 3.022428452968597412e-01 3.016292750835418701e-01 3.026922643184661865e-01 3.025580048561096191e-01 3.019834160804748535e-01 3.023333251476287842e-01 3.013031184673309326e-01 3.023650348186492920e-01
6.973947895791582363e-01 3.880873322486877441e-01 3.007796825841069221e-03 3.881722688674926758e-01 3.866741955280303955e-01 3.885968327522277832e-01 3.880016803741455078e-01 3.896214663982391357e-01 3.886569738388061523e-01 3.881305754184722900e-01 3.883707523345947266e-01 3.861154019832611084e-01 3.884682655334472656e-01
7.014028056112223686e-01 4.073806107044219971e-01 2.971570705994963646e-03 4.071789383888244629e-01 4.060461521148681641e-01 4.081202447414398193e-01 4.077375531196594238e-01 4.087048470973968506e-01 4.081432223320007324e-01 4.074820876121520996e-01 4.075205922126770020e-01 4.053909480571746826e-01 4.075484871864318848e-01
7.054108216432865008e-01 7.453940063714981079e-02 4.900719970464706421e-03 7.332803308963775635e-02 7.287740707397460938e-02 7.625926285982131958e-02 7.607576996088027954e-02 7.581204921007156372e-02 7.638905942440032959e-02 7.471456378698348999e-02 7.442314177751541138e-02 7.149346172809600830e-02 7.414648681879043579e-02
7.094188376753506331e-01 1.715593039989471436e-01 2.554138889536261559e-03 1.719272434711456299e-01 1.704061478376388550e-01 1.718454509973526001e-01 1.708778142929077148e-01 1.726181358098983765e-01 1.722306311130523682e-01 1.714216470718383789e-01 1.720616370439529419e-01 1.700175404548645020e-01 1.721116751432418823e-01
7.134268537074147654e-01 1.449105143547058105e-01 2.544927410781383514e-03 1.461431086063385010e-01 1.447364687919616699e-01 1.441226899623870850e-01 1.433664262294769287e-01 1.455990523099899292e-01 1.442552357912063599e-01 1.446895003318786621e-01 1.454392522573471069e-01 1.452010869979858398e-01 1.456971913576126099e-01
7.174348697394788976e-01 2.568545341491699219e-01 2.530784113332629204e-03 2.573155760765075684e-01 2.557374536991119385e-01 2.568893134593963623e-01 2.561267912387847900e-01 2.582803666591644287e-01 2.569829225540161133e-01 2.567974925041198730e-01 2.572974264621734619e-01 2.554942071437835693e-01 2.574264407157897949e-01
7.214428857715430299e-01 1.184156164526939392e-01 4.348726477473974228e-03 1.180623024702072144e-01 1.163419485092163086e-01 1.193673908710479736e-01 1.186065524816513062e-01 1.204681098461151123e-01 1.194863542914390564e-01 1.185084208846092224e-01 1.189599037170410156e-01 1.156555563211441040e-01 1.189633905887603760e-01
7.254509018036071621e-01 1.145102307200431824e-01 3.033595625311136246e-03 1.138996183872222900e-01 1.134469658136367798e-01 1.155513823032379150e-01 1.151797920465469360e-01 1.151200234889984131e-01 1.158576980233192444e-01 1.145217344164848328e-01 1.145247742533683777e-01 1.125169992446899414e-01 1.143533065915107727e-01
7.294589178356712944e-01 7.839878648519515991e-02 1.785316388122737408e-03 7.873605936765670776e-02 7.769696414470672607e-02 7.874437421560287476e-02 7.806055992841720581e-02 7.902626693248748779e-02 7.910170406103134155e-02 7.823237031698226929e-02 7.866848260164260864e-02 7.725577801465988159e-02 7.864144444465637207e-02
7.334669338677354267e-01 1.459849923849105835e-01 1.275591901503503323e-03 1.457503437995910645e-01 1.454875916242599487e-01 1.464061141014099121e-01 1.463944911956787109e-01 1.463773995637893677e-01 1.463737189769744873e-01 1.460571289062500000e-01 1.459108591079711914e-01 1.451720595359802246e-01 1.459059715270996094e-01
7.374749498997995589e-01 -7.986729964613914490e-03 2.308034105226397514e-03 -8.336186408996582031e-03 -8.839419111609458923e-03 -7.239911705255508423e-03 -7.431242614984512329e-03 -7.108118385076522827e-03 -7.197134196758270264e-03 -7.935261353850364685e-03 -8.000180125236511230e-03 -9.475601837038993835e-03 -8.071608841419219971e-03
7.414829659318636912e-01 7.992560975253582001e-03 3.676520194858312607e-03 8.876669220626354218e-03 6.411771290004253387e-03 7.687154226005077362e-03 6.586181931197643280e-03 1.000496279448270798e-02 7.662276737391948700e-03 7.944415323436260223e-03 8.918504230678081512e-03 6.705577485263347626e-03 9.224350564181804657e-03
7.454909819639278235e-01 3.766246140003204346e-02 7.609336171299219131e-04 3.787799179553985596e-02 3.740024566650390625e-02 3.772571682929992676e-02 3.732648491859436035e-02 3.784172236919403076e-02 3.790782392024993896e-02 3.754598647356033325e-02 3.779565542936325073e-02 3.719964623451232910e-02 3.776368498802185059e-02
7.494989979959919557e-01 5.555333569645881653e-02 3.481997118797153234e-04 5.550322681665420532e-02 5.564574152231216431e-02 5.562332645058631897e-02 5.558856576681137085e-02 5.533907562494277954e-02 5.577540770173072815e-02 5.550785362720489502e-02 5.552511662244796753e-02 5.554136633872985840e-02 5.547545850276947021e-02
7.535070140280560880e-01 3.331835567951202393e-02 1.017072005197405815e-03 3.308390080928802490e-02 3.367986530065536499e-02 3.347236663103103638e-02 3.367390856146812439e-02 3.265673667192459106e-02 3.362308442592620850e-02 3.330865129828453064e-02 3.314525634050369263e-02 3.359904140233993530e-02 3.307082504034042358e-02
7.575150300601202202e-01 1.435108929872512817e-01 1.121055101975798607e-03 1.440569907426834106e-01 1.436096280813217163e-01 1.431153863668441772e-01 1.428028792142868042e-01 1.436466723680496216e-01 1.432128697633743286e-01 1.433876603841781616e-01 1.436993330717086792e-01 1.437764912843704224e-01 1.437660604715347290e-01
7.615230460921843525e-01 -1.114906966686248779e-01 1.071056351065635681e-03 -1.115794330835342407e-01 -1.115257441997528076e-01 -1.111585795879364014e-01 -1.115531921386718750e-01 -1.117312759160995483e-01 -1.107292324304580688e-01 -1.116836816072463989e-01 -1.114623248577117920e-01 -1.120484769344329834e-01 -1.116888821125030518e-01
7.655310621242484848e-01 -4.014947265386581421e-02 2.627944340929389000e-03 -4.007611423730850220e-02 -3.876203298568725586e-02 -4.044078290462493896e-02 -4.024592787027359009e-02 -4.171870648860931396e-02 -4.008911550045013428e-02 -4.036323726177215576e-02 -4.046511650085449219e-02 -3.874113410711288452e-02 -4.069766402244567871e-02
7.695390781563125060e-01 -4.572330415248870850e-02 1.873833476565778255e-03 -4.641259461641311646e-02 -4.607475548982620239e-02 -4.506959021091461182e-02 -4.477640986442565918e-02 -4.528694599866867065e-02 -4.521022737026214600e-02 -4.557256400585174561e-02 -4.600230604410171509e-02 -4.665178805589675903e-02 -4.614685475826263428e-02
7.735470941883766383e-01 2.646687328815460205e-01 1.252968795597553253e-03 2.647809088230133057e-01 2.640194594860076904e-01 2.647793889045715332e-01 2.642861902713775635e-01 2.649011313915252686e-01 2.650469541549682617e-01 2.646404206752777100e-01 2.649791836738586426e-01 2.639396786689758301e-01 2.650619149208068848e-01
7.775551102204407705e-01 4.780351370573043823e-02 1.846718136221170425e-03 4.855079948902130127e-02 4.811878502368927002e-02 4.715008288621902466e-02 4.669312387704849243e-02 4.750934243202209473e-02 4.736608266830444336e-02 4.760910570621490479e-02 4.811236262321472168e-02 4.852941632270812988e-02 4.820530116558074951e-02
7.815631262525049028e-01 -1.443426962941884995e-02 2.150945831090211868e-03 -1.510226260870695114e-02 -1.518555637449026108e-02 -1.372748892754316330e-02 -1.367603521794080734e-02 -1.383221801370382309e-02 -1.380661036819219589e-02 -1.428031828254461288e-02 -1.453874167054891586e-02 -1.574589684605598450e-02 -1.463258918374776840e-02
7.855711422845690350e-01 2.692719362676143646e-02 2.349627204239368439e-03 2.629420347511768341e-02 2.595735527575016022e-02 2.764196880161762238e-02 2.755701355636119843e-02 2.768465690314769745e-02 2.759608440101146698e-02 2.707400359213352203e-02 2.696077339351177216e-02 2.543153055012226105e-02 2.688117139041423798e-02
7.895791583166331673e-01 9.725938737392425537e-02 1.146848197095096111e-03 9.762793779373168945e-02 9.686895459890365601e-02 9.706938266754150391e-02 9.653893113136291504e-02 9.752016514539718628e-02 9.724150598049163818e-02 9.717166423797607422e-02 9.761546552181243896e-02 9.697239100933074951e-02 9.769446402788162231e-02
7.935871743486972996e-01 1.074520777910947800e-02 1.053573796525597572e-03 1.105637755244970322e-02 1.107814069837331772e-02 1.036320533603429794e-02 1.044940482825040817e-02 1.079416181892156601e-02 1.016082148998975754e-02 1.073566731065511703e-02 1.070156227797269821e-02 1.131540071219205856e-02 1.075644697993993759e-02
7.975951903807614318e-01 2.080219537019729614e-01 1.389619195833802223e-03 2.080298215150833130e-01 2.074875682592391968e-01 2.084416300058364868e-01 2.080824673175811768e-01 2.083124965429306030e-01 2.087461650371551514e-01 2.079537957906723022e-01 2.081229537725448608e-01 2.071077078580856323e-01 2.081214636564254761e-01
8.016032064128255641e-01 1.504294425249099731e-01 3.105773590505123138e-03 1.498783826828002930e-01 1.492949277162551880e-01 1.515234410762786865e-01 1.511549949645996094e-01 1.510673761367797852e-01 1.518560051918029785e-01 1.504474878311157227e-01 1.504863500595092773e-01 1.484543532133102417e-01 1.503621488809585571e-01
8.056112224448896963e-01 1.306173503398895264e-01 2.647794317454099655e-04 1.305147707462310791e-01 1.306087225675582886e-01 1.306349039077758789e-01 1.307607144117355347e-01 1.307048797607421875e-01 1.305345296859741211e-01 1.306732147932052612e-01 1.305240243673324585e-01 1.305576711893081665e-01 1.305231302976608276e-01
8.096192384769538286e-01 -7.296704500913619995e-02 1.250081812031567097e-03 -7.290732115507125854e-02 -7.231538742780685425e-02 -7.321189343929290771e-02 -7.297954708337783813e-02 -7.349723577499389648e-02 -7.328528910875320435e-02 -7.300522178411483765e-02 -7.313706725835800171e-02 -7.218752056360244751e-02 -7.320600003004074097e-02
8.136272545090179609e-01 -1.348177790641784668e-01 1.285278005525469780e-03 -1.349232196807861328e-01 -1.341787874698638916e-01 -1.347436606884002686e-01 -1.346639990806579590e-01 -1.356517672538757324e-01 -1.344948410987854004e-01 -1.349571943283081055e-01 -1.350110471248626709e-01 -1.343667209148406982e-01 -1.352006793022155762e-01
8.176352705410820931e-01 -6.350348144769668579e-02 3.019912401214241982e-03 -6.476093083620071411e-02 -6.408104300498962402e-02 -6.236453726887702942e-02 -6.207745149731636047e-02 -6.348522007465362549e-02 -6.227284297347068787e-02 -6.333165615797042847e-02 -6.379114091396331787e-02 -6.490094959735870361e-02 -6.406262516975402832e-02
8.216432865731462254e-01 1.974765397608280182e-02 7.211500778794288635e-04 1.952529884874820709e-02 1.962410099804401398e-02 2.001967467367649078e-02 2.011951990425586700e-02 1.985789276659488678e-02 1.999625004827976227e-02 1.978891529142856598e-02 1.963626034557819366e-02 1.939376257359981537e-02 1.957212574779987335e-02
8.256513026052103577e-01 -5.892103910446166992e-02 2.538266126066446304e-03 -5.783721059560775757e-02 -5.802085995674133301e-02 -5.977851897478103638e-02 -6.007919460535049438e-02 -5.935066193342208862e-02 -5.959682911634445190e-02 -5.922024697065353394e-02 -5.883659422397613525e-02 -5.764357745647430420e-02 -5.876524746417999268e-02
8.296593186372744899e-01 1.036505848169326782e-01 1.543534221127629280e-03 1.040892228484153748e-01 1.043755486607551575e-01 1.032463833689689636e-01 1.032135784626007080e-01 1.030040681362152100e-01 1.034083664417266846e-01 1.034945324063301086e-01 1.035812720656394958e-01 1.045462861657142639e-01 1.035678088665008545e-01
8.336673346693386222e-01 -2.812448423355817795e-03 2.731967018917202950e-03 -3.746184986084699631e-03 -3.085713367909193039e-03 -1.747272443026304245e-03 -1.548654865473508835e-03 -3.008253406733274460e-03 -1.550651621073484421e-03 -2.769201528280973434e-03 -3.255065064877271652e-03 -4.017453175038099289e-03 -3.533560317009687424e-03
8.376753507014027544e-01 -4.436162114143371582e-02 8.024332928471267223e-04 -4.453098028898239136e-02 -4.445295780897140503e-02 -4.404810070991516113e-02 -4.412532597780227661e-02 -4.440177977085113525e-02 -4.387728124856948853e-02 -4.440957307815551758e-02 -4.442830383777618408e-02 -4.479311406612396240e-02 -4.451943188905715942e-02
8.416833667334668867e-01 -4.233697056770324707e-02 8.216244168579578400e-04 -4.266957938671112061e-02 -4.225699603557586670e-02 -4.206049442291259766e-02 -4.192104935646057129e-02 -4.264482110738754272e-02 -4.202379286289215088e-02 -4.232051223516464233e-02 -4.249245673418045044e-02 -4.247877001762390137e-02 -4.260633885860443115e-02
8.456913827655310190e-01 1.266119480133056641e-01 1.557060633786022663e-03 1.262648552656173706e-01 1.262160390615463257e-01 1.271922439336776733e-01 1.269821822643280029e-01 1.266081333160400391e-01 1.275347322225570679e-01 1.265766173601150513e-01 1.266214400529861450e-01 1.257096976041793823e-01 1.265055388212203979e-01
8.496993987975951512e-01 1.098806317895650864e-02 1.603663200512528419e-03 1.085451152175664902e-02 1.027322467416524887e-02 1.144979801028966904e-02 1.104363333433866501e-02 1.132778357714414597e-02 1.172702293843030930e-02 1.095273997634649277e-02 1.121003832668066025e-02 9.946598671376705170e-03 1.117549743503332138e-02
8.537074148296592835e-01 -1.351512596011161804e-02 1.059984089806675911e-03 -1.307982206344604492e-02 -1.335817202925682068e-02 -1.391418650746345520e-02 -1.420699059963226318e-02 -1.361770927906036377e-02 -1.380228623747825623e-02 -1.363025233149528503e-02 -1.335870474576950073e-02 -1.320353522896766663e-02 -1.330071315169334412e-02
8.577154308617234157e-01 8.948013931512832642e-02 7.135910564102232456e-04 8.993756026029586792e-02 8.959580212831497192e-02 8.931209892034530640e-02 8.900301903486251831e-02 8.948450535535812378e-02 8.948402106761932373e-02 8.931044489145278931e-02 8.950521796941757202e-02 8.947788178920745850e-02 8.952783793210983276e-02
8.617234468937875480e-01 1.313842535018920898e-01 1.400484819896519184e-03 1.311952620744705200e-01 1.312145292758941650e-01 1.319333463907241821e-01 1.317588239908218384e-01 1.311978250741958618e-01 1.322651505470275879e-01 1.312872022390365601e-01 1.312541514635086060e-01 1.306420117616653442e-01 1.311178803443908691e-01
8.657314629258516803e-01 2.314774245023727417e-01 2.314420416951179504e-03 2.310117036104202271e-01 2.304455786943435669e-01 2.320993989706039429e-01 2.319950759410858154e-01 2.324313968420028687e-01 2.320103645324707031e-01 2.316460758447647095e-01 2.315088808536529541e-01 2.299924641847610474e-01 2.315246462821960449e-01
8.697394789579158125e-01 -8.765560388565063477e-02 2.464080462232232094e-03 -8.880061656236648560e-02 -8.786932379007339478e-02 -8.676110953092575073e-02 -8.614514023065567017e-02 -8.779451996088027954e-02 -8.691857755184173584e-02 -8.742331713438034058e-02 -8.802909404039382935e-02 -8.838514238595962524e-02 -8.825337141752243042e-02
8.737474949899798338e-01 -4.923092573881149292e-02 2.020605839788913727e-03 -5.008145421743392944e-02 -4.969228059053421021e-02 -4.848013073205947876e-02 -4.837385192513465881e-02 -4.920334368944168091e-02 -4.839988052845001221e-02 -4.912686720490455627e-02 -4.936483874917030334e-02 -5.024806782603263855e-02 -4.954995214939117432e-02
8.777555110220439660e-01 1.448526084423065186e-01 4.346540081314742565e-04 1.450549811124801636e-01 1.447737365961074829e-01 1.448823511600494385e-01 1.446533054113388062e-01 1.447329968214035034e-01 1.450557112693786621e-01 1.447701305150985718e-01 1.448920369148254395e-01 1.446709632873535156e-01 1.449205130338668823e-01
8.817635270541080983e-01 -1.110324915498495102e-02 2.093889750540256500e-03 -1.201115455478429794e-02 -1.114155258983373642e-02 -1.033718790858983994e-02 -9.979105554521083832e-03 -1.145334448665380478e-02 -1.026467885822057724e-02 -1.100326981395483017e-02 -1.147189643234014511e-02 -1.172815170139074326e-02 -1.169880386441946030e-02
8.857715430861722306e-01 -6.716705858707427979e-02 1.169214025139808655e-03 -6.765387952327728271e-02 -6.690602749586105347e-02 -6.685299426317214966e-02 -6.654221564531326294e-02 -6.760880351066589355e-02 -6.684404611587524414e-02 -6.713829189538955688e-02 -6.744075566530227661e-02 -6.720115989446640015e-02 -6.761340796947479248e-02
8.897795591182363628e-01 -7.437498122453689575e-02 1.510275993496179581e-03 -7.521793991327285767e-02 -7.439035922288894653e-02 -7.391361892223358154e-02 -7.342322170734405518e-02 -7.464281469583511353e-02 -7.409062981605529785e-02 -7.419060170650482178e-02 -7.462808489799499512e-02 -7.459012418985366821e-02 -7.477379590272903442e-02
8.937875751503004951e-01 1.158648878335952759e-01 3.409871133044362068e-03 1.157017126679420471e-01 1.141172125935554504e-01 1.164967566728591919e-01 1.158048585057258606e-01 1.174841448664665222e-01 1.165687888860702515e-01 1.159587129950523376e-01 1.163915321230888367e-01 1.137745007872581482e-01 1.164920404553413391e-01
8.977955911823646273e-01 3.029472753405570984e-02 2.258901717141270638e-03 3.071861341595649719e-02 3.144573420286178589e-02 2.985822781920433044e-02 2.994805574417114258e-02 2.914083376526832581e-02 3.009450063109397888e-02 3.008328378200531006e-02 3.004293516278266907e-02 3.160779923200607300e-02 2.998841553926467896e-02
9.018036072144287596e-01 5.826920643448829651e-02 2.043815562501549721e-03 5.900977551937103271e-02 5.910133570432662964e-02 5.763908475637435913e-02 5.754941701889038086e-02 5.762595683336257935e-02 5.777374655008316040e-02 5.807422474026679993e-02 5.825065076351165771e-02 5.942232534289360046e-02 5.831637978553771973e-02
9.058116232464928919e-01 1.757694631814956665e-01 1.187279820442199707e-03 1.760762780904769897e-01 1.762462258338928223e-01 1.753383278846740723e-01 1.754344999790191650e-01 1.754736006259918213e-01 1.752890199422836304e-01 1.757272481918334961e-01 1.756891757249832153e-01 1.764521747827529907e-01 1.757533848285675049e-01
9.098196392785570241e-01 -4.521036520600318909e-02 4.717537201941013336e-03 -4.691154137253761292e-02 -4.653084650635719299e-02 -4.348716884851455688e-02 -4.296228662133216858e-02 -4.433527961373329163e-02 -4.371432960033416748e-02 -4.482172057032585144e-02 -4.561271890997886658e-02 -4.764073714613914490e-02 -4.585479199886322021e-02
9.138276553106211564e-01 1.205897852778434753e-01 6.881083245389163494e-04 1.204067990183830261e-01 1.205992624163627625e-01 1.208029165863990784e-01 1.207886263728141785e-01 1.202159747481346130e-01 1.209862753748893738e-01 1.205733940005302429e-01 1.205072328448295593e-01 1.204106435179710388e-01 1.204491034150123596e-01
9.178356713426852886e-01 2.199671044945716858e-02 1.329152844846248627e-03 2.129642292857170105e-02 2.189253270626068115e-02 2.242508530616760254e-02 2.273160591721534729e-02 2.160327881574630737e-02 2.241125330328941345e-02 2.212819457054138184e-02 2.182704582810401917e-02 2.170026674866676331e-02 2.170556038618087769e-02
9.218436873747494209e-01 -1.401622295379638672e-01 1.652212347835302353e-03 -1.403060257434844971e-01 -1.392992734909057617e-01 -1.402332633733749390e-01 -1.397526413202285767e-01 -1.409145444631576538e-01 -1.403086483478546143e-01 -1.401720941066741943e-01 -1.405110061168670654e-01 -1.392229348421096802e-01 -1.406157314777374268e-01
9.258517034068135532e-01 6.810384243726730347e-02 2.042046980932354927e-03 6.889141350984573364e-02 6.877902150154113770e-02 6.737308949232101440e-02 6.722804903984069824e-02 6.782276183366775513e-02 6.741169095039367676e-02 6.793899089097976685e-02 6.815208494663238525e-02 6.919431686401367188e-02 6.826019287109375000e-02
9.298597194388776854e-01 -1.159322708845138550e-01 6.512054824270308018e-04 -1.158268004655838013e-01 -1.159327626228332520e-01 -1.161860525608062744e-01 -1.161396801471710205e-01 -1.157251894474029541e-01 -1.164014786481857300e-01 -1.158956885337829590e-01 -1.159026622772216797e-01 -1.157529056072235107e-01 -1.158376932144165039e-01
9.338677354709418177e-01 1.298778355121612549e-01 6.141777266748249531e-04 1.299734711647033691e-01 1.295916587114334106e-01 1.299353986978530884e-01 1.298133879899978638e-01 1.302392184734344482e-01 1.299215406179428101e-01 1.298912763595581055e-01 1.299388557672500610e-01 1.295173764228820801e-01 1.299923658370971680e-01
9.378757515030059499e-01 -1.247299388051033020e-01 2.628471935167908669e-03 -1.255911737680435181e-01 -1.257184296846389771e-01 -1.238694414496421814e-01 -1.237608119845390320e-01 -1.238906159996986389e-01 -1.240306720137596130e-01 -1.245106831192970276e-01 -1.247329339385032654e-01 -1.262363940477371216e-01 -1.248451843857765198e-01
9.418837675350700822e-01 -1.598490476608276367e-01 3.245954401791095734e-03 -1.611193269491195679e-01 -1.605638712644577026e-01 -1.586727052927017212e-01 -1.581935286521911621e-01 -1.592575460672378540e-01 -1.589079052209854126e-01 -1.595799326896667480e-01 -1.602357476949691772e-01 -1.614172309637069702e-01 -1.604747027158737183e-01
9.458917835671342145e-01 1.425987631082534790e-01 1.616025809198617935e-03 1.418704241514205933e-01 1.427263468503952026e-01 1.431145966053009033e-01 1.435673981904983521e-01 1.421145945787429810e-01 1.431167274713516235e-01 1.427300423383712769e-01 1.422763019800186157e-01 1.424399465322494507e-01 1.421334296464920044e-01
9.498997995991983467e-01 5.932286009192466736e-02 2.415676601231098175e-03 6.044669821858406067e-02 5.976601317524909973e-02 5.846123397350311279e-02 5.786791443824768066e-02 5.916268751025199890e-02 5.868504568934440613e-02 5.902953073382377625e-02 5.962918326258659363e-02 6.017545983195304871e-02 5.975789949297904968e-02
9.539078156312624790e-01 -3.785659745335578918e-02 1.774618634954094887e-03 -3.735635057091712952e-02 -3.841948881745338440e-02 -3.818609192967414856e-02 -3.863454237580299377e-02 -3.680857643485069275e-02 -3.830576315522193909e-02 -3.789402917027473450e-02 -3.749826177954673767e-02 -3.830358013510704041e-02 -3.736159577965736389e-02
9.579158316633266113e-01 5.243388935923576355e-02 3.013273468241095543e-03 5.372131243348121643e-02 5.279156938195228577e-02 5.130251869559288025e-02 5.087531730532646179e-02 5.270848050713539124e-02 5.125514417886734009e-02 5.225601047277450562e-02 5.286403745412826538e-02 5.361671373248100281e-02 5.315700173377990723e-02
9.619238476953907435e-01 -9.538754075765609741e-02 1.320001902058720589e-03 -9.508384019136428833e-02 -9.504506736993789673e-02 -9.582846611738204956e-02 -9.605379402637481689e-02 -9.583650529384613037e-02 -9.566323459148406982e-02 -9.549970179796218872e-02 -9.516468644142150879e-02 -9.467597305774688721e-02 -9.515968710184097290e-02
9.659318637274548758e-01 -9.794580936431884766e-02 1.056870678439736366e-03 -9.773895889520645142e-02 -9.738418459892272949e-02 -9.804937243461608887e-02 -9.812480956315994263e-02 -9.855218231678009033e-02 -9.782187640666961670e-02 -9.811511635780334473e-02 -9.805585443973541260e-02 -9.744395315647125244e-02 -9.815210103988647461e-02
9.699398797595190080e-01 3.301965072751045227e-02 2.399763325229287148e-03 3.397845104336738586e-02 3.375348448753356934e-02 3.213180601596832275e-02 3.188826888799667358e-02 3.269731998443603516e-02 3.219657018780708313e-02 3.280563279986381531e-02 3.310019522905349731e-02 3.418979048728942871e-02 3.322318196296691895e-02
9.739478957915831403e-01 8.167007938027381897e-03 2.287567593157291412e-03 9.133988991379737854e-03 8.529024198651313782e-03 7.320644333958625793e-03 6.832884624600410461e-03 8.105123415589332581e-03 7.502259686589241028e-03 7.944481447339057922e-03 8.530097082257270813e-03 9.054677560925483704e-03 8.682856336236000061e-03
9.779559118236471615e-01 -1.351363211870193481e-01 9.975332068279385567e-04 -1.353436112403869629e-01 -1.346643716096878052e-01 -1.350366473197937012e-01 -1.347841173410415649e-01 -1.356363743543624878e-01 -1.350173950195312500e-01 -1.351512074470520020e-01 -1.353099793195724487e-01 -1.346722841262817383e-01 -1.354320794343948364e-01
9.819639278557112938e-01 8.695548772811889648e-02 1.472476753406226635e-03 8.777300268411636353e-02 8.739364892244338989e-02 8.653879165649414062e-02 8.615692704916000366e-02 8.676645904779434204e-02 8.678720146417617798e-02 8.669978380203247070e-02 8.706954866647720337e-02 8.753172308206558228e-02 8.711793273687362671e-02
9.859719438877754261e-01 3.426663577556610107e-02 2.367624547332525253e-03 3.335204347968101501e-02 3.391537815332412720e-02 3.517434373497962952e-02 3.556700795888900757e-02 3.438312187790870667e-02 3.511084988713264465e-02 3.443961217999458313e-02 3.391856327652931213e-02 3.327437117695808411e-02 3.373730927705764771e-02
9.899799599198395583e-01 -4.551689326763153076e-02 2.650000154972076416e-03 -4.487138614058494568e-02 -4.636667296290397644e-02 -4.615629836916923523e-02 -4.662316665053367615e-02 -4.411957040429115295e-02 -4.647506400942802429e-02 -4.544142261147499084e-02 -4.487273097038269043e-02 -4.576745256781578064e-02 -4.456239566206932068e-02
9.939879759519036906e-01 -1.593743115663528442e-01 1.834360300563275814e-03 -1.599558144807815552e-01 -1.601881533861160278e-01 -1.589170843362808228e-01 -1.588935554027557373e-01 -1.585527062416076660e-01 -1.591591686010360718e-01 -1.591867953538894653e-01 -1.592943966388702393e-01 -1.604547351598739624e-01 -1.593466103076934814e-01
9.979959919839678228e-01 -4.560751095414161682e-02 4.590522148646414280e-04 -4.561400786042213440e-02 -4.537559673190116882e-02 -4.570540785789489746e-02 -4.561424627900123596e-02 -4.575076699256896973e-02 -4.571448266506195068e-02 -4.561413452029228210e-02 -4.560296609997749329e-02 -4.526826739311218262e-02 -4.563158750534057617e-02
1.002004008016031955e+00 -4.687394946813583374e-02 2.859224332496523857e-03 -4.600182920694351196e-02 -4.580092430114746094e-02 -4.788514226675033569e-02 -4.781226813793182373e-02 -4.725503176450729370e-02 -4.805933684110641479e-02 -4.703614115715026855e-02 -4.694283753633499146e-02 -4.520262032747268677e-02 -4.683085530996322632e-02
1.006012024048096087e+00 8.804605901241302490e-02 4.949425347149372101e-04 8.826543390750885010e-02 8.825428038835525513e-02 8.791922777891159058e-02 8.796209096908569336e-02 8.796006441116333008e-02 8.792839944362640381e-02 8.802235871553421021e-02 8.799427002668380737e-02 8.837115019559860229e-02 8.807201683521270752e-02
1.010020040080160220e+00 1.195665448904037476e-02 7.165751885622739792e-04 1.231168583035469055e-02 1.200358569622039795e-02 1.172043383121490479e-02 1.150389015674591064e-02 1.207710802555084229e-02 1.174848154187202454e-02 1.187596470117568970e-02 1.207838207483291626e-02 1.210714876651763916e-02 1.211041212081909180e-02
1.014028056112224352e+00 7.005631923675537109e-02 1.538497279398143291e-03 6.943732500076293945e-02 6.965618580579757690e-02 7.061007618904113770e-02 7.077918946743011475e-02 7.026262581348419189e-02 7.058621197938919067e-02 7.018735259771347046e-02 6.994286179542541504e-02 6.927976012229919434e-02 6.984935700893402100e-02
1.018036072144288484e+00 -3.426426555961370468e-03 1.817918149754405022e-03 -4.062791820615530014e-03 -4.089604597538709641e-03 -2.819660585373640060e-03 -2.863648813217878342e-03 -3.134123515337705612e-03 -2.755444031208753586e-03 -3.312032204121351242e-03 -3.427506890147924423e-03 -4.532292019575834274e-03 -3.527001943439245224e-03
1.022044088176352616e+00 7.976450771093368530e-02 1.157248509116470814e-03 7.934584468603134155e-02 7.970673590898513794e-02 8.020722121000289917e-02 8.039835840463638306e-02 7.955410331487655640e-02 8.028938621282577515e-02 7.982248067855834961e-02 7.955954223871231079e-02 7.941784709692001343e-02 7.948128134012222290e-02
1.026052104208416749e+00 1.757475286722183228e-01 9.967121295630931854e-04 1.761478185653686523e-01 1.754202842712402344e-01 1.756267398595809937e-01 1.751410663127899170e-01 1.759542226791381836e-01 1.758413314819335938e-01 1.756495535373687744e-01 1.760089099407196045e-01 1.754394322633743286e-01 1.760958880186080933e-01
1.030060120240480881e+00 3.315467536449432373e-01 1.352032064460217953e-03 3.315407037734985352e-01 3.308185338973999023e-01 3.317547440528869629e-01 3.316719830036163330e-01 3.323122560977935791e-01 3.316198289394378662e-01 3.316779732704162598e-01 3.316638469696044922e-01 3.308070003986358643e-01 3.318167030811309814e-01
1.034068136272545013e+00 1.113106831908226013e-01 1.591742620803415775e-03 1.109693571925163269e-01 1.106177940964698792e-01 1.118052080273628235e-01 1.117427721619606018e-01 1.117840036749839783e-01 1.117848530411720276e-01 1.114084944128990173e-01 1.113373264670372009e-01 1.102852895855903625e-01 1.113276854157447815e-01
1.038076152304609145e+00 9.372308850288391113e-02 1.796143827959895134e-03 9.464447200298309326e-02 9.388361126184463501e-02 9.309740364551544189e-02 9.266006946563720703e-02 9.394234418869018555e-02 9.316553175449371338e-02 9.354814141988754272e-02 9.397388994693756104e-02 9.420268237590789795e-02 9.411542862653732300e-02
1.042084168336673278e+00 -1.198556870222091675e-01 6.522926851175725460e-04 -1.199738234281539917e-01 -1.196301132440567017e-01 -1.200011521577835083e-01 -1.197196394205093384e-01 -1.199466586112976074e-01 -1.202277988195419312e-01 -1.197776347398757935e-01 -1.199451833963394165e-01 -1.194668263196945190e-01 -1.199545413255691528e-01
1.046092184368737410e+00 7.328393310308456421e-02 2.026496920734643936e-03 7.291510701179504395e-02 7.233088463544845581e-02 7.378020882606506348e-02 7.357981055974960327e-02 7.412422448396682739e-02 7.371720671653747559e-02 7.339549809694290161e-02 7.339416444301605225e-02 7.193983346223831177e-02 7.339226454496383667e-02
1.050100200400801542e+00 -1.009179949760437012e-01 6.830031052231788635e-04 -1.010328382253646851e-01 -1.010937616229057312e-01 -1.006601601839065552e-01 -1.007488816976547241e-01 -1.008621901273727417e-01 -1.005559861660003662e-01 -1.009449511766433716e-01 -1.009434983134269714e-01 -1.013493612408638000e-01 -1.009995341300964355e-01
1.054108216432865675e+00 1.080138087272644043e-01 2.367119072005152702e-03 1.074291542172431946e-01 1.070790141820907593e-01 1.088458895683288574e-01 1.086644157767295837e-01 1.084522083401679993e-01 1.090142354369163513e-01 1.081081777811050415e-01 1.080727949738502502e-01 1.065723747014999390e-01 1.080111786723136902e-01
1.058116232464929807e+00 2.406221814453601837e-02 2.246264368295669556e-03 2.356397546827793121e-02 2.311020530760288239e-02 2.478387020528316498e-02 2.461210824549198151e-02 2.476712130010128021e-02 2.483038417994976044e-02 2.416931651532649994e-02 2.417986281216144562e-02 2.266145683825016022e-02 2.412280254065990448e-02
1.062124248496993939e+00 7.765887677669525146e-02 9.568295790813863277e-04 7.784582674503326416e-02 7.722811400890350342e-02 7.772114872932434082e-02 7.743080705404281616e-02 7.817266136407852173e-02 7.780057191848754883e-02 7.762466371059417725e-02 7.784514129161834717e-02 7.714341580867767334e-02 7.789412140846252441e-02
1.066132264529058071e+00 4.568024724721908569e-02 1.790840295143425465e-03 4.494699835777282715e-02 4.505943506956100464e-02 4.629259556531906128e-02 4.643911123275756836e-02 4.596454650163650513e-02 4.621126502752304077e-02 4.586017876863479614e-02 4.561601579189300537e-02 4.472166299819946289e-02 4.553382843732833862e-02
1.070140280561122204e+00 6.187794357538223267e-02 1.700836117379367352e-03 6.178331002593040466e-02 6.272715330123901367e-02 6.165875121951103210e-02 6.205974519252777100e-02 6.095473095774650574e-02 6.169924139976501465e-02 6.187011674046516418e-02 6.164979189634323120e-02 6.291407346725463867e-02 6.159956380724906921e-02
1.074148296593186336e+00 1.626202464103698730e-02 1.215769560076296329e-03 1.617322117090225220e-02 1.687157154083251953e-02 1.617279648780822754e-02 1.628983020782470703e-02 1.549208164215087891e-02 1.631806790828704834e-02 1.618337631225585938e-02 1.611233502626419067e-02 1.689381897449493408e-02 1.599900424480438232e-02
1.078156312625250468e+00 1.418970972299575806e-01 2.254575956612825394e-03 1.407946497201919556e-01 1.418320983648300171e-01 1.426421999931335449e-01 1.432140767574310303e-01 1.414282470941543579e-01 1.425970047712326050e-01 1.421169191598892212e-01 1.414789855480194092e-01 1.413582712411880493e-01 1.412963420152664185e-01
1.082164328657314600e+00 -3.269433975219726562e-02 7.942437077872455120e-04 -3.255080431699752808e-02 -3.303331881761550903e-02 -3.266848623752593994e-02 -3.306484222412109375e-02 -3.254803270101547241e-02 -3.245872259140014648e-02 -3.278211504220962524e-02 -3.247714042663574219e-02 -3.311189264059066772e-02 -3.246524184942245483e-02
1.086172344689378733e+00 -2.667211182415485382e-02 1.533847535029053688e-03 -2.673784829676151276e-02 -2.591801621019840240e-02 -2.678210847079753876e-02 -2.659562788903713226e-02 -2.765722014009952545e-02 -2.660775370895862579e-02 -2.675608731806278229e-02 -2.685577608644962311e-02 -2.585719712078571320e-02 -2.696710638701915741e-02
1.090180360721442865e+00 -9.993711486458778381e-03 1.650822814553976059e-03 -1.046857424080371857e-02 -9.589312598109245300e-03 -9.563932195305824280e-03 -9.407972916960716248e-03 -1.093597151339054108e-02 -9.258078411221504211e-03 -1.005282811820507050e-02 -1.030752994120121002e-02 -1.001135446131229401e-02 -1.052526198327541351e-02
1.094188376753506997e+00 -3.227483481168746948e-02 7.648166501894593239e-04 -3.239729255437850952e-02 -3.197196125984191895e-02 -3.214237093925476074e-02 -3.197341412305831909e-02 -3.270851075649261475e-02 -3.211119771003723145e-02 -3.229674696922302246e-02 -3.249564766883850098e-02 -3.212699294090270996e-02 -3.256645053625106812e-02
1.098196392785571129e+00 2.118985056877136230e-01 1.649966579861938953e-03 2.125600427389144897e-01 2.113993465900421143e-01 2.115695178508758545e-01 2.110272645950317383e-01 2.126483619213104248e-01 2.115898132324218750e-01 2.118102759122848511e-01 2.122160047292709351e-01 2.114982903003692627e-01 2.123959213495254517e-01
1.102204408817635262e+00 -2.228666841983795166e-02 2.721023745834827423e-03 -2.327734231948852539e-02 -2.310009300708770752e-02 -2.129386365413665771e-02 -2.119170874357223511e-02 -2.201452851295471191e-02 -2.123660966753959656e-02 -2.212164551019668579e-02 -2.240888029336929321e-02 -2.379860356450080872e-02 -2.258046343922615051e-02
1.106212424849699394e+00 5.529774725437164307e-02 9.252642048522830009e-04 5.534075945615768433e-02 5.566256493330001831e-02 5.511558055877685547e-02 5.523392558097839355e-02 5.470979213714599609e-02 5.515959113836288452e-02 5.527745932340621948e-02 5.525726824998855591e-02 5.586087703704833984e-02 5.525668710470199585e-02
1.110220440881763526e+00 -6.740763783454895020e-04 2.209107624366879463e-03 1.740455627441406250e-05 -9.524449706077575684e-05 -1.533031463623046875e-03 -1.575998961925506592e-03 -9.446106851100921631e-04 -1.668099313974380493e-03 -7.598176598548889160e-04 -5.565360188484191895e-04 4.984065890312194824e-04 -4.126913845539093018e-04
1.114228456913827658e+00 1.838730871677398682e-01 2.047988120466470718e-03 1.836025565862655640e-01 1.828276962041854858e-01 1.842922419309616089e-01 1.841521710157394409e-01 1.848694235086441040e-01 1.841351687908172607e-01 1.840360164642333984e-01 1.840218156576156616e-01 1.826027780771255493e-01 1.841166615486145020e-01
1.118236472945891791e+00 1.040710285305976868e-01 6.599507760256528854e-04 1.036405935883522034e-01 1.039964184165000916e-01 1.041931286454200745e-01 1.044761314988136292e-01 1.038927063345909119e-01 1.040790453553199768e-01 1.042280420660972595e-01 1.039937362074851990e-01 1.040590032935142517e-01 1.040084585547447205e-01
1.122244488977955923e+00 -1.204254012554883957e-02 1.619002432562410831e-03 -1.167490612715482712e-02 -1.129239331930875778e-02 -1.252714823931455612e-02 -1.235375087708234787e-02 -1.247079949826002121e-02 -1.260076742619276047e-02 -1.211099606007337570e-02 -1.215824019163846970e-02 -1.100549381226301193e-02 -1.213357876986265182e-02
1.126252505010020055e+00 -1.328205019235610962e-01 3.444113070145249367e-03 -1.340520381927490234e-01 -1.338196247816085815e-01 -1.315341442823410034e-01 -1.314347535371780396e-01 -1.323523074388504028e-01 -1.314507722854614258e-01 -1.326403319835662842e-01 -1.329507529735565186e-01 -1.346939802169799805e-01 -1.331960409879684448e-01
1.130260521042083965e+00 2.722783572971820831e-02 2.009941032156348228e-03 2.814092300832271576e-02 2.772748656570911407e-02 2.649839408695697784e-02 2.620563097298145294e-02 2.707842178642749786e-02 2.658091671764850616e-02 2.701992355287075043e-02 2.739944495260715485e-02 2.811528928577899933e-02 2.752196602523326874e-02
1.134268537074148098e+00 -2.062835916876792908e-02 1.340799033641815186e-03 -2.061814442276954651e-02 -1.990208029747009277e-02 -2.070097997784614563e-02 -2.042618021368980408e-02 -2.134250849485397339e-02 -2.065138891339302063e-02 -2.069696411490440369e-02 -2.090288326144218445e-02 -1.992105320096015930e-02 -2.099811285734176636e-02
1.138276553106212230e+00 -2.376162707805633545e-01 1.045025186613202095e-03 -2.373225092887878418e-01 -2.371417582035064697e-01 -2.377963364124298096e-01 -2.380030453205108643e-01 -2.381058931350708008e-01 -2.375269532203674316e-01 -2.378176450729370117e-01 -2.375203669071197510e-01 -2.370655536651611328e-01 -2.376228868961334229e-01
1.142284569138276362e+00 -5.370235815644264221e-02 1.914446009323000908e-03 -5.457983911037445068e-02 -5.331338569521903992e-02 -5.325427278876304626e-02 -5.261541530489921570e-02 -5.455974861979484558e-02 -5.325686186552047729e-02 -5.354928597807884216e-02 -5.402064695954322815e-02 -5.342859402298927307e-02 -5.418782681226730347e-02
1.146292585170340494e+00 -1.294379234313964844e-01 4.857195890508592129e-04 -1.295717060565948486e-01 -1.292792707681655884e-01 -1.294576972723007202e-01 -1.291984170675277710e-01 -1.294539123773574829e-01 -1.296457648277282715e-01 -1.293776780366897583e-01 -1.295107156038284302e-01 -1.291725933551788330e-01 -1.295510232448577881e-01
1.150300601202404627e+00 1.940080523490905762e-02 2.580617088824510574e-03 2.015867829322814941e-02 2.027733623981475830e-02 1.845481991767883301e-02 1.844272762537002563e-02 1.888380944728851318e-02 1.839438080787658691e-02 1.926354318857192993e-02 1.945465803146362305e-02 2.087992429733276367e-02 1.956736296415328979e-02
1.154308617234468759e+00 2.112028598785400391e-01 2.021195366978645325e-03 2.121394276618957520e-01 2.116149365901947021e-01 2.104209065437316895e-01 2.102011740207672119e-01 2.113908231258392334e-01 2.103424221277236938e-01 2.110627591609954834e-01 2.113024890422821045e-01 2.119523584842681885e-01 2.114571034908294678e-01
1.158316633266532891e+00 -6.238509342074394226e-02 1.247471198439598083e-03 -6.186093017458915710e-02 -6.202956661581993103e-02 -6.278555095195770264e-02 -6.300121545791625977e-02 -6.262309849262237549e-02 -6.262955069541931152e-02 -6.253942847251892090e-02 -6.222070381045341492e-02 -6.174419447779655457e-02 -6.218463554978370667e-02
1.162324649298597024e+00 -2.145848423242568970e-02 3.463272703811526299e-03 -2.007238566875457764e-02 -2.063975110650062561e-02 -2.277763932943344116e-02 -2.312594652175903320e-02 -2.163072302937507629e-02 -2.280867286026477814e-02 -2.170177549123764038e-02 -2.120663598179817200e-02 -1.982261985540390015e-02 -2.095375210046768188e-02
1.166332665330661156e+00 9.768047183752059937e-02 1.354592735879123211e-03 9.761972725391387939e-02 9.701409190893173218e-02 9.799041599035263062e-02 9.766030311584472656e-02 9.815335273742675781e-02 9.814018011093139648e-02 9.768532961606979370e-02 9.784958511590957642e-02 9.678816795349121094e-02 9.786647558212280273e-02
1.170340681362725288e+00 3.657940030097961426e-02 5.174421821720898151e-04 3.672184795141220093e-02 3.655288368463516235e-02 3.655052557587623596e-02 3.634016588330268860e-02 3.630447015166282654e-02 3.676478564739227295e-02 3.651098906993865967e-02 3.674447536468505859e-02 3.668100014328956604e-02 3.677179291844367981e-02
1.174348697394789420e+00 -3.572772489860653877e-03 2.928965725004673004e-03 -4.658082500100135803e-03 -4.386920481920242310e-03 -2.515371190384030342e-03 -2.181224757805466652e-03 -3.068824531510472298e-03 -2.665498526766896248e-03 -3.327525453642010689e-03 -3.831523703411221504e-03 -5.094826221466064453e-03 -3.996965475380420685e-03
1.178356713426853553e+00 -7.096073031425476074e-02 9.579876204952597618e-04 -7.124374806880950928e-02 -7.139074802398681641e-02 -7.067833095788955688e-02 -7.066179811954498291e-02 -7.066205888986587524e-02 -7.075669616460800171e-02 -7.086347043514251709e-02 -7.093747705221176147e-02 -7.154760509729385376e-02 -7.094664126634597778e-02
1.182364729458917685e+00 -1.727771013975143433e-01 1.334358006715774536e-03 -1.723401248455047607e-01 -1.724399030208587646e-01 -1.732612848281860352e-01 -1.732049733400344849e-01 -1.727284938097000122e-01 -1.734530776739120483e-01 -1.728081107139587402e-01 -1.727040112018585205e-01 -1.720231771469116211e-01 -1.726100444793701172e-01
1.186372745490981817e+00 -1.203559264540672302e-01 2.883177017793059349e-03 -1.215780451893806458e-01 -1.205948218703269958e-01 -1.192328855395317078e-01 -1.188159361481666565e-01 -1.206577196717262268e-01 -1.191525533795356750e-01 -1.202084049582481384e-01 -1.207339689135551453e-01 -1.213386282324790955e-01 -1.210461184382438660e-01
1.190380761523045949e+00 -3.454124182462692261e-02 1.452836208045482635e-03 -3.391068056225776672e-02 -3.443204239010810852e-02 -3.506151586771011353e-02 -3.544552996754646301e-02 -3.453035652637481689e-02 -3.495184332132339478e-02 -3.468556329607963562e-02 -3.424644470214843750e-02 -3.410500288009643555e-02 -3.415361046791076660e-02
1.194388777555110082e+00 -1.420986205339431763e-01 1.147397328168153763e-03 -1.420428454875946045e-01 -1.426381915807723999e-01 -1.420332938432693481e-01 -1.422853767871856689e-01 -1.413869112730026245e-01 -1.421210020780563354e-01 -1.420817822217941284e-01 -1.418962329626083374e-01 -1.427219063043594360e-01 -1.418772488832473755e-01
1.198396793587174214e+00 -1.294032931327819824e-01 2.677217824384570122e-03 -1.288478076457977295e-01 -1.282340735197067261e-01 -1.301737576723098755e-01 -1.299720555543899536e-01 -1.303515732288360596e-01 -1.301571726799011230e-01 -1.295524239540100098e-01 -1.294590085744857788e-01 -1.276438385248184204e-01 -1.294260770082473755e-01
1.202404809619238346e+00 -1.961231231689453125e-01 3.375576809048652649e-03 -1.974519789218902588e-01 -1.954286247491836548e-01 -1.951278001070022583e-01 -1.941566616296768188e-01 -1.971316188573837280e-01 -1.951505988836288452e-01 -1.959963291883468628e-01 -1.969763487577438354e-01 -1.962362080812454224e-01 -1.973847895860671997e-01
1.206412825651302478e+00 1.419043447822332382e-02 5.448423908092081547e-04 1.448289211839437485e-02 1.424758788198232651e-02 1.402621623128652573e-02 1.394563075155019760e-02 1.436650659888982773e-02 1.400696020573377609e-02 1.413953956216573715e-02 1.426382642239332199e-02 1.437107007950544357e-02 1.431882288306951523e-02
1.210420841683366611e+00 -1.290404498577117920e-01 1.576259150169789791e-03 -1.295703649520874023e-01 -1.295614987611770630e-01 -1.284643262624740601e-01 -1.284411251544952393e-01 -1.286777853965759277e-01 -1.284708380699157715e-01 -1.289561241865158081e-01 -1.290411204099655151e-01 -1.299184709787368774e-01 -1.291506588459014893e-01
1.214428857715430743e+00 -4.054087027907371521e-02 8.408410940319299698e-04 -4.036566987633705139e-02 -4.024697840213775635e-02 -4.084138199687004089e-02 -4.073083028197288513e-02 -4.068267345428466797e-02 -4.095849022269248962e-02 -4.053904116153717041e-02 -4.056657105684280396e-02 -4.002215340733528137e-02 -4.051394015550613403e-02
1.218436873747494875e+00 9.580399096012115479e-02 3.244924359023571014e-03 9.687222540378570557e-02 9.713509678840637207e-02 9.477872401475906372e-02 9.481485188007354736e-02 9.495080262422561646e-02 9.484188258647918701e-02 9.555575251579284668e-02 9.572903811931610107e-02 9.777498990297317505e-02 9.585338830947875977e-02
1.222444889779559007e+00 -7.853464782238006592e-02 7.884938968345522881e-04 -7.836005836725234985e-02 -7.877971976995468140e-02 -7.855502516031265259e-02 -7.863219082355499268e-02 -7.789204269647598267e-02 -7.867382466793060303e-02 -7.852700352668762207e-02 -7.842338830232620239e-02 -7.875749468803405762e-02 -7.836705446243286133e-02
1.226452905811623140e+00 -3.547859191894531250e-02 1.687972573563456535e-03 -3.599272295832633972e-02 -3.630977123975753784e-02 -3.508558869361877441e-02 -3.495109826326370239e-02 -3.469874709844589233e-02 -3.534044325351715088e-02 -3.524432331323623657e-02 -3.532373905181884766e-02 -3.632847964763641357e-02 -3.528197854757308960e-02
1.230460921843687272e+00 -1.228283792734146118e-01 9.769652970135211945e-04 -1.232917457818984985e-01 -1.225538104772567749e-01 -1.226340606808662415e-01 -1.223263442516326904e-01 -1.232409328222274780e-01 -1.226671487092971802e-01 -1.227744668722152710e-01 -1.230271905660629272e-01 -1.227032020688056946e-01 -1.231779232621192932e-01
1.234468937875751404e+00 1.118215993046760559e-01 1.149083138443529606e-03 1.123198196291923523e-01 1.115062385797500610e-01 1.115856692194938660e-01 1.110894531011581421e-01 1.121154353022575378e-01 1.117400377988815308e-01 1.117108240723609924e-01 1.120819672942161560e-01 1.115425899624824524e-01 1.121859624981880188e-01
1.238476953907815536e+00 -1.040506660938262939e-01 1.111520687118172646e-03 -1.042244583368301392e-01 -1.043943911790847778e-01 -1.038683652877807617e-01 -1.037000268697738647e-01 -1.032522767782211304e-01 -1.041868180036544800e-01 -1.039355844259262085e-01 -1.041295230388641357e-01 -1.045524775981903076e-01 -1.041292920708656311e-01
1.242484969939879669e+00 4.704115167260169983e-02 2.065703738480806351e-03 4.801033064723014832e-02 4.737114161252975464e-02 4.626777023077011108e-02 4.582408070564270020e-02 4.712012782692909241e-02 4.637057706713676453e-02 4.682198911905288696e-02 4.727565497159957886e-02 4.771225154399871826e-02 4.741370305418968201e-02
1.246492985971943801e+00 -1.173803880810737610e-01 9.844095911830663681e-04 -1.177580580115318298e-01 -1.172900870442390442e-01 -1.170285269618034363e-01 -1.168383285403251648e-01 -1.174906566739082336e-01 -1.170460432767868042e-01 -1.173563525080680847e-01 -1.176335662603378296e-01 -1.176265701651573181e-01 -1.177719905972480774e-01
1.250501002004007933e+00 -6.276203691959381104e-02 2.430624095723032951e-03 -6.393571943044662476e-02 -6.290825456380844116e-02 -6.189597398042678833e-02 -6.140530854463577271e-02 -6.321119517087936401e-02 -6.185469776391983032e-02 -6.256525963544845581e-02 -6.310112029314041138e-02 -6.341572850942611694e-02 -6.333130598068237305e-02
1.254509018036072066e+00 1.357063800096511841e-01 5.466997390612959862e-04 1.359068304300308228e-01 1.357024163007736206e-01 1.355309635400772095e-01 1.352997273206710815e-01 1.356834024190902710e-01 1.356820166110992432e-01 1.356406956911087036e-01 1.358535736799240112e-01 1.357724666595458984e-01 1.358843594789505005e-01
1.258517034068136198e+00 1.779238693416118622e-02 6.664207903668284416e-04 1.759087108075618744e-02 1.754716224968433380e-02 1.799352280795574188e-02 1.781343109905719757e-02 1.774316467344760895e-02 1.818377710878849030e-02 1.779366470873355865e-02 1.790521107614040375e-02 1.742810942232608795e-02 1.784061826765537262e-02
1.262525050100200330e+00 -2.495282143354415894e-02 1.876355730928480625e-03 -2.413387410342693329e-02 -2.488597854971885681e-02 -2.562802657485008240e-02 -2.614093199372291565e-02 -2.466643601655960083e-02 -2.553500607609748840e-02 -2.512149699032306671e-02 -2.460400387644767761e-02 -2.453086152672767639e-02 -2.446703985333442688e-02
1.266533066132264462e+00 -3.358611464500427246e-02 1.049537677317857742e-03 -3.372983261942863464e-02 -3.390648961067199707e-02 -3.326256573200225830e-02 -3.361913189291954041e-02 -3.368657827377319336e-02 -3.288145735859870911e-02 -3.367701172828674316e-02 -3.338966518640518188e-02 -3.414632380008697510e-02 -3.350041806697845459e-02
1.270541082164328595e+00 -1.452405154705047607e-01 8.723821374587714672e-04 -1.454129815101623535e-01 -1.455550193786621094e-01 -1.449683308601379395e-01 -1.451534032821655273e-01 -1.450550854206085205e-01 -1.448411941528320312e-01 -1.452657282352447510e-01 -1.451949179172515869e-01 -1.458362936973571777e-01 -1.452676653861999512e-01
1.274549098196392727e+00 2.417053095996379852e-02 1.140152802690863609e-03 2.466627024114131927e-02 2.386467717587947845e-02 2.392047457396984100e-02 2.360532991588115692e-02 2.469153515994548798e-02 2.390891872346401215e-02 2.411453984677791595e-02 2.441740594804286957e-02 2.405112050473690033e-02 2.457431517541408539e-02
1.278557114228456859e+00 -1.529857516288757324e-01 1.983084017410874367e-03 -1.524929404258728027e-01 -1.520537585020065308e-01 -1.534694135189056396e-01 -1.533958017826080322e-01 -1.538003683090209961e-01 -1.533814668655395508e-01 -1.531617343425750732e-01 -1.530906260013580322e-01 -1.517404019832611084e-01 -1.531036645174026489e-01
1.282565130260520991e+00 2.859891578555107117e-02 1.918764901347458363e-03 2.916568890213966370e-02 2.944827452301979065e-02 2.801943942904472351e-02 2.800868079066276550e-02 2.800951525568962097e-02 2.808300033211708069e-02 2.843705937266349792e-02 2.850586548447608948e-02 2.974286302924156189e-02 2.852686122059822083e-02
1.286573146292585124e+00 -1.532125566154718399e-02 1.643509371206164360e-03 -1.583234965801239014e-02 -1.605173945426940918e-02 -1.486569736152887344e-02 -1.487757358700037003e-02 -1.475019846111536026e-02 -1.490882132202386856e-02 -1.518163178116083145e-02 -1.524667534977197647e-02 -1.631276309490203857e-02 -1.526673231273889542e-02
1.290581162324649256e+00 -6.616321951150894165e-02 2.059084363281726837e-03 -6.663665920495986938e-02 -6.706520169973373413e-02 -6.553250551223754883e-02 -6.567978113889694214e-02 -6.546039879322052002e-02 -6.553035229444503784e-02 -6.605509668588638306e-02 -6.602962315082550049e-02 -6.744743138551712036e-02 -6.608654558658599854e-02
1.294589178356713388e+00 -1.077530905604362488e-01 4.784298653248697519e-04 -1.075749248266220093e-01 -1.079194843769073486e-01 -1.077062562108039856e-01 -1.078882440924644470e-01 -1.074590608477592468e-01 -1.077139824628829956e-01 -1.078090444207191467e-01 -1.076800525188446045e-01 -1.079730987548828125e-01 -1.076851785182952881e-01
1.298597194388777520e+00 -7.971592247486114502e-02 2.036863705143332481e-03 -8.057711273431777954e-02 -8.029513806104660034e-02 -7.899837195873260498e-02 -7.870388031005859375e-02 -7.931727170944213867e-02 -7.916063815355300903e-02 -7.950252294540405273e-02 -7.985881716012954712e-02 -8.068689703941345215e-02 -7.997061312198638916e-02
1.302605210420841653e+00 1.436669230461120605e-01 2.357797930017113686e-03 1.443082392215728760e-01 1.447398811578750610e-01 1.430204957723617554e-01 1.430483907461166382e-01 1.427492648363113403e-01 1.431744098663330078e-01 1.434662491083145142e-01 1.435450464487075806e-01 1.451013237237930298e-01 1.435665190219879150e-01
1.306613226452905785e+00 1.030720174312591553e-01 3.282069694250822067e-03 1.019514799118041992e-01 1.020088642835617065e-01 1.042549461126327515e-01 1.044777184724807739e-01 1.036712750792503357e-01 1.041886880993843079e-01 1.033279597759246826e-01 1.028971672058105469e-01 1.012718230485916138e-01 1.027728319168090820e-01
1.310621242484969917e+00 -1.382627636194229126e-01 1.041334704495966434e-03 -1.386610418558120728e-01 -1.379259973764419556e-01 -1.381819844245910645e-01 -1.377163827419281006e-01 -1.386768817901611328e-01 -1.383828073740005493e-01 -1.381619125604629517e-01 -1.384967416524887085e-01 -1.378787308931350708e-01 -1.385961621999740601e-01
1.314629258517034049e+00 -2.239364199340343475e-02 6.233116728253662586e-04 -2.225852571427822113e-02 -2.206224761903285980e-02 -2.240853570401668549e-02 -2.238391153514385223e-02 -2.276358567178249359e-02 -2.232074178755283356e-02 -2.247748710215091705e-02 -2.253199927508831024e-02 -2.214180491864681244e-02 -2.256432734429836273e-02
1.318637274549098182e+00 -6.141281127929687500e-02 1.985217095352709293e-04 -6.144539266824722290e-02 -6.145651638507843018e-02 -6.137069314718246460e-02 -6.141283363103866577e-02 -6.133724749088287354e-02 -6.136737763881683350e-02 -6.143148243427276611e-02 -6.143780052661895752e-02 -6.156575679779052734e-02 -6.146384775638580322e-02
1.322645290581162314e+00 1.074667572975158691e-01 1.499601639807224274e-03 1.080628409981727600e-01 1.071340516209602356e-01 1.071289107203483582e-01 1.065304353833198547e-01 1.078103706240653992e-01 1.073863208293914795e-01 1.073301583528518677e-01 1.079669818282127380e-01 1.074469015002250671e-01 1.081013008952140808e-01
1.326653306613226446e+00 -1.935727894306182861e-01 2.331155585125088692e-03 -1.945017874240875244e-01 -1.931370496749877930e-01 -1.928655505180358887e-01 -1.921543031930923462e-01 -1.940981298685073853e-01 -1.930019706487655640e-01 -1.934588998556137085e-01 -1.941987127065658569e-01 -1.937442570924758911e-01 -1.944914907217025757e-01
1.330661322645290578e+00 6.789934635162353516e-02 1.295642461627721786e-03 6.742004305124282837e-02 6.763157248497009277e-02 6.841242313385009766e-02 6.852401793003082275e-02 6.773267686367034912e-02 6.851999461650848389e-02 6.796972453594207764e-02 6.784695386886596680e-02 6.736478954553604126e-02 6.775538623332977295e-02
1.334669338677354489e+00 -2.057783901691436768e-01 2.263371832668781281e-03 -2.066891491413116455e-01 -2.051873505115509033e-01 -2.052080333232879639e-01 -2.045616656541824341e-01 -2.067241817712783813e-01 -2.051880508661270142e-01 -2.057027816772460938e-01 -2.062610238790512085e-01 -2.055318951606750488e-01 -2.065569460391998291e-01
1.338677354709418621e+00 -2.681650407612323761e-02 2.357453107833862305e-03 -2.658336795866489410e-02 -2.800803817808628082e-02 -2.662991173565387726e-02 -2.715087123215198517e-02 -2.547642774879932404e-02 -2.668892778456211090e-02 -2.677930332720279694e-02 -2.637130208313465118e-02 -2.807463891804218292e-02 -2.622200734913349152e-02
1.342685370741482753e+00 1.428874433040618896e-01 3.255555406212806702e-03 1.441964805126190186e-01 1.424465626478195190e-01 1.418291181325912476e-01 1.410635858774185181e-01 1.440267860889434814e-01 1.417153626680374146e-01 1.427637785673141479e-01 1.435407698154449463e-01 1.431616842746734619e-01 1.439248472452163696e-01
1.346693386773546885e+00 4.902059584856033325e-02 3.018624847754836082e-03 5.023121088743209839e-02 4.981984943151473999e-02 4.788300395011901855e-02 4.765335470438003540e-02 4.895073175430297852e-02 4.780789464712142944e-02 4.880873858928680420e-02 4.918565601110458374e-02 5.049884319305419922e-02 4.938063770532608032e-02
1.350701402805611018e+00 1.510204933583736420e-02 2.938037039712071419e-03 1.579902879893779755e-02 1.387367211282253265e-02 1.479627005755901337e-02 1.402101479470729828e-02 1.678560487926006317e-02 1.467619650065898895e-02 1.510437391698360443e-02 1.577853970229625702e-02 1.409917511045932770e-02 1.605778001248836517e-02
1.354709418837675150e+00 7.617886364459991455e-02 8.345255046151578426e-04 7.625283300876617432e-02 7.659035921096801758e-02 7.619342952966690063e-02 7.623129338026046753e-02 7.564844936132431030e-02 7.635398954153060913e-02 7.608702033758163452e-02 7.603038102388381958e-02 7.654915004968643188e-02 7.597770541906356812e-02
1.358717434869739282e+00 1.755731552839279175e-01 1.271880231797695160e-03 1.755225658416748047e-01 1.749561578035354614e-01 1.757787615060806274e-01 1.757955700159072876e-01 1.763437539339065552e-01 1.755697578191757202e-01 1.756982505321502686e-01 1.755874902009963989e-01 1.748549491167068481e-01 1.757160723209381104e-01
1.362725450901803415e+00 1.130032390356063843e-01 7.913673762232065201e-04 1.127175465226173401e-01 1.128366440534591675e-01 1.132646575570106506e-01 1.134014204144477844e-01 1.131762266159057617e-01 1.131724268198013306e-01 1.130807474255561829e-01 1.128497868776321411e-01 1.125944256782531738e-01 1.128134429454803467e-01
1.366733466933867547e+00 -1.792199909687042236e-01 2.346855588257312775e-03 -1.803375631570816040e-01 -1.795636117458343506e-01 -1.783520877361297607e-01 -1.778531074523925781e-01 -1.791639178991317749e-01 -1.785130202770233154e-01 -1.789888739585876465e-01 -1.795069873332977295e-01 -1.800286173820495605e-01 -1.797073185443878174e-01
1.370741482965931679e+00 6.060144864022731781e-03 9.294108022004365921e-04 6.027429364621639252e-03 5.559585057199001312e-03 6.086747162044048309e-03 5.792192183434963226e-03 6.417053751647472382e-03 6.189848296344280243e-03 6.074651144444942474e-03 6.330761127173900604e-03 5.589882843196392059e-03 6.380460225045681000e-03
1.374749498997995811e+00 1.365871727466583252e-01 2.421200741082429886e-03 1.377363055944442749e-01 1.365388631820678711e-01 1.357899606227874756e-01 1.350375115871429443e-01 1.369429677724838257e-01 1.360108405351638794e-01 1.363532692193984985e-01 1.370984017848968506e-01 1.370234936475753784e-01 1.373280733823776245e-01
1.378757515030059944e+00 -1.053982228040695190e-01 1.083403942175209522e-03 -1.057513803243637085e-01 -1.050072759389877319e-01 -1.051812320947647095e-01 -1.048281043767929077e-01 -1.058565378189086914e-01 -1.051926016807556152e-01 -1.053716093301773071e-01 -1.056284457445144653e-01 -1.051003336906433105e-01 -1.057610660791397095e-01
1.382765531062124076e+00 1.383548825979232788e-01 2.226129872724413872e-03 1.394462287425994873e-01 1.386851072311401367e-01 1.375871300697326660e-01 1.370362639427185059e-01 1.382166892290115356e-01 1.378341466188430786e-01 1.380930393934249878e-01 1.386958062648773193e-01 1.391366720199584961e-01 1.388559341430664062e-01
1.386773547094188208e+00 -8.545646071434020996e-02 9.694038308225572109e-04 -8.501375466585159302e-02 -8.530420809984207153e-02 -8.573741465806961060e-02 -8.607191592454910278e-02 -8.561960607767105103e-02 -8.553538471460342407e-02 -8.561260253190994263e-02 -8.527299016714096069e-02 -8.510119467973709106e-02 -8.523820340633392334e-02
1.390781563126252340e+00 5.512464046478271484e-02 1.218441640958189964e-03 5.488079786300659180e-02 5.468931794166564941e-02 5.554015934467315674e-02 5.536173284053802490e-02 5.531392246484756470e-02 5.565869808197021484e-02 5.513547360897064209e-02 5.511782318353652954e-02 5.429808795452117920e-02 5.505154281854629517e-02
1.394789579158316473e+00 7.066474854946136475e-02 3.276245901361107826e-03 7.095241546630859375e-02 7.237082719802856445e-02 7.001453638076782227e-02 7.062386721372604370e-02 6.925101578235626221e-02 6.990362703800201416e-02 7.055295258760452271e-02 7.007564604282379150e-02 7.265623658895492554e-02 7.000605016946792603e-02
1.398797595190380605e+00 5.576704442501068115e-02 8.528744219802320004e-04 5.606451630592346191e-02 5.588825047016143799e-02 5.541989952325820923e-02 5.536359548568725586e-02 5.586886778473854065e-02 5.535527318716049194e-02 5.575427412986755371e-02 5.585151910781860352e-02 5.612447485327720642e-02 5.593261122703552246e-02
1.402805611222444737e+00 1.745239645242691040e-01 1.669694087468087673e-03 1.749120503664016724e-01 1.752864420413970947e-01 1.740974783897399902e-01 1.742210090160369873e-01 1.737780272960662842e-01 1.741946637630462646e-01 1.744171231985092163e-01 1.744274049997329712e-01 1.755718737840652466e-01 1.744599640369415283e-01
1.406813627254508869e+00 -1.597618684172630310e-02 2.359814243391156197e-03 -1.528279855847358704e-02 -1.485207676887512207e-02 -1.660053431987762451e-02 -1.661775261163711548e-02 -1.680897176265716553e-02 -1.645557954907417297e-02 -1.621938124299049377e-02 -1.611138880252838135e-02 -1.456016674637794495e-02 -1.614402979612350464e-02
1.410821643286573002e+00 -8.303706347942352295e-02 6.462678429670631886e-04 -8.341239392757415771e-02 -8.306814730167388916e-02 -8.282572031021118164e-02 -8.270311355590820312e-02 -8.326059579849243164e-02 -8.281826972961425781e-02 -8.297468721866607666e-02 -8.308312296867370605e-02 -8.310428261756896973e-02 -8.314707875251770020e-02
1.414829659318637134e+00 2.538431994616985321e-02 1.444059773348271847e-03 2.568885497748851776e-02 2.486631087958812714e-02 2.506781183183193207e-02 2.478867955505847931e-02 2.614690922200679779e-02 2.491131611168384552e-02 2.543125860393047333e-02 2.574931271374225616e-02 2.514529041945934296e-02 2.590931020677089691e-02
1.418837675350701266e+00 -9.591362625360488892e-02 8.789495332166552544e-04 -9.635430574417114258e-02 -9.602109342813491821e-02 -9.566678851842880249e-02 -9.536115825176239014e-02 -9.571798145771026611e-02 -9.585648030042648315e-02 -9.579312801361083984e-02 -9.607298672199249268e-02 -9.617558121681213379e-02 -9.614193439483642578e-02
1.422845691382765398e+00 -5.076472833752632141e-02 1.173670985735952854e-03 -5.135859921574592590e-02 -5.065498873591423035e-02 -5.041051283478736877e-02 -5.005522444844245911e-02 -5.100052431225776672e-02 -5.045933648943901062e-02 -5.067010968923568726e-02 -5.101148411631584167e-02 -5.090250447392463684e-02 -5.115071684122085571e-02
1.426853707414829531e+00 -2.239925414323806763e-02 2.515738597139716148e-03 -2.153892442584037781e-02 -2.143755555152893066e-02 -2.319784462451934814e-02 -2.328718081116676331e-02 -2.298887446522712708e-02 -2.312022075057029724e-02 -2.261290699243545532e-02 -2.236658334732055664e-02 -2.087663859128952026e-02 -2.226541563868522644e-02
1.430861723446893663e+00 -8.199136704206466675e-02 1.770838280208408833e-03 -8.262746781110763550e-02 -8.258617669343948364e-02 -8.142436295747756958e-02 -8.122833818197250366e-02 -8.145774155855178833e-02 -8.160273730754852295e-02 -8.181343227624893188e-02 -8.212005347013473511e-02 -8.297189325094223022e-02 -8.217732608318328857e-02
1.434869739478957795e+00 -1.153087019920349121e-01 2.239583991467952728e-03 -1.144920587539672852e-01 -1.147609651088714600e-01 -1.161571294069290161e-01 -1.164284050464630127e-01 -1.154206022620201111e-01 -1.161380857229232788e-01 -1.154779642820358276e-01 -1.150826290249824524e-01 -1.142199039459228516e-01 -1.149627789855003357e-01
1.438877755511021928e+00 -1.463515013456344604e-01 7.744755712337791920e-04 -1.467221975326538086e-01 -1.462032645940780640e-01 -1.461881548166275024e-01 -1.459759324789047241e-01 -1.467823535203933716e-01 -1.461500972509384155e-01 -1.463122367858886719e-01 -1.464165896177291870e-01 -1.462305635213851929e-01 -1.465166956186294556e-01
1.442885771543086060e+00 -7.935982197523117065e-02 1.842033350840210915e-03 -7.948841154575347900e-02 -7.850351929664611816e-02 -7.961525022983551025e-02 -7.908989489078521729e-02 -8.023591339588165283e-02 -7.974149286746978760e-02 -7.931856811046600342e-02 -7.959021627902984619e-02 -7.814547419548034668e-02 -7.962318509817123413e-02
1.446893787575150192e+00 -1.819326430559158325e-01 1.627325429581105709e-03 -1.814584285020828247e-01 -1.812299489974975586e-01 -1.823989152908325195e-01 -1.824889481067657471e-01 -1.824621856212615967e-01 -1.822360455989837646e-01 -1.821155101060867310e-01 -1.818816512823104858e-01 -1.809334009885787964e-01 -1.819016933441162109e-01
1.450901803607214324e+00 3.644773364067077637e-02 1.616967609152197838e-03 3.621710464358329773e-02 3.556825220584869385e-02 3.671017289161682129e-02 3.646288812160491943e-02 3.718750551342964172e-02 3.666761517524719238e-02 3.655992448329925537e-02 3.670700639486312866e-02 3.547302633523941040e-02 3.676168993115425110e-02
1.454909819639278457e+00 -3.272913768887519836e-02 4.061963409185409546e-03 -3.396691009402275085e-02 -3.436417505145072937e-02 -3.135866671800613403e-02 -3.148566558957099915e-02 -3.188265115022659302e-02 -3.126674517989158630e-02 -3.247008472681045532e-02 -3.263259306550025940e-02 -3.517237678170204163e-02 -3.277151659131050110e-02
1.458917835671342589e+00 2.867256291210651398e-02 3.259372897446155548e-03 2.808159776031970978e-02 2.712965942919254303e-02 2.951617352664470673e-02 2.927482686936855316e-02 3.007481805980205536e-02 2.942178957164287567e-02 2.887576632201671600e-02 2.892866171896457672e-02 2.663954161107540131e-02 2.894255332648754120e-02
1.462925851703406721e+00 -1.250533759593963623e-01 1.207213383167982101e-03 -1.250197589397430420e-01 -1.244373545050621033e-01 -1.252981126308441162e-01 -1.251309663057327271e-01 -1.256251484155654907e-01 -1.252742856740951538e-01 -1.251125782728195190e-01 -1.252023726701736450e-01 -1.242957636713981628e-01 -1.252492070198059082e-01
1.466933867735470853e+00 4.003794118762016296e-02 1.130639342591166496e-03 3.948751464486122131e-02 4.024603590369224548e-02 4.031338170170783997e-02 4.070139303803443909e-02 3.965112194418907166e-02 4.024720564484596252e-02 4.013517126441001892e-02 3.977709636092185974e-02 4.010513052344322205e-02 3.965956345200538635e-02
1.470941883767534986e+00 1.896555572748184204e-01 2.655543852597475052e-03 1.892657876014709473e-01 1.883615553379058838e-01 1.901397854089736938e-01 1.901566833257675171e-01 1.911164671182632446e-01 1.897322088479995728e-01 1.899383962154388428e-01 1.897293776273727417e-01 1.880786716938018799e-01 1.898603290319442749e-01
1.474949899799599118e+00 1.133703216910362244e-01 4.709951172117143869e-04 1.136401966214179993e-01 1.133740469813346863e-01 1.133367344737052917e-01 1.130727753043174744e-01 1.133761331439018250e-01 1.135275289416313171e-01 1.132480278611183167e-01 1.134066209197044373e-01 1.132352873682975769e-01 1.133930608630180359e-01
1.478957915831663250e+00 -8.501034975051879883e-02 3.186861285939812660e-03 -8.623121678829193115e-02 -8.593221753835678101e-02 -8.383803069591522217e-02 -8.351696282625198364e-02 -8.449329435825347900e-02 -8.397905528545379639e-02 -8.474544435739517212e-02 -8.522475510835647583e-02 -8.663115650415420532e-02 -8.540717512369155884e-02
1.482965931863727382e+00 7.606172561645507812e-02 1.250652247108519077e-03 7.609815895557403564e-02 7.546125352382659912e-02 7.616955041885375977e-02 7.594504952430725098e-02 7.682879269123077393e-02 7.611438632011413574e-02 7.611143589019775391e-02 7.623474299907684326e-02 7.535570859909057617e-02 7.630276679992675781e-02
1.486973947895791515e+00 1.127307415008544922e-01 1.742424094118177891e-03 1.136542409658432007e-01 1.124932169914245605e-01 1.123109161853790283e-01 1.117422580718994141e-01 1.134541779756546021e-01 1.123489290475845337e-01 1.125546246767044067e-01 1.129983067512512207e-01 1.126057654619216919e-01 1.131690740585327148e-01
1.490981963927855647e+00 -2.214233018457889557e-02 1.972938654944300652e-03 -2.304870076477527618e-02 -2.254726178944110870e-02 -2.143695391714572906e-02 -2.109155245125293732e-02 -2.220744080841541290e-02 -2.149121649563312531e-02 -2.195696718990802765e-02 -2.236961014568805695e-02 -2.296457625925540924e-02 -2.249279804527759552e-02
1.494989979959919779e+00 8.061556518077850342e-02 1.420116896042600274e-04 8.067042380571365356e-02 8.058319240808486938e-02 8.059618622064590454e-02 8.056735247373580933e-02 8.065414428710937500e-02 8.058469742536544800e-02 8.060251921415328979e-02 8.056971430778503418e-02 8.052891492843627930e-02 8.058051764965057373e-02
1.498997995991983911e+00 -7.599522173404693604e-02 1.598667236976325512e-03 -7.670345902442932129e-02 -7.571603357791900635e-02 -7.551766186952590942e-02 -7.515494525432586670e-02 -7.661184668540954590e-02 -7.545021176338195801e-02 -7.593648135662078857e-02 -7.630059123039245605e-02 -7.601976394653320312e-02 -7.651735097169876099e-02
1.503006012024048044e+00 1.772838681936264038e-01 2.067707479000091553e-03 1.778657287359237671e-01 1.763877719640731812e-01 1.772084832191467285e-01 1.765610128641128540e-01 1.783730387687683105e-01 1.773077100515365601e-01 1.772253513336181641e-01 1.777262538671493530e-01 1.763834804296493530e-01 1.779300421476364136e-01
1.507014028056112176e+00 3.116206824779510498e-02 1.948194927535951138e-03 3.191531449556350708e-02 3.063023090362548828e-02 3.073053807020187378e-02 3.006165474653244019e-02 3.194531053304672241e-02 3.080143779516220093e-02 3.104674071073532104e-02 3.166297823190689087e-02 3.091201186180114746e-02 3.185880929231643677e-02
1.511022044088176308e+00 1.099036484956741333e-01 2.156371949240565300e-03 1.107709035277366638e-01 1.105988249182701111e-01 1.091363206505775452e-01 1.088974103331565857e-01 1.095079928636550903e-01 1.092773303389549255e-01 1.096884831786155701e-01 1.099717542529106140e-01 1.109929755330085754e-01 1.100938171148300171e-01
1.515030060120240440e+00 -6.360161304473876953e-02 1.571737346239387989e-03 -6.342671066522598267e-02 -6.281404942274093628e-02 -6.386756151914596558e-02 -6.369575858116149902e-02 -6.443989276885986328e-02 -6.376591324806213379e-02 -6.371165066957473755e-02 -6.372152268886566162e-02 -6.262378394603729248e-02 -6.378196179866790771e-02
1.519038076152304573e+00 1.111953929066658020e-01 1.111494726501405239e-03 1.112027242779731750e-01 1.107026487588882446e-01 1.114290133118629456e-01 1.112824380397796631e-01 1.118276491761207581e-01 1.114031076431274414e-01 1.112297996878623962e-01 1.112648248672485352e-01 1.105091273784637451e-01 1.113095507025718689e-01
1.523046092184368705e+00 8.332641795277595520e-03 6.545671494677662849e-04 8.251851424574851990e-03 8.432863280177116394e-03 8.581617847084999084e-03 8.566876873373985291e-03 8.110044524073600769e-03 8.767371997237205505e-03 8.266137912869453430e-03 8.228281512856483459e-03 8.219985291361808777e-03 8.161338046193122864e-03
1.527054108216432837e+00 -9.568088501691818237e-02 1.776870805770158768e-03 -9.650143980979919434e-02 -9.537504613399505615e-02 -9.520518779754638672e-02 -9.467134624719619751e-02 -9.627886116504669189e-02 -9.525358676910400391e-02 -9.556736052036285400e-02 -9.612311422824859619e-02 -9.575529396533966064e-02 -9.631107747554779053e-02
1.531062124248496970e+00 -1.225113309919834137e-02 5.928885075263679028e-04 -1.222534663975238800e-02 -1.251518912613391876e-02 -1.215704716742038727e-02 -1.231079734861850739e-02 -1.197904907166957855e-02 -1.216845400631427765e-02 -1.225571520626544952e-02 -1.222965307533740997e-02 -1.268449611961841583e-02 -1.223478652536869049e-02
1.535070140280561102e+00 -1.518804281949996948e-01 2.456011716276407242e-03 -1.513017565011978149e-01 -1.507757753133773804e-01 -1.525827944278717041e-01 -1.524593979120254517e-01 -1.527862399816513062e-01 -1.525546759366989136e-01 -1.520570218563079834e-01 -1.520061343908309937e-01 -1.503551006317138672e-01 -1.519887000322341919e-01
1.539078156312625012e+00 3.481670469045639038e-02 1.652047969400882721e-03 3.412513434886932373e-02 3.445639833807945251e-02 3.538132831454277039e-02 3.581565618515014648e-02 3.514008596539497375e-02 3.512924164533615112e-02 3.503476455807685852e-02 3.457735478878021240e-02 3.417277708649635315e-02 3.451971709728240967e-02
1.543086172344689144e+00 3.751196898519992828e-03 2.958682365715503693e-03 4.680969752371311188e-03 4.956238903105258942e-03 2.823212184011936188e-03 2.840888686478137970e-03 2.902994863688945770e-03 2.913986332714557648e-03 3.525794483721256256e-03 3.719505853950977325e-03 5.564366467297077179e-03 3.823024220764636993e-03
1.547094188376753277e+00 4.414168000221252441e-02 1.715328777208924294e-03 4.390349984169006348e-02 4.331403225660324097e-02 4.449322074651718140e-02 4.437348246574401855e-02 4.504998028278350830e-02 4.436049610376358032e-02 4.426722228527069092e-02 4.427126795053482056e-02 4.309436678886413574e-02 4.430568218231201172e-02
1.551102204408817409e+00 1.290821433067321777e-01 3.777912643272429705e-04 1.290279626846313477e-01 1.291422843933105469e-01 1.290942132472991943e-01 1.290497779846191406e-01 1.287651956081390381e-01 1.292655766010284424e-01 1.290607750415802002e-01 1.290761530399322510e-01 1.291044354438781738e-01 1.290689706802368164e-01
1.555110220440881541e+00 -1.604219526052474976e-01 4.317152313888072968e-03 -1.625177562236785889e-01 -1.606412529945373535e-01 -1.589164733886718750e-01 -1.577254831790924072e-01 -1.608768701553344727e-01 -1.592317819595336914e-01 -1.599831283092498779e-01 -1.611693203449249268e-01 -1.614559441804885864e-01 -1.615415662527084351e-01
1.559118236472945673e+00 -6.463459134101867676e-02 1.022052718326449394e-03 -6.483339518308639526e-02 -6.496365368366241455e-02 -6.424488127231597900e-02 -6.440041214227676392e-02 -6.450919806957244873e-02 -6.405757367610931396e-02 -6.466171890497207642e-02 -6.456605345010757446e-02 -6.521601974964141846e-02 -6.463351100683212280e-02
1.563126252505009806e+00 2.441863343119621277e-02 1.965255243703722954e-03 2.373152598738670349e-02 2.379408106207847595e-02 2.513668313622474670e-02 2.529386058449745178e-02 2.469277009367942810e-02 2.510785683989524841e-02 2.457558736205101013e-02 2.432617917656898499e-02 2.336267009377479553e-02 2.425206080079078674e-02
1.567134268537073938e+00 2.104307115077972412e-01 2.145620761439204216e-03 2.113508135080337524e-01 2.104907929897308350e-01 2.096411436796188354e-01 2.093346863985061646e-01 2.107632011175155640e-01 2.095447182655334473e-01 2.103572338819503784e-01 2.107864022254943848e-01 2.111494839191436768e-01 2.110583633184432983e-01
1.571142284569138070e+00 2.790760099887847900e-01 1.498318277299404144e-03 2.799608707427978516e-01 2.789796888828277588e-01 2.786927521228790283e-01 2.781413495540618896e-01 2.793365418910980225e-01 2.789461314678192139e-01 2.788863480091094971e-01 2.793665230274200439e-01 2.791779339313507080e-01 2.795463502407073975e-01
1.575150300601202202e+00 1.540330052375793457e-02 2.878761384636163712e-03 1.662646979093551636e-02 1.601629704236984253e-02 1.437460631132125854e-02 1.392632722854614258e-02 1.524744927883148193e-02 1.445910334587097168e-02 1.515912264585494995e-02 1.574128866195678711e-02 1.675753295421600342e-02 1.592166721820831299e-02
1.579158316633266335e+00 2.293734401464462280e-01 4.783208423759788275e-04 2.294545769691467285e-01 2.295967489480972290e-01 2.293675988912582397e-01 2.294877320528030396e-01 2.290956228971481323e-01 2.294089049100875854e-01 2.293683141469955444e-01 2.292041331529617310e-01 2.295511960983276367e-01 2.292286157608032227e-01
1.583166332665330467e+00 1.859477609395980835e-01 3.170804819092154503e-03 1.850271821022033691e-01 1.847165375947952271e-01 1.869547963142395020e-01 1.870939135551452637e-01 1.868943125009536743e-01 1.867338269948959351e-01 1.862271726131439209e-01 1.858075112104415894e-01 1.840148419141769409e-01 1.857601106166839600e-01
1.587174348697394599e+00 -3.171221911907196045e-02 1.829649554565548897e-03 -3.195858374238014221e-02 -3.258919715881347656e-02 -3.124413266777992249e-02 -3.153450787067413330e-02 -3.099827468395233154e-02 -3.113676793873310089e-02 -3.165866434574127197e-02 -3.147846087813377380e-02 -3.286229074001312256e-02 -3.148239850997924805e-02
1.591182364729458731e+00 -6.383062899112701416e-02 4.128244472667574883e-04 -6.384722888469696045e-02 -6.361660361289978027e-02 -6.375019997358322144e-02 -6.369525194168090820e-02 -6.400021910667419434e-02 -6.365692615509033203e-02 -6.387344002723693848e-02 -6.390099972486495972e-02 -6.370069086551666260e-02 -6.396210193634033203e-02
1.595190380761522864e+00 1.041995510458946228e-01 1.602866570465266705e-03 1.048078089952468872e-01 1.047433316707611084e-01 1.036554500460624695e-01 1.035568267107009888e-01 1.037855446338653564e-01 1.037188321352005005e-01 1.040669530630111694e-01 1.042292565107345581e-01 1.050730347633361816e-01 1.043243855237960815e-01
1.599198396793586996e+00 1.079442650079727173e-01 3.951213730033487082e-04 1.078872829675674438e-01 1.079867184162139893e-01 1.078133732080459595e-01 1.078858077526092529e-01 1.077925637364387512e-01 1.078059673309326172e-01 1.079901605844497681e-01 1.079974770545959473e-01 1.082106903195381165e-01 1.080572903156280518e-01
1.603206412825651128e+00 1.227871980518102646e-02 1.226341817528009415e-03 1.198195572942495346e-02 1.261822786182165146e-02 1.260901894420385361e-02 1.288013067096471786e-02 1.177023258060216904e-02 1.263258513063192368e-02 1.226411666721105576e-02 1.187699194997549057e-02 1.223973091691732407e-02 1.174402143806219101e-02
1.607214428857715260e+00 -2.634826116263866425e-02 1.312791486270725727e-03 -2.613163925707340240e-02 -2.568156085908412933e-02 -2.660191990435123444e-02 -2.642681263387203217e-02 -2.692782320082187653e-02 -2.656577713787555695e-02 -2.643040381371974945e-02 -2.648361586034297943e-02 -2.549269609153270721e-02 -2.650536783039569855e-02
1.611222444889779393e+00 -1.069556176662445068e-01 1.071602338925004005e-03 -1.068614721298217773e-01 -1.075116321444511414e-01 -1.069197431206703186e-01 -1.073051393032073975e-01 -1.065205186605453491e-01 -1.068181544542312622e-01 -1.069711148738861084e-01 -1.066160053014755249e-01 -1.074389815330505371e-01 -1.065660789608955383e-01
1.615230460921843525e+00 -5.393409729003906250e-02 6.072882679291069508e-04 -5.367939174175262451e-02 -5.396361649036407471e-02 -5.412597954273223877e-02 -5.420945584774017334e-02 -5.361935496330261230e-02 -5.421935021877288818e-02 -5.396038293838500977e-02 -5.388376116752624512e-02 -5.393604934215545654e-02 -5.384755134582519531e-02
1.619238476953907657e+00 7.167824357748031616e-02 1.649659941904246807e-03 7.197459787130355835e-02 7.232884317636489868e-02 7.118865102529525757e-02 7.148353010416030884e-02 7.122946530580520630e-02 7.101215422153472900e-02 7.168309390544891357e-02 7.158962637186050415e-02 7.281187176704406738e-02 7.168499380350112915e-02
1.623246492985971789e+00 9.579092264175415039e-02 1.542504644021391869e-03 9.522605687379837036e-02 9.527010470628738403e-02 9.629372507333755493e-02 9.652900695800781250e-02 9.620625525712966919e-02 9.614513069391250610e-02 9.597287327051162720e-02 9.569355100393295288e-02 9.499076753854751587e-02 9.566688537597656250e-02
1.627254509018035922e+00 -7.663886249065399170e-02 9.413785883225500584e-04 -7.694525271654129028e-02 -7.629876583814620972e-02 -7.642600685358047485e-02 -7.620241492986679077e-02 -7.702790200710296631e-02 -7.639224827289581299e-02 -7.664959877729415894e-02 -7.689441740512847900e-02 -7.653811573982238770e-02 -7.703242450952529907e-02
1.631262525050100054e+00 1.166315972805023193e-01 1.272759749554097652e-03 1.162944063544273376e-01 1.169623956084251404e-01 1.169457882642745972e-01 1.172014623880386353e-01 1.158888339996337891e-01 1.170810833573341370e-01 1.166391372680664062e-01 1.164033487439155579e-01 1.168703213334083557e-01 1.162944063544273376e-01
1.635270541082164186e+00 -4.690673202276229858e-03 1.971860416233539581e-03 -3.845997154712677002e-03 -5.141273140907287598e-03 -5.139764398336410522e-03 -5.945432931184768677e-03 -4.061426967382431030e-03 -4.942890256643295288e-03 -4.883401095867156982e-03 -4.212271422147750854e-03 -4.938311874866485596e-03 -4.045303910970687866e-03
1.639278557114228319e+00 4.250565916299819946e-02 4.383878258522599936e-04 4.259070008993148804e-02 4.233571887016296387e-02 4.263501614332199097e-02 4.253558814525604248e-02 4.273322969675064087e-02 4.264956712722778320e-02 4.248784482479095459e-02 4.252239316701889038e-02 4.225176572799682617e-02 4.254131391644477844e-02
1.643286573146292451e+00 -1.563594490289688110e-01 9.737292421050369740e-04 -1.566751897335052490e-01 -1.559741646051406860e-01 -1.561846137046813965e-01 -1.560054272413253784e-01 -1.568624079227447510e-01 -1.560895442962646484e-01 -1.563932746648788452e-01 -1.565701961517333984e-01 -1.562048494815826416e-01 -1.567476987838745117e-01
1.647294589178356583e+00 5.981713905930519104e-02 2.552493475377559662e-03 6.054214760661125183e-02 6.083953008055686951e-02 5.901730433106422424e-02 5.905811861157417297e-02 5.901649221777915955e-02 5.907236412167549133e-02 5.964564159512519836e-02 5.980600789189338684e-02 6.140184774994850159e-02 5.988749489188194275e-02
1.651302605210420715e+00 3.858904913067817688e-02 3.429904347285628319e-03 3.715782240033149719e-02 3.770651668310165405e-02 3.983835503458976746e-02 4.026035964488983154e-02 3.880386799573898315e-02 3.976365178823471069e-02 3.889143839478492737e-02 3.829353675246238708e-02 3.693147748708724976e-02 3.808471560478210449e-02
1.655310621242484848e+00 6.950375437736511230e-02 1.775642507709562778e-03 6.990437209606170654e-02 6.876946985721588135e-02 6.927481293678283691e-02 6.878533959388732910e-02 7.048387825489044189e-02 6.922014057636260986e-02 6.950959563255310059e-02 6.992472708225250244e-02 6.893405318260192871e-02 7.009378075599670410e-02
1.659318637274548980e+00 4.097808524966239929e-02 1.591892680153250694e-03 4.087816923856735229e-02 4.023658484220504761e-02 4.129076749086380005e-02 4.108217731118202209e-02 4.187195003032684326e-02 4.119958356022834778e-02 4.104005917906761169e-02 4.108862206339836121e-02 3.998316079378128052e-02 4.110769927501678467e-02
1.663326653306613112e+00 -1.810755878686904907e-01 1.340104499831795692e-03 -1.812639981508255005e-01 -1.804796606302261353e-01 -1.811983734369277954e-01 -1.806389987468719482e-01 -1.814869940280914307e-01 -1.815163195133209229e-01 -1.809864342212677002e-01 -1.813777387142181396e-01 -1.802845746278762817e-01 -1.814142912626266479e-01
1.667334669338677244e+00 -4.164295643568038940e-02 2.172492677345871925e-03 -4.192112013697624207e-02 -4.273762181401252747e-02 -4.120523855090141296e-02 -4.173538088798522949e-02 -4.084846377372741699e-02 -4.099543765187263489e-02 -4.161380231380462646e-02 -4.122808948159217834e-02 -4.301441833376884460e-02 -4.125694558024406433e-02
1.671342685370741377e+00 6.974363327026367188e-02 4.442817298695445061e-04 6.961040943861007690e-02 6.977988779544830322e-02 6.989765167236328125e-02 6.991088390350341797e-02 6.956765055656433105e-02 6.997267901897430420e-02 6.973572820425033569e-02 6.964308023452758789e-02 6.963767111301422119e-02 6.959466636180877686e-02
1.675350701402805509e+00 4.244121164083480835e-02 2.406044397503137589e-03 4.343556612730026245e-02 4.298499226570129395e-02 4.156230390071868896e-02 4.126968979835510254e-02 4.231514781713485718e-02 4.161932319402694702e-02 4.225793853402137756e-02 4.270955175161361694e-02 4.361362010240554810e-02 4.288813471794128418e-02
1.679358717434869641e+00 -1.126380860805511475e-01 9.764932328835129738e-04 -1.128299310803413391e-01 -1.130550429224967957e-01 -1.123436540365219116e-01 -1.125998944044113159e-01 -1.124555915594100952e-01 -1.122116893529891968e-01 -1.126573309302330017e-01 -1.125428229570388794e-01 -1.132944449782371521e-01 -1.126024127006530762e-01
1.683366733466933773e+00 -2.610292658209800720e-02 1.121601904742419720e-03 -2.645005658268928528e-02 -2.622633054852485657e-02 -2.568248286843299866e-02 -2.569278702139854431e-02 -2.622237429022789001e-02 -2.557568624615669250e-02 -2.611908689141273499e-02 -2.629436179995536804e-02 -2.669608965516090393e-02 -2.641724422574043274e-02
1.687374749498997906e+00 -1.520816534757614136e-01 1.378328888677060604e-03 -1.523874402046203613e-01 -1.526770293712615967e-01 -1.517802178859710693e-01 -1.518197357654571533e-01 -1.512974500656127930e-01 -1.519917100667953491e-01 -1.519737839698791504e-01 -1.520262062549591064e-01 -1.528927236795425415e-01 -1.520583033561706543e-01
1.691382765531062038e+00 -2.305202931165695190e-02 5.927329184487462044e-04 -2.299076318740844727e-02 -2.276151254773139954e-02 -2.305881679058074951e-02 -2.303302660584449768e-02 -2.344289049506187439e-02 -2.294779941439628601e-02 -2.311109378933906555e-02 -2.312399446964263916e-02 -2.277106046676635742e-02 -2.316261082887649536e-02
1.695390781563126170e+00 6.037884950637817383e-02 1.588143291883170605e-03 6.064595282077789307e-02 5.964235961437225342e-02 6.046101450920104980e-02 6.007203459739685059e-02 6.134571135044097900e-02 6.044432520866394043e-02 6.037858128547668457e-02 6.065379083156585693e-02 5.957251787185668945e-02 6.076321005821228027e-02
1.699398797595190302e+00 1.044599935412406921e-01 9.919743752107024193e-04 1.049648970365524292e-01 1.044135391712188721e-01 1.041792333126068115e-01 1.037536785006523132e-01 1.045829132199287415e-01 1.043822169303894043e-01 1.043111011385917664e-01 1.046626344323158264e-01 1.044685244560241699e-01 1.047183126211166382e-01
1.703406813627254435e+00 -1.056475490331649780e-01 7.482998771592974663e-04 -1.058996841311454773e-01 -1.055182591080665588e-01 -1.053945869207382202e-01 -1.051732972264289856e-01 -1.057581454515457153e-01 -1.053958013653755188e-01 -1.056327000260353088e-01 -1.058195605874061584e-01 -1.057617440819740295e-01 -1.059185191988945007e-01
1.707414829659318567e+00 8.437332510948181152e-02 2.503602299839258194e-03 8.420167863368988037e-02 8.321840316057205200e-02 8.495052158832550049e-02 8.455281704664230347e-02 8.561414480209350586e-02 8.495892584323883057e-02 8.443864434957504272e-02 8.459083735942840576e-02 8.277237415313720703e-02 8.460725098848342896e-02
1.711422845691382699e+00 -1.520761754363775253e-03 1.080012880265712738e-03 -1.936481799930334091e-03 -1.438611652702093124e-03 -1.197302248328924179e-03 -8.651292882859706879e-04 -1.524583902209997177e-03 -1.332858111709356308e-03 -1.433578785508871078e-03 -1.863566692918539047e-03 -1.818375196307897568e-03 -1.974304672330617905e-03
1.715430861723446831e+00 1.034954339265823364e-01 2.092575188726186752e-03 1.041435375809669495e-01 1.026097312569618225e-01 1.033220961689949036e-01 1.025618761777877808e-01 1.043652072548866272e-01 1.035157889127731323e-01 1.034113541245460510e-01 1.041248738765716553e-01 1.028241589665412903e-01 1.043144389986991882e-01
1.719438877755510964e+00 8.531901985406875610e-04 1.248225336894392967e-03 7.573682814836502075e-04 1.479463651776313782e-03 9.160917252302169800e-04 1.290118321776390076e-03 2.450440078973770142e-04 9.245220571756362915e-04 8.314531296491622925e-04 5.266983062028884888e-04 1.425305381417274475e-03 4.587154835462570190e-04
1.723446893787575096e+00 1.297702044248580933e-01 2.792746294289827347e-03 1.310400962829589844e-01 1.302148103713989258e-01 1.287082284688949585e-01 1.282243728637695312e-01 1.298228800296783447e-01 1.288051754236221313e-01 1.295299679040908813e-01 1.300671547651290894e-01 1.308191716670989990e-01 1.303243637084960938e-01
1.727454909819639228e+00 -1.766707748174667358e-02 1.385221490636467934e-03 -1.768264546990394592e-02 -1.700945012271404266e-02 -1.782110892236232758e-02 -1.752770319581031799e-02 -1.841729879379272461e-02 -1.780817098915576935e-02 -1.768549345433712006e-02 -1.781071536242961884e-02 -1.677214913070201874e-02 -1.787252724170684814e-02
1.731462925851703361e+00 1.228817701339721680e-01 1.333445776253938675e-03 1.222649812698364258e-01 1.224079430103302002e-01 1.233296841382980347e-01 1.234348565340042114e-01 1.229900121688842773e-01 1.233190596103668213e-01 1.230415850877761841e-01 1.228683888912200928e-01 1.222204416990280151e-01 1.228173077106475830e-01
1.735470941883767493e+00 -8.517999202013015747e-03 2.286488888785243034e-03 -9.419713169336318970e-03 -9.108841419219970703e-03 -7.674757391214370728e-03 -7.429296150803565979e-03 -8.255591616034507751e-03 -7.703443989157676697e-03 -8.334515616297721863e-03 -8.669167757034301758e-03 -9.654153138399124146e-03 -8.834658190608024597e-03
1.739478957915831625e+00 -2.076060324907302856e-02 4.629814065992832184e-03 -1.943600922822952271e-02 -1.889516413211822510e-02 -2.225665748119354248e-02 -2.203522622585296631e-02 -2.186726033687591553e-02 -2.238671109080314636e-02 -2.101583406329154968e-02 -2.087310329079627991e-02 -1.785716414451599121e-02 -2.069576829671859741e-02
1.743486973947895757e+00 -2.366974353790283203e-01 1.097067026421427727e-03 -2.372567206621170044e-01 -2.365141510963439941e-01 -2.364101260900497437e-01 -2.359734773635864258e-01 -2.368135899305343628e-01 -2.365658730268478394e-01 -2.365854233503341675e-01 -2.369478642940521240e-01 -2.366942614316940308e-01 -2.370806336402893066e-01
1.747494989979959668e+00 -1.020642295479774475e-01 1.279123709537088871e-03 -1.021372601389884949e-01 -1.016349047422409058e-01 -1.023759990930557251e-01 -1.018260121345520020e-01 -1.020354926586151123e-01 -1.028387323021888733e-01 -1.019170954823493958e-01 -1.022693216800689697e-01 -1.012804135680198669e-01 -1.021949052810668945e-01
1.751503006012023800e+00 -1.269533187150955200e-01 1.876082154922187328e-03 -1.277854442596435547e-01 -1.273410171270370483e-01 -1.263104379177093506e-01 -1.258789747953414917e-01 -1.265935003757476807e-01 -1.265816688537597656e-01 -1.267396509647369385e-01 -1.272178590297698975e-01 -1.277206391096115112e-01 -1.273334175348281860e-01
1.755511022044087932e+00 3.506628423929214478e-02 1.373794628307223320e-03 3.529799729585647583e-02 3.444504737854003906e-02 3.493026271462440491e-02 3.467188030481338501e-02 3.591018915176391602e-02 3.479238227009773254e-02 3.511914610862731934e-02 3.536834567785263062e-02 3.465203940868377686e-02 3.554018214344978333e-02
1.759519038076152064e+00 5.971963703632354736e-02 1.181912608444690704e-03 5.943795293569564819e-02 5.920178443193435669e-02 6.003025174140930176e-02 6.011093407869338989e-02 6.025837361812591553e-02 5.988090485334396362e-02 5.984745174646377563e-02 5.971566587686538696e-02 5.903471261262893677e-02 5.974940955638885498e-02
1.763527054108216197e+00 2.182398922741413116e-02 5.420048837549984455e-04 2.170927263796329498e-02 2.200824581086635590e-02 2.190800942480564117e-02 2.206107787787914276e-02 2.149957977235317230e-02 2.191794477403163910e-02 2.183234132826328278e-02 2.168033458292484283e-02 2.196090109646320343e-02 2.164947055280208588e-02
1.767535070140280329e+00 -1.788303405046463013e-01 1.741753309033811092e-03 -1.793025434017181396e-01 -1.780798137187957764e-01 -1.786248087882995605e-01 -1.779838502407073975e-01 -1.794786602258682251e-01 -1.787928491830825806e-01 -1.787772476673126221e-01 -1.793784052133560181e-01 -1.783217042684555054e-01 -1.795452535152435303e-01
1.771543086172344461e+00 1.683520711958408356e-02 8.654770790599286556e-04 1.657398976385593414e-02 1.651331223547458649e-02 1.712676323950290680e-02 1.701132394373416901e-02 1.687505282461643219e-02 1.724644936621189117e-02 1.684991456568241119e-02 1.686995662748813629e-02 1.629679836332798004e-02 1.680945791304111481e-02
1.775551102204408593e+00 -1.087533235549926758e-01 2.935955533757805824e-03 -1.099195554852485657e-01 -1.098260432481765747e-01 -1.077328324317932129e-01 -1.075664758682250977e-01 -1.082720309495925903e-01 -1.077843159437179565e-01 -1.084743067622184753e-01 -1.087290495634078979e-01 -1.103075519204139709e-01 -1.088609844446182251e-01
1.779559118236472726e+00 -1.305878609418869019e-01 1.319458475336432457e-03 -1.308317929506301880e-01 -1.299514323472976685e-01 -1.305739283561706543e-01 -1.302567869424819946e-01 -1.313231140375137329e-01 -1.305688917636871338e-01 -1.306085586547851562e-01 -1.309053450822830200e-01 -1.300131827592849731e-01 -1.310324668884277344e-01
1.783567134268536858e+00 -1.356521062552928925e-02 1.327465870417654514e-03 -1.331575214862823486e-02 -1.297872513532638550e-02 -1.390723325312137604e-02 -1.380703039467334747e-02 -1.411803998053073883e-02 -1.386906392872333527e-02 -1.363844238221645355e-02 -1.359900087118148804e-02 -1.268243417143821716e-02 -1.358252577483654022e-02
1.787575150300600990e+00 1.070409119129180908e-01 2.115074545145034790e-03 1.079849079251289368e-01 1.073954030871391296e-01 1.062699928879737854e-01 1.058734059333801270e-01 1.069568321108818054e-01 1.063677370548248291e-01 1.068567410111427307e-01 1.073143854737281799e-01 1.079075783491134644e-01 1.074748188257217407e-01
1.791583166332665122e+00 5.215675756335258484e-02 1.251067616976797581e-03 5.261833593249320984e-02 5.263886973261833191e-02 5.175487324595451355e-02 5.166929587721824646e-02 5.182496830821037292e-02 5.184224620461463928e-02 5.203771591186523438e-02 5.216662213206291199e-02 5.286094173789024353e-02 5.222417414188385010e-02
1.795591182364729255e+00 -7.732203230261802673e-03 3.128012176603078842e-03 -8.694386109709739685e-03 -8.752590045332908630e-03 -6.639188155531883240e-03 -6.433358415961265564e-03 -6.889758631587028503e-03 -6.786188110709190369e-03 -7.512209936976432800e-03 -7.903715595602989197e-03 -9.515454992651939392e-03 -8.037073537707328796e-03
1.799599198396793387e+00 8.750310167670249939e-03 4.684981540776789188e-04 8.930167183279991150e-03 8.659070357680320740e-03 8.673047646880149841e-03 8.425867184996604919e-03 8.822834119200706482e-03 8.814265951514244080e-03 8.680632337927818298e-03 8.899202570319175720e-03 8.677637204527854919e-03 8.912695571780204773e-03
1.803607214428857519e+00 5.462846904993057251e-02 8.184933685697615147e-04 5.495565757155418396e-02 5.476296320557594299e-02 5.430526286363601685e-02 5.418008193373680115e-02 5.447686836123466492e-02 5.434776842594146729e-02 5.456859990954399109e-02 5.470773950219154358e-02 5.495027080178260803e-02 5.478790402412414551e-02
1.807615230460921651e+00 -2.716692537069320679e-02 2.554208505898714066e-03 -2.607827633619308472e-02 -2.716085687279701233e-02 -2.807617932558059692e-02 -2.861322090029716492e-02 -2.686605602502822876e-02 -2.803879976272583008e-02 -2.732136100530624390e-02 -2.662183344364166260e-02 -2.639772742986679077e-02 -2.634837850928306580e-02
1.811623246492985784e+00 -8.206991478800773621e-04 1.886960002593696117e-03 -1.649578101933002472e-03 -6.451113149523735046e-04 -2.303207293152809143e-04 3.407942131161689758e-04 -1.362555660307407379e-03 -3.128116950392723083e-04 -6.851842626929283142e-04 -1.253337599337100983e-03 -1.005572266876697540e-03 -1.421525143086910248e-03
1.815631262525049916e+00 -8.370743691921234131e-02 6.472395616583526134e-04 -8.404494076967239380e-02 -8.371432870626449585e-02 -8.349328488111495972e-02 -8.339030295610427856e-02 -8.396159112453460693e-02 -8.343445509672164917e-02 -8.367269486188888550e-02 -8.374274522066116333e-02 -8.378776907920837402e-02 -8.381395787000656128e-02
1.819639278557114048e+00 1.278511583805084229e-01 2.256697975099086761e-03 1.280482858419418335e-01 1.267118752002716064e-01 1.279578208923339844e-01 1.274012774229049683e-01 1.290758103132247925e-01 1.279385238885879517e-01 1.278885006904602051e-01 1.282507777214050293e-01 1.265934854745864868e-01 1.284007579088211060e-01
1.823647294589178181e+00 -1.671342179179191589e-02 1.360675669275224209e-03 -1.714020594954490662e-02 -1.705091819167137146e-02 -1.620563492178916931e-02 -1.616392657160758972e-02 -1.644903793931007385e-02 -1.624824479222297668e-02 -1.665323600172996521e-02 -1.690654829144477844e-02 -1.747828349471092224e-02 -1.700852438807487488e-02
1.827655310621242313e+00 -1.029809266328811646e-01 2.919650403782725334e-03 -1.042287796735763550e-01 -1.037142947316169739e-01 -1.018956452608108521e-01 -1.015378534793853760e-01 -1.027182787656784058e-01 -1.019663587212562561e-01 -1.027264967560768127e-01 -1.031984239816665649e-01 -1.043302118778228760e-01 -1.033749282360076904e-01
1.831663326653306445e+00 -9.131896495819091797e-02 1.561114913783967495e-03 -9.088268876075744629e-02 -9.101289510726928711e-02 -9.191316366195678711e-02 -9.184387326240539551e-02 -9.121617674827575684e-02 -9.217245876789093018e-02 -9.131145477294921875e-02 -9.120137989521026611e-02 -9.047071635723114014e-02 -9.108038246631622314e-02
1.835671342685370577e+00 -6.848108023405075073e-02 1.593964407220482826e-03 -6.921409070491790771e-02 -6.862485408782958984e-02 -6.789874285459518433e-02 -6.767307966947555542e-02 -6.886551529169082642e-02 -6.780397891998291016e-02 -6.838659197092056274e-02 -6.866135448217391968e-02 -6.897071748971939087e-02 -6.881036609411239624e-02
1.839679358717434710e+00 1.102006360888481140e-01 1.635589404031634331e-03 1.102158129215240479e-01 1.110409721732139587e-01 1.101039722561836243e-01 1.103756502270698547e-01 1.091938018798828125e-01 1.102564930915832520e-01 1.101122871041297913e-01 1.098543703556060791e-01 1.109744906425476074e-01 1.097638830542564392e-01
1.843687374749498842e+00 -3.549972549080848694e-03 1.474992255680263042e-03 -4.012079909443855286e-03 -3.473443910479545593e-03 -2.985442057251930237e-03 -2.883421257138252258e-03 -3.976928070187568665e-03 -2.731168642640113831e-03 -3.578426316380500793e-03 -3.770595416426658630e-03 -3.920184448361396790e-03 -3.947848454117774963e-03
1.847695390781562974e+00 5.322158709168434143e-02 8.364166715182363987e-04 5.310669168829917908e-02 5.289360508322715759e-02 5.342329666018486023e-02 5.339480563998222351e-02 5.360651388764381409e-02 5.336748436093330383e-02 5.326836928725242615e-02 5.314978584647178650e-02 5.264961346983909607e-02 5.314690247178077698e-02
1.851703406813627106e+00 -1.173389852046966553e-01 1.985178329050540924e-03 -1.168397068977355957e-01 -1.165961474180221558e-01 -1.179762333631515503e-01 -1.180132925510406494e-01 -1.180741339921951294e-01 -1.178803592920303345e-01 -1.174813210964202881e-01 -1.172764301300048828e-01 -1.161482632160186768e-01 -1.172319948673248291e-01
1.855711422845691239e+00 -3.271825984120368958e-02 1.610467210412025452e-03 -3.335766866803169250e-02 -3.279346227645874023e-02 -3.212092071771621704e-02 -3.191114962100982666e-02 -3.312467411160469055e-02 -3.202627971768379211e-02 -3.266851603984832764e-02 -3.297799453139305115e-02 -3.323646634817123413e-02 -3.315823525190353394e-02
1.859719438877755371e+00 -9.303123503923416138e-02 1.483072526752948761e-03 -9.264487028121948242e-02 -9.269779920578002930e-02 -9.357947111129760742e-02 -9.356815367937088013e-02 -9.320614486932754517e-02 -9.364996850490570068e-02 -9.305156022310256958e-02 -9.283614158630371094e-02 -9.213560074567794800e-02 -9.271413832902908325e-02
1.863727454909819503e+00 -9.308648109436035156e-02 1.820576260797679424e-03 -9.390978515148162842e-02 -9.346868097782135010e-02 -9.241361171007156372e-02 -9.210213273763656616e-02 -9.291243553161621094e-02 -9.251902252435684204e-02 -9.290608763694763184e-02 -9.327380359172821045e-02 -9.383188188076019287e-02 -9.340268373489379883e-02
1.867735470941883635e+00 2.504389733076095581e-02 1.964972121641039848e-03 2.553334087133407593e-02 2.589779347181320190e-02 2.441786974668502808e-02 2.450762689113616943e-02 2.442888170480728149e-02 2.442380040884017944e-02 2.492739260196685791e-02 2.493458986282348633e-02 2.623906731605529785e-02 2.498108148574829102e-02
1.871743486973947768e+00 -5.415226519107818604e-02 5.539698759093880653e-04 -5.411333590745925903e-02 -5.444590747356414795e-02 -5.416258424520492554e-02 -5.434880405664443970e-02 -5.396136641502380371e-02 -5.410982668399810791e-02 -5.414690077304840088e-02 -5.394386500120162964e-02 -5.432191491127014160e-02 -5.388667434453964233e-02
1.875751503006011900e+00 -4.805532470345497131e-02 4.056744801346212626e-04 -4.800567403435707092e-02 -4.795789346098899841e-02 -4.794842377305030823e-02 -4.798689112067222595e-02 -4.798943549394607544e-02 -4.788992926478385925e-02 -4.812826588749885559e-02 -4.819890856742858887e-02 -4.825155809521675110e-02 -4.825704544782638550e-02
1.879759519038076032e+00 -2.048497349023818970e-01 2.579773310571908951e-03 -2.057553082704544067e-01 -2.056018412113189697e-01 -2.039187699556350708e-01 -2.037147283554077148e-01 -2.042192667722702026e-01 -2.040392905473709106e-01 -2.046639770269393921e-01 -2.050307989120483398e-01 -2.062265127897262573e-01 -2.051825821399688721e-01
1.883767535070140164e+00 -7.565030828118324280e-04 2.151552820578217506e-03 -1.327463425695896149e-03 -1.733765937387943268e-03 -2.029621973633766174e-04 -2.199867740273475647e-04 1.756167039275169373e-04 -3.928700461983680725e-04 -5.647400394082069397e-04 -6.993422284722328186e-04 -2.067686058580875397e-03 -7.031792774796485901e-04
1.887775551102204297e+00 8.054308593273162842e-03 6.410247879102826118e-04 8.225217461585998535e-03 8.360128849744796753e-03 8.116010576486587524e-03 8.003909140825271606e-03 7.702965289354324341e-03 8.346591144800186157e-03 7.908690720796585083e-03 7.973849773406982422e-03 8.199337869882583618e-03 7.895972579717636108e-03
1.891783567134268429e+00 -3.018212132155895233e-02 5.448615993373095989e-04 -3.002629987895488739e-02 -3.043511323630809784e-02 -3.023159317672252655e-02 -3.044305555522441864e-02 -3.002922050654888153e-02 -3.020448796451091766e-02 -3.020070306956768036e-02 -2.998338453471660614e-02 -3.028732351958751678e-02 -2.992941252887248993e-02
1.895791583166332561e+00 1.393730789422988892e-01 1.368733006529510021e-03 1.394162327051162720e-01 1.386814266443252563e-01 1.395377963781356812e-01 1.391873061656951904e-01 1.400513797998428345e-01 1.395726650953292847e-01 1.393834799528121948e-01 1.395816057920455933e-01 1.385214477777481079e-01 1.396309584379196167e-01
1.899799599198396693e+00 -8.580275624990463257e-02 2.702104160562157631e-03 -8.559287339448928833e-02 -8.455862104892730713e-02 -8.648224174976348877e-02 -8.605211228132247925e-02 -8.691900223493576050e-02 -8.656812459230422974e-02 -8.586096018552780151e-02 -8.600307255983352661e-02 -8.399089425802230835e-02 -8.600780367851257324e-02
1.903807615230460826e+00 2.768101543188095093e-02 6.411416106857359409e-04 2.755045145750045776e-02 2.781517803668975830e-02 2.786113321781158447e-02 2.796705067157745361e-02 2.731712162494659424e-02 2.792774885892868042e-02 2.767274528741836548e-02 2.751886099576950073e-02 2.766612172126770020e-02 2.747437357902526855e-02
1.907815631262524958e+00 2.691817842423915863e-02 8.412410388700664043e-04 2.693375386297702789e-02 2.651109732687473297e-02 2.698702551424503326e-02 2.682477422058582306e-02 2.741496451199054718e-02 2.693127654492855072e-02 2.695374377071857452e-02 2.702802605926990509e-02 2.641691826283931732e-02 2.705279551446437836e-02
1.911823647294589090e+00 1.241222098469734192e-01 2.435914240777492523e-03 1.233084499835968018e-01 1.235908046364784241e-01 1.250579804182052612e-01 1.251245290040969849e-01 1.240221336483955383e-01 1.252294331789016724e-01 1.242018416523933411e-01 1.238827183842658997e-01 1.228451058268547058e-01 1.236863061785697937e-01
1.915831663326653223e+00 9.198012948036193848e-02 8.209763909690082073e-04 9.191199392080307007e-02 9.157659858465194702e-02 9.216832369565963745e-02 9.214494377374649048e-02 9.239080548286437988e-02 9.208128601312637329e-02 9.204854816198348999e-02 9.202454239130020142e-02 9.147794544696807861e-02 9.206709265708923340e-02
1.919839679358717355e+00 -2.626765705645084381e-02 1.054533640854060650e-03 -2.612012624740600586e-02 -2.575448527932167053e-02 -2.633430622518062592e-02 -2.649454399943351746e-02 -2.696274034678936005e-02 -2.599260397255420685e-02 -2.645915374159812927e-02 -2.633310854434967041e-02 -2.589697018265724182e-02 -2.645760588347911835e-02
1.923847695390781487e+00 5.924529954791069031e-02 1.064936514012515545e-03 5.928490683436393738e-02 5.871865898370742798e-02 5.940423533320426941e-02 5.913924798369407654e-02 5.973686650395393372e-02 5.947426706552505493e-02 5.924730002880096436e-02 5.941975861787796021e-02 5.857443064451217651e-02 5.946062877774238586e-02
1.927855711422845619e+00 -1.612480729818344116e-02 1.732317148707807064e-03 -1.554030179977416992e-02 -1.569125801324844360e-02 -1.680511236190795898e-02 -1.682723313570022583e-02 -1.627928018569946289e-02 -1.693594455718994141e-02 -1.618406921625137329e-02 -1.606447249650955200e-02 -1.523376256227493286e-02 -1.592938601970672607e-02
1.931863727454909752e+00 -1.057802066206932068e-01 1.353337778709828854e-03 -1.051456630229949951e-01 -1.054558232426643372e-01 -1.062509864568710327e-01 -1.064658910036087036e-01 -1.057094410061836243e-01 -1.062282845377922058e-01 -1.059213653206825256e-01 -1.056486964225769043e-01 -1.051886826753616333e-01 -1.055737510323524475e-01
1.935871743486973884e+00 1.537337601184844971e-01 4.284238384570926428e-04 1.540053635835647583e-01 1.536720991134643555e-01 1.536672562360763550e-01 1.536199897527694702e-01 1.539904922246932983e-01 1.536230891942977905e-01 1.537133157253265381e-01 1.537324339151382446e-01 1.536682248115539551e-01 1.538118869066238403e-01
1.939879759519038016e+00 1.050136759877204895e-01 2.930944552645087242e-03 1.063482165336608887e-01 1.057426407933235168e-01 1.039575785398483276e-01 1.034631952643394470e-01 1.047914549708366394e-01 1.041021868586540222e-01 1.047032922506332397e-01 1.052537038922309875e-01 1.062727347016334534e-01 1.054093465209007263e-01
1.943887775551102148e+00 -1.292922496795654297e-01 9.322616970166563988e-04 -1.296717226505279541e-01 -1.289998590946197510e-01 -1.292325556278228760e-01 -1.287663877010345459e-01 -1.295102536678314209e-01 -1.294942796230316162e-01 -1.291695833206176758e-01 -1.295645534992218018e-01 -1.290174126625061035e-01 -1.296211779117584229e-01
1.947895791583166281e+00 -1.293388158082962036e-01 1.799691468477249146e-03 -1.296302825212478638e-01 -1.284525245428085327e-01 -1.293297857046127319e-01 -1.289642602205276489e-01 -1.303907632827758789e-01 -1.292490214109420776e-01 -1.293966025114059448e-01 -1.296999305486679077e-01 -1.285170763731002808e-01 -1.298963874578475952e-01
1.951903807615230191e+00 5.440034717321395874e-02 8.602084708400070667e-04 5.407643318176269531e-02 5.422802269458770752e-02 5.471711605787277222e-02 5.482048541307449341e-02 5.435947328805923462e-02 5.472716689109802246e-02 5.445577949285507202e-02 5.427241325378417969e-02 5.398508906364440918e-02 5.422828346490859985e-02
1.955911823647294323e+00 -1.936586797237396240e-01 2.764199394732713699e-03 -1.947704851627349854e-01 -1.944481283426284790e-01 -1.926901787519454956e-01 -1.923070251941680908e-01 -1.931253522634506226e-01 -1.928891241550445557e-01 -1.933908164501190186e-01 -1.938478797674179077e-01 -1.950480192899703979e-01 -1.940012276172637939e-01
1.959919839679358455e+00 6.950167939066886902e-03 2.773784101009368896e-03 5.976660177111625671e-03 6.034193560481071472e-03 7.921731099486351013e-03 8.131643757224082947e-03 7.509252056479454041e-03 7.825789973139762878e-03 7.179623469710350037e-03 6.807921454310417175e-03 5.411980673670768738e-03 6.696088239550590515e-03
1.963927855711422588e+00 1.069824770092964172e-01 1.071458566002547741e-03 1.069388538599014282e-01 1.074870675802230835e-01 1.069950163364410400e-01 1.070940047502517700e-01 1.062560304999351501e-01 1.071950197219848633e-01 1.069083139300346375e-01 1.068722382187843323e-01 1.074862629175186157e-01 1.067904829978942871e-01
1.967935871743486720e+00 -7.426186650991439819e-02 1.760203740559518337e-03 -7.438866794109344482e-02 -7.332532107830047607e-02 -7.437134534120559692e-02 -7.401902973651885986e-02 -7.522533088922500610e-02 -7.429368793964385986e-02 -7.433380186557769775e-02 -7.459787279367446899e-02 -7.333479076623916626e-02 -7.474514096975326538e-02
1.971943887775550852e+00 -4.297364503145217896e-02 1.003235578536987305e-03 -4.290977865457534790e-02 -4.247379302978515625e-02 -4.311896115541458130e-02 -4.290691763162612915e-02 -4.350756853818893433e-02 -4.310386627912521362e-02 -4.300387948751449585e-02 -4.310213029384613037e-02 -4.234977811574935913e-02 -4.311624169349670410e-02
1.975951903807614984e+00 7.878264784812927246e-02 1.300557167269289494e-03 7.918442785739898682e-02 7.929867506027221680e-02 7.841521501541137695e-02 7.837517559528350830e-02 7.827977836132049561e-02 7.851134240627288818e-02 7.867029309272766113e-02 7.881101220846176147e-02 7.957236468791961670e-02 7.883286476135253906e-02
1.979959919839679117e+00 -3.907772153615951538e-02 5.032212939113378525e-04 -3.882037848234176636e-02 -3.909119218587875366e-02 -3.910817205905914307e-02 -3.922470286488533020e-02 -3.869789093732833862e-02 -3.915079683065414429e-02 -3.914984315633773804e-02 -3.908877074718475342e-02 -3.917573764920234680e-02 -3.909382969141006470e-02
1.983967935871743249e+00 -2.013266682624816895e-01 1.996881095692515373e-03 -2.022454142570495605e-01 -2.016622424125671387e-01 -2.006039321422576904e-01 -2.002855986356735229e-01 -2.011770308017730713e-01 -2.007144391536712646e-01 -2.011698782444000244e-01 -2.015811800956726074e-01 -2.021927684545516968e-01 -2.017693221569061279e-01
1.987975951903807381e+00 -3.030453622341156006e-02 7.475883467122912407e-04 -3.007047250866889954e-02 -3.061834350228309631e-02 -3.032570332288742065e-02 -3.050942718982696533e-02 -2.983940765261650085e-02 -3.034638613462448120e-02 -3.031549602746963501e-02 -3.014162927865982056e-02 -3.053836151957511902e-02 -3.004980087280273438e-02
1.991983967935871513e+00 2.959989756345748901e-02 1.981084933504462242e-03 3.035542741417884827e-02 2.911596000194549561e-02 2.913102880120277405e-02 2.844708412885665894e-02 3.035809099674224854e-02 2.926044538617134094e-02 2.946806699037551880e-02 3.015201538801193237e-02 2.942529320716857910e-02 3.033197671175003052e-02
1.995991983967935646e+00 3.381410613656044006e-03 1.341576338745653629e-03 3.341035917401313782e-03 4.054348915815353394e-03 3.535185009241104126e-03 3.694048151373863220e-03 2.634869888424873352e-03 3.751514479517936707e-03 3.257818520069122314e-03 3.048893064260482788e-03 3.796195611357688904e-03 2.896251156926155090e-03
2.000000000000000000e+00 6.612564623355865479e-02 2.637471305206418037e-03 6.641314923763275146e-02 6.742291897535324097e-02 6.551665812730789185e-02 6.592646241188049316e-02 6.495699286460876465e-02 6.551620364189147949e-02 6.604393571615219116e-02 6.581947207450866699e-02 6.781624257564544678e-02 6.581199914216995239e-02
